n_qubits,n_layers,n_params,ansatz_type,entangle_pattern,entangler_gate,cost_global,n_entanglers,depth_ratio,grad_mean,grad_var,log_grad_var,samples,n_structural,frac_structural,var_mean_all,var_mean_nz,var_median_nz,var_min_nz,var_max,log_var
14,6,84,0,1,1,0,84,0.42857142857142855,-0.00010273386500062681,9.61605896783326e-05,-4.017002882141869,200,1,0.011904761904761904,7.80531289841357e-05,7.899352812852287e-05,6.792268124201814e-05,4.983735849555544e-05,0.00016709396579896182,-4.102408488623558
13,7,91,1,1,1,0,91,0.5384615384615384,0.00016737771688265352,6.532563253810989e-05,-4.184916376373224,200,13,0.14285714285714285,5.870761985364261e-05,6.849222316258305e-05,6.305356471025768e-05,4.4904767069122876e-05,0.0001353782199712225,-4.164358736964689
13,20,260,0,1,1,0,260,1.5384615384615385,-0.0005657618364955792,0.00013578361578671776,-3.867152630664492,200,1,0.0038461538461538464,0.00012724834716960394,0.00012773965352933214,0.00012167851667497111,9.495268587131566e-05,0.000300068892499398,-3.8936742661215384
13,11,143,1,0,0,0,132,0.8461538461538461,-0.00672953134901541,0.06090392039037785,-1.2153547508957214,200,88,0.6153846153846154,0.00843338507350679,0.021926801191117656,0.01289754127049598,1.9943639502979364e-06,0.081428859506231,-1.659024721098375
14,11,154,0,1,1,1,154,0.7857142857142857,0.0004259147008940044,5.812669929864375e-05,-4.235624337581791,200,7,0.045454545454545456,6.14174254123317e-05,6.434206471768081e-05,6.198850656631711e-05,4.684837058847682e-05,0.0001339650391159709,-4.191505006829947
14,6,84,0,0,1,1,78,0.42857142857142855,0.0003414723602972196,6.512334828547656e-05,-4.186263278503934,200,7,0.08333333333333333,9.610442725515415e-05,0.00010484119336925905,9.642863261753105e-05,6.512334828547656e-05,0.0002017727030099937,-3.979468044280813
14,3,42,1,2,1,1,273,0.21428571428571427,-5.539198119506814e-18,5.456000474491428e-33,-18.0,200,37,0.8809523809523809,0.011158570882218742,0.09373199541063744,0.09980288014359429,0.05930834802301127,0.13056960592736686,-1.0281121374108977
13,2,26,1,0,1,1,24,0.15384615384615385,-0.0001771277760290807,0.0064568354699830665,-2.1899802799390327,200,19,0.7307692307692307,0.001914357140752205,0.007110469379936761,0.0067797755864223595,0.005441787154892401,0.009494665160970006,-2.1481017294547615
13,5,65,0,0,1,1,60,0.38461538461538464,0.0006721126239505136,0.00022309122410082532,-3.651517513533055,200,6,0.09230769230769231,0.00025330458430187266,0.0002790643725359614,0.00024723867209656194,0.00014909787118410185,0.0006019774726705368,-3.5542956052837877
14,2,28,0,0,0,0,26,0.14285714285714285,0.0759248683996184,0.3536536341873952,-0.45142187469613193,200,25,0.8928571428571429,0.03145062230705629,0.2935391415325253,0.3536536341873952,0.12480867643773219,0.4021551139724485,-0.5323339802147011
13,20,260,0,0,0,0,240,1.5384615384615385,0.017376814073729402,0.06073335362109044,-1.2165727370081578,200,78,0.3,0.01615990773392396,0.023085582477034235,0.011338954891109851,9.544994430698342e-07,0.1502466224955988,-1.636659163202056
14,11,154,1,1,1,0,154,0.7857142857142857,5.04010853844861e-05,3.343504129957321e-05,-4.47579813601528,200,8,0.05194805194805195,3.100117323987637e-05,3.269986766397919e-05,3.0853916159887725e-05,1.983966230736723e-05,7.306745596325577e-05,-4.485454004921362
13,19,247,0,1,0,0,247,1.4615384615384615,0.0008932274931155859,0.0049313549993850155,-2.3070337322641383,200,42,0.1700404858299595,0.0014002971720573295,0.00168718732438127,0.001139922110499922,1.6015862350177792e-05,0.007826339037072624,-2.7728366960542195
14,1,14,1,2,1,1,91,0.07142857142857142,1.7080268884848814e-18,4.3062497286163036e-33,-18.0,200,13,0.9285714285714286,0.03535856078530304,0.4950198509942426,0.4950198509942426,0.4950198509942426,0.4950198509942426,-0.3053773848959326
14,10,140,0,1,0,0,140,0.7142857142857143,0.046213711559910456,0.03342688960089753,-1.4759040329800501,200,49,0.35,0.005612054993593999,0.008633930759375383,0.0037042986464039247,3.2709011488999588e-06,0.04332731490576619,-2.0637914385314735
13,8,104,0,0,1,1,96,0.6153846153846154,0.00015842301465507073,0.00014233672426512028,-3.8466830332396857,200,6,0.057692307692307696,0.00014220808296863528,0.00015091470029324558,0.00014234325275947054,0.00010987548981659495,0.000332689494661031,-3.8212684544239455
14,4,56,0,1,0,0,56,0.2857142857142857,-0.012486471370741421,0.16240821848375508,-0.7893919975589186,200,40,0.7142857142857143,0.016683091048325244,0.05839081866913836,0.047782249647062305,0.0013074398341916095,0.16240821848375508,-1.2336554356752956
13,6,78,0,2,0,1,468,0.46153846153846156,0.003139226720347753,0.0004978558011347389,-3.30289642800317,200,0,0.0,0.0005060740863162395,0.0005060740863162395,0.00043175170762773914,0.0002905606598617485,0.001187163634870298,-3.2957859003082737
14,5,70,0,0,0,0,65,0.35714285714285715,0.054548055672927455,0.20409714515722982,-0.690163070007756,200,55,0.7857142857142857,0.023918633816522705,0.11162029114377263,0.09527449241957346,0.0015728057859556515,0.24699717396156654,-0.9522568490298136
14,20,280,0,0,0,0,260,1.4285714285714286,-0.01285414737459897,0.07914444817444777,-1.101579544626865,200,91,0.325,0.015226422317270017,0.02255766269225188,0.008970587939090315,5.126464707861309e-08,0.13234938107602282,-1.6467059016942074
14,8,112,0,2,0,0,728,0.5714285714285714,0.00036328549671333976,0.0029218622369062324,-2.5343402645009245,200,13,0.11607142857142858,0.0005032872629668386,0.0005693754894170295,0.0002621283733334303,0.0001492000575326616,0.005590437837270455,-3.2446012323770668
14,2,28,1,1,1,1,28,0.14285714285714285,0.0007315071804891279,0.00041400640364606917,-3.382992941375131,200,16,0.5714285714285714,8.756469769119543e-05,0.00020431762794612267,0.00013715073499465956,4.596819572569457e-05,0.0004981409246805675,-3.689694162053495
13,11,143,0,1,0,1,143,0.8461538461538461,0.00043987219368808977,8.564576130548233e-05,-4.067294125835556,200,0,0.0,0.0001293631935700147,0.0001293631935700147,0.00011963807851848114,6.971944433728047e-05,0.0003022125822214692,-3.888189271605713
14,12,168,1,1,1,0,168,0.8571428571428571,-0.00037473377239489244,3.1688273468654736e-05,-4.499101422641909,200,18,0.10714285714285714,2.7394471674826996e-05,3.068180827580624e-05,3.009663469077969e-05,1.4581775493260738e-05,6.477043249960023e-05,-4.5131190482086545
13,5,65,1,0,0,1,60,0.38461538461538464,-0.00014996891419166375,5.278618401602943e-05,-4.2774797325942835,200,9,0.13846153846153847,2.8882736497739486e-05,3.352460486344762e-05,2.8844342232130557e-05,3.9269457991585166e-06,8.181533495362492e-05,-4.474636332242526
13,1,13,0,2,1,0,78,0.07692307692307693,-0.004469736353045603,0.4610289213954521,-0.33627182947266376,200,12,0.9230769230769231,0.03546376318426554,0.4610289213954521,0.4610289213954521,0.4610289213954521,0.4610289213954521,-0.33627182947266376
14,5,70,1,0,0,1,65,0.35714285714285715,0.00026818749424383485,2.872772434691188e-05,-4.541698775077383,200,11,0.15714285714285714,1.6169436132220908e-05,1.9184076767041757e-05,1.5949392024633597e-05,5.4736711715328535e-06,5.066938221973091e-05,-4.717059096368041
13,20,260,1,2,1,1,1560,1.5384615384615385,1.7406865879254773e-18,1.7484208317448116e-34,-18.0,200,86,0.33076923076923076,5.591612804710639e-05,8.355283501291759e-05,8.72693605827548e-05,5.8848112402683105e-06,0.0002194355048074115,-4.0780388095697795
14,19,266,0,2,0,0,1729,1.3571428571428572,-0.0012088080680923332,4.9267799175958986e-05,-4.3074368375035474,200,13,0.04887218045112782,5.9167785974642844e-05,6.220802794171936e-05,6.189985251098625e-05,3.8906909193287155e-05,0.00012713615300734545,-4.206153566019561
14,3,42,0,1,1,0,42,0.21428571428571427,0.001546525293916231,0.00017985719530610853,-3.7450721832598086,200,1,0.023809523809523808,0.00017635053892588946,0.00018065177158261848,0.00015384604892437043,7.191871071542958e-05,0.0003607078354431128,-3.743157775115705
13,11,143,0,2,1,1,858,0.8461538461538461,-7.768647379037541e-19,4.976928548271875e-34,-18.0,200,77,0.5384615384615384,0.004123337435451569,0.008933897776811734,0.009524676834045287,4.413117715141096e-07,0.029395189852044763,-2.0489590211075845
14,1,14,0,0,0,0,13,0.07142857142857142,0.04005564835572671,0.45916653868407986,-0.3380297682458702,200,13,0.9285714285714286,0.032797609906005706,0.45916653868407986,0.45916653868407986,0.45916653868407986,0.45916653868407986,-0.3380297682458702
13,14,182,1,1,0,1,182,1.0769230769230769,-0.00045287778097058667,5.731689954539581e-05,-4.241717310018306,200,9,0.04945054945054945,5.000793044565888e-05,5.2609499081560215e-05,5.0599735284826746e-05,1.8636557861521754e-05,0.00013308012684291109,-4.278935833294078
13,7,91,0,2,0,1,546,0.5384615384615384,-0.0019277137704493369,0.0003207754554927443,-3.493798869664263,200,0,0.0,0.00032858234881944875,0.00032858234881944875,0.0002765703599752417,0.00020591463582411883,0.000716711696464103,-3.4833557702260007
14,17,238,0,0,1,0,221,1.2142857142857142,-0.0026747021675296513,0.002259309387044373,-2.646024293255897,200,91,0.38235294117647056,0.000595995095188263,0.0009649444398286164,0.0009375941106535583,2.9063891813189722e-08,0.003143679784933419,-3.015497692014242
13,7,91,1,2,0,1,546,0.5384615384615384,-1.0890810822616892e-18,1.5445902288616601e-34,-18.0,200,16,0.17582417582417584,0.00021921129575061822,0.0002659763721774168,0.00018646682530494958,2.6076101798837445e-05,0.0009751681176832749,-3.5751569418980207
13,16,208,0,2,1,0,1248,1.2307692307692308,0.0009188391574614176,0.00013395150878767211,-3.873052390271748,200,12,0.057692307692307696,0.00011748786018984986,0.0001246809944871876,0.00012337863850017688,9.301695143327698e-05,0.00023382166326381046,-3.9041997423386094
13,8,104,1,2,1,1,624,0.6153846153846154,-8.241376466900166e-19,2.855418229631703e-34,-18.0,200,74,0.7115384615384616,0.00160778166453357,0.005573643103716375,0.005634036201002472,0.00022341892587215807,0.011299497719197043,-2.25386084384822
14,12,168,0,0,1,1,156,0.8571428571428571,0.000660667174677883,6.309094851624651e-05,-4.200032943314015,200,7,0.041666666666666664,6.536334674818795e-05,6.82052313894135e-05,6.506761347579907e-05,5.077862057766347e-05,0.00013991378203949404,-4.166182313372522
13,4,52,0,2,1,0,312,0.3076923076923077,-0.028307185000981852,0.0495753704510781,-1.3047340318527065,200,12,0.23076923076923078,0.004807648530570016,0.006249943089741021,0.0004018481224634361,0.00014103496661665128,0.06789444883324162,-2.204123937203759
14,18,252,1,1,0,1,252,1.2857142857142858,0.0005727053384635128,2.773148543173735e-05,-4.557026866897842,200,17,0.06746031746031746,2.553585223509986e-05,2.738312665210708e-05,2.6965786727126943e-05,1.2127062031062113e-05,6.995628866965119e-05,-4.5625169648860675
13,15,195,0,2,0,0,1170,1.1538461538461537,0.0005013595348647816,0.000158884868817203,-3.798917460263307,200,12,0.06153846153846154,0.00013300698031222126,0.00014172874951302265,0.00013861033708300474,0.0001044981135941645,0.0003402778523497623,-3.8485420446825533
14,3,42,0,0,1,0,39,0.21428571428571427,0.0310415519726104,0.2845882485207501,-0.5457830371679758,200,36,0.8571428571428571,0.02568312987241121,0.1797819091068785,0.17577613906908965,0.052711668318811605,0.2936120196126036,-0.7452540121041443
13,20,260,1,1,0,0,260,1.5384615384615385,0.0058301329487533545,0.00476529501090052,-2.3219102077979055,200,58,0.2230769230769231,0.0014645400366640766,0.0018850515323399005,0.0012472461637937143,5.295438846198062e-07,0.011629068341183511,-2.724676772829569
13,15,195,0,2,1,0,1170,1.1538461538461537,-0.0004677734016353796,0.00015941059911054887,-3.797482806012734,200,12,0.06153846153846154,0.00012262547937295383,0.00013066649441380329,0.00012714076628099084,9.319869085639592e-05,0.0003002037023828414,-3.8838357602133686
13,11,143,0,0,1,1,132,0.8461538461538461,-5.126639546249638e-05,0.000127209834164189,-3.895479313544902,200,6,0.04195804195804196,0.0001309731552985823,0.0001367092058956005,0.00013020159007276876,9.782081864003258e-05,0.0002995613524281085,-3.864202239382114
13,9,117,0,2,1,1,702,0.6923076923076923,-2.738567632756296e-18,7.836760312996677e-34,-18.0,200,72,0.6153846153846154,0.00705727973265082,0.018348927304892133,0.017949110712370864,2.891337127236583e-05,0.05401572519109445,-1.7363893199232439
13,18,234,1,1,1,1,234,1.3846153846153846,0.00022471686711564239,6.519568407484968e-05,-4.185781153417119,200,18,0.07692307692307693,5.736281344023976e-05,6.214304789359307e-05,6.0270554288212216e-05,2.8307142860657096e-05,0.00012505920147764174,-4.206607449972139
14,13,182,1,0,1,0,169,0.9285714285714286,0.0017613122713490902,0.0011816737056665181,-2.927502428185326,200,136,0.7472527472527473,0.0012958303888673825,0.005126981103779645,0.0006402252718270794,6.004629026236904e-05,0.04617325829486529,-2.2901382832109274
13,8,104,1,0,1,1,96,0.6153846153846154,-0.0007029239922121163,5.204611077950715e-05,-4.28361171822081,200,17,0.16346153846153846,5.192397304008795e-05,6.20700367375764e-05,5.926328215183176e-05,2.3273983970347095e-05,0.00014628866299770836,-4.207117997567366
14,11,154,0,2,0,0,1001,0.7857142857142857,0.0024212202849407884,0.0006322802189780392,-3.199090404970057,200,13,0.08441558441558442,0.00013906087597576216,0.00015188209149125798,0.00011425127776144412,7.006939378554185e-05,0.0016087730896009009,-3.8184934310419965
14,9,126,0,0,0,0,117,0.6428571428571429,0.0024986979723139392,0.12379724768720111,-0.9072890106272764,200,81,0.6428571428571429,0.019646294299503934,0.05500962403861102,0.04285128632916163,1.1842740888400268e-06,0.19116141949112211,-1.259561323210834
14,3,42,1,2,0,0,273,0.21428571428571427,-0.0006647803505912668,0.00011417706144908898,-3.9424211385308414,200,23,0.5476190476190477,0.012641897146624424,0.027945246324117143,0.00018667071138587146,8.661371489006324e-07,0.26972043155242764,-1.5536920579309403
13,19,247,1,1,1,1,247,1.4615384615384615,-0.00015511968601422278,5.565750521614847e-05,-4.254476264317868,200,18,0.0728744939271255,5.679885049435647e-05,6.126338896116178e-05,6.004084282939821e-05,2.427904917186317e-05,0.00014730650164081866,-4.2127989826123295
13,9,117,1,0,0,0,108,0.6923076923076923,-0.01153935394490796,0.08277247183510761,-1.0821140752672846,200,100,0.8547008547008547,0.012620084431395019,0.0868558752043069,0.07535893458751212,0.00636838143147324,0.19474774127899877,-1.0612007991799162
14,16,224,1,2,0,1,1456,1.1428571428571428,1.7943559320489678e-05,3.0625090723893275e-05,-4.513922616069767,200,8,0.03571428571428571,3.263084743689188e-05,3.383939734196194e-05,3.2157643824668394e-05,1.3154558127459994e-05,9.012403508704389e-05,-4.470577380071283
14,9,126,0,2,1,1,819,0.6428571428571429,1.2284010614260765e-18,1.1585360306749186e-33,-18.0,200,81,0.6428571428571429,0.007089234190078849,0.019849855732220777,0.019560026625812826,1.4089447096881546e-05,0.053418324429582255,-1.7022426453204187
13,10,130,0,2,0,1,780,0.7692307692307693,-0.0004498563129334593,0.0001735456914940489,-3.7605861638052263,200,0,0.0,0.00018453777571847093,0.00018453777571847093,0.00017039016942286942,0.0001261929523778548,0.0004178950084996303,-3.7339147183569645
13,15,195,0,2,0,1,1170,1.1538461538461537,0.0004725554080408508,0.0001237856199875855,-3.907329803803569,200,0,0.0,0.00013447686068534446,0.00013447686068534446,0.000127023492807865,9.644730771172545e-05,0.0002863127172025004,-3.871352437901019
14,9,126,1,1,1,1,126,0.6428571428571429,0.0004124282282499333,3.216164618451025e-05,-4.492661730117866,200,19,0.15079365079365079,2.6423316447105144e-05,3.1115307218086436e-05,2.9901034433485682e-05,1.3665595964310823e-05,6.511791104228884e-05,-4.507025906636413
14,4,56,1,2,1,0,364,0.2857142857142857,0.06346783821389257,0.229232444353328,-0.6397239145997984,200,54,0.9642857142857143,0.008476685564106152,0.23734719579497227,0.23734719579497227,0.229232444353328,0.2454619472366165,-0.6246158950092991
14,19,266,1,1,0,0,266,1.3571428571428572,-0.002040271006533923,0.0085628036000246,-2.0673840170203457,200,99,0.37218045112781956,0.0017533650810200407,0.0027927850991097654,0.0015614744803247318,3.3817435910737233e-07,0.01979593000530335,-2.5539624813636244
13,7,91,1,1,1,0,91,0.5384615384615384,-0.0005587008827081856,5.481195166326651e-05,-4.261124733934057,200,8,0.08791208791208792,6.196199659118331e-05,6.79342372264781e-05,6.235545269506884e-05,2.943878399589251e-05,0.0001392446477077729,-4.1679112965429725
14,5,70,1,0,0,1,65,0.35714285714285715,-0.0001675170495995177,2.5018162591584337e-05,-4.6017445893523545,200,12,0.17142857142857143,1.3797897586876251e-05,1.665263501864375e-05,1.5056173939150527e-05,2.950435175155672e-06,4.324210725186922e-05,-4.778517036421188
13,5,65,1,1,1,0,65,0.38461538461538464,-0.0003357155589807123,7.286424969687866e-05,-4.137485502788288,200,12,0.18461538461538463,5.989473526011635e-05,7.345580739448229e-05,7.025352991653034e-05,2.6096330140048012e-05,0.00013891058669093288,-4.133973863322653
14,16,224,0,0,0,1,208,1.1428571428571428,0.00016677597810897608,8.817242454474302e-05,-4.05466721691527,200,0,0.0,8.789315443435718e-05,8.789315443435718e-05,8.153392712796487e-05,3.827073405536829e-05,0.0002462199807221944,-4.0560449486709045
14,14,196,1,1,0,0,196,1.0,0.0038390264388408536,0.017663666266469088,-1.7529191493403942,200,101,0.5153061224489796,0.003117403783281915,0.0064316962265605826,0.0035237675472056303,6.652436122918341e-07,0.028992199947203784,-2.1916744758025066
13,10,130,1,1,0,1,130,0.7692307692307693,-0.00018659586998923423,3.172878412342418e-05,-4.498546570149984,200,10,0.07692307692307693,4.954361287946869e-05,5.3672247286091076e-05,4.614015365194756e-05,2.152935404716407e-05,0.0001924305944236882,-4.270250220186863
13,1,13,1,1,0,0,13,0.07692307692307693,-0.06314420305520244,0.5036384068142875,-0.2978811585651603,200,12,0.9230769230769231,0.03874141590879135,0.5036384068142875,0.5036384068142875,0.5036384068142875,0.5036384068142875,-0.2978811585651603
14,17,238,0,1,1,0,238,1.2142857142857142,0.0011513074132230494,5.814827885085395e-05,-4.235463135563892,200,1,0.004201680672268907,6.396914765242419e-05,6.423905966783525e-05,6.143409819522144e-05,4.583032537643766e-05,0.00012955625494040477,-4.1922008248909455
13,20,260,0,1,1,0,260,1.5384615384615385,-0.0003014783917817154,0.00011002091062197642,-3.958524764799243,200,1,0.0038461538461538464,0.00012593998637384113,0.0001264262411474853,0.00012041473057036263,8.293623216109701e-05,0.0002722371976570081,-3.8981627741331617
13,6,78,0,1,1,1,78,0.46153846153846156,0.0016056493109459168,0.00011776553691390404,-3.928981783554934,200,7,0.08974358974358974,0.00013705992616856052,0.0001505728766358834,0.00013830324916409506,9.769890187282807e-05,0.0003337527083673709,-3.8222532524929025
14,11,154,0,0,0,0,143,0.7857142857142857,0.011055758010796533,0.12400859540637325,-0.9065482115459577,200,88,0.5714285714285714,0.018317673874521385,0.042741239040549904,0.027451736694724435,7.693190100214765e-08,0.18317489699071468,-1.3691528920766314
13,19,247,1,0,0,1,228,1.4615384615384615,1.1947875139194445e-05,4.168450339928284e-05,-4.38002536802411,200,12,0.048582995951417005,4.932276597591567e-05,5.184137530234541e-05,4.787661824616417e-05,2.2228852320368944e-05,0.00011855918127412421,-4.28532348556538
14,10,140,1,1,1,0,140,0.7142857142857143,0.0008702539989006139,2.613472527812244e-05,-4.582782060740233,200,11,0.07857142857142857,3.0161179722333646e-05,3.273306326454815e-05,3.0346336392474518e-05,1.581148356904249e-05,6.865297302629676e-05,-4.485013350126206
13,12,156,0,2,1,0,936,0.9230769230769231,-0.0008506731014503735,0.0003260371462143167,-3.486732916874194,200,12,0.07692307692307693,0.00015033143014126733,0.00016285904931970626,0.00013609833894288152,9.820997660840856e-05,0.0007563430524267704,-3.788188104704736
14,10,140,1,2,1,0,910,0.7142857142857143,-0.01949196815571153,0.01018149953618478,-1.9921882541868223,200,27,0.19285714285714287,0.00044258328053911177,0.0005483332679245631,3.009231832792788e-05,7.245653097340328e-06,0.01018149953618478,-3.2609554042391458
14,20,280,0,0,1,0,260,1.4285714285714286,0.000423772318118206,0.0006566027549680227,-3.182697299393916,200,91,0.325,0.00021382887616999775,0.00031678352025184844,0.000372840338854581,7.006410644031319e-10,0.0011278036488217465,-3.4992374194116
13,3,39,0,0,0,0,36,0.23076923076923078,0.020244150858598924,0.34260214771156533,-0.4652099188475721,200,33,0.8461538461538461,0.03201482525391145,0.20809636415042443,0.2223636587132752,0.03728029896811701,0.34260214771156533,-0.6817355076941971
13,5,65,1,1,0,1,65,0.38461538461538464,-0.0004124070899313208,7.229114007796621e-05,-4.140914926094566,200,6,0.09230769230769231,3.573789374065723e-05,3.937225581597829e-05,3.445345160158316e-05,9.703417996485915e-06,9.067461551595483e-05,-4.404809701786717
14,6,84,1,1,1,0,84,0.42857142857142855,-0.00019387215493600263,2.802502594213592e-05,-4.552453976716174,200,7,0.08333333333333333,3.159352014736749e-05,3.446565834258272e-05,3.0262242815608534e-05,1.3019148893659675e-05,7.209741978287918e-05,-4.462613421454716
14,16,224,1,1,0,1,224,1.1428571428571428,-0.000719283455561618,3.175278737127501e-05,-4.498218144802573,200,16,0.07142857142857142,2.3769157911639367e-05,2.5597554674073168e-05,2.4677901164853658e-05,1.099833074832534e-05,7.419241111978402e-05,-4.591801520714741
14,5,70,0,2,1,0,455,0.35714285714285715,0.0011601092692076031,0.028262858355192103,-1.5487839180319591,200,13,0.18571428571428572,0.002193713785589849,0.0026940344735313934,0.00013153040302879123,7.968900286843347e-05,0.032717499187892775,-2.569596851237879
13,19,247,1,1,0,1,247,1.4615384615384615,-0.00015395457165807034,4.84131496165627e-05,-4.315036662523378,200,11,0.044534412955465584,5.274046734420801e-05,5.51987094661838e-05,5.2785616443665485e-05,2.5785576493837498e-05,0.00012337321301378708,-4.258071075862593
13,13,169,1,2,0,0,1014,1.0,-0.0003994525946053571,0.00013142611284503423,-3.881318336923869,200,26,0.15384615384615385,0.0005089309120630582,0.0006014638051654326,0.00010211083830104891,2.8646763196407212e-05,0.01390860661207817,-3.2207905024719192
14,10,140,0,1,0,0,140,0.7142857142857143,-0.009753652727206113,0.028363095347807215,-1.5472463750716126,200,49,0.35,0.005242989723443381,0.00806613803606674,0.0036638935603535466,5.317882989120538e-06,0.041472282011913685,-2.093334350170064
13,7,91,1,0,0,0,84,0.5384615384615384,-0.012784180391878272,0.10540962729166957,-0.9771197222476811,200,67,0.7362637362637363,0.013690353296933779,0.05190925625087392,0.02460604764994296,2.812416189399691e-05,0.14325110883662176,-1.2847551935918762
13,14,182,0,2,1,0,1092,1.0769230769230769,-0.002013485269510328,0.00017457377308028254,-3.7580210015357527,200,12,0.06593406593406594,0.00012706258984223498,0.00013603171383109861,0.00012942243343783643,9.034944197127152e-05,0.0003533299334699788,-3.8663598303340714
13,6,78,0,2,1,0,468,0.46153846153846156,-0.01233056992094676,0.019240193545619882,-1.7157905635158808,200,12,0.15384615384615385,0.0013653918428883879,0.001613644905231731,0.0002735763527577891,0.00015947867509595278,0.019240193545619882,-2.79219202888615
14,1,14,0,1,0,1,14,0.07142857142857142,0.0005364560767890377,1.3837357674305223e-05,-4.8589468330748655,200,0,0.0,3.079011919889655e-05,3.079011919889655e-05,2.192232666383775e-05,6.207967881805136e-06,0.0001417664206038322,-4.51158862979369
13,9,117,1,0,0,1,108,0.6923076923076923,-0.0008674553423225768,5.109388048416047e-05,-4.291631112215764,200,8,0.06837606837606838,3.345102109212014e-05,3.5906141906220686e-05,3.1495048524343e-05,1.0583139789746908e-05,8.819326250184234e-05,-4.444831257053101
14,14,196,0,2,0,1,1274,1.0,0.0007281837526621307,6.457009333680247e-05,-4.189968585816106,200,0,0.0,6.989547545904833e-05,6.989547545904833e-05,6.552172170902243e-05,5.06466887147852e-05,0.0001537167070055301,-4.155550936511353
13,20,260,0,0,0,1,240,1.5384615384615385,-7.033874295662563e-05,0.0001682629768108066,-3.7740114320668416,200,0,0.0,0.00018595571365740565,0.00018595571365740565,0.0001728183859729442,0.00010693686165439113,0.00038045512119530583,-3.730590473009442
13,11,143,0,2,0,0,858,0.8461538461538461,0.003337643962740462,0.0006271550124390167,-3.2026251023488483,200,12,0.08391608391608392,0.00023774457079006508,0.00025952269941205576,0.00020943018541355087,0.000133239853191672,0.001196798651057862,-3.5858246501536515
14,19,266,0,2,0,1,1729,1.3571428571428572,-0.0003333671075881174,5.662074970078562e-05,-4.247024384551299,200,0,0.0,6.452647558666013e-05,6.452647558666013e-05,6.115763922518073e-05,4.837716477763626e-05,0.00014965979473450613,-4.19026205525652
13,6,78,0,0,0,0,72,0.46153846153846156,0.04331310837483501,0.172862460123862,-0.7622993105502478,200,57,0.7307692307692307,0.024103376263301484,0.0895268261208341,0.09162494761243804,0.0006024140941837244,0.2163438538009935,-1.0480468117166388
14,1,14,1,2,0,0,91,0.07142857142857142,0.008301470391158227,0.49682393364942323,-0.30379749092827657,200,13,0.9285714285714286,0.03548742383210166,0.49682393364942323,0.49682393364942323,0.49682393364942323,0.49682393364942323,-0.30379749092827657
14,14,196,0,2,1,1,1274,1.0,-4.366243084859105e-19,3.2195774833134654e-34,-18.0,200,91,0.4642857142857143,0.0014397565530325112,0.002687545565660688,0.002886670729868543,6.1952575100511126e-09,0.009704285162985708,-2.570644163821549
14,2,28,0,1,0,0,28,0.14285714285714285,0.069894151692161,0.36447812923520817,-0.438328526707971,200,24,0.8571428571428571,0.02777094247761151,0.19439659734328057,0.17933811405238353,0.05443203203314703,0.36447812923520817,-0.711311341096833
13,15,195,0,0,1,1,180,1.1538461538461537,0.0008233187130127803,0.00011576715703672013,-3.936414631807196,200,6,0.03076923076923077,0.00012477202715735266,0.00012873304389250672,0.00012412476877951106,9.293104629146221e-05,0.00027567055129344936,-3.8903099617343018
14,12,168,1,0,1,0,156,0.8571428571428571,-0.0038992260007498073,0.0006953638123288684,-3.1577879143355645,200,98,0.5833333333333334,0.0006789589130453606,0.0016295013913088655,0.0006914886704312326,5.213255067165334e-07,0.014728077024821002,-2.7879452643872353
14,13,182,1,0,0,1,169,0.9285714285714286,0.00032601503401737,1.7200804818148528e-05,-4.764451232167825,200,6,0.03296703296703297,2.1323886496508446e-05,2.2050837172525782e-05,2.027538220286294e-05,1.0797711800286871e-05,5.3484949506597904e-05,-4.656574917647094
14,2,28,1,0,0,0,26,0.14285714285714285,0.05025591075201172,0.51622350780558,-0.2871622224233286,200,27,0.9642857142857143,0.018436553850199287,0.51622350780558,0.51622350780558,0.51622350780558,0.51622350780558,-0.2871622224233286
13,17,221,0,2,0,1,1326,1.3076923076923077,-0.0004543484589971576,0.00012050825290354638,-3.918983209788391,200,0,0.0,0.0001318938692328384,0.0001318938692328384,0.00012433607885885376,9.502591332021859e-05,0.0002728357446421363,-3.8797753911119246
13,13,169,1,0,0,1,156,1.0,-0.0008103783545961341,4.133435919454729e-05,-4.383688790839628,200,15,0.08875739644970414,4.270365065615946e-05,4.6863097148642526e-05,4.442763250593619e-05,1.4474196536759363e-05,0.00012684916803285017,-4.329169012578224
13,19,247,1,1,1,0,247,1.4615384615384615,-0.0003406327586012073,5.791614399024876e-05,-4.237200360821685,200,13,0.05263157894736842,5.9138223116091346e-05,6.24236799558742e-05,6.0880284186483977e-05,4.110962163311974e-05,0.00013775694421600738,-4.204650632700142
14,14,196,1,0,1,1,182,1.0,0.0001807511130511457,2.470225928916394e-05,-4.607263323989524,200,22,0.11224489795918367,2.8396319760936978e-05,3.198665904105545e-05,3.052052967711161e-05,1.2725865754572608e-05,6.545935172355741e-05,-4.495031118959549
14,20,280,0,2,0,0,1820,1.4285714285714286,0.0009387218230769266,6.879359489538705e-05,-4.162451995355799,200,13,0.04642857142857143,5.9269955760395656e-05,6.215575884985312e-05,6.159406810991359e-05,4.7248352013227506e-05,0.00012992257306582164,-4.206518626944351
13,13,169,1,2,1,0,1014,1.0,-0.0005445162487354323,3.987248428147765e-05,-4.399326704489964,200,25,0.14792899408284024,0.0006706170027831491,0.0007870435657663348,5.2516836990607556e-05,2.106928918338444e-05,0.020757374728404554,-3.1040012271730153
14,16,224,1,1,1,1,224,1.1428571428571428,2.1661497557905404e-05,3.129197743856991e-05,-4.504566991551033,200,13,0.05803571428571429,2.9472664220269195e-05,3.1288515570333174e-05,3.0508898043855785e-05,1.4340993530385397e-05,6.748579409007748e-05,-4.504615040717843
14,19,266,1,2,0,1,1729,1.3571428571428572,8.196249998066299e-05,3.303282595747549e-05,-4.481054270836634,200,25,0.09398496240601503,3.23783885972016e-05,3.573714260106068e-05,3.2638289482157505e-05,1.3541135218632128e-05,0.00016977342312946367,-4.446880174891411
14,9,126,0,0,0,1,117,0.6428571428571429,-0.0003712981894972332,8.351755666789107e-05,-4.078222219576176,200,0,0.0,9.38502734664066e-05,9.38502734664066e-05,8.512992637575389e-05,3.50844283173324e-05,0.00023240582160142506,-4.027564457568172
14,10,140,1,1,1,1,140,0.7142857142857143,-0.0004637700158614273,3.25484199508445e-05,-4.487470089224358,200,14,0.1,2.919292489765117e-05,3.24365832196124e-05,2.9997340572523007e-05,1.5218146049347469e-05,7.676652046037078e-05,-4.488964899436833
13,3,39,1,2,0,1,234,0.23076923076923078,0.0004908465381658346,7.26210137360238e-05,-4.138937692948762,200,10,0.2564102564102564,0.003067934528362089,0.004125842986417981,0.0023895537236984584,2.322643558848932e-05,0.014270624860380448,-2.384487303611962
13,8,104,1,0,1,1,96,0.6153846153846154,-0.0005137395774706892,6.0094219282800743e-05,-4.22116730261168,200,16,0.15384615384615385,5.3369182758739515e-05,6.307267053305579e-05,5.8782556803191994e-05,2.570705210043633e-05,0.00014270079731025956,-4.200158780339861
13,9,117,0,2,1,0,702,0.6923076923076923,-0.003366676921002728,0.0018794070516676125,-2.725979147974132,200,12,0.10256410256410256,0.0003325734339133729,0.0003705818263606155,0.000180442615378835,0.00010311437365187321,0.0043447268273831665,-3.431115882655627
13,19,247,1,0,0,1,228,1.4615384615384615,0.0007949799596487561,6.173569413310073e-05,-4.2094636644465115,200,20,0.08097165991902834,4.872672623995842e-05,5.3019829873434926e-05,5.153940673995139e-05,1.657149690990562e-05,0.00012647120583780252,-4.27556167013644
13,13,169,1,1,0,0,169,1.0,-0.02958239631827193,0.050964503115091694,-1.2927322056406538,200,129,0.7633136094674556,0.004401838411508917,0.018597767288625177,0.013654318118848204,5.3447417497750195e-06,0.06398718125338175,-1.7305391908590848
13,18,234,0,1,1,0,234,1.3846153846153846,-0.0021415094204722575,0.00012430525288849127,-3.9055105185644408,200,1,0.004273504273504274,0.0001285209884717811,0.00012907258069698186,0.0001231861642491392,9.537777691255914e-05,0.0002946538375254765,-3.889166006507722
14,16,224,0,0,0,0,208,1.1428571428571428,0.003985131109256274,0.08119937603013494,-1.0904473080458992,200,91,0.40625,0.01586064401821822,0.026712663609630684,0.009137810831607054,4.7919254589695605e-09,0.1345279491421454,-1.5732828048543714
14,2,28,0,1,1,1,28,0.14285714285714285,0.0017494584718079653,0.0002278731504147046,-3.6423068433745867,200,7,0.25,0.0001629805520672085,0.00021730740275627806,0.0002240631406230751,6.453845999508766e-05,0.00038022005043372134,-3.662925478827007
13,6,78,1,0,1,0,72,0.46153846153846156,0.03311908488069191,0.14001006206486566,-0.8538407518773422,200,61,0.782051282051282,0.006061045271150804,0.027809501832338986,0.0059555858928512515,9.432249732474695e-05,0.14001006206486566,-1.5558067908339364
14,12,168,1,2,0,0,1092,0.8571428571428571,-0.0005597041546932846,0.00012343413317241413,-3.9085647284824767,200,42,0.25,0.001083164828283204,0.0014442197710442717,4.25114008063615e-05,6.719894772906958e-06,0.03844749289404648,-2.8403667139067226
14,17,238,0,1,0,1,238,1.2142857142857142,-0.0010073013562852525,9.340449842204652e-05,-4.029632207358483,200,0,0.0,7.08794949831318e-05,7.08794949831318e-05,6.741868938505842e-05,3.8458910324998586e-05,0.0001668754597862503,-4.1494793854610235
13,19,247,0,0,0,0,228,1.4615384615384615,-0.013337753632475144,0.06622384265493146,-1.1789856228075366,200,78,0.3157894736842105,0.01602701563793064,0.023424099778514017,0.0085677944832975,1.4761932355415375e-06,0.12752410231636482,-1.6303370906743935
14,9,126,0,0,1,0,117,0.6428571428571429,0.017050642528072764,0.03261207660287174,-1.4866215462276395,200,81,0.6428571428571429,0.006604630842336187,0.018492966358541325,0.019718445796864315,4.774277005215811e-05,0.05158645020246875,-1.7329934203812385
14,6,84,0,2,1,0,546,0.42857142857142855,0.008336503016137442,0.022213557099944308,-1.6533818914658183,200,13,0.15476190476190477,0.001204686225883144,0.0014252625771011842,0.0001420289686728362,7.92875526504706e-05,0.022213557099944308,-2.846105117914399
14,13,182,1,0,0,0,169,0.9285714285714286,0.005797448142237213,0.06501889853635871,-1.1869603920166574,200,117,0.6428571428571429,0.00840508271138742,0.023534231591884777,0.0038049470701148626,3.3409252515703724e-06,0.1073509123057169,-1.6282999771259075
14,3,42,0,0,0,0,39,0.21428571428571427,-0.018623837632020593,0.29979233613997575,-0.5231794736046884,200,36,0.8571428571428571,0.028083933068741854,0.19658753148119298,0.20282068601512293,0.03719654616814073,0.3265940222864419,-0.7064440306576706
14,2,28,1,1,1,1,28,0.14285714285714285,0.005079021959022006,0.008596224661896674,-2.065692242767958,200,21,0.75,0.0019690226647012,0.0078760906588048,0.007548828272839392,0.004436980049571583,0.011064764873511584,-2.1036892934998845
14,14,196,1,2,0,1,1274,1.0,-0.0004442740119160889,3.130411388161945e-05,-4.504398585179286,200,7,0.03571428571428571,3.657116003907702e-05,3.7925647447931734e-05,3.582650895625619e-05,1.509471127393963e-05,9.166829464464529e-05,-4.421066996416935
14,19,266,0,0,0,0,247,1.3571428571428572,-0.026779700993190332,0.07117275890260284,-1.1476861990887204,200,91,0.34210526315789475,0.015315635126045439,0.023279765391589068,0.00947633339609626,8.449073898830959e-08,0.13235976526152304,-1.6330214007254
14,5,70,1,1,1,0,70,0.35714285714285715,-0.0002985260038725682,2.9322437759025394e-05,-4.5327999268930075,200,14,0.2,2.6842199110815287e-05,3.355274888851911e-05,2.7101705233015435e-05,1.6555185686997377e-05,8.132827920947084e-05,-4.474271893432088
13,19,247,0,1,1,1,247,1.4615384615384615,0.0005889131512599074,0.00010400192111122693,-3.982958638390651,200,7,0.02834008097165992,0.00012304731522129242,0.00012663619524858012,0.00012321578143024932,9.138379304831693e-05,0.00027925161938273076,-3.897442146213997
14,6,84,0,2,1,1,546,0.42857142857142855,1.11995877086288e-18,1.1864794676176343e-32,-18.0,200,63,0.75,0.014205073702513263,0.056820294810053046,0.06148529763270731,0.0008084065502646118,0.140832856335628,-1.2454965172859604
14,2,28,1,0,0,0,26,0.14285714285714285,0.03268055145595014,0.37419860404409333,-0.426897836977853,200,25,0.8928571428571429,0.03274135305180632,0.305585961816859,0.37419860404409333,0.14887747762409678,0.3936818037823868,-0.5148666005070444
13,6,78,1,2,0,0,468,0.46153846153846156,0.0024845190542155276,0.0011677378963178377,-2.932654625508487,200,18,0.23076923076923078,0.0022454831964686607,0.002919128155409258,0.00019026680251662566,6.88352580564014e-05,0.04000816240197513,-2.5347468382201668
13,9,117,1,1,0,1,117,0.6923076923076923,0.0004601415215269944,4.3875000119675716e-05,-4.3577828693415155,200,4,0.03418803418803419,5.075331435881738e-05,5.254989185824454e-05,4.8068528091161046e-05,1.3846022349339726e-05,0.00014027580534786487,-4.279428173363922
13,4,52,0,2,0,0,312,0.3076923076923077,0.013200540230237166,0.07313088673428714,-1.1358991605908892,200,12,0.23076923076923078,0.0062455352378804375,0.008119195809244568,0.0017031958142834152,0.00047848682785342484,0.07313088673428714,-2.0904869846631917
13,9,117,1,2,0,1,702,0.6923076923076923,-0.00109822642103847,8.447792902034169e-05,-4.073256741425583,200,4,0.03418803418803419,0.0001043174133361708,0.00010801006513568126,9.070775923050058e-05,3.2722603832310246e-05,0.0003000606588797013,-3.966535772020378
14,11,154,0,2,0,1,1001,0.7857142857142857,0.000767487738895632,7.60914814863299e-05,-4.118663960188125,200,0,0.0,8.699306505887091e-05,8.699306505887091e-05,7.88434779624481e-05,5.9338124895746326e-05,0.00018960884086133089,-4.060515367228618
14,2,28,1,0,1,0,26,0.14285714285714285,0.011652255231689633,0.24463450238013565,-0.6114822916308981,200,26,0.9285714285714286,0.016655609970444057,0.23317853958621682,0.23317853958621682,0.22172257679229798,0.24463450238013565,-0.6323114220440625
14,20,280,0,2,1,0,1820,1.4285714285714286,0.0002653663891495496,5.6845190157027516e-05,-4.245306276387554,200,13,0.04642857142857143,5.886762344721617e-05,6.173383732292333e-05,6.1034883673900356e-05,4.3440761586953845e-05,0.00012188581200669096,-4.2094767268175195
13,16,208,1,0,0,0,192,1.2307692307692308,0.013304500308421374,0.06417647908551119,-1.1926241132872406,200,119,0.5721153846153846,0.007455052897346706,0.01742304497357432,0.004849829635416807,1.8260524074412542e-09,0.09031746016846355,-1.7588759423446096
14,12,168,0,2,1,0,1092,0.8571428571428571,-0.002260450273607737,0.00021698154719880974,-3.663577198365705,200,13,0.07738095238095238,8.001081797325205e-05,8.672140270649254e-05,6.968454342179636e-05,5.219458451921966e-05,0.0010577090439460397,-4.061873706096709
13,2,26,1,2,1,1,156,0.15384615384615385,-6.132518538121134e-19,2.6380735243249326e-33,-18.0,200,23,0.8846153846153846,0.013575206221526654,0.117651787253231,0.11754928733421023,0.10921383396315923,0.12619224046232355,-0.9294014710521727
14,18,252,1,1,0,1,252,1.2857142857142858,-0.00010900494638261805,2.56164371153004e-05,-4.591481274621245,200,16,0.06349206349206349,2.7489051648523685e-05,2.9352716167067662e-05,2.8015768392638094e-05,1.1050298056474857e-05,7.826044514216965e-05,-4.532351704917574
13,3,39,0,0,0,0,36,0.23076923076923078,0.0013980566400817029,0.29685838162316086,-0.5274506845135677,200,33,0.8461538461538461,0.02936345300722609,0.19086244454696957,0.20113877625152013,0.033535798162005255,0.30212007514861994,-0.7192795180733814
14,12,168,1,0,1,0,156,0.8571428571428571,0.0015412478331765305,0.002100181073249578,-2.6777432596837167,200,96,0.5714285714285714,0.0002856726351443972,0.0006665694820035934,0.0003660991667011526,1.1348256331718393e-05,0.004062223539254357,-3.1761545738150585
13,3,39,1,2,0,0,234,0.23076923076923078,-6.24585154646376e-19,2.3797214846177574e-33,-18.0,200,38,0.9743589743589743,0.012033929828397792,0.4693232633075139,0.4693232633075139,0.4693232633075139,0.4693232633075139,-0.32852791824502664
14,3,42,1,0,1,1,39,0.21428571428571427,0.0003025131950687754,8.111175411043695e-05,-4.090916206511239,200,15,0.35714285714285715,0.00015450916941283743,0.00024034759686441382,0.00013552593167247745,2.4469504589521387e-05,0.0008499403005937709,-3.6191602158433933
14,14,196,0,0,1,1,182,1.0,-0.0004481777054610111,6.206891665948812e-05,-4.207125834651855,200,7,0.03571428571428571,6.357418718173146e-05,6.592878670698075e-05,6.313463036579282e-05,4.490719993481831e-05,0.00014912880289880877,-4.180924916540715
13,7,91,1,1,1,1,91,0.5384615384615384,-0.0010302753050265912,5.7846778885376594e-05,-4.237720819102102,200,19,0.2087912087912088,5.155865829625032e-05,6.516441534664971e-05,5.8720543956618023e-05,2.11704832212877e-05,0.00013590559538841242,-4.18598949686629
14,9,126,1,2,0,0,819,0.6428571428571429,0.007227746036931676,0.007156948799186697,-2.1452720897177646,200,24,0.19047619047619047,0.0005296002565436589,0.0006542120816127551,6.167353273427376e-05,1.3115700340370429e-05,0.012020673728047713,-3.1842814398360715
14,8,112,1,1,1,1,112,0.5714285714285714,-0.0006752817079979879,3.055389571076231e-05,-4.514933408078631,200,16,0.14285714285714285,2.7806979976608218e-05,3.244147663937625e-05,3.140784937158434e-05,1.4764821285259655e-05,6.95558176470627e-05,-4.4888993862198925
14,14,196,0,2,0,0,1274,1.0,-0.0003117424929967694,0.00015107087790536548,-3.8208192470042257,200,13,0.0663265306122449,7.749041885017764e-05,8.29952027029225e-05,7.626981481512145e-05,5.4307682369776013e-05,0.0004330314834890875,-4.080947010031893
13,16,208,0,1,1,0,208,1.2307692307692308,0.0005516052528698463,0.00012836719131236048,-3.8915459611013654,200,1,0.004807692307692308,0.0001293031890449694,0.00012992784213214313,0.00012276100159419725,9.253877406875698e-05,0.0003077423438921662,-3.886297774341114
13,7,91,0,1,1,1,91,0.5384615384615384,-0.0005652106341678087,0.00014060776285744277,-3.851990701555995,200,7,0.07692307692307693,0.000134600330097719,0.0001458170242725289,0.00013542050350991342,0.00010154937174096516,0.0003118961446883094,-3.8361917687752514
14,14,196,0,2,0,1,1274,1.0,-0.0006738415135960474,6.249705601305843e-05,-4.2041404400542755,200,0,0.0,7.045427149733484e-05,7.045427149733484e-05,6.674602158555481e-05,4.850499123061601e-05,0.0001443937344358071,-4.152092671376686
14,15,210,1,2,0,1,1365,1.0714285714285714,0.00015522735155783387,3.357165922405776e-05,-4.474027193930861,200,15,0.07142857142857142,3.169146115612144e-05,3.4129265860438466e-05,3.357165922405776e-05,1.3627094655434422e-05,8.490503398667491e-05,-4.466873053537641
14,6,84,1,1,0,0,84,0.42857142857142855,0.0,0.0,-18.0,200,79,0.9404761904761905,0.006995903107999312,0.11753117221438844,0.160456956014351,0.02510056314181433,0.19282184457320217,-0.9298469323263656
14,5,70,0,2,1,0,455,0.35714285714285715,0.0006635879986445586,0.033029835826883854,-1.4810935849418165,200,13,0.18571428571428572,0.002263843778921886,0.002780159026746176,0.00017167825575380776,7.690418597540692e-05,0.03370534044730629,-2.5559303614693203
13,13,169,0,0,0,1,156,1.0,-0.0013135482408281921,0.00018576455325568887,-3.7310371525280597,200,0,0.0,0.00017329807677786754,0.00017329807677786754,0.00016407055836585048,7.562491070640422e-05,0.0004298219034136981,-3.7612062569594484
14,18,252,0,2,1,0,1638,1.2857142857142858,-0.00028048624153002296,6.766874507991834e-05,-4.1696118774535815,200,13,0.051587301587301584,5.946576764147349e-05,6.27003073039804e-05,6.169628182928987e-05,4.628528454791142e-05,0.0001404232877865434,-4.20273033061911
13,3,39,1,2,0,1,234,0.23076923076923078,0.010813078530504476,0.008097859384925568,-2.091629768797675,200,13,0.3333333333333333,0.0039070896450976505,0.005860634467646476,0.0014097850309561979,8.189918984631576e-06,0.023476367536860932,-2.2320553650600514
13,17,221,0,1,1,0,221,1.3076923076923077,-0.000867325943577486,0.00010551726523595669,-3.9766764732267053,200,1,0.004524886877828055,0.0001277891065065138,0.0001283699660815434,0.0001236282964646641,9.278294527232788e-05,0.0002585114607470431,-3.8915365735475187
13,14,182,1,0,1,0,168,1.0769230769230769,0.0006196593267185777,0.0003514462994133475,-3.454141025267613,200,129,0.7087912087912088,0.0008862357700452354,0.003043300191476093,0.00034180057049968885,2.374837237739126e-05,0.02726740261096437,-2.5166552066719214
13,6,78,0,0,0,1,72,0.46153846153846156,0.00027269614060822266,0.0001731019048278472,-3.761698153085488,200,0,0.0,0.0001484175702678725,0.0001484175702678725,0.00013188243379961,8.227416468746633e-05,0.00032890434488163994,-3.8285146824889993
13,18,234,1,2,1,0,1404,1.3846153846153846,0.0012666827099616612,0.00010627009054218052,-3.9735889494019108,200,34,0.1452991452991453,5.5490184798781596e-05,6.492351621457447e-05,5.922341798694785e-05,2.6493762628057336e-05,0.0003438705732479526,-4.1875979671077666
13,20,260,0,1,1,0,260,1.5384615384615385,-0.0009470264512092995,0.00012671709140122148,-3.897164804211785,200,1,0.0038461538461538464,0.0001254916943687862,0.000125976218285268,0.00012029655506217179,8.486974965180437e-05,0.0003016423233821812,-3.8997114329959213
13,6,78,1,2,0,0,468,0.46153846153846156,-0.008904000325755895,0.1295064755688357,-0.8877085154939177,200,27,0.34615384615384615,0.004709869811959157,0.007203330300643416,0.00026124619021862544,5.105516509028453e-05,0.1295064755688357,-2.1424666706796565
13,6,78,0,0,1,0,72,0.46153846153846156,-0.017099281468491576,0.08335677682671618,-1.079059086672122,200,57,0.7307692307692307,0.01442425209932711,0.05357579351178641,0.051533689963971764,0.002022897659919466,0.13365485775111702,-1.2710313878971822
14,8,112,1,1,1,1,112,0.5714285714285714,-7.104544095024402e-05,2.974154093747578e-05,-4.526636534021667,200,12,0.10714285714285714,2.9020688996090484e-05,3.250317167562134e-05,3.08856693620507e-05,1.6024513346980814e-05,6.950351408675091e-05,-4.488074258282269
14,8,112,0,0,1,0,104,0.5714285714285714,0.014465253079966885,0.03831488614480777,-1.4166324606398588,200,76,0.6785714285714286,0.008387359961230493,0.026094008768272652,0.02636614363989813,6.2019266478083e-05,0.07865138133134153,-1.5834591960166375
13,10,130,0,0,1,1,120,0.7692307692307693,-0.0007047636033094529,0.00014167529164609406,-3.8487058846673454,200,6,0.046153846153846156,0.00013615021319264537,0.00014273812673422503,0.00013382903868329558,0.00010047955336924878,0.00032057505985937833,-3.8454600071330174
13,5,65,1,1,1,0,65,0.38461538461538464,0.0008896511368507443,6.095686118388932e-05,-4.214977403965248,200,12,0.18461538461538463,4.9886752064937856e-05,6.118186574001812e-05,5.35461420227883e-05,3.518125277430052e-05,0.00012993305996259965,-4.213377283346115
13,6,78,0,0,0,0,72,0.46153846153846156,-0.0050194930181629085,0.16343089694575852,-0.7866658357804381,200,57,0.7307692307692307,0.024583666769994055,0.09131076228854937,0.08105542881527157,0.00041533801874739867,0.24558191401593024,-1.0394780315887069
13,20,260,0,2,0,0,1560,1.5384615384615385,-0.0009820759974361443,0.00012198220303195317,-3.9137035274303513,200,12,0.046153846153846156,0.00011977719611490004,0.00012557286689465327,0.0001236224729800985,9.233657366937313e-05,0.00025203622540088933,-3.9011041904628563
13,14,182,0,1,0,1,182,1.0769230769230769,-0.00018908106048539308,0.00011683689689264719,-3.93241998610705,200,0,0.0,0.00014974402918744456,0.00014974402918744456,0.00014125783191840053,8.83680929135036e-05,0.00033503010209304663,-3.824650485417064
13,10,130,0,1,0,0,130,0.7692307692307693,-0.021146135399069444,0.02412811217622389,-1.6174766566872354,200,42,0.3230769230769231,0.005265412589319502,0.007778450416040173,0.004331094649090272,5.882142834274598e-06,0.03539173983051482,-2.1091069123666064
13,2,26,0,2,1,1,156,0.15384615384615385,5.10730398660531e-19,3.1635481375011386e-32,-18.0,200,23,0.8846153846153846,0.0328107112066341,0.28435949712416214,0.3571885120334889,0.13354555711159097,0.36234442222740654,-0.546132262471633
14,19,266,1,0,0,1,247,1.3571428571428572,0.000247874649951007,1.9646325925589724e-05,-4.706718655437827,200,10,0.03759398496240601,2.2098146787919135e-05,2.2961355646822226e-05,2.193594644139496e-05,9.811922993955845e-06,5.2018902883577245e-05,-4.639002474612306
14,7,98,0,0,1,0,91,0.5,0.028732414171972556,0.0787168176797718,-1.1039324716403713,200,70,0.7142857142857143,0.011477923846209529,0.04017273346173335,0.03794569557474618,0.00024263452253702573,0.10475423226025503,-1.3960686166885754
13,12,156,0,2,0,1,936,0.9230769230769231,-0.0006196639599854607,0.00016297875300353145,-3.7878690094290075,200,0,0.0,0.00015246645360345252,0.00015246645360345252,0.0001407910961923918,0.00010353912869278389,0.0003525087744684396,-3.8168257013503943
13,10,130,1,1,1,1,130,0.7692307692307693,0.0012787250262667968,5.174442248529819e-05,-4.286136455811173,200,18,0.13846153846153847,5.279059473105693e-05,6.127479745569108e-05,5.984621040201247e-05,3.093239469023831e-05,0.0001386717811532252,-4.212718115637224
14,4,56,1,1,0,1,56,0.2857142857142857,0.0007895737810193521,4.6250784079072766e-05,-4.3348809003665,200,13,0.23214285714285715,2.7515662965753584e-05,3.5834351769353503e-05,3.128710936131801e-05,1.153281756894291e-05,0.00011966380609896774,-4.44570044735571
13,3,39,0,1,1,0,39,0.23076923076923078,-0.00010917712431958875,0.0003324005285835589,-3.478338294271981,200,1,0.02564102564102564,0.00038620647831845103,0.0003963698066952524,0.00029423291801417115,0.00015179668605715975,0.0011582672781570785,-3.401899435127883
13,18,234,1,2,1,1,1404,1.3846153846153846,3.1225022567582527e-19,1.9098871618904616e-34,-18.0,200,91,0.3888888888888889,9.779911312866627e-05,0.000160034912392363,0.00017347289593543463,2.699588484106863e-06,0.0006206486198132517,-3.795785263560495
13,16,208,1,1,0,1,208,1.2307692307692308,0.0004816205626158032,4.6003137419656004e-05,-4.337212548371046,200,8,0.038461538461538464,5.5349636788693636e-05,5.756362226024138e-05,5.415882772887548e-05,2.497258686343911e-05,0.00014002843315793595,-4.239851885372362
14,19,266,1,0,1,0,247,1.3571428571428572,-0.0020599193249908367,0.0011602446607587836,-2.935450421450913,200,112,0.42105263157894735,7.006982954349864e-05,0.00012102970557513399,5.960969330640006e-05,6.329116706546926e-06,0.0011602446607587836,-3.917108023204014
14,15,210,1,0,0,0,195,1.0714285714285714,0.015245942186366985,0.05051807881630989,-1.2965531738597853,200,142,0.6761904761904762,0.007545701804092004,0.023302902630284127,0.013439063537049281,1.7787193488511493e-05,0.09587569978310592,-1.6325899794975156
14,1,14,0,0,0,1,13,0.07142857142857142,0.00017420942015249034,2.2980367959828568e-05,-4.638643021703272,200,0,0.0,5.0517976973985196e-05,5.0517976973985196e-05,3.396414355462715e-05,4.279499843705627e-06,0.00017480580409046442,-4.2965540493800995
13,15,195,0,2,0,0,1170,1.1538461538461537,-0.0002709392732044028,0.0001412865247777945,-3.849899257073701,200,12,0.06153846153846154,0.00013126881857664885,0.0001398766099587242,0.00013572517601288402,9.095546269248772e-05,0.0002967502011726105,-3.8542549017707164
13,17,221,0,0,0,1,204,1.3076923076923077,0.00131305623987795,0.00022960877885053605,-3.6390115111631807,200,0,0.0,0.0002003554916635445,0.0002003554916635445,0.00018459906656269942,9.359482415126183e-05,0.0004301149629092787,-3.698198749230844
14,12,168,0,1,0,0,168,0.8571428571428571,0.012939390107433002,0.018971543188700774,-1.7218973411683323,200,49,0.2916666666666667,0.003598572214868747,0.005080337244520584,0.0022083215954259382,1.2140063591088762e-05,0.024792450228050003,-2.294107457288336
13,2,26,0,1,0,0,26,0.15384615384615385,0.036245607429871436,0.3012623520876539,-0.5210551375007847,200,22,0.8461538461538461,0.02983625732066723,0.193935672584337,0.18578378523772143,0.06642835436082556,0.3377467655010796,-0.7123422993194044
13,11,143,0,0,1,0,132,0.8461538461538461,0.007795852756187909,0.016229182221232027,-1.7897033634611537,200,77,0.5384615384615384,0.0037637544294035134,0.008154801263707613,0.008248004221467688,5.353207220333229e-07,0.03157432677927327,-2.08858661845287
13,14,182,1,1,1,0,182,1.0769230769230769,0.0006208287367593534,6.016195623311107e-05,-4.220678050617332,200,11,0.06043956043956044,6.0232699278517356e-05,6.410731736076115e-05,6.075022960331296e-05,3.162454465208181e-05,0.00013756233772051844,-4.193092396252979
14,7,98,1,1,0,0,98,0.5,0.02975831434250951,0.0511414219159179,-1.291227201189386,200,80,0.8163265306122449,0.00751450431210449,0.0409123012547911,0.030536498360193613,0.007527445232970775,0.11191878212811739,-1.3881460914097488
13,6,78,0,2,1,1,468,0.46153846153846156,8.863428298202537e-18,3.287976580100043e-33,-18.0,200,57,0.7307692307692307,0.015364152710123756,0.057066852923316806,0.0486451339681955,0.0007410462278312273,0.1367861024287571,-1.2436160769117635
14,6,84,0,1,0,1,84,0.42857142857142855,0.0006890486821349834,0.00010415756593670145,-3.9823091777064783,200,0,0.0,0.0001105165923819679,0.0001105165923819679,0.00010356100910296817,5.0971293074105386e-05,0.00034095451540056205,-3.956572514386389
14,12,168,0,0,0,0,156,0.8571428571428571,-0.005186133648157393,0.13209337736496415,-0.8791189556326375,200,90,0.5357142857142857,0.018345389013713888,0.03951314556799913,0.022219064017039006,2.9604719386367798e-08,0.17293299958025252,-1.4032583955666789
14,8,112,1,2,0,1,728,0.5714285714285714,0.0007235400616484147,0.0002931353400035101,-3.5329318204448383,200,19,0.16964285714285715,0.00026351815647634406,0.0003173551991973176,0.00011562301143326273,2.3512641192824324e-05,0.002566222927483637,-3.4984543822902827
13,17,221,0,0,0,0,204,1.3076923076923077,0.045180225678126504,0.07967480129374659,-1.0986790109685942,200,78,0.35294117647058826,0.017899928182100466,0.027663525372337086,0.009332064808955307,1.2036782377509238e-07,0.1520027223829937,-1.5580924752682166
14,9,126,0,2,0,1,819,0.6428571428571429,-0.000678837153520398,9.028103621776338e-05,-4.044403464868156,200,0,0.0,0.0001174382917431066,0.0001174382917431066,0.00010404922281021205,8.309120791404235e-05,0.00026278835805036065,-3.930190274627751
14,20,280,1,2,1,1,1820,1.4285714285714286,-4.155204826050696e-19,1.7127300277813424e-34,-18.0,200,99,0.3535714285714286,0.0001655179197991359,0.00025604982068374617,5.947875299780683e-05,7.571184509837347e-07,0.0031228917504324827,-3.591675523973646
13,19,247,0,1,0,0,247,1.4615384615384615,-0.0072448011604745784,0.004159169087814457,-2.3809934233686425,200,42,0.1700404858299595,0.0014554653747637651,0.0017536582808129271,0.0012114267115303499,1.4807998134876862e-05,0.007289306630948185,-2.75605502967904
14,14,196,0,0,0,1,182,1.0,-0.0005480754673049922,0.00010368320034957771,-3.984291606065391,200,0,0.0,0.00010500817620860062,0.00010500817620860062,9.494280343102352e-05,5.004338961339656e-05,0.0002950147057062553,-3.9787768843202134
14,1,14,0,1,0,1,14,0.07142857142857142,0.0006519033792427867,8.131450426224779e-05,-4.08983198135267,200,0,0.0,4.4747246065701876e-05,4.4747246065701876e-05,4.047591637973214e-05,1.1299863607668259e-05,8.425904882279418e-05,-4.349233687840191
13,9,117,0,0,1,1,108,0.6923076923076923,-0.0006490970105102298,0.00012965074057970632,-3.887224998148303,200,6,0.05128205128205128,0.00014505421538488103,0.0001528949837840638,0.00014496871181350732,0.00010472808497806822,0.00030940392461319274,-3.815606762793287
13,7,91,1,0,0,1,84,0.5384615384615384,0.0005814282706872281,2.5222966328577395e-05,-4.598203839873276,200,8,0.08791208791208792,3.0394542519166653e-05,3.332413697884536e-05,2.6871794527228075e-05,1.0958874475388615e-05,9.955307368801623e-05,-4.477241089031238
14,20,280,1,2,0,1,1820,1.4285714285714286,-8.548569632205217e-06,3.296121667540424e-05,-4.481996765856534,200,22,0.07857142857142857,3.031806240211063e-05,3.2903323537174326e-05,3.231139247353961e-05,1.2872030769162781e-05,8.710714201664758e-05,-4.4827602321121915
14,1,14,0,0,1,0,13,0.07142857142857142,0.03563638973228808,0.4947268914253815,-0.30563448243905106,200,13,0.9285714285714286,0.03533763510181297,0.4947268914253815,0.4947268914253815,0.4947268914253815,0.4947268914253815,-0.30563448243905106
13,14,182,0,0,1,1,168,1.0769230769230769,0.00016645879089430979,0.00012950024564849658,-3.887729407770487,200,6,0.03296703296703297,0.00012574772474394243,0.00013003457899657685,0.0001244048462790887,9.400634992262684e-05,0.0003026338402123667,-3.8859411440739944
14,15,210,1,0,1,1,195,1.0714285714285714,0.0002672952030491132,2.7016658232507014e-05,-4.568368371114755,200,27,0.12857142857142856,2.701956815335482e-05,3.1006061815325205e-05,3.0469190135321196e-05,1.0973621966789257e-05,6.721653864790125e-05,-4.50855339146941
14,11,154,1,0,1,1,143,0.7857142857142857,-0.0005294653115136934,2.8846993836531193e-05,-4.539899438252807,200,20,0.12987012987012986,2.8342163822692968e-05,3.2572337527572514e-05,3.1345399239320686e-05,1.5212398188261717e-05,7.619938179924784e-05,-4.487151073522982
13,15,195,0,0,1,0,180,1.1538461538461537,0.010720834884070518,0.003965114757503958,-2.4017442389064,200,78,0.4,0.0011713756155848178,0.0019522926926413629,0.001918660432622391,9.976399339052015e-09,0.007423082112436033,-2.7094550712646774
13,14,182,0,1,1,1,182,1.0769230769230769,-0.0005207478005187955,0.00011394771625344432,-3.943294374550882,200,7,0.038461538461538464,0.0001224045836653327,0.000127300767011946,0.00012298275949191434,9.313811245585543e-05,0.0002868667704546094,-3.8951689796295166
13,8,104,1,0,1,0,96,0.6153846153846154,-0.009705364400843831,0.02763576148185141,-1.5585285642716433,200,71,0.6826923076923077,0.0031289147677768933,0.00986082229844839,0.007932770073703235,5.49876473744254e-05,0.03511427570486306,-2.0060868675346497
13,14,182,0,1,1,0,182,1.0769230769230769,5.416218195477943e-05,0.00011459351650372266,-3.9408399532788394,200,1,0.005494505494505495,0.00012942249448671367,0.0001301375358927176,0.0001237266324944549,9.295837677560551e-05,0.00027203672915245073,-3.8855974207336135
14,3,42,0,1,0,1,42,0.21428571428571427,0.0009191652910998316,7.017107883318563e-05,-4.153841846434021,200,0,0.0,0.0001159919856937843,0.0001159919856937843,0.00010624240879596274,3.818592074192246e-05,0.0002738574553404554,-3.9355720167145085
14,11,154,1,1,0,0,154,0.7857142857142857,-0.017343992015319786,0.0269092804294354,-1.5700979153801995,200,101,0.6558441558441559,0.006063429825863853,0.01761826779590629,0.016779329771129062,2.7409309158359765e-05,0.06528907146743299,-1.754036793066997
14,8,112,0,2,0,0,728,0.5714285714285714,0.008742995668337233,0.003680859766656415,-2.434050727983221,200,13,0.11607142857142858,0.0005841252124032069,0.0006608285231228199,0.0002689690922156033,0.00011859480581346702,0.008138112201030997,-3.179911219974136
14,4,56,1,2,1,1,364,0.2857142857142857,-1.411875174064936e-17,2.0821141016164215e-32,-18.0,200,48,0.8571428571428571,0.019418643646494704,0.13593050552546293,0.13734325668998293,0.03221766393447675,0.23477539842155984,-0.8666830679572486
13,2,26,1,2,1,1,156,0.15384615384615385,-4.5872993611533675e-18,7.529356846302506e-33,-18.0,200,24,0.9230769230769231,0.019644533057355695,0.25537892974562404,0.25537892974562404,0.21759874163157178,0.29315911785967635,-0.5928149374276949
13,8,104,0,2,1,0,624,0.6153846153846154,0.004152493624646728,0.0024907201336347258,-2.6036750686282626,200,12,0.11538461538461539,0.00048682841061139213,0.0005503277685172259,0.00021303741472767463,0.00015006189849475817,0.005605589251516731,-3.2593785729429023
13,5,65,0,2,1,0,390,0.38461538461538464,-0.0037628984222151207,0.02698600688110559,-1.5688613732352243,200,12,0.18461538461538463,0.002715058272068399,0.0033297884468763386,0.00027030839782563764,0.00017298442299528677,0.0395179910039918,-2.4775833578668895
13,9,117,1,2,0,0,702,0.6923076923076923,0.012698449070885074,0.008022870339987385,-2.095670226504102,200,31,0.26495726495726496,0.0008005123841543445,0.001089069173791376,0.00036963398257433647,8.414854573841761e-05,0.01287338713311039,-2.9629445345309167
13,2,26,0,2,1,1,156,0.15384615384615385,-2.152404939189257e-17,3.978337046397528e-32,-18.0,200,23,0.8846153846153846,0.0323463374515364,0.28033492457998216,0.3529719301595605,0.12486356717209146,0.3631692764082944,-0.552322793757621
13,20,260,0,0,1,0,240,1.5384615384615385,-0.00029828300545578653,0.0006242819331203697,-3.2046192334807966,200,78,0.3,0.0002296467538389333,0.0003280667911984761,0.0003732744767008831,2.5253209900595057e-08,0.0011340241474645486,-3.4840377291664875
13,7,91,0,1,1,1,91,0.5384615384615384,0.0011842240756731125,0.00015662031882478182,-3.8051518962943476,200,7,0.07692307692307693,0.00013184937299997037,0.0001428368207499679,0.00013192704522507789,0.00010452995732395243,0.00029228935774129475,-3.845159824862002
14,12,168,1,1,1,0,168,0.8571428571428571,0.00025280329930865985,3.0949230735323295e-05,-4.509350141201413,200,13,0.07738095238095238,2.9374914519366946e-05,3.183861702744288e-05,3.0251006935363744e-05,1.8640330024715534e-05,6.955678197331143e-05,-4.497045804954296
14,3,42,0,2,0,1,273,0.21428571428571427,0.0004942984997086157,0.00017573936310200133,-3.7551309518609415,200,0,0.0,0.0005125146530857291,0.0005125146530857291,0.00037533327365514617,0.00014230401305046248,0.0014113636766832657,-3.2902937133682033
13,4,52,1,1,1,0,52,0.3076923076923077,1.435962251456764e-05,5.765714845389014e-05,-4.239146840292658,200,10,0.19230769230769232,6.762323254397693e-05,8.372400219730477e-05,7.347288989144045e-05,4.737659068640228e-05,0.00021697642729190514,-4.0771500195753365
13,17,221,0,2,1,1,1326,1.3076923076923077,-1.2083433212350946e-18,3.2622829359181047e-34,-18.0,200,78,0.35294117647058826,0.0005905363473160901,0.0009126470822157757,0.0010007331638980082,1.7026336583322137e-08,0.003466910966597875,-3.0396971303265974
14,4,56,0,0,0,0,52,0.2857142857142857,-0.042054290492083445,0.25077217519501743,-0.6007206529675063,200,46,0.8214285714285714,0.02511789310185819,0.14066020137040586,0.12652082470208387,0.005553822388958206,0.2547928157628075,-0.8518287651822921
13,15,195,1,1,0,1,195,1.1538461538461537,-0.000564090401369455,5.458839388466451e-05,-4.262899683442506,200,13,0.06666666666666667,4.6687035273975136e-05,5.002182350783049e-05,4.905268441454605e-05,2.1084406987106163e-05,0.00011317128090686002,-4.300840480439312
13,10,130,1,1,1,1,130,0.7692307692307693,-0.0004924170913261584,5.745323650809093e-05,-4.240685501213936,200,20,0.15384615384615385,5.424299115912779e-05,6.410535318806011e-05,6.045616261756608e-05,3.242186036051062e-05,0.00013425524532987621,-4.193105702728259
14,1,14,1,0,1,0,13,0.07142857142857142,0.045177114572985004,0.5014244886662081,-0.299794459701905,200,13,0.9285714285714286,0.035816034904729156,0.5014244886662081,0.5014244886662081,0.5014244886662081,0.5014244886662081,-0.299794459701905
13,16,208,1,2,0,0,1248,1.2307692307692308,-0.002665813246017666,0.014298604544360296,-1.8447063449304573,200,47,0.22596153846153846,0.0004957139144600117,0.0006404254298613815,6.815753450800617e-05,2.6112154005260025e-05,0.01802074375801149,-3.1935314315478607
13,4,52,0,0,1,0,48,0.3076923076923077,0.06852958675771063,0.2270686764570418,-0.6438427714610709,200,42,0.8076923076923077,0.023940483640406258,0.12449051493011254,0.12944777717601372,0.015255407405037084,0.2270686764570418,-0.9048637366841977
14,10,140,1,0,1,1,130,0.7142857142857143,-0.0004090125386851018,2.9248038506874256e-05,-4.533903254170005,200,14,0.1,2.9860158208039214e-05,3.3177953564488016e-05,3.152920202047238e-05,1.922464667343985e-05,6.990786585138619e-05,-4.479150405022308
13,4,52,0,2,0,0,312,0.3076923076923077,0.00850625298685424,0.07475656446771253,-1.1263506653857476,200,12,0.23076923076923078,0.005988854117334967,0.007785510352535457,0.001446889056234529,0.0009141390712162668,0.07475656446771253,-2.1087129134715474
13,17,221,1,1,0,0,221,1.3076923076923077,1.3592869682581831e-05,0.008952555764739776,-2.0480529651227233,200,84,0.38009049773755654,0.0022258951164943874,0.0035906775236880266,0.0017826866802627085,5.868435043737285e-06,0.022897254640660076,-2.4448235968153162
13,12,156,0,2,0,0,936,0.9230769230769231,-0.0034778463397051617,0.0003879214448444233,-3.4112562113250138,200,12,0.07692307692307693,0.0001834156023626493,0.00019870023589287008,0.00017726905917218871,0.00011514769126497816,0.001225320108368678,-3.701801617304322
14,6,84,0,1,1,1,84,0.42857142857142855,0.0008174990081668813,7.242826531212515e-05,-4.140091916212973,200,7,0.08333333333333333,7.3815364161154e-05,8.052585181216801e-05,7.548388803670982e-05,5.231187596648685e-05,0.00016062039387159193,-4.094064672464588
13,20,260,1,1,1,1,260,1.5384615384615385,0.0006922584052556798,5.403699714878628e-05,-4.26730879284665,200,17,0.06538461538461539,5.7362071238164975e-05,6.137505564577323e-05,5.9824526897902765e-05,2.8296544716505126e-05,0.00014076200533022997,-4.212008101115146
14,15,210,1,1,1,0,210,1.0714285714285714,-9.341082634326037e-05,3.085805475920317e-05,-4.510631454616717,200,9,0.04285714285714286,3.068128026950407e-05,3.2055068938287835e-05,3.086212072435864e-05,2.2766403192574805e-05,7.35769382301091e-05,-4.494103284776637
13,8,104,0,1,0,1,104,0.6153846153846154,0.0004553646203527553,0.00014925787677021318,-3.8260627406168615,200,0,0.0,0.00017685763516060244,0.00017685763516060244,0.00016549960758818042,9.794419587963378e-05,0.0003957197636665424,-3.7523761864201024
14,13,182,0,0,1,0,169,0.9285714285714286,0.008317881836355998,0.00743911644204826,-2.128478643369419,200,91,0.5,0.001981136928809611,0.003962273857619222,0.00451622456449013,5.962474364535767e-08,0.016953306624893524,-2.402055510942198
13,15,195,0,0,0,0,180,1.1538461538461537,0.015982619494542095,0.08526466835914379,-1.0692308928111947,200,78,0.4,0.01754100914541784,0.02923501524236307,0.012317511961251058,2.5308031584539208e-08,0.14096154281040973,-1.5340966753969916
14,18,252,1,0,1,0,234,1.2857142857142858,0.0008514735651647953,0.00014633507520987128,-3.834651564890756,200,119,0.4722222222222222,6.012492546150407e-05,0.00011392091140074457,9.372834079115726e-05,3.77735347729977e-06,0.000533001328852638,-3.9433965492099325
14,9,126,0,0,1,0,117,0.6428571428571429,-0.006548957896637303,0.031668678083274025,-1.4993700646079287,200,81,0.6428571428571429,0.0064639702024724,0.01809911656692272,0.020043659108474957,6.905766480034136e-06,0.04943794474686812,-1.742342622891814
13,6,78,0,0,1,0,72,0.46153846153846156,-0.012589129610652896,0.08119547289404767,-1.090468184452711,200,57,0.7307692307692307,0.014590061686142958,0.05419165769138813,0.04945423087253992,0.0015130702104829436,0.1363102334607722,-1.2660675639680226
13,7,91,1,2,0,1,546,0.5384615384615384,-0.001218692318700914,0.00019903970486980966,-3.701060280947817,200,18,0.1978021978021978,0.0004138973840602041,0.0005159542732805284,0.00035654848789080386,5.376146368335988e-05,0.0021098803584883234,-3.287388786244721
13,14,182,1,0,0,1,168,1.0769230769230769,0.001092697829382829,6.441183960472359e-05,-4.191034297199135,200,10,0.054945054945054944,4.429893638817381e-05,4.6874455945625777e-05,4.371045751388665e-05,1.7470992685582546e-05,0.00010974091361983082,-4.329063759929479
14,10,140,1,2,1,1,910,0.7142857142857143,-2.547604054797814e-18,7.265135634619562e-34,-18.0,200,91,0.65,0.0004301486579862132,0.0012289961656748948,0.001270459850337517,0.00023799257213156553,0.002455764025381873,-2.9104494720597076
13,15,195,0,0,0,0,180,1.1538461538461537,-0.039607374085763876,0.0945908425598367,-1.0241509060742655,200,78,0.4,0.018406334488679437,0.030677224147799068,0.013916103620672072,8.460016429564585e-08,0.1448516561938973,-1.5131839404151617
13,14,182,0,2,1,0,1092,1.0769230769230769,-0.0020953658446535295,0.0002125041601816037,-3.6726325633725927,200,12,0.06593406593406594,0.00013259742458606843,0.00014195724279214385,0.00013008029239655524,9.386354014681124e-05,0.0012295171786619458,-3.8478424444595967
13,17,221,0,0,1,1,204,1.3076923076923077,1.836434810683919e-05,0.00012271426605457624,-3.9111049457601137,200,6,0.027149321266968326,0.0001239759942105945,0.00012743578939786691,0.00012271426605457624,8.42431089113224e-05,0.00028507392115525684,-3.8947085864809488
14,13,182,1,1,0,0,182,0.9285714285714286,0.006218684966038206,0.08776524576004986,-1.0566774267214363,200,155,0.8516483516483516,0.005095406498348892,0.0343468141740555,0.020315317688061052,0.0002615199615855135,0.10659855338490809,-1.4641135395591045
13,19,247,1,2,1,1,1482,1.4615384615384615,-1.6707555478001623e-18,1.835154967477613e-34,-18.0,200,94,0.3805668016194332,4.9571630887943074e-05,8.002740411321529e-05,7.904106921909671e-05,2.5710662819448476e-05,0.00019427256185195873,-4.09676127029323
13,4,52,0,0,0,1,48,0.3076923076923077,0.0008753763173054104,0.00014466433828490854,-3.8396385151483057,200,0,0.0,0.00020761451272924137,0.00020761451272924137,0.0001862398699578553,7.989114173688106e-05,0.00043455238381680776,-3.6827422915849874
14,3,42,1,2,0,1,273,0.21428571428571427,0.00048675867411497055,0.000154457061102654,-3.811192232860608,200,12,0.2857142857142857,0.0006349525210251258,0.000888933529435176,0.0004815373539866101,1.6310902608378113e-05,0.003106160869371151,-3.0511307124592455
14,13,182,1,0,1,0,169,0.9285714285714286,-0.001912336425482089,0.0005549074158867769,-3.2557794711541446,200,99,0.5439560439560439,0.00026117232778541367,0.000572691128396931,0.0002769265881524381,8.40072042169306e-06,0.003285575988640476,-3.242079544524354
14,17,238,0,0,0,1,221,1.2142857142857142,0.0002228176885238354,0.00010144293037237835,-3.9937782138573317,200,0,0.0,9.04545518144834e-05,9.04545518144834e-05,8.691207654042956e-05,5.330386906102421e-05,0.00019623659993785333,-4.043569573876877
14,13,182,1,0,0,0,169,0.9285714285714286,0.011722365461215866,0.0740952144398205,-1.1302098407317904,200,127,0.6978021978021978,0.00781744416874855,0.02586863343113156,0.015867494596191276,5.1315926340092875e-05,0.09889077082747603,-1.5872265132623797
14,15,210,0,1,1,0,210,1.0714285714285714,-0.00010966859507406013,6.998255923164628e-05,-4.155010179603058,200,1,0.004761904761904762,6.380450433874118e-05,6.410978904849593e-05,6.006700614331527e-05,4.7654814051949515e-05,0.00013273601626235203,-4.193075652148009
13,13,169,0,2,1,1,1014,1.0,2.3690495095166076e-18,3.47063310625134e-34,-18.0,200,78,0.46153846153846156,0.0021446888073108628,0.003982993499291603,0.003998244953694546,3.933721151522324e-08,0.012597362464760764,-2.399790402409173
14,13,182,0,0,0,0,169,0.9285714285714286,-0.009678112376431632,0.08626155341954264,-1.0641827252364287,200,91,0.5,0.016698790417090076,0.03339758083418015,0.013936914045824261,1.0131864553777295e-09,0.1632589810769386,-1.4762849903266644
13,18,234,1,1,0,1,234,1.3846153846153846,-0.000708240426971593,4.862164157094142e-05,-4.313170382531629,200,18,0.07692307692307693,5.5120503645284915e-05,5.971387894905867e-05,5.74314831868199e-05,2.3581771656191202e-05,0.00013314292682770366,-4.223924716601582
14,9,126,0,2,1,1,819,0.6428571428571429,-1.6534083130403942e-19,1.4409259521478808e-33,-18.0,200,81,0.6428571428571429,0.006918797927187585,0.019372634196125234,0.020600309628398067,1.0988734201955123e-05,0.05303836102377927,-1.7128113220243582
13,9,117,1,0,0,0,108,0.6923076923076923,0.022847671155472135,0.0662736458543536,-1.1786591372876654,200,100,0.8547008547008547,0.01035368277592535,0.07125769910489799,0.0373587317363854,0.0005953244355258087,0.20551093890307887,-1.1471682050298966
13,2,26,0,0,0,0,24,0.15384615384615385,-0.08613628270109577,0.3753084141706634,-0.42561169887781586,200,23,0.8846153846153846,0.03404091819955729,0.29502129106282987,0.3753084141706634,0.1160604709723677,0.3936949880454585,-0.5301466407762798
14,11,154,1,0,1,0,143,0.7857142857142857,-0.004108519719070184,0.0021488991433982925,-2.6677839672416694,200,93,0.6038961038961039,0.0014792291683700986,0.0037344474086720516,0.0013553347201917055,5.015132446471856e-06,0.024805268141634397,-2.4277736522473052
13,11,143,0,2,1,1,858,0.8461538461538461,3.8924890871303016e-18,4.280076848127614e-34,-18.0,200,77,0.5384615384615384,0.0040815346877400805,0.008843325156770172,0.0096629728228683,6.484472222116348e-07,0.02656149991729998,-2.0533844062870394
13,12,156,0,1,0,0,156,0.9230769230769231,-0.008423133369572566,0.0130408169662575,-1.8846952005654771,200,42,0.2692307692307692,0.003782768831421057,0.00517642050615513,0.002964784379010709,2.333090215051216e-05,0.017909984944315307,-2.2859704510246583
13,12,156,1,0,0,1,144,0.9230769230769231,0.00021562949234553698,3.6810613950487016e-05,-4.434026939057405,200,8,0.05128205128205128,4.315231502265166e-05,4.548487259144364e-05,4.217289290881083e-05,1.3138517824618859e-05,0.00011305368643599236,-4.342133017462179
13,14,182,0,1,0,1,182,1.0769230769230769,-0.00035484554605075226,0.00016460640571559643,-3.7835532680739017,200,0,0.0,0.00017696383147840737,0.00017696383147840737,0.00016716625866850042,0.00010162180892408387,0.0003867472738238047,-3.7521154872791254
14,16,224,1,0,0,1,208,1.1428571428571428,0.00012443363189595922,2.1571960280853584e-05,-4.666110388023315,200,19,0.08482142857142858,2.029998729230003e-05,2.218144952914735e-05,2.1225267621363568e-05,8.790840416067693e-06,5.036373222192375e-05,-4.65401007667467
14,19,266,1,1,1,1,266,1.3571428571428572,3.382504571395502e-05,2.968404895906381e-05,-4.527476860783639,200,18,0.06766917293233082,2.9243413522624825e-05,3.136591934281534e-05,3.079754424055323e-05,2.2294564900207687e-05,7.177181307631679e-05,-4.503541978661946
13,3,39,0,2,0,0,234,0.23076923076923078,0.016050566260624326,0.14036849174314797,-0.8527303665492761,200,12,0.3076923076923077,0.011830819981168536,0.017088962195021217,0.003774324682763484,0.0009571930357723548,0.14036849174314797,-1.7672843109867586
14,2,28,0,2,1,1,182,0.14285714285714285,2.0460852869944214e-17,9.415336904854022e-32,-18.0,200,25,0.8928571428571429,0.02957430962291033,0.2760268898138298,0.34058333577769306,0.12788366792527575,0.3596136657385205,-0.5590486080473822
14,14,196,1,2,1,1,1274,1.0,-9.855397747893235e-19,1.4862812480598135e-34,-18.0,200,98,0.5,0.0004303061997674077,0.0008606123995348154,0.000864695068228319,1.4243110006474932e-07,0.002738136504036049,-3.0651924009785914
13,15,195,0,2,1,1,1170,1.1538461538461537,-8.254844290761509e-19,2.928448670303939e-34,-18.0,200,78,0.4,0.0011638017521672585,0.0019396695869454308,0.0020873755236892454,7.719855674537395e-08,0.007032169020996014,-2.7122722436716384
14,18,252,1,1,1,1,252,1.2857142857142858,-0.00016411629171714668,2.946249003058452e-05,-4.53073055142266,200,18,0.07142857142857142,2.8571365903781285e-05,3.076916328099523e-05,3.0476733277683102e-05,1.3399130661491379e-05,7.617537632051385e-05,-4.511884313547388
14,19,266,0,1,0,0,266,1.3571428571428572,-0.004181121295149699,0.004315303857016499,-2.3649886185398676,200,49,0.18421052631578946,0.0012143262145580113,0.0014885289081678847,0.001023380289583895,9.300989829802582e-06,0.00626024714769508,-2.827242726663287
14,19,266,0,1,1,1,266,1.3571428571428572,0.00022180317170173613,5.69778415240053e-05,-4.244294007044059,200,7,0.02631578947368421,6.117295607229462e-05,6.282627920938367e-05,6.151205109597995e-05,4.6373097887668096e-05,0.0001306064310953586,-4.201858659951134
13,4,52,1,1,0,0,52,0.3076923076923077,-0.026096155054222577,0.05142017035293737,-1.2888664888907833,200,43,0.8269230769230769,0.01501752680834708,0.0867679326704498,0.04449759595558381,0.004987930182455712,0.322133104924305,-1.0616407499091671
13,1,13,0,1,0,1,13,0.07692307692307693,0.0018823038159366012,0.0003412277590634865,-3.466955645975451,200,0,0.0,0.00010805091264240023,0.00010805091264240023,6.940789149580832e-05,3.0955704230928364e-05,0.0003412277590634865,-3.966371560535627
14,8,112,0,1,0,1,112,0.5714285714285714,-0.00035985988947062077,8.54231506930269e-05,-4.068424414373007,200,0,0.0,9.895365515012611e-05,9.895365515012611e-05,9.232323804101278e-05,5.061722906842226e-05,0.00018976807372007355,-4.004568159191672
14,4,56,0,2,0,0,364,0.2857142857142857,0.02401058706245832,0.07019940468335663,-1.1536665708307285,200,13,0.23214285714285715,0.005385997348506648,0.007014322128287728,0.0012374890104765968,0.0002368761245933373,0.07019940468335663,-2.154014293298343
13,11,143,1,2,0,1,858,0.8461538461538461,-0.0005997695395000091,9.55748257444186e-05,-4.019656485130085,200,17,0.11888111888111888,8.883221437241989e-05,0.00010081751313695274,8.740571606832172e-05,3.3813708483838955e-05,0.00035432399396777997,-3.9964640194967487
13,16,208,1,2,1,1,1248,1.2307692307692308,-9.156087346640085e-19,1.8051296179643546e-34,-18.0,200,85,0.40865384615384615,0.00011275011122535315,0.00019066685475506873,0.0002061616647144204,4.114964401845308e-06,0.00044596481612551567,-3.719724797505057
14,8,112,0,0,1,1,104,0.5714285714285714,0.0012897449838234604,6.969898435220958e-05,-4.1567735503588725,200,7,0.0625,8.415274542304949e-05,8.97629284512528e-05,8.182686128309409e-05,6.18927618910743e-05,0.0001990740597786907,-4.046902987310358
14,9,126,1,0,0,1,117,0.6428571428571429,-0.0002488082819973364,1.883703311421268e-05,-4.724987498761395,200,15,0.11904761904761904,1.593923639518318e-05,1.8093187259397127e-05,1.597676960712576e-05,2.849187373707829e-06,6.773615984662501e-05,-4.742484921960437
13,7,91,1,0,0,0,84,0.5384615384615384,0.0,0.0,-18.0,200,88,0.967032967032967,0.01007912807154078,0.30573355150340364,0.3915507025452609,0.12540387420340227,0.4002460777615478,-0.5146568987510858
14,6,84,0,0,0,1,78,0.42857142857142855,3.3979618762875025e-05,0.00013685524404605687,-3.863738556553962,200,0,0.0,0.00011731326151314074,0.00011731326151314074,0.00010391978916775647,4.5823091591677166e-05,0.0005093065181339114,-3.930652890898668
13,16,208,0,1,0,0,208,1.2307692307692308,0.01121500221065798,0.008692291322545813,-2.060865726707942,200,42,0.20192307692307693,0.0020427551940074575,0.002559596869599706,0.0017014186552167273,2.7324287737491424e-05,0.009385559742538926,-2.5918284296470335
14,20,280,0,0,1,1,260,1.4285714285714286,-0.00036723239260986486,5.976056440088238e-05,-4.223585309535507,200,7,0.025,6.068333856687111e-05,6.223932160704729e-05,6.068517308153994e-05,4.4379777497048016e-05,0.00013669693449356332,-4.2059351496932
14,14,196,1,1,1,0,196,1.0,0.0006669817030931354,3.119263929985277e-05,-4.505947876770022,200,12,0.061224489795918366,2.8700286549077587e-05,3.057204436749569e-05,2.9789219933853284e-05,1.5412187827205816e-05,6.335482055830711e-05,-4.514675518819349
13,19,247,1,1,1,0,247,1.4615384615384615,-5.219887882711833e-05,4.743706642880956e-05,-4.32388217616094,200,8,0.032388663967611336,6.04422894125739e-05,6.246546227994038e-05,6.051601578271192e-05,3.6351613121869245e-05,0.0001326704129167918,-4.204360041650589
14,17,238,1,2,0,1,1547,1.2142857142857142,-0.000163186698027198,4.013900105509375e-05,-4.396433440061262,200,10,0.04201680672268908,3.135938772597117e-05,3.273479946833833e-05,3.099258302261894e-05,1.54365817958814e-05,8.234053139558151e-05,-4.484990315199014
13,11,143,0,1,1,0,143,0.8461538461538461,0.0009112178629933617,0.00014624982426646293,-3.83490464709297,200,1,0.006993006993006993,0.00013155696645876825,0.00013248342396904124,0.00012375119999467172,8.88597611964336e-05,0.00027134579486227136,-3.8778384562865114
14,9,126,0,0,1,0,117,0.6428571428571429,0.004933811641600639,0.029818472240033325,-1.5255146115443314,200,81,0.6428571428571429,0.006240556850439502,0.017473559181230607,0.017240466271556606,2.044590448215899e-05,0.05679136546419327,-1.7576186247633165
13,4,52,0,0,0,0,48,0.3076923076923077,0.020332362989551465,0.26874403867417934,-0.5706611605633076,200,42,0.8076923076923077,0.02653221654169141,0.13796752601679532,0.12082445352063342,0.006369426363670237,0.26874403867417934,-0.8602231232462526
13,20,260,0,2,1,0,1560,1.5384615384615385,-0.0004865745775437408,0.00012832218777689112,-3.8916982446698563,200,12,0.046153846153846156,0.00011680899629210701,0.0001224610444997896,0.00012072031496076137,7.727882706355982e-05,0.0002535055459292581,-3.9120020406820886
13,17,221,1,1,1,0,221,1.3076923076923077,-0.0005500143407651896,6.289901612620944e-05,-4.2013561477868455,200,6,0.027149321266968326,6.131059605552345e-05,6.302158943381712e-05,6.0721540156698236e-05,4.561444741729382e-05,0.00015824116137060196,-4.200510647914932
14,6,84,0,1,0,1,84,0.42857142857142855,0.0004014787549346014,6.435744579091007e-05,-4.191401200448172,200,0,0.0,8.898468653033738e-05,8.898468653033738e-05,8.28311370521712e-05,4.253332366949091e-05,0.00021233387841122894,-4.050684725125773
14,5,70,0,2,1,1,455,0.35714285714285715,5.956324694974934e-18,2.511309381011736e-32,-18.0,200,55,0.7857142857142857,0.017817078970129508,0.08314636852727104,0.07710205302513494,0.007680660657631962,0.18883931256765554,-1.0801567141294641
13,13,169,0,1,1,1,169,1.0,-0.0005596849391183736,0.00012482920820845202,-3.9036837842081358,200,7,0.04142011834319527,0.00012157133563081786,0.00012682441803461863,0.0001217827553396917,8.306626618427446e-05,0.0002837642441448947,-3.896797121874218
14,8,112,0,0,0,0,104,0.5714285714285714,-0.023406857069563247,0.17130193710421618,-0.7662377259491695,200,76,0.6785714285714286,0.02109682441731982,0.06563456485388389,0.046623278935804854,3.052593692671585e-06,0.2037003208324707,-1.182867389710619
13,9,117,0,2,1,1,702,0.6923076923076923,-7.467611869583363e-19,1.1778414512202167e-33,-18.0,200,72,0.6153846153846154,0.007260712332805374,0.01887785206529397,0.017920872221164934,2.4563088014381467e-05,0.05398938479953935,-1.7240474215452417
14,2,28,0,1,0,1,28,0.14285714285714285,0.0006788437468818545,0.00015311669665927675,-3.814977448938464,200,0,0.0,0.00014558033646950628,0.00014558033646950628,9.214245616048486e-05,2.7560095459128043e-05,0.0006751352088563313,-3.836897281200831
13,17,221,1,1,0,1,221,1.3076923076923077,0.0007467194803105074,6.004436036704567e-05,-4.2215277772118025,200,19,0.08597285067873303,5.2720560099649715e-05,5.767942466347815e-05,5.477110821808374e-05,2.509123892497279e-05,0.00013928486069080388,-4.238979080235972
13,3,39,0,1,1,1,39,0.23076923076923078,0.001145141255973132,0.0004951546740223066,-3.305259117063335,200,7,0.1794871794871795,0.0006532214029549367,0.000796113584851329,0.0008226073655159232,0.00022796309252821117,0.0015805669412555816,-3.0990249652334545
14,16,224,0,1,0,1,224,1.1428571428571428,0.00039662180878513196,7.95167839091492e-05,-4.099541193484424,200,0,0.0,9.139354735843849e-05,9.139354735843849e-05,8.578598419779683e-05,5.3220879536525604e-05,0.00019630735073949965,-4.0390844655960185
13,14,182,0,0,0,1,168,1.0769230769230769,5.0687398463472834e-05,0.00018679450346033424,-3.7286359072920456,200,0,0.0,0.00017777122573098833,0.00017777122573098833,0.00016201901738386237,8.089643312240955e-05,0.00042947149937726974,-3.7501385331157935
13,12,156,0,2,1,0,936,0.9230769230769231,0.0009038016028107885,0.0005029875380296685,-3.2984427748486325,200,12,0.07692307692307693,0.00015305316879816124,0.00016580759953134137,0.00014200948974985413,0.00010314088217464326,0.0006723671717933376,-3.7803955681229566
14,5,70,1,1,1,1,70,0.35714285714285715,-0.0006553235609071528,5.205836427944572e-05,-4.283509481935024,200,20,0.2857142857142857,3.9628850519425634e-05,5.5480390727195875e-05,4.661769999791434e-05,1.5218386041326427e-05,0.00021496219435620037,-4.255860489017866
14,13,182,0,0,1,0,169,0.9285714285714286,-0.006623841901888563,0.00855352197283587,-2.0678550246380842,200,91,0.5,0.0019860919540228865,0.003972183908045773,0.00450692178002637,2.1432450944207145e-08,0.015440140920365103,-2.4009706523215524
14,19,266,0,2,0,1,1729,1.3571428571428572,0.0001105845416898496,6.656864072277878e-05,-4.176730310896061,200,0,0.0,6.446546086089148e-05,6.446546086089148e-05,6.134119072802587e-05,4.58719455640629e-05,0.00015015432443821346,-4.19067290823574
14,20,280,1,2,1,1,1820,1.4285714285714286,2.3418766925686897e-19,1.878863667797828e-34,-18.0,200,108,0.38571428571428573,2.1284534870670336e-05,3.464924281271915e-05,3.4496216282101945e-05,1.1880171413505743e-05,7.468080289080408e-05,-4.460306251552922
14,6,84,1,0,1,1,78,0.42857142857142855,-0.00032659513390272024,2.0977860859895873e-05,-4.678238799465062,200,15,0.17857142857142858,3.101415800520023e-05,3.775636626720028e-05,3.603765486797435e-05,1.264521504107398e-05,8.498108129226058e-05,-4.4230098095551424
13,16,208,1,0,0,0,192,1.2307692307692308,-0.003852755172038643,0.033088401469966784,-1.4803242134851096,200,133,0.6394230769230769,0.006357879111474383,0.01763251806915562,0.010320589056847136,1.3522338465066482e-05,0.06032882833724666,-1.7536856624341302
14,3,42,0,1,1,1,42,0.21428571428571427,-0.0017616619426360828,0.0003680274508341443,-3.434119786486359,200,7,0.16666666666666666,0.00031197246391504374,0.0003743669566980525,0.00033839965700762406,0.00010707190862541805,0.0008006210954611349,-3.426702491015668
13,7,91,1,2,0,1,546,0.5384615384615384,0.0022742442877221798,0.0006481107261873524,-3.1883507909439617,200,9,0.0989010989010989,0.00044106251322577285,0.0004894718134578699,0.00019083926361237915,2.0700926640314097e-05,0.004376162553722595,-3.310272312261588
13,13,169,0,2,0,1,1014,1.0,0.00024916634746668926,0.00014353107164148186,-3.8430540725765714,200,0,0.0,0.00014582242260425832,0.00014582242260425832,0.0001367762397843076,0.00010213992644707263,0.0003177312274299275,-3.8361756909386835
13,4,52,1,2,1,0,312,0.3076923076923077,0.0,0.0,-18.0,200,50,0.9615384615384616,0.00940547119891158,0.24454225117170109,0.24454225117170109,0.21768658987001252,0.2713979124733897,-0.6116460941458627
13,5,65,1,0,1,1,60,0.38461538461538464,0.0003753609665675759,2.5541473352112825e-05,-4.592754054205069,200,13,0.2,5.500354007575328e-05,6.87544250946916e-05,6.22984791673851e-05,1.7736282924726898e-05,0.00014512118708491788,-4.1626993450269945
14,1,14,0,1,1,0,14,0.07142857142857142,-4.326335034806237e-19,6.850259247650646e-35,-18.0,200,1,0.07142857142857142,0.000116235877889816,0.0001251770992659557,8.904729822706892e-05,3.0489732084937582e-05,0.0004240214285914054,-3.9024751165899216
14,8,112,0,2,1,0,728,0.5714285714285714,-0.003694479932589635,0.003310019585598867,-2.480169436468285,200,13,0.11607142857142858,0.00036239060593186797,0.0004099772511552445,0.0001056527501965956,6.582840611595947e-05,0.006525661100686906,-3.3872402407725684
14,18,252,0,0,0,1,234,1.2857142857142858,-0.00016839413751320808,0.00012605490665963667,-3.8994402448409176,200,0,0.0,9.858279113885268e-05,9.858279113885268e-05,9.23940479955763e-05,3.817577878083634e-05,0.00033644391505602766,-4.006198889984887
14,3,42,0,2,1,1,273,0.21428571428571427,1.0705737941472801e-17,6.52278488521178e-32,-18.0,200,36,0.8571428571428571,0.02789994171162362,0.19529959198136534,0.19019124062700332,0.0415353806494062,0.3170776034642933,-0.7092986640363989
14,19,266,1,2,0,1,1729,1.3571428571428572,0.0002820270386886696,2.5209200386477152e-05,-4.5984409295416455,200,12,0.045112781954887216,3.068319927573721e-05,3.213279924152007e-05,3.078521031782893e-05,1.5564557039863053e-05,7.221527746037278e-05,-4.493051439335141
14,15,210,0,0,1,1,195,1.0714285714285714,-0.0005928199843364961,6.535468676173323e-05,-4.184723262532194,200,7,0.03333333333333333,6.231293095561563e-05,6.446165271270582e-05,6.203322957085907e-05,4.662644667684525e-05,0.00013543328698645727,-4.190698563936825
13,11,143,0,0,1,1,132,0.8461538461538461,-0.0008541536215163759,0.00014572924804416782,-3.8364532760308125,200,6,0.04195804195804196,0.00013091269937380966,0.00013664610226609328,0.00013304631923114006,8.633295767524455e-05,0.0002834106321616663,-3.8644027517391204
13,1,13,1,1,1,1,13,0.07692307692307693,2.047013418072437e-18,1.512685825272001e-33,-18.0,200,8,0.6153846153846154,0.013412013351680114,0.0348712347143683,0.03413469904644915,0.029824409785132303,0.04381425335943611,-1.4575326749313533
14,18,252,1,0,1,1,234,1.2857142857142858,-0.0004079899083662171,2.7492848174944633e-05,-4.5607802662464625,200,14,0.05555555555555555,2.9522376916125758e-05,3.125898732295668e-05,3.0468058857188194e-05,1.097772021091146e-05,6.881161912238785e-05,-4.505025095644271
14,7,98,1,0,0,0,91,0.5,0.0011542370283950153,0.20064906566826216,-0.6975628582379559,200,92,0.9387755102040817,0.0077632168752290705,0.12679920896207483,0.15043570697987918,0.0227381950852616,0.20321265966988453,-0.8968834557955911
14,3,42,0,1,1,1,42,0.21428571428571427,-0.0001936033994664222,0.00027595827575282333,-3.5591565772831095,200,7,0.16666666666666666,0.00026895167790783384,0.00032274201348940056,0.00027109253383420293,9.358147813149433e-05,0.0009829208886930384,-3.4911444958946887
14,12,168,1,1,0,0,168,0.8571428571428571,0.003707537813985109,0.03224236145403869,-1.491573157657867,200,104,0.6190476190476191,0.0051454996681437925,0.013506936628877458,0.0062516815223333366,3.063419047627061e-05,0.052728643102130206,-1.8694431377308178
14,20,280,0,1,1,1,280,1.4285714285714286,0.0005538835074043749,5.504620213650089e-05,-4.2592726394180875,200,7,0.025,6.081836530456492e-05,6.237781056878453e-05,6.082872446404596e-05,4.265999306586196e-05,0.00012815230367314227,-4.204969872839255
13,1,13,0,1,1,0,13,0.07692307692307693,-6.814412823198038e-20,9.90291838374933e-35,-18.0,200,1,0.07692307692307693,0.0001972786869178505,0.00021371857749433805,0.00017226361605905064,5.627041339197039e-05,0.00042578315712584017,-3.670157725133037
13,6,78,1,1,0,1,78,0.46153846153846156,-0.00016410145686545375,3.813655508455078e-05,-4.418658539799208,200,14,0.1794871794871795,3.426129587382973e-05,4.1755954346229995e-05,3.422105361068276e-05,7.882849771551631e-06,0.00015513097741277681,-4.379281585921064
13,10,130,1,0,1,1,120,0.7692307692307693,0.0010843032527450252,6.518603601054984e-05,-4.185845427781522,200,21,0.16153846153846155,5.518514826017682e-05,6.581714930112831e-05,6.318750491093461e-05,3.04675035105587e-05,0.00014083068538192314,-4.181660931971765
14,17,238,0,2,1,0,1547,1.2142857142857142,-0.00016803046480422473,6.580591185180291e-05,-4.181735088615772,200,13,0.0546218487394958,5.986053949000935e-05,6.3319148438321e-05,6.217542212625976e-05,4.425018290813056e-05,0.00014961560256990518,-4.198464934476533
13,12,156,1,2,0,0,936,0.9230769230769231,0.006446738251966373,0.02506126747742673,-1.6009969682767304,200,50,0.32051282051282054,0.0007319053380248159,0.0010771437050176534,0.00010316693855368609,3.296731950919125e-05,0.02506126747742673,-2.9677263522889916
14,16,224,0,2,1,0,1456,1.1428571428571428,0.0005934055488506753,8.002594631262301e-05,-4.096769181589698,200,13,0.05803571428571429,6.000057704612025e-05,6.36972950631798e-05,6.264598991777797e-05,4.413341233236089e-05,0.00013910796664095038,-4.195879009800874
13,20,260,1,2,1,1,1560,1.5384615384615385,-9.587057710203072e-19,1.8301837482360565e-34,-18.0,200,85,0.3269230769230769,5.127927767825922e-05,7.61863554076994e-05,8.046640151729557e-05,3.0269029264221773e-06,0.00018548020109147162,-4.118122801649247
13,19,247,1,1,1,1,247,1.4615384615384615,-0.0005845794022548623,5.3303462895472246e-05,-4.273244575822537,200,24,0.09716599190283401,5.435156529550211e-05,6.020106111205839e-05,6.0015804250072586e-05,1.3935059275636472e-05,0.00012368042973740854,-4.220395853741341
14,10,140,1,1,0,0,140,0.7142857142857143,-0.02675178416988146,0.0531384334139702,-1.2745912532696817,200,95,0.6785714285714286,0.0052130733615585465,0.01621845045818214,0.007180899996785061,4.998333292697402e-05,0.07145614445111992,-1.7899906414693618
14,16,224,1,2,1,0,1456,1.1428571428571428,-0.0004879126262234671,3.111511999930168e-05,-4.507028519765995,200,47,0.20982142857142858,5.650871518210104e-05,7.1513854241755e-05,2.9330072583222126e-05,1.2635224905394632e-05,0.0011773217695332599,-4.145609815011592
14,14,196,0,0,1,1,182,1.0,-0.0001494585300345253,5.858394786450098e-05,-4.2322213653618785,200,7,0.03571428571428571,6.323206947188004e-05,6.557399797083855e-05,6.304239845493525e-05,5.017642439778874e-05,0.00014664364915151562,-4.183268337093849
14,14,196,0,0,0,1,182,1.0,-0.00014359003800212545,9.230348148740736e-05,-4.034781918017913,200,0,0.0,9.099925862104033e-05,9.099925862104033e-05,8.64463159041811e-05,4.492919982046898e-05,0.0001715438774408595,-4.040962145899816
13,15,195,1,1,1,1,195,1.1538461538461537,0.0005019681508346425,6.37365286909545e-05,-4.195611593379017,200,17,0.08717948717948718,5.7334799037755974e-05,6.281059445147424e-05,6.024958829429155e-05,3.270516129639307e-05,0.00013885819936293716,-4.20196709633047
14,20,280,0,1,1,1,280,1.4285714285714286,-0.0009463275906833324,6.755697596717409e-05,-4.170329798860692,200,7,0.025,6.149196998173629e-05,6.306868716075516e-05,6.150794905102473e-05,4.318575797328965e-05,0.000138052778167312,-4.20018620919653
14,18,252,1,0,0,1,234,1.2857142857142858,0.0006015164597227908,1.708636153483658e-05,-4.7673504085241865,200,13,0.051587301587301584,2.8021123007378722e-05,2.9545284509872126e-05,2.8087295711971315e-05,1.3134157273441119e-05,7.311593028384694e-05,-4.52951182357321
13,15,195,0,2,1,1,1170,1.1538461538461537,-1.0186079410501314e-18,3.874461879790325e-34,-18.0,200,78,0.4,0.0012930583492642997,0.002155097248773833,0.00204806557249089,1.3687319096597865e-07,0.007113536860248982,-2.6665331275204585
14,2,28,1,1,1,1,28,0.14285714285714285,-6.333350049915129e-19,1.6239441095685993e-34,-18.0,200,18,0.6428571428571429,0.0003233737617908467,0.0009054465330143709,0.0007714483585825648,0.0003860842531106728,0.0016489211860262816,-3.0431371898583675
13,8,104,1,0,1,1,96,0.6153846153846154,9.307186527944146e-05,5.1316068329958975e-05,-4.289746625251385,200,15,0.14423076923076922,5.074420109408894e-05,5.929659453691292e-05,5.589173807611785e-05,1.8784191728054198e-05,0.00012239199303113016,-4.226970247888616
13,17,221,0,1,1,1,221,1.3076923076923077,-0.00020370083093374574,0.0001337097053346253,-3.8738370682780534,200,7,0.03167420814479638,0.00012099707964263352,0.00012495492804215892,0.00011968589620851418,9.366035735160311e-05,0.00028707964251113905,-3.9032466112517206
14,19,266,1,1,0,0,266,1.3571428571428572,-0.012334610281775302,0.011006517222661312,-1.9583500825052584,200,85,0.31954887218045114,0.0021944917674709134,0.0032250541997086357,0.0008543206812592487,4.76554521635054e-06,0.020262252776300286,-2.4914629822886862
14,19,266,1,2,0,0,1729,1.3571428571428572,0.0008179991331481967,5.9114862946992344e-05,-4.228303312954026,200,37,0.13909774436090225,5.836091114312459e-05,6.779040333655521e-05,3.629307774215361e-05,8.196744831748594e-06,0.001528475701953019,-4.168831782135414
13,2,26,1,1,1,0,26,0.15384615384615385,-2.039342455921657e-19,4.371849435909155e-35,-18.0,200,8,0.3076923076923077,7.685135544509751e-05,0.00011100751342069641,8.326657824904733e-05,8.457248527513043e-06,0.0002398717854918427,-3.9546476254771386
13,12,156,1,0,0,0,144,0.9230769230769231,0.02315903343225158,0.08071872856035896,-1.0930256874992055,200,106,0.6794871794871795,0.009426703862708807,0.02941131605165148,0.01939935238532366,7.889839645609655e-05,0.12021338746376338,-1.5314855419267135
14,20,280,1,2,1,1,1820,1.4285714285714286,3.310204757869806e-19,1.927494204796e-34,-18.0,200,105,0.375,3.1795481419380065e-05,5.0872770271008107e-05,4.833339614244583e-05,3.4151029854727234e-06,0.00014918956765804406,-4.29351461226733
14,17,238,0,1,1,1,238,1.2142857142857142,-0.00022499421376657183,5.695625694096169e-05,-4.244458559457225,200,7,0.029411764705882353,6.048117389714605e-05,6.231393674251412e-05,6.102053946812685e-05,4.160883493941422e-05,0.00012820997737560884,-4.2054148109095255
13,2,26,0,1,0,0,26,0.15384615384615385,-0.005346236903346897,0.33188433450417937,-0.47901324653371447,200,22,0.8461538461538461,0.029348945098187744,0.19076814313822033,0.1905569397880137,0.05007435847267448,0.33188433450417937,-0.7194941475271548
14,20,280,0,0,0,0,260,1.4285714285714286,0.003115049220474502,0.06788613730816305,-1.1682189017906994,200,91,0.325,0.014751921189867725,0.021854698059063298,0.008410640493118644,9.507874663281442e-08,0.13079068815006767,-1.6604551892744663
14,2,28,0,1,1,0,28,0.14285714285714285,1.8314122869058855e-19,6.215761742205693e-34,-18.0,200,1,0.03571428571428571,0.00017958746558217079,0.00018623885319632525,0.0001635660517183771,5.182847913338149e-05,0.00038079267289175503,-3.7299297112787086
13,20,260,1,1,1,0,260,1.5384615384615385,0.00014513344024201242,6.3209947959755e-05,-4.199214567223266,200,11,0.04230769230769231,5.9781801875916446e-05,6.242276501099709e-05,6.077923387411051e-05,4.135187105333792e-05,0.00013557770428838226,-4.2046569982079705
14,15,210,0,0,1,1,195,1.0714285714285714,0.00018206441446056232,6.363202084315228e-05,-4.196324284101611,200,7,0.03333333333333333,6.258081649368935e-05,6.473877568312692e-05,6.229785248011869e-05,4.5006621588439095e-05,0.00014640440685648187,-4.1888355180797205
14,20,280,1,2,0,1,1820,1.4285714285714286,-0.00021168626920858928,3.448099892460762e-05,-4.462420161027116,200,19,0.06785714285714285,3.0229895184050467e-05,3.243053889476679e-05,3.0162698929905295e-05,1.2300431044147374e-05,0.0001329612438483662,-4.489045834642506
13,7,91,0,0,1,0,84,0.5384615384615384,0.0033471377304426526,0.07381355837624003,-1.1318638578631994,200,63,0.6923076923076923,0.012830231861428364,0.04169825354964219,0.03815174430770231,0.0003223762377191014,0.11277136705553259,-1.3798821342261631
13,8,104,1,1,1,0,104,0.6153846153846154,-0.0002118562889030836,6.919395619925518e-05,-4.159931837681133,200,14,0.1346153846153846,5.632350524944915e-05,6.508493939936345e-05,6.133207210896863e-05,2.651963506195735e-05,0.0001333431401063077,-4.1865194951868405
14,12,168,1,0,0,1,156,0.8571428571428571,-0.00023933191512473902,2.1879772440500755e-05,-4.659957199173559,200,12,0.07142857142857142,2.303165958107348e-05,2.480332570269452e-05,2.293097190977449e-05,1.1397314623447674e-05,6.67669953709557e-05,-4.605490083790959
14,6,84,0,1,1,0,84,0.42857142857142855,-0.000625528250729898,8.650880892898386e-05,-4.0629396673968685,200,1,0.011904761904761904,8.129972184373758e-05,8.227923656474647e-05,7.25754327765583e-05,5.292715318103781e-05,0.000175969456449673,-4.0847097465988025
14,7,98,1,2,1,1,637,0.5,2.664327312511825e-18,2.6966873365856856e-32,-18.0,200,73,0.7448979591836735,0.008306326506477406,0.03256079990539143,0.010788046961282936,0.0004901892122524181,0.11630455083865004,-1.487304934549717
14,9,126,0,2,1,0,819,0.6428571428571429,-0.00023086176551369964,0.002621976032239584,-2.581371282559614,200,13,0.10317460317460317,0.0002324101530877705,0.00025914760432795643,8.795222718478546e-05,6.359091864328059e-05,0.0036996377087671574,-3.5864528016110913
14,18,252,1,1,1,1,252,1.2857142857142858,-0.00043728797569113386,2.7844245454949758e-05,-4.555264546464891,200,25,0.0992063492063492,2.73936473851118e-05,3.041056890329592e-05,3.033417486627055e-05,1.4704718965375411e-05,7.261907524993035e-05,-4.516975455250439
13,7,91,0,2,1,0,546,0.5384615384615384,-0.0027481845648826037,0.009770616885340012,-2.010078015458149,200,12,0.13186813186813187,0.0008223563895846014,0.0009472712842050473,0.0002118688659098043,0.0001426609558038033,0.011131983047946943,-3.023525627795956
13,10,130,1,2,1,0,780,0.7692307692307693,0.005861797849566428,0.013060217576255653,-1.8840495878863566,200,23,0.17692307692307693,0.000804797998844369,0.0009777919612127847,4.9794681186404726e-05,2.3100159675303933e-05,0.019494410405772974,-3.009753537552118
13,19,247,0,2,0,1,1482,1.4615384615384615,0.0006132557951944459,0.00012214846804722433,-3.913111975459346,200,0,0.0,0.00013080910024405683,0.00013080910024405683,0.00012351043679966365,9.222634257680749e-05,0.00031583524646206884,-3.883362041575207
14,14,196,1,2,1,0,1274,1.0,-0.0011150712529833001,0.00018572041151679973,-3.7311403627009025,200,21,0.10714285714285714,3.728113598466696e-05,4.1754872302827e-05,3.1628430444234234e-05,1.1016681285927964e-05,0.0003303277800635203,-4.379292840161933
13,9,117,0,0,1,1,108,0.6923076923076923,0.0005397183577068168,0.0001205369954604632,-3.9188796380813473,200,6,0.05128205128205128,0.0001387809441461031,0.00014628261680264918,0.00013841481679264438,0.00010135161945620393,0.00031300866896334634,-3.8348072793103003
13,16,208,0,1,0,1,208,1.2307692307692308,-0.0004339734234418244,0.00018438025347087885,-3.734285592327066,200,0,0.0,0.00019966101688277657,0.00019966101688277657,0.00018726150080671135,0.00010946862306646067,0.000478669748171648,-3.6997067213354398
14,19,266,0,0,1,1,247,1.3571428571428572,0.00046387576162259023,5.896175291782e-05,-4.2294296134933065,200,7,0.02631578947368421,6.14380939251109e-05,6.309858295011389e-05,6.121621968005769e-05,4.528924774133146e-05,0.0001407012391254628,-4.199980393907316
13,5,65,1,0,0,1,60,0.38461538461538464,-0.0003327385941525338,4.1719775324663844e-05,-4.379658039064333,200,11,0.16923076923076924,5.146549673735451e-05,6.194920903570448e-05,4.2602401876846305e-05,1.1907752656846785e-05,0.0003287781369036683,-4.207964234301992
13,18,234,0,0,0,0,216,1.3846153846153846,0.002447409365814097,0.06908153394412303,-1.160638027559821,200,78,0.3333333333333333,0.016740335593325426,0.02511050338998814,0.00997129735609889,3.222317712976924e-07,0.13415200998148985,-1.6001445809030574
13,11,143,1,2,1,0,858,0.8461538461538461,-0.0006087109877076352,0.008339698973285287,-2.0788496252136457,200,22,0.15384615384615385,0.0004299447924806839,0.0005081165729317173,5.35422786094841e-05,2.5205208610304666e-05,0.01125330070780835,-3.2940366397375813
13,3,39,1,1,0,0,39,0.23076923076923078,0.06408085317787,0.49074347883708297,-0.3091454627394434,200,37,0.9487179487179487,0.02516633224805554,0.490743478837083,0.490743478837083,0.49074347883708297,0.4907434788370831,-0.3091454627394434
14,5,70,0,2,1,1,455,0.35714285714285715,3.700707932226526e-18,2.040481126119934e-32,-18.0,200,55,0.7857142857142857,0.017953926890446493,0.08378499215541697,0.08397227714417149,0.005756519419965933,0.19358074319360236,-1.076833766665665
13,20,260,0,1,1,1,260,1.5384615384615385,-0.0007582631800731468,0.00013559126230892915,-3.8677682961126347,200,7,0.026923076923076925,0.00012100344571327326,0.00012435136713617015,0.00012145215779238344,8.027975031694571e-05,0.000271127011100092,-3.9053494356740543
14,11,154,1,2,0,1,1001,0.7857142857142857,-0.00031069774768434025,3.81423324630653e-05,-4.418592752693648,200,12,0.07792207792207792,4.358037160671789e-05,4.726321991151094e-05,4.295509651906429e-05,1.4068313236536752e-05,0.0001358503348542878,-4.325476694422521
13,7,91,0,1,0,0,91,0.5384615384615384,-0.013017408915434767,0.05783747519797152,-1.2377906737273856,200,42,0.46153846153846156,0.009532654397735547,0.017703501024366013,0.009961540797201442,1.1899874176269603e-06,0.06708557160780859,-1.7519408395585612
14,9,126,0,2,1,1,819,0.6428571428571429,-2.7161297299835295e-18,2.135455281705302e-33,-18.0,200,81,0.6428571428571429,0.00693308579103629,0.019412640214901612,0.020603064883883273,1.7250652448128892e-05,0.05557093305152645,-1.7119153944011503
13,12,156,1,1,0,1,156,0.9230769230769231,0.0003729903003813199,1.1708907469448595e-05,-4.9314836260314285,200,13,0.08333333333333333,4.5695511484778145e-05,4.9849648892485246e-05,4.7302415435914614e-05,1.1708907469448595e-05,0.00011985594068236624,-4.302337896220795
14,8,112,1,1,1,1,112,0.5714285714285714,9.320372158381066e-05,3.080360898901381e-05,-4.511398398038738,200,12,0.10714285714285714,2.836088918980357e-05,3.176419589258e-05,3.0437065137481082e-05,1.877618827964399e-05,6.366935314308806e-05,-4.4980621343106355
13,5,65,0,0,1,0,60,0.38461538461538464,0.008072230602931768,0.15473409667670923,-0.8104139761073149,200,50,0.7692307692307693,0.020346395133167303,0.08816771224372497,0.07882971428220531,0.004767265862991888,0.18495755767423464,-1.0546904280385792
13,12,156,0,1,0,0,156,0.9230769230769231,-0.003648181983291691,0.01533637753081376,-1.8142772091068406,200,42,0.2692307692307692,0.00378502548642199,0.0051795085603669345,0.003102478143115824,2.0839134896146497e-05,0.021707855927015473,-2.285711444819587
13,2,26,0,0,0,1,24,0.15384615384615385,-0.0006564958396690858,0.0003141555529797708,-3.5028552593376374,200,0,0.0,0.0002135294687431529,0.0002135294687431529,0.000157749171608347,5.995397438470891e-05,0.000802337429073969,-3.670542180454511
14,2,28,1,2,0,0,182,0.14285714285714285,-0.031846033308132175,0.27636742660222896,-0.5585131453808527,200,16,0.5714285714285714,0.017909293760338195,0.04178835210745579,0.00012562745380100465,4.32681059273205e-05,0.27636742660222896,-1.3789447545981666
13,8,104,0,2,0,1,624,0.6153846153846154,-0.0010004986616966483,0.00025201184828414444,-3.5985790404745615,200,0,0.0,0.00027079556305552365,0.00027079556305552365,0.00024255983661650377,0.00016991672575108408,0.0005882340991210621,-3.5673584557782108
14,6,84,1,2,1,1,546,0.42857142857142855,-3.338800590169111e-18,1.1400974540656636e-32,-18.0,200,65,0.7738095238095238,0.0026104034772812083,0.011540731162716922,0.012003260366810917,0.00042750459429274484,0.018826819889350078,-1.9377666755932637
13,12,156,0,0,0,0,144,0.9230769230769231,-0.0282113780157769,0.1129677697359706,-0.9470454452103487,200,78,0.5,0.019199042449046296,0.03839808489809259,0.01979321984682348,3.7141369035421465e-08,0.17520260197798376,-1.415690435500471
13,14,182,1,0,1,1,168,1.0769230769230769,-0.0005042693772464789,6.226667834624544e-05,-4.205744301363445,200,9,0.04945054945054945,5.9596693182005993e-05,6.269709918569416e-05,6.072407995182896e-05,3.311070397438142e-05,0.00013092604159942796,-4.202752552260025
14,5,70,1,0,1,0,65,0.35714285714285715,-0.022633844057240587,0.027592151825100754,-1.559214428939953,200,62,0.8857142857142857,0.007576506847236916,0.06629443491332301,0.026532056008220874,0.00570672324015706,0.15607110370804103,-1.178522926917626
13,8,104,1,0,1,0,96,0.6153846153846154,-0.0069142801677165465,0.03693047102312777,-1.4326151531819293,200,74,0.7115384615384616,0.0030088450307585125,0.010430662773296176,0.0030369230281228144,0.0008744289567757478,0.040527025862347,-1.9816880952512903
13,4,52,0,2,0,0,312,0.3076923076923077,-0.014350038342626477,0.07668850167150089,-1.1152697473282427,200,12,0.23076923076923078,0.0063350783272205,0.00823560182538665,0.0017689812728598452,0.0006360310485157513,0.07668850167150089,-2.0843046588021403
14,8,112,0,1,1,1,112,0.5714285714285714,-0.0008051612603264816,5.301538075290069e-05,-4.275598115171765,200,7,0.0625,6.244355793376108e-05,6.660646179601182e-05,6.327357109188453e-05,4.352580189753844e-05,0.00011900676355268609,-4.176483635901476
14,9,126,0,1,0,0,126,0.6428571428571429,0.005280023691546065,0.037675387073295104,-1.4239422770907662,200,49,0.3888888888888889,0.0063103140086915996,0.01032596837785898,0.00397047324174643,4.6038247674907874e-06,0.04250409671545974,-1.9860692092657843
14,11,154,0,0,1,0,143,0.7857142857142857,-0.008876206188375037,0.016164203627815166,-1.7914456871900761,200,88,0.5714285714285714,0.0036792608186459155,0.008584941910173803,0.00920625560263176,1.693411897007745e-06,0.024150259134616534,-2.0662626391374648
13,19,247,1,1,1,0,247,1.4615384615384615,0.00014794754964588759,5.869212515519679e-05,-4.2314201650397445,200,13,0.05263157894736842,6.0054600033800375e-05,6.339096670234483e-05,6.0953236647200836e-05,2.7530018260365814e-05,0.00015335326255221807,-4.197972625254483
14,20,280,1,0,1,0,260,1.4285714285714286,-0.0002850092978092205,0.00017573555109427788,-3.7551403723564163,200,124,0.44285714285714284,4.206424864205586e-05,7.549993346010026e-05,5.417054820628345e-05,3.327599412911452e-06,0.00038431332345152344,-4.1220534311247725
13,20,260,1,2,1,1,1560,1.5384615384615385,-1.2606560760575202e-18,2.0418269275511114e-34,-18.0,200,81,0.31153846153846154,4.263419250862461e-05,6.192676006839329e-05,6.242671791112497e-05,1.2414102797222457e-06,0.00016001047205992745,-4.208121641146998
14,13,182,1,2,1,1,1183,0.9285714285714286,-3.7811550765431965e-19,1.939688940459719e-34,-18.0,200,95,0.521978021978022,0.0007086689152973246,0.001482502788323139,0.0008147192240005707,5.0489479446851035e-06,0.009423500125113423,-2.8290044811325266
13,16,208,0,1,1,1,208,1.2307692307692308,0.00032435215635314465,0.0001096893124729936,-3.959835685644246,200,7,0.03365384615384615,0.00012080259586512185,0.00012500965144251414,0.00012016961293938257,8.409120553686736e-05,0.0002685939672476999,-3.903056455740616
14,8,112,1,0,0,1,104,0.5714285714285714,-0.00010227431711881774,6.9561390553510055e-06,-5.157631744902793,200,12,0.10714285714285714,1.7263768689958956e-05,1.9335420932754033e-05,1.6408821461863507e-05,5.704571684419143e-06,5.221977328278099e-05,-4.713646368882747
13,13,169,0,2,0,0,1014,1.0,0.0008423654722843927,0.00024385841810699592,-3.612862247764384,200,12,0.07100591715976332,0.0001711501658229225,0.0001842317071597064,0.00016061795425201876,0.00010947289752811262,0.0006503385447964548,-3.7346356235448877
14,11,154,0,2,0,0,1001,0.7857142857142857,-0.004423212297571263,0.0008453714527799134,-3.0729524218837283,200,13,0.08441558441558442,0.00014696224571465402,0.000160511956312459,0.00011349038368977575,6.896223163623081e-05,0.0010923738597808151,-3.794492612062058
14,10,140,1,0,0,1,130,0.7142857142857143,-0.00024790230458423325,1.6678191250997273e-05,-4.77785105035924,200,16,0.11428571428571428,2.033397377658532e-05,2.2957712328402783e-05,1.9579570209471325e-05,2.882989118331916e-06,6.897379785756408e-05,-4.6390713903442
14,3,42,1,1,1,0,42,0.21428571428571427,0.00044918384253500213,9.026662622711271e-06,-5.044472789270947,200,10,0.23809523809523808,1.0953889691720978e-05,1.4376980220383783e-05,1.277592927944637e-05,5.919686199823217e-07,5.3937415037208007e-05,-4.842332324756124
14,12,168,0,0,1,0,156,0.8571428571428571,0.006328101895903242,0.012622997226821371,-1.8988375131964161,200,90,0.5357142857142857,0.0026618056473373605,0.005733119855803545,0.006179678606972422,2.4876829480724434e-07,0.019643173866468525,-2.241608978830593
14,3,42,0,2,0,1,273,0.21428571428571427,0.0006689999965981962,0.00025046316256815206,-3.601256139935713,200,0,0.0,0.0006682752346281016,0.0006682752346281016,0.0004968232533252799,0.00021691918741143702,0.0015501134968040004,-3.1750446329413173
13,16,208,1,1,0,1,208,1.2307692307692308,3.9922629013070114e-05,4.634226795494089e-05,-4.334022715988123,200,27,0.12980769230769232,4.941519208248185e-05,5.678651907821119e-05,5.399575254037616e-05,2.1827018816820744e-05,0.00015324310011070034,-4.245754752050079
13,10,130,0,0,0,1,120,0.7692307692307693,0.001520293116082119,0.00022844749673729656,-3.6412135964576313,200,0,0.0,0.00018703123751806462,0.00018703123751806462,0.0001755750158890115,9.181620672508505e-05,0.000547899920367334,-3.72808585256106
14,12,168,0,2,1,1,1092,0.8571428571428571,1.5826641212857151e-18,4.7151996972937246e-34,-18.0,200,90,0.5357142857142857,0.0027280755000641467,0.005875854923215085,0.0065898195491787635,1.8171401401201887e-06,0.02164284204593197,-2.2309289356225834
13,1,13,1,0,0,1,12,0.07692307692307693,2.884401766778018e-18,3.1350999063605886e-34,-18.0,200,3,0.23076923076923078,0.0007647671099608497,0.0009941972429491047,0.0008877494036800453,0.00043356773222376257,0.0015770599400614976,-3.002527445555952
14,20,280,1,0,0,0,260,1.4285714285714286,-0.018010516674462317,0.03584066372860378,-1.44562395629225,200,155,0.5535714285714286,0.004456019231438565,0.009981483078422388,0.003230059306310988,1.2110246710219631e-08,0.05141511512672071,-2.000804925153301
13,1,13,0,2,0,1,78,0.07692307692307693,-0.0011232659638931142,0.00025501632297439945,-3.5934320205431782,200,0,0.0,0.0001885060775137709,0.0001885060775137709,0.00019380969500574976,6.364274509085852e-05,0.0002893695202280587,-3.7246746433990596
14,5,70,1,1,0,0,70,0.35714285714285715,0.0009152604081144422,0.07687957957400521,-1.11418900032896,200,53,0.7571428571428571,0.009022894814546814,0.037153096295192756,0.0361380238723517,0.0013224381019361826,0.10077353562767943,-1.4300049868056406
13,17,221,1,1,1,1,221,1.3076923076923077,-0.00016474029346426168,6.135946632738784e-05,-4.212118426309377,200,14,0.06334841628959276,5.755426456693118e-05,6.144682352314876e-05,6.0216680985412545e-05,2.7847176914724037e-05,0.0001312971351829622,-4.211500562932529
13,3,39,1,1,0,1,39,0.23076923076923078,0.000266983976381748,1.616378537195626e-05,-4.791456924895679,200,17,0.4358974358974359,4.758212966670097e-05,8.435013895460626e-05,2.999572369538093e-05,1.0800263855311933e-05,0.0004661371647932753,-4.073914197637167
14,1,14,1,1,0,0,14,0.07142857142857142,0.03145100805155402,0.4976909026174299,-0.30304029773128277,200,13,0.9285714285714286,0.035549350186959275,0.4976909026174299,0.4976909026174299,0.4976909026174299,0.4976909026174299,-0.30304029773128277
14,14,196,1,1,0,1,196,1.0,-0.00017712256376577591,2.8288718675187433e-05,-4.548386723271111,200,20,0.10204081632653061,2.4169177300209513e-05,2.691567472068787e-05,2.5932457648127583e-05,8.291706895328325e-06,7.18927537817788e-05,-4.569994728841095
13,8,104,0,2,0,0,624,0.6153846153846154,-0.0037273226338295933,0.004860391164658701,-2.3133287772775004,200,12,0.11538461538461539,0.0007572880592011188,0.0008560647625751776,0.0004702864369113352,0.00026880102835585227,0.006332743416949017,-3.067493379055185
14,17,238,0,2,0,0,1547,1.2142857142857142,-0.0009327529425154493,8.196690137096651e-05,-4.086361482418892,200,13,0.0546218487394958,6.281824655482481e-05,6.644774524465914e-05,6.52064655613224e-05,4.3727259995814066e-05,0.00017157415014895986,-4.177519751281315
14,1,14,1,0,1,1,13,0.07142857142857142,4.225150722546529e-18,9.575583690339935e-34,-18.0,200,9,0.6428571428571429,0.012353956232450997,0.03459107745086279,0.035704918267631267,0.029523862057677798,0.037379555763832416,-1.4610359102702137
13,5,65,0,1,1,1,65,0.38461538461538464,-0.00037149816933592083,0.00017855513274133255,-3.7482276610735608,200,7,0.1076923076923077,0.00018804225148122522,0.00021073700597033863,0.00019309657160231455,0.0001342678256425826,0.0004227193524681558,-3.6762591944463128
13,5,65,0,2,0,0,390,0.38461538461538464,-2.062300357339536e-05,0.03532208518326025,-1.451953666451963,200,12,0.18461538461538463,0.0036004284991489966,0.0044156198574468826,0.0014238903658029447,0.0006720524171901827,0.03542909699674795,-2.3550083222624285
13,9,117,0,0,0,1,108,0.6923076923076923,-0.0008717364097161191,0.00018863715182383613,-3.7243727694824975,200,0,0.0,0.00015417627334091033,0.00015417627334091033,0.00014378883909417272,6.324893571021019e-05,0.00037216636691421353,-3.811982456051343
13,4,52,0,1,1,1,52,0.3076923076923077,0.0006095661714784983,0.0001624297042563409,-3.7893345464312405,200,7,0.1346153846153846,0.00019639328882482273,0.00022694335597535074,0.00019839134551685446,0.00013962598900292417,0.0004428319457641341,-3.644082527199519
14,19,266,0,2,0,1,1729,1.3571428571428572,0.0009937909573816607,6.623179314069728e-05,-4.178933486828876,200,0,0.0,6.446721881575504e-05,6.446721881575504e-05,6.190847338940198e-05,4.506779462235304e-05,0.00013469067130176166,-4.19066106530967
14,17,238,1,2,1,1,1547,1.2142857142857142,1.3904892862126594e-19,1.4754839114735963e-34,-18.0,200,106,0.44537815126050423,6.118190481026797e-05,0.0001103128283700286,0.00011374709338492632,1.5160009189314581e-06,0.0003904761791697954,-3.957373980158561
13,13,169,0,1,0,1,169,1.0,-0.00011238547288093308,0.0001568941295855279,-3.804393305847783,200,0,0.0,0.00018251104469083383,0.00018251104469083383,0.00017250018278819085,0.00010320626196614534,0.00037596241790114086,-3.73871084899849
14,8,112,1,0,1,0,104,0.5714285714285714,-0.01491431327940816,0.029772756824141558,-1.5261809497644456,200,94,0.8392857142857143,0.002328726311117046,0.014489852602506063,0.006570917965406647,0.0007649349877457848,0.04667245122623639,-1.8389360323510373
13,14,182,1,0,1,1,168,1.0769230769230769,1.1593374226585434e-05,5.555575096395473e-05,-4.255270977539782,200,14,0.07692307692307693,5.822416238982454e-05,6.307617592230993e-05,5.9764201737321e-05,2.8891426691058424e-05,0.00014836393614630584,-4.200134644229969
14,17,238,0,2,1,1,1547,1.2142857142857142,-2.0664893407573713e-18,3.2701243560426414e-34,-18.0,200,91,0.38235294117647056,0.0005435473239748322,0.0008800290007211569,0.001034544131360476,1.858643874536701e-08,0.002731672411286816,-3.055503015752513
14,13,182,0,0,0,1,169,0.9285714285714286,0.00046373989327926123,6.696317748422942e-05,-4.174163946724382,200,0,0.0,7.575633668567494e-05,7.575633668567494e-05,7.208127557124726e-05,4.447371607647545e-05,0.00018260558494707457,-4.120581034475517
14,18,252,1,2,1,1,1638,1.2857142857142858,8.91078660511524e-19,1.8554837388450322e-34,-18.0,200,101,0.4007936507936508,5.764079379542897e-05,9.619523202945761e-05,0.00010263762750841215,7.311286978636102e-07,0.00033271908127995817,-4.0168464534779185
14,18,252,0,1,0,0,252,1.2857142857142858,0.0043173789677692495,0.004761307611820125,-2.322273759336154,200,49,0.19444444444444445,0.0015045449781827748,0.0018677110073993062,0.001194888663633163,9.609126227131612e-06,0.010468692935357021,-2.7286903216826204
14,11,154,1,1,0,0,154,0.7857142857142857,-0.0010274475517726206,0.037710164236624655,-1.4235415761357617,200,74,0.4805194805194805,0.005176658239440513,0.009965067110922989,0.0014531081290086517,3.702966208341199e-06,0.056369054477825385,-2.0015197721460942
13,15,195,1,2,0,1,1170,1.1538461538461537,-0.00020622729706501822,6.281381000825864e-05,-4.2019448634120495,200,8,0.041025641025641026,6.33777880434402e-05,6.608913726454993e-05,6.345716033650645e-05,2.5057331830025565e-05,0.0001557951006002958,-4.179869917424333
13,1,13,0,2,0,0,78,0.07692307692307693,-0.035539071486823524,0.525009579563853,-0.27983277218687297,200,12,0.9230769230769231,0.040385352274142534,0.525009579563853,0.525009579563853,0.525009579563853,0.525009579563853,-0.27983277218687297
14,15,210,0,1,0,1,210,1.0714285714285714,-0.000582130531730747,8.509253911482633e-05,-4.070108517040062,200,0,0.0,8.584267926519361e-05,8.584267926519361e-05,8.220181868836844e-05,4.526441319151618e-05,0.0002257928922983571,-4.066296735917101
14,5,70,1,0,0,0,65,0.35714285714285715,-0.010387825887571924,0.03297367383688868,-1.4818326622532612,200,63,0.9,0.010010701577156314,0.10010701577156314,0.03297367383688868,0.0325438970974742,0.30874593027197333,-0.9995354849172271
14,12,168,1,0,1,1,156,0.8571428571428571,-8.98881523009891e-05,3.402564168891934e-05,-4.468193675696151,200,17,0.10119047619047619,2.8560409225784726e-05,3.177581953597241e-05,3.113417960110931e-05,1.802311668063969e-05,6.627673117783086e-05,-4.497903239661108
13,11,143,0,1,1,0,143,0.8461538461538461,-0.00012594383212688215,0.00013452615381256982,-3.8711932743806448,200,1,0.006993006993006993,0.00013290353220904457,0.00013383947257671392,0.00012406851543481797,9.242103677549208e-05,0.0003263364402068117,-3.8734157834732925
13,18,234,1,0,0,1,216,1.3846153846153846,0.0006132871088215589,4.477004975030531e-05,-4.349012423010545,200,11,0.04700854700854701,5.312233062551284e-05,5.5742714647399115e-05,5.290957614911039e-05,2.1455101461877732e-05,0.00013646551594556028,-4.253811885144101
13,4,52,0,1,1,0,52,0.3076923076923077,0.0009589234413733377,0.0002295121579757949,-3.6391943035823036,200,1,0.019230769230769232,0.00019759430759322516,0.00020146870578132756,0.00017177207070251252,9.288965157957766e-05,0.00036925631810438397,-3.695792403428434
14,14,196,1,1,1,1,196,1.0,0.00030211888443938033,3.1570285765159695e-05,-4.500721486981071,200,21,0.10714285714285714,2.8000256763217512e-05,3.1360287574803615e-05,3.080802988394247e-05,2.2192458246355487e-05,6.347097393978386e-05,-4.503619963475555
14,3,42,0,0,0,1,39,0.21428571428571427,-9.359206717686641e-05,0.0002183247904036421,-3.660896948101061,200,0,0.0,0.0001181483096165797,0.0001181483096165797,0.0001131170681413482,5.1214932014151255e-05,0.00026118835169241383,-3.9275724875690083
14,3,42,0,1,1,1,42,0.21428571428571427,0.001827068370140772,0.00025582490284334277,-3.5920571821363394,200,7,0.16666666666666666,0.00022511910453943876,0.00027014292544732654,0.00021856514170076055,8.164912622510097e-05,0.0007397447584163217,-3.568406401359723
13,7,91,1,0,1,1,84,0.5384615384615384,0.00016120755182209078,6.438621960502983e-05,-4.1912070734771065,200,15,0.16483516483516483,5.539466588903562e-05,6.632782363029265e-05,5.975370037439477e-05,3.5120142541043756e-05,0.00014433410673063781,-4.1783042526769165
14,5,70,0,0,0,0,65,0.35714285714285715,-0.002480561970125673,0.1829364690510295,-0.7376997077067143,200,55,0.7857142857142857,0.023297249194176108,0.10872049623948853,0.10491473643426852,0.0013242167824464536,0.24343370106863113,-0.9636885739946596
14,9,126,0,0,0,1,117,0.6428571428571429,0.0006113963635201884,0.00012441099648300105,-3.90514123137492,200,0,0.0,0.00010649056180667015,0.00010649056180667015,9.763959602904546e-05,4.569985593687518e-05,0.00024038971285516713,-3.9726888817737964
13,3,39,0,1,1,1,39,0.23076923076923078,0.0010611059821681698,0.0002841957145307498,-3.546382475211083,200,7,0.1794871794871795,0.0005158718392390115,0.0006287188040725452,0.0005454373966566665,0.00015355672388582753,0.001585146654366053,-3.2015435503340526
13,10,130,1,0,1,1,120,0.7692307692307693,-0.00036918264164974236,6.0888619373975445e-05,-4.215463873294169,200,16,0.12307692307692308,5.351904218656664e-05,6.10304867039795e-05,5.7195347481569604e-05,2.4691939005558674e-05,0.0001216631462068735,-4.2144531666318095
14,15,210,0,0,0,0,195,1.0714285714285714,-0.011310756446879844,0.08301447602587525,-1.0808461689495172,200,91,0.43333333333333335,0.01668503333105883,0.029444176466574414,0.011384064978353257,4.074198064064678e-10,0.14451325192563852,-1.5310005880933037
14,10,140,1,2,0,0,910,0.7142857142857143,0.0073215278038990484,0.005018509801966015,-2.299425223265584,200,28,0.2,0.00032204398041117964,0.00040255497551397457,0.00011434869936094639,3.7169272994427976e-05,0.005018509801966015,-3.3951748011793823
14,20,280,1,0,0,0,260,1.4285714285714286,0.01896503750343959,0.023130716320762867,-1.6358109176255113,200,146,0.5214285714285715,0.004805747320182241,0.010041860072022592,0.004403133821721325,1.0144925007281249e-08,0.05387431959505306,-1.9981858345820511
13,15,195,1,2,1,1,1170,1.1538461538461537,-1.5815799191132296e-18,7.636416389315142e-34,-18.0,200,89,0.4564102564102564,0.0004552475753391482,0.0008374837470861688,0.0007834787618528907,1.2360402263541812e-06,0.0035485694256837713,-3.0770236124932464
14,10,140,1,0,1,0,130,0.7142857142857143,0.012152508424398132,0.02170208734441406,-1.663498492945755,200,108,0.7714285714285715,0.0011372379971658763,0.004975416237600709,0.0008210059457293372,3.977963451988712e-05,0.025349194299254446,-2.3031705808214826
14,9,126,1,0,0,1,117,0.6428571428571429,1.2828179171160623e-05,9.649744807294809e-06,-5.015484171656118,200,15,0.11904761904761904,1.6397008461468324e-05,1.86128204157208e-05,1.5176872882236243e-05,4.5233668667924955e-06,7.572405555135896e-05,-4.730187812888837
14,18,252,0,0,1,0,234,1.2857142857142858,0.0001985483382118218,0.0013763440766336565,-2.861272981868328,200,91,0.3611111111111111,0.00039570111772764267,0.0006193582712258756,0.0007062215150558031,4.394654819178916e-09,0.0019156847568656931,-3.2080580582411344
13,1,13,0,2,0,1,78,0.07692307692307693,-0.0009526136322141418,9.071017684846373e-05,-4.042343986355626,200,0,0.0,0.00016669454302841588,0.00016669454302841588,0.00010479311711590711,8.909263911186521e-06,0.00042838427711440095,-3.778078617157225
14,14,196,0,1,1,1,196,1.0,-0.0005345366764742351,7.189708585756722e-05,-4.143288712143214,200,7,0.03571428571428571,6.060336525058016e-05,6.284793433393499e-05,6.06916067045293e-05,4.6720974577966776e-05,0.0001290419366344018,-4.201708991997375
14,14,196,0,1,1,1,196,1.0,-0.00017263060815683468,6.248888774633795e-05,-4.204197205368226,200,7,0.03571428571428571,6.071160666345037e-05,6.29601846880226e-05,6.070827966773175e-05,4.4597048672441254e-05,0.0001419761622740224,-4.200934006683435
14,15,210,0,0,1,1,195,1.0714285714285714,0.00020036040804267198,6.362097030852526e-05,-4.196399711581614,200,7,0.03333333333333333,6.184362605313755e-05,6.397616488255611e-05,6.153172716163833e-05,4.549345888318662e-05,0.00015127688205335716,-4.193981797703999
14,12,168,1,1,0,0,168,0.8571428571428571,0.0033608074302730927,0.019332467071136193,-1.7137127208802134,200,93,0.5535714285714286,0.00430562783709869,0.009644606355101063,0.006092352550398212,4.485833204159684e-06,0.05956296514114391,-2.0157154934007306
14,8,112,0,1,0,0,112,0.5714285714285714,-0.002441380755289576,0.05482572639868596,-1.2610156055446284,200,49,0.4375,0.007265633107624145,0.012916681080220704,0.006275072003948997,9.651785110148258e-07,0.06269626237168008,-1.8888490632535793
14,19,266,0,2,1,0,1729,1.3571428571428572,0.0006896037603330457,6.41553472759436e-05,-4.192767139824476,200,13,0.04887218045112782,5.927760947022749e-05,6.23234945418202e-05,6.126462560011818e-05,4.669588715993666e-05,0.00012827631356263764,-4.205348203318802
13,13,169,0,2,1,1,1014,1.0,7.55959964765518e-19,3.4457316444563965e-34,-18.0,200,78,0.46153846153846156,0.002150804673197213,0.003994351535937682,0.00440848669663021,1.1656043688429929e-07,0.013280234393771777,-2.398553716280636
13,17,221,1,0,0,0,204,1.3076923076923077,0.008405347450845068,0.04061559060243766,-1.391307227188598,200,101,0.45701357466063347,0.006846881408497558,0.012609673260649667,0.0034401176258362365,6.361787200363e-08,0.07324625264493571,-1.899296166633525
13,16,208,1,0,0,1,192,1.2307692307692308,0.00030479344538660453,3.897773459772964e-05,-4.409183405862207,200,11,0.052884615384615384,5.048697044980953e-05,5.3306039865788745e-05,5.199244456486461e-05,2.0078654052106444e-05,0.00011770807376695217,-4.2732235802459755
13,4,52,1,0,1,1,48,0.3076923076923077,4.525724539086604e-05,0.00010418974136009347,-3.98217504005791,200,11,0.21153846153846154,8.851226916661584e-05,0.00011225946333326888,0.00010176891426876639,1.7564453680455355e-05,0.00030977475779324283,-3.9497770382962596
14,5,70,0,2,1,0,455,0.35714285714285715,-0.019247298779434496,0.028421347296013925,-1.5463553384650086,200,13,0.18571428571428572,0.002340481196068438,0.002874275153066503,0.00013899598139089319,7.92145780021575e-05,0.03239102951424558,-2.541471659396449
13,17,221,0,0,1,0,204,1.3076923076923077,-0.0008064072147303992,0.0013129263549575931,-2.8817596337982114,200,78,0.35294117647058826,0.0005674992075997609,0.0008770442299269034,0.0010066357623853199,5.764429190951968e-08,0.002956221328727909,-3.0569785043205906
13,9,117,0,0,1,1,108,0.6923076923076923,0.0006564482942612964,0.000128259709106965,-3.891909749397598,200,6,0.05128205128205128,0.0001408647870975457,0.00014847909991362926,0.00014002747513831469,0.00011098062398552402,0.00031699579903868893,-3.8283346738281288
14,16,224,1,0,0,0,208,1.1428571428571428,-0.020375733412145623,0.05052745684254792,-1.296472560203151,200,113,0.5044642857142857,0.00750714436272001,0.015149552587831367,0.0015132617796677283,9.781793312263483e-11,0.0822296643453717,-1.819600193003604
14,16,224,1,2,0,0,1456,1.1428571428571428,0.004307394310394972,0.009990311188483382,-2.0004209837123272,200,122,0.5446428571428571,0.00031910819666489517,0.0007007866279699659,7.180202857061919e-05,1.492463832001674e-05,0.014148006801135265,-3.1544141937324732
14,3,42,0,2,1,1,273,0.21428571428571427,-3.5439442128013606e-17,5.35562042132982e-32,-18.0,200,36,0.8571428571428571,0.0276525721265407,0.19356800488578488,0.20314193491068586,0.044008566356617755,0.31658875364977,-0.7131664262108622
14,14,196,0,2,1,0,1274,1.0,6.737187909932219e-05,8.513190911826181e-05,-4.069907627265097,200,13,0.0663265306122449,6.443846865821251e-05,6.901606479240246e-05,6.531835754960589e-05,4.59584794117269e-05,0.00018282660044164606,-4.161049807253565
13,1,13,0,1,1,0,13,0.07692307692307693,-1.673938362677421e-18,9.723058583365804e-35,-18.0,200,1,0.07692307692307693,0.0002522167945484739,0.00027323486076084673,0.00021597043462658942,9.0138128842443e-05,0.0007636096155959994,-3.5634638918491466
13,5,65,1,0,1,1,60,0.38461538461538464,-0.0007669081735183388,5.143681428599708e-05,-4.288725937067813,200,11,0.16923076923076924,5.325991968628728e-05,6.41091625853458e-05,5.4769057284718585e-05,3.144823878009158e-05,0.0001543562283662956,-4.19307989597446
13,18,234,0,2,0,1,1404,1.3846153846153846,-0.0001950933373237796,0.00012074561685717691,-3.9181286254567116,200,0,0.0,0.00012789076897461025,0.00012789076897461025,0.00012212919819994393,8.52234996161346e-05,0.000269299436170667,-3.8931608013232832
13,7,91,1,0,1,1,84,0.5384615384615384,-0.0002453735239051896,6.23306363400844e-05,-4.205298439326891,200,13,0.14285714285714285,5.339887165274941e-05,6.229868359487432e-05,5.923842764165725e-05,2.983489832744965e-05,0.00013148335083809341,-4.2055211301228885
13,12,156,1,0,1,1,144,0.9230769230769231,0.0003154509439092765,4.956317909263165e-05,-4.304840844787761,200,17,0.10897435897435898,5.691248001850492e-05,6.387299915745876e-05,6.0690751285120876e-05,2.8177371755249402e-05,0.00013881442827882212,-4.194682691060516
13,9,117,1,2,1,1,702,0.6923076923076923,-9.153376841208872e-19,1.0328006265944855e-33,-18.0,200,77,0.6581196581196581,0.002193949832171396,0.006417303259101334,0.003504136077045531,0.00010370823264292152,0.02174849419160288,-2.19264743699955
13,8,104,0,1,1,1,104,0.6153846153846154,-0.0006201429191052818,0.00014040710613420106,-3.852610911602415,200,7,0.0673076923076923,0.00012405539940084153,0.00013300785090399506,0.00012451771885438443,9.395865514415236e-05,0.0002846203068934334,-3.876122723667098
14,18,252,0,1,0,1,252,1.2857142857142858,-0.0013158266065355579,5.890024613484567e-05,-4.229882890360913,200,0,0.0,7.800611052284202e-05,7.800611052284202e-05,7.4319070944125e-05,4.341759044081521e-05,0.0001711799793425993,-4.107871375996582
14,4,56,1,2,1,0,364,0.2857142857142857,0.0,0.0,-18.0,200,54,0.9642857142857143,0.009349392708185852,0.26178299582920384,0.26178299582920384,0.23036749964980519,0.29319849200860243,-0.5820585665605958
14,18,252,1,2,0,1,1638,1.2857142857142858,0.000608559947284028,3.108858181769953e-05,-4.5073990889183815,200,9,0.03571428571428571,3.2769579759959005e-05,3.398326789921674e-05,3.2666293483299514e-05,1.393751715910141e-05,9.182800296295067e-05,-4.4687348608302155
13,2,26,1,1,1,0,26,0.15384615384615385,2.716911117877372e-19,9.552909502390711e-35,-18.0,200,14,0.5384615384615384,0.00010403496722949567,0.00022540909566390725,0.00019526156994284478,6.708102869816582e-05,0.0005468677833074017,-3.6470285633700175
14,8,112,1,2,0,1,728,0.5714285714285714,0.0007716391486184539,9.315883416480677e-05,-4.030775955076809,200,18,0.16071428571428573,0.00013074021318018546,0.00015577557315085927,9.195390716477291e-05,1.904358332057153e-05,0.0007916812817018493,-3.8075006421544235
14,3,42,0,0,0,0,39,0.21428571428571427,-0.06248260545573047,0.307036418280234,-0.5128101088221362,200,36,0.8571428571428571,0.02799288682738945,0.19595020779172614,0.21545824299711605,0.032716640745829466,0.307036418280234,-0.7078542716461889
13,17,221,1,1,0,1,221,1.3076923076923077,0.00032053882190742004,4.183990468496426e-05,-4.378409313501232,200,18,0.08144796380090498,4.734377173743684e-05,5.154174164518987e-05,4.913793686068236e-05,2.2503574157165386e-05,0.00013066285839049226,-4.2878409103075095
13,4,52,1,0,0,0,48,0.3076923076923077,1.617432706188136e-18,4.82828432364554e-34,-18.0,200,51,0.9807692307692307,0.00884621024216946,0.46000293259281194,0.46000293259281194,0.46000293259281194,0.46000293259281194,-0.33723939961230387
14,2,28,1,0,1,0,26,0.14285714285714285,-0.05951558884643344,0.2540431636447448,-0.5950924875527858,200,26,0.9285714285714286,0.017036387778106784,0.23850942889349497,0.23850942889349497,0.2229756941422452,0.2540431636447448,-0.6224944475023875
14,12,168,1,2,1,1,1092,0.8571428571428571,4.927698873946618e-19,1.7062618444020037e-34,-18.0,200,99,0.5892857142857143,0.00040848662217491646,0.0009945761235563184,0.0010747943160965127,1.8105932556791544e-05,0.002436647714873571,-3.00236197093549
13,8,104,0,1,0,1,104,0.6153846153846154,1.2219225383301863e-05,0.00014578370663775365,-3.836291011770636,200,0,0.0,0.00017319638430671316,0.00017319638430671316,0.00015494502016350395,7.945799715084006e-05,0.0005292255332596846,-3.761461178669904
13,5,65,0,2,0,1,390,0.38461538461538464,-8.642260917274505e-05,0.0005310372548657763,-3.27487500996358,200,0,0.0,0.0007007982345009451,0.0007007982345009451,0.0005374564804157726,0.0003120985447077841,0.0016495583100347906,-3.154407000943091
13,3,39,0,2,0,0,234,0.23076923076923078,0.012595288378628914,0.13263076132847684,-0.8773557374256026,200,12,0.3076923076923077,0.011959164026649734,0.01727434803849406,0.0053001620136533464,0.0012349428334214527,0.13263076132847684,-1.7625983346123757
13,19,247,0,2,1,1,1482,1.4615384615384615,1.1492543028346347e-18,3.4045963371036878e-34,-18.0,200,78,0.3157894736842105,0.000320303007144179,0.00046813516428764615,0.000512942059952259,1.7202315263240564e-08,0.0016035633905655531,-3.329628735325239
13,3,39,1,2,1,0,234,0.23076923076923078,0.0,0.0,-18.0,200,39,1.0,5.455991458346377e-34,nan,nan,nan,9.643825511456469e-33,nan
13,4,52,1,0,1,0,48,0.3076923076923077,2.0850563029611856e-18,3.6418165994233815e-33,-18.0,200,50,0.9615384615384616,0.00949088342926293,0.24676296916083615,0.24676296916083615,0.22516307610571368,0.2683628622159586,-0.6077200127739444
13,5,65,1,0,1,0,60,0.38461538461538464,0.005905212838367744,0.0563601515177301,-1.2490278480107713,200,57,0.8769230769230769,0.004261078758161153,0.03462126491005938,0.029715471982248175,0.001815584766908483,0.07946296585332453,-1.4606570689440603
13,9,117,1,2,0,0,702,0.6923076923076923,0.007926841833254863,0.1322982135879723,-0.8784460200160061,200,28,0.23931623931623933,0.0030523597639789866,0.00401265272343305,6.539600922556497e-05,1.4919053161967366e-05,0.1322982135879723,-2.3965684248220875
14,13,182,0,2,0,0,1183,0.9285714285714286,-0.0014224443372835183,0.0005852743964587769,-3.2326404742112667,200,13,0.07142857142857142,9.248058219388294e-05,9.959447313187394e-05,8.672182827173187e-05,5.211572065649429e-05,0.0005852743964587769,-4.001764761525384
13,14,182,0,2,1,0,1092,1.0769230769230769,-0.0009540271749763897,0.00014203776518469113,-3.8475961694849823,200,12,0.06593406593406594,0.00012629825575495053,0.00013521342674941762,0.0001317206790955684,9.290577107286194e-05,0.00033019734733312733,-3.8689801806306705
13,19,247,1,0,1,0,228,1.4615384615384615,-0.0008671825973990689,0.0007585518841067982,-3.1200147086008525,200,93,0.3765182186234818,8.858882684101091e-05,0.00014208727421902403,6.330087739225596e-05,6.160308620263922e-06,0.0011637508220584515,-3.8474448171038063
14,6,84,1,1,1,1,84,0.42857142857142855,0.0002717446951103435,2.6681608158092893e-05,-4.573787998101145,200,17,0.20238095238095238,2.750949210362438e-05,3.4489512488126096e-05,3.0528629437717805e-05,1.2158944740009926e-05,8.749145318905871e-05,-4.462312944374652
13,18,234,0,2,0,0,1404,1.3846153846153846,0.0007919701347757343,0.00011757640200317395,-3.929679833941765,200,12,0.05128205128205128,0.00012169090961697743,0.00012826879662330054,0.0001273713879284304,9.130548840889194e-05,0.00025170763521085234,-3.89187897965379
14,7,98,1,2,1,1,637,0.5,1.881415456264341e-18,2.909099567210236e-33,-18.0,200,77,0.7857142857142857,0.005916372178535379,0.027609736833165106,0.028700585432850038,0.0064843331857239285,0.05446637592748247,-1.5589377328916643
13,15,195,1,1,1,1,195,1.1538461538461537,0.001053316192661505,7.209328277854571e-05,-4.142105198361198,200,21,0.1076923076923077,5.551001052372081e-05,6.220949455244574e-05,6.012028132736407e-05,2.831227650404145e-05,0.00012296619065912191,-4.206143327253625
14,14,196,1,1,0,1,196,1.0,-0.0002949388093153258,2.1630876185600613e-05,-4.664925888565319,200,22,0.11224489795918367,2.2013570831281302e-05,2.4796895878914572e-05,2.4461125504766758e-05,8.587305755290821e-06,7.000520890224105e-05,-4.605602681554188
14,13,182,1,2,0,0,1183,0.9285714285714286,-0.00017827567946262002,6.837984857434572e-05,-4.165071865273833,200,28,0.15384615384615385,0.00022657807381875621,0.0002677740872403483,4.744414815956581e-05,1.59587464466412e-05,0.006454239085104409,-3.572231452391333
14,10,140,0,1,1,0,140,0.7142857142857143,-0.000712440942156182,5.894787545834388e-05,-4.229531842703663,200,1,0.007142857142857143,6.759891521538546e-05,6.80852383464314e-05,6.303846360582329e-05,4.906770890592808e-05,0.00014454869070077643,-4.166947037861325
13,13,169,0,2,0,0,1014,1.0,0.0018608010329290903,0.00027908611151019507,-3.5542617752797776,200,12,0.07100591715976332,0.0001639483861991675,0.00017647947304241598,0.0001594218210570009,0.00011382133931632815,0.0008354876397809549,-3.7533058016803613
14,10,140,1,2,0,0,910,0.7142857142857143,0.0011541503247258333,0.00018303377020108133,-3.737468774428465,200,34,0.24285714285714285,0.0004987405020753722,0.000658713870665586,0.00010969492612518152,1.717839895078958e-05,0.013188080821277023,-3.1813031914391603
13,14,182,1,1,0,0,182,1.0769230769230769,0.0031712710642244507,0.012397119452625963,-1.9066792141246698,200,70,0.38461538461538464,0.0026013456679623965,0.004227186710438894,0.0017419340307230548,3.1849601012555448e-06,0.026891792453009034,-2.3739485694119256
13,6,78,0,2,1,1,468,0.46153846153846156,-3.055757847224737e-18,4.7533819111792004e-33,-18.0,200,57,0.7307692307692307,0.015404321208202343,0.05721605020189443,0.05649391546151021,0.0010015461932619636,0.13652067063509624,-1.2424821261660115
14,14,196,1,2,1,1,1274,1.0,-6.951768804705494e-19,1.1554782313352391e-34,-18.0,200,102,0.5204081632653061,0.00028710661520821177,0.0005986478359660584,0.0006559874185972624,1.782585564430821e-06,0.0020257533606204354,-3.222828583075435
13,11,143,0,0,1,1,132,0.8461538461538461,-0.0006378524346784965,0.00012948982942546423,-3.8877643412187,200,6,0.04195804195804196,0.00013094851686642865,0.00013668348840802406,0.00012948982942546423,0.00010515206389715224,0.00029586866279339815,-3.8642839457569256
14,12,168,0,1,1,1,168,0.8571428571428571,0.0004547060189775852,6.020493529676224e-05,-4.220367906012997,200,7,0.041666666666666664,6.0883029416506665e-05,6.353011765200693e-05,6.169654840956822e-05,4.491244158897819e-05,0.00013015296100621107,-4.197020340390064
14,7,98,1,2,1,1,637,0.5,1.6032978438808298e-18,1.1600919104001515e-33,-18.0,200,79,0.8061224489795918,0.003149273178201721,0.016243619550724665,0.014424109123150173,0.0053741427118698115,0.033937643212237904,-1.789317190873446
14,6,84,1,0,0,1,78,0.42857142857142855,0.0004623239107244666,1.5949551586194857e-05,-4.797251522411108,200,15,0.17857142857142858,1.3445760712556338e-05,1.6368752171807715e-05,1.3935202752139242e-05,2.684466346026018e-06,4.818132792774543e-05,-4.785984426608453
13,10,130,1,0,1,0,120,0.7692307692307693,-0.01267549257335287,0.03901647987970636,-1.4087519158174848,200,84,0.6461538461538462,0.0015102876273641148,0.004268204164289889,0.0009582082438844869,0.00021467926378709184,0.03914380367579275,-2.3697548148089975
13,13,169,1,0,0,0,156,1.0,0.006464972794574503,0.05824434607519969,-1.2347462263108233,200,127,0.7514792899408284,0.008867094784251465,0.0356795004413928,0.025564556481460388,0.00019575353269724732,0.11723054496088797,-1.4475812349311532
14,10,140,1,2,0,1,910,0.7142857142857143,0.0005983934766123951,5.20513330353144e-05,-4.283568143723705,200,11,0.07857142857142857,5.994605446904826e-05,6.505773353230044e-05,5.563118497770744e-05,1.7673366649114842e-05,0.00027559124970059597,-4.186701070650858
13,16,208,0,1,0,1,208,1.2307692307692308,-0.0010182392037302304,0.00018486842877575102,-3.7331372498964743,200,0,0.0,0.00016098748634056704,0.00016098748634056704,0.00014984454538251812,0.00010461946242378371,0.00035574986029301243,-3.793207880641769
13,16,208,1,2,1,0,1248,1.2307692307692308,-0.0008481240263475135,0.00014677966650160002,-3.8333341033967074,200,31,0.14903846153846154,5.844088398697621e-05,6.86762930468421e-05,5.8470021495478534e-05,1.9292722520855338e-05,0.00055157595253538,-4.163193154873229
13,9,117,0,2,0,0,702,0.6923076923076923,0.0005895750938055014,0.0028557475717311486,-2.5442801838178806,200,12,0.10256410256410256,0.0004480902413885201,0.0004993005546900653,0.0003253601907583823,0.00020115643090203077,0.004097711411752811,-3.301637951472027
14,4,56,1,2,1,0,364,0.2857142857142857,0.02145116175363098,0.1341458072566294,-0.8724228967062844,200,23,0.4107142857142857,0.0066931942111874065,0.011358147752318023,8.978927030410037e-07,2.9657733904403452e-08,0.1341458072566294,-1.944692486101667
13,9,117,0,1,0,1,117,0.6923076923076923,-0.0003108494932443338,0.0002464707391557419,-3.6082346324820835,200,0,0.0,0.00017754210683133576,0.00017754210683133576,0.00016440632632203168,0.00010050489955068891,0.00044678780532311037,-3.7506986308013666
14,17,238,1,1,1,0,238,1.2142857142857142,0.0002548747184159444,3.649239414565986e-05,-4.437797643071623,200,10,0.04201680672268908,3.051921708923696e-05,3.185777924227367e-05,3.059320553333721e-05,2.290075274381224e-05,7.005145430022119e-05,-4.4967845014928605
13,5,65,0,2,1,0,390,0.38461538461538464,-0.004386560225601772,0.03449127809321087,-1.4622907123144149,200,12,0.18461538461538463,0.0029405109634116603,0.003606287030599206,0.00026610946189511867,0.00013252108599453728,0.041400324536747794,-2.442939709991749
14,17,238,1,2,0,1,1547,1.2142857142857142,-7.300110071479019e-05,2.8676456242945138e-05,-4.542474518597857,200,14,0.058823529411764705,3.0116035697855026e-05,3.1998287928970957e-05,3.1248533363190924e-05,1.1396198044350525e-05,7.319510387195741e-05,-4.494873258020465
13,18,234,0,0,0,0,216,1.3846153846153846,0.003126186885184816,0.07544568333684988,-1.122365603557263,200,78,0.3333333333333333,0.016987947503365734,0.025481921255048598,0.009240950103594912,3.46694171356393e-07,0.14000339623839347,-1.5937678306926542
13,3,39,0,2,0,1,234,0.23076923076923078,0.00036222686504018374,0.00047302448516320166,-3.3251163782980355,200,0,0.0,0.0008480188665372387,0.0008480188665372387,0.0006709662843071601,0.0002729194273258971,0.0019668560737261267,-3.0715944855476853
13,8,104,1,0,1,0,96,0.6153846153846154,0.004111245629822125,0.012760510466374995,-1.894131951923983,200,78,0.75,0.002230006121808302,0.008920024487233209,0.00808589094553968,0.00048286791834366175,0.019904005500796164,-2.049633953397906
14,7,98,0,0,0,1,91,0.5,0.0017148186731478676,0.00015694571283911643,-3.804250543077952,200,0,0.0,0.00010294215263010401,0.00010294215263010401,8.157329632202411e-05,3.5083462709028315e-05,0.000362751596954583,-3.9874067544305056
14,7,98,1,1,1,0,98,0.5,0.0001517618567433857,3.269295537332757e-05,-4.485545818351615,200,9,0.09183673469387756,3.069102757959505e-05,3.3794614638205785e-05,3.088793628641175e-05,2.075691398506341e-05,7.127343940716818e-05,-4.471152501475406
14,15,210,1,1,1,1,210,1.0714285714285714,0.000239420011721585,2.7194420195865242e-05,-4.565520196213423,200,15,0.07142857142857142,2.8797490135280407e-05,3.101268168414813e-05,3.024242634322653e-05,1.4529349144584518e-05,6.659258232827902e-05,-4.508460678449139
13,8,104,0,0,0,1,96,0.6153846153846154,0.0002839098429736812,0.00017409141988442047,-3.7592226326085405,200,0,0.0,0.00021501452756554181,0.00021501452756554181,0.00020204087105977442,9.626073440682198e-05,0.0004231305089367166,-3.667532195766246
13,1,13,1,0,1,0,12,0.07692307692307693,0.0,0.0,-18.0,200,13,1.0,7.213785046493825e-35,nan,nan,nan,4.422558528722282e-34,nan
13,1,13,0,2,1,1,78,0.07692307692307693,-5.2570613389822856e-18,3.580654546525885e-33,-18.0,200,12,0.9230769230769231,0.03303884646628318,0.4295050040616814,0.4295050040616814,0.4295050040616814,0.4295050040616814,-0.3670317719405029
14,7,98,0,0,1,0,91,0.5,-0.01558045213126833,0.07000392568955222,-1.1548776048785239,200,70,0.7142857142857143,0.010458515289453265,0.03660480351308642,0.03640947492451676,0.00036917511988697894,0.10749065327620441,-1.436461920006053
14,11,154,1,0,0,1,143,0.7857142857142857,2.743056881068437e-05,1.8246880671242814e-05,-4.7388113680872,200,9,0.05844155844155844,1.842791316694827e-05,1.95717146738623e-05,1.8382636024626217e-05,6.824082374152334e-06,4.54980632788728e-05,-4.708371124225731
14,11,154,1,2,0,1,1001,0.7857142857142857,0.0007423341398278292,6.359764883631593e-05,-4.19655893963914,200,17,0.11038961038961038,6.251612260464423e-05,7.02735976723738e-05,5.583128713668689e-05,2.217625846738198e-05,0.00037223792233223243,-4.153207812091584
14,2,28,0,0,0,0,26,0.14285714285714285,-0.0350947752014995,0.36824490279572847,-0.4338632558987979,200,25,0.8928571428571429,0.03140961948226283,0.2931564485011197,0.36824490279572847,0.14267230256515773,0.36855214014247295,-0.5329005482891751
13,3,39,1,0,1,1,36,0.23076923076923078,0.001505193402946125,0.0025977240130435593,-2.5854069910532473,200,17,0.4358974358974359,0.000837508963844193,0.0014846749813601603,0.0012293724095527815,1.9112183114659387e-05,0.004120567424104933,-2.828368609815497
13,11,143,1,0,0,1,132,0.8461538461538461,0.0011277085289702344,7.695141743603431e-05,-4.113783376105685,200,15,0.1048951048951049,4.1810244422222474e-05,4.6709882440451666e-05,4.319852895627558e-05,1.5258396060286254e-05,0.00011014910746406131,-4.330591225744274
13,19,247,1,2,0,1,1482,1.4615384615384615,0.0002643204440075611,6.213457153548484e-05,-4.206666692103998,200,10,0.04048582995951417,6.151225430483854e-05,6.410770807297519e-05,6.33949883018182e-05,2.4672170808059334e-05,0.00013431952564813224,-4.1930897493844395
13,1,13,0,1,0,1,13,0.07692307692307693,0.0008025241583746382,0.0001951114145102356,-3.7097173225388493,200,0,0.0,0.00013284895133086578,0.00013284895133086578,0.0001229827167162275,4.241580729602636e-05,0.00022734430981582071,-3.876641869428456
13,17,221,1,1,1,0,221,1.3076923076923077,0.0003519917322073784,6.517831179888098e-05,-4.18589689250428,200,10,0.04524886877828054,5.9061094234761395e-05,6.186019822693018e-05,6.0348642907247756e-05,3.637272119598323e-05,0.00013723070772556043,-4.208588692662552
13,8,104,1,0,0,1,96,0.6153846153846154,-0.0004400555682798717,1.9619632007306325e-05,-4.707309142659181,200,17,0.16346153846153846,3.097844038847321e-05,3.703169885518635e-05,3.0566663018453526e-05,1.1498207313658149e-05,9.033382088651767e-05,-4.431426363929248
13,6,78,0,1,0,0,78,0.46153846153846156,0.04771664833591796,0.06455837661348314,-1.1900473989283422,200,42,0.5384615384615384,0.010880295536222587,0.0235739736618156,0.010569354565182069,4.809590120882255e-05,0.08416040168656397,-1.6275672060227795
13,10,130,1,0,1,1,120,0.7692307692307693,0.0008574450417675183,5.748302812399507e-05,-4.240460361920863,200,14,0.1076923076923077,5.4800604600179306e-05,6.141447067261474e-05,5.823552273402317e-05,2.610689705077002e-05,0.00013771731373430113,-4.211729286956275
14,3,42,1,2,1,0,273,0.21428571428571427,0.01831920532141859,0.134540035240023,-0.8711484628986044,200,39,0.9285714285714286,0.00935621952974581,0.13098707341644134,0.13404650795380704,0.12437467705549402,0.134540035240023,-0.8827715609923958
13,9,117,1,1,1,0,117,0.6923076923076923,6.394959288221299e-05,8.008497175944639e-05,-4.096448973232676,200,15,0.1282051282051282,5.711524443696992e-05,6.551454508946549e-05,6.034343035513839e-05,4.406499968024718e-05,0.00013260322517294593,-4.183662270224557
14,12,168,0,2,1,1,1092,0.8571428571428571,-9.351243737687475e-21,4.978538482662872e-34,-18.0,200,90,0.5357142857142857,0.002736606868004056,0.0058942301772395055,0.006200248351082099,3.0997147781942955e-07,0.016839881475704338,-2.229572908399043
14,4,56,0,1,1,1,56,0.2857142857142857,0.00029067356452130213,0.00012237144647369916,-3.912319906418804,200,7,0.125,0.00010863010163163874,0.0001241486875790157,0.00010688531254690881,5.871460372553231e-05,0.0002512225134917799,-3.9060578671702637
13,9,117,0,2,0,1,702,0.6923076923076923,0.0016846330559547862,0.00017398126275364978,-3.7594975213775794,200,0,0.0,0.00021633528757906108,0.00021633528757906108,0.00019156274346198286,0.00015280563423178932,0.0005503027265008502,-3.6648726347406995
14,10,140,1,0,0,1,130,0.7142857142857143,0.0004909198482207325,3.502758959022168e-05,-4.455589747457744,200,22,0.15714285714285714,1.666509842038118e-05,1.9772150668248856e-05,1.8425757566579964e-05,5.6015235040003526e-06,5.4135137701714386e-05,-4.703946088776719
13,12,156,1,1,1,1,156,0.9230769230769231,-0.0004498641822449162,6.036164641837258e-05,-4.219238922961019,200,12,0.07692307692307693,5.874753907170961e-05,6.364316732768541e-05,6.109660505198312e-05,3.234867502791144e-05,0.00013714175615514755,-4.196248214966578
13,6,78,0,1,0,1,78,0.46153846153846156,9.688692386381412e-06,0.00013550667800451592,-3.868039301475581,200,0,0.0,0.00016440296763615302,0.00016440296763615302,0.00014399912563696897,8.847845572596295e-05,0.00036533875070416386,-3.7840903472803165
14,17,238,0,1,0,1,238,1.2142857142857142,-0.000977926277989918,8.546076059434724e-05,-4.068233246313369,200,0,0.0,8.609064359412557e-05,8.609064359412557e-05,8.334734057886585e-05,4.767417408572362e-05,0.00018264122854184272,-4.06504404548296
13,4,52,1,1,0,1,52,0.3076923076923077,0.0002290409629445391,1.0103622544463694e-05,-4.995522886712283,200,6,0.11538461538461539,3.8556254752556434e-05,4.3585331459411625e-05,3.447401565577367e-05,1.0103622544463694e-05,0.000128769458840497,-4.360659646926313
14,20,280,1,0,0,1,260,1.4285714285714286,2.2002814161082607e-05,3.590727111638021e-05,-4.444817599166069,200,12,0.04285714285714286,2.614831401421675e-05,2.731913404470407e-05,2.537981396923616e-05,9.419922757349188e-06,5.8375870611601084e-05,-4.5635330709336595
14,1,14,1,0,1,1,13,0.07142857142857142,-1.5198087610406968e-19,5.324482296577672e-34,-18.0,200,8,0.5714285714285714,0.006489864095766602,0.015143016223455404,0.014571340576702795,0.013140059886296154,0.018572067900537184,-1.8197876123698473
13,14,182,1,1,1,0,182,1.0769230769230769,0.00132112312736525,4.93628017008563e-05,-4.306600198879777,200,10,0.054945054945054944,6.06562051826263e-05,6.418272873975573e-05,6.116325107721762e-05,4.274004574815145e-05,0.00014508641501501915,-4.192581822743378
14,10,140,0,0,1,0,130,0.7142857142857143,-0.013423862909847081,0.02776984614555233,-1.5564265263830783,200,85,0.6071428571428571,0.004960930845984046,0.012627823971595752,0.014463408053503775,3.5286916786286804e-06,0.036202489389571206,-1.8986714806836413
14,8,112,0,1,0,1,112,0.5714285714285714,0.0010311344306381646,5.757582041183547e-05,-4.239759864952189,200,0,0.0,7.999875325109343e-05,7.999875325109343e-05,7.368628954443442e-05,3.8821760101199416e-05,0.0001981399564871319,-4.096916781262927
14,12,168,0,1,0,0,168,0.8571428571428571,0.007725352881998684,0.0149003025775139,-1.826804912365552,200,49,0.2916666666666667,0.003613223817279148,0.005101021859688208,0.00294055762307436,1.4863729298963236e-05,0.027839043974892865,-2.2923428153589085
14,4,56,0,1,1,1,56,0.2857142857142857,0.0008021528443289815,0.00016720805666751794,-3.7767428005695622,200,7,0.125,9.89847623843668e-05,0.00011312544272499066,0.0001036440756692509,4.6180593468171174e-05,0.0002245863075851464,-3.9464397081390565
14,10,140,1,1,0,0,140,0.7142857142857143,0.02014193310262096,0.05445273152720562,-1.2639803297293624,200,84,0.6,0.005947429886781194,0.014868574716952987,0.004121790101680734,3.066492852654653e-05,0.09596231602069846,-1.8277306604107593
14,16,224,1,2,0,0,1456,1.1428571428571428,0.00046242170800193624,0.0013160962301758095,-2.8807123548661138,200,30,0.13392857142857142,8.538722289953092e-05,9.859143262626251e-05,3.624573194786177e-05,1.1221744337566677e-05,0.0022137765182874704,-4.006160822632793
14,20,280,1,1,0,1,280,1.4285714285714286,-0.0002627145165933615,2.86726003490387e-05,-4.542532918632606,200,13,0.04642857142857143,2.771916436885863e-05,2.9068786604046503e-05,2.782725691111785e-05,1.4067843635857959e-05,6.540846238809757e-05,-4.536573096271034
13,6,78,0,2,0,1,468,0.46153846153846156,0.0011900591807323052,0.0006347229805823102,-3.1974157774708023,200,0,0.0,0.0005524256295325391,0.0005524256295325391,0.00045305534594985736,0.00031400499992509357,0.0012127313922469574,-3.257726180733616
14,10,140,0,1,1,1,140,0.7142857142857143,0.0003829995842562769,6.038712551503735e-05,-4.2190556427326165,200,7,0.05,6.063696753803559e-05,6.382838688214272e-05,6.160462380439722e-05,3.650341986908397e-05,0.00012377975257097556,-4.194986131240516
13,4,52,0,1,1,1,52,0.3076923076923077,0.0003117139922418151,0.00016360193958423692,-3.786211551852116,200,7,0.1346153846153846,0.00019435608975262064,0.00022458925926969496,0.0001918049313621667,0.00011767944590908041,0.0006243612419168002,-3.648611017226128
13,8,104,0,1,1,0,104,0.6153846153846154,-0.0001282979672513768,0.00012623027457043647,-3.898836473126236,200,1,0.009615384615384616,0.00014256605854570607,0.0001439501950364411,0.00013264014957001735,0.00010015348067752011,0.0002880380364793125,-3.84178774236497
14,2,28,0,2,1,1,182,0.14285714285714285,2.151053006502217e-17,8.844246918857422e-32,-18.0,200,25,0.8928571428571429,0.03141444242886295,0.29320146266938757,0.37192999203819915,0.12357239867275391,0.3841019972972097,-0.5328338674972828
14,20,280,1,1,1,1,280,1.4285714285714286,-0.00028615203651117876,3.496459993956871e-05,-4.456371436536618,200,13,0.04642857142857143,2.9492128865691794e-05,3.092807521495769e-05,3.0358375744333345e-05,2.1490541697786375e-05,7.544703488011754e-05,-4.509647107139845
13,8,104,1,2,1,1,624,0.6153846153846154,3.947038008933479e-18,1.7413880397678e-33,-18.0,200,74,0.7115384615384616,0.0020103569666307603,0.00696923748431997,0.0060674114363304665,0.0033240066185164564,0.018369041270824962,-2.1568147361728256
13,9,117,1,1,1,1,117,0.6923076923076923,0.0005518185655373074,6.681997796023022e-05,-4.175093671944699,200,11,0.09401709401709402,5.693002799429394e-05,6.283786108804143e-05,6.04306369765059e-05,2.963928259513522e-05,0.00015290056713149742,-4.201778606150687
13,4,52,1,2,0,0,312,0.3076923076923077,0.0,0.0,-18.0,200,51,0.9807692307692307,0.009330675647259,0.485195133657468,0.485195133657468,0.485195133657468,0.485195133657468,-0.31408356360988987
14,8,112,1,1,0,1,112,0.5714285714285714,0.0004154906625536473,1.7693746304063383e-05,-4.752180204007885,200,14,0.125,1.7033346037240353e-05,1.9466681185417544e-05,1.7553561809821645e-05,5.818209449992263e-06,5.7488411291803115e-05,-4.710708083699162
13,18,234,0,1,1,0,234,1.3846153846153846,0.00023696076836328807,0.0001113854155069543,-3.9531716707377726,200,1,0.004273504273504274,0.00012799297875674495,0.0001285423048458297,0.00012326961746472666,9.546621664500139e-05,0.000277425246261278,-3.8909539171776704
14,1,14,0,0,1,0,13,0.07142857142857142,0.015888513272780343,0.505268824594944,-0.2964774971784926,200,13,0.9285714285714286,0.03609063032821029,0.505268824594944,0.505268824594944,0.505268824594944,0.505268824594944,-0.2964774971784926
14,16,224,0,0,1,1,208,1.1428571428571428,5.3224194087109005e-05,6.327619535316092e-05,-4.198759641817623,200,7,0.03125,6.188273815295434e-05,6.387895551272707e-05,6.1024457413529725e-05,4.6658644339792486e-05,0.00014378755482890435,-4.194642193641375
14,20,280,0,1,0,0,280,1.4285714285714286,0.006751223638208761,0.004952488352755097,-2.305176537160468,200,49,0.175,0.001238536556250544,0.0015012564318188416,0.0009134666055841831,8.560501452880085e-06,0.006795712322719818,-2.823545118941279
14,12,168,1,0,0,0,156,0.8571428571428571,-0.028531670989885755,0.09264850576233419,-1.0331615806020285,200,116,0.6904761904761905,0.008350933894397004,0.026979940274205708,0.010638380797229577,1.8836483518928488e-07,0.11259854461589319,-1.5689590160655822
14,6,84,1,2,0,1,546,0.42857142857142855,-2.837905838112857e-05,9.634506836914508e-05,-4.0161705107426435,200,14,0.16666666666666666,0.00024215309863242682,0.00029058371835891214,0.00017928785744679903,2.681051418338039e-05,0.0013817336107999287,-3.536728723227862
14,9,126,1,1,0,1,126,0.6428571428571429,-0.0003897734355236883,2.094121770807291e-05,-4.678998068191059,200,9,0.07142857142857142,2.4667429699631853e-05,2.6564924291911226e-05,2.4812863531054607e-05,1.1662932639489474e-05,6.35236764191879e-05,-4.575691417459948
13,8,104,1,0,0,1,96,0.6153846153846154,-0.0005183690625520936,2.4153787299874204e-05,-4.617014762449619,200,12,0.11538461538461539,4.072401493263814e-05,4.603584296733007e-05,4.084460837846905e-05,9.788841140152215e-06,0.00012474608275356004,-4.3369039000261695
14,5,70,0,2,0,0,455,0.35714285714285715,0.004624143698098477,0.03573924046414231,-1.4468546814256997,200,13,0.18571428571428572,0.0030196223050284257,0.003708308093894558,0.0009373396396755717,0.0005061513265504917,0.036681403383394325,-2.430824190946142
14,1,14,1,1,0,0,14,0.07142857142857142,0.05544017403154794,0.5480812767937894,-0.26115503376802757,200,13,0.9285714285714286,0.039148662628127814,0.5480812767937894,0.5480812767937894,0.5480812767937894,0.5480812767937894,-0.26115503376802757
13,2,26,0,1,1,1,26,0.15384615384615385,2.2493336148176585e-18,2.7275506653913933e-34,-18.0,200,7,0.2692307692307692,0.0005353186867859062,0.0007325413608649243,0.0006870485995637718,0.0002566096513779448,0.0013456036416597933,-3.1351678490785835
13,4,52,0,0,1,0,48,0.3076923076923077,-0.041285267963835325,0.2221265778628075,-0.6533994741909115,200,42,0.8076923076923077,0.022838641614741934,0.11876093639665805,0.10576430007260515,0.013483967270874453,0.2221265778628075,-0.9253263867723704
13,3,39,1,0,0,1,36,0.23076923076923078,-0.0009185976485684903,4.444544775577397e-05,-4.352172714239105,200,14,0.358974358974359,8.868276541729566e-05,0.00013834511405098123,8.915278681350331e-05,2.397887567136364e-05,0.000705403669043089,-3.8590361742763193
14,20,280,0,1,0,1,280,1.4285714285714286,-0.00011963169449282658,5.9080288531107166e-05,-4.228557392385787,200,0,0.0,8.08421883294328e-05,8.08421883294328e-05,7.732157954113602e-05,4.732789230086664e-05,0.0002140238770282226,-4.09236193901455
13,6,78,0,0,1,1,72,0.46153846153846156,-0.00013102272354945782,0.00020161909705053747,-3.6954683345733805,200,6,0.07692307692307693,0.00017422202413042522,0.00018874052614129398,0.0001707969805392541,0.00012341948899898645,0.00038908647175022246,-3.7241348386276174
14,17,238,1,0,0,0,221,1.2142857142857142,-0.007943986189247222,0.04310409916002931,-1.3654814268710835,200,151,0.634453781512605,0.0061824586510347695,0.01691293286145144,0.009488233745819937,2.641617177650593e-07,0.07507002548846757,-1.7717810751284455
13,12,156,0,0,1,0,144,0.9230769230769231,0.012562472995054842,0.011345485371621134,-1.945176919813627,200,78,0.5,0.0028168232743145992,0.0056336465486291985,0.006698507685155086,4.080133507405848e-07,0.020995647435389952,-2.2492104038527603
13,16,208,1,0,0,0,192,1.2307692307692308,0.012983506254427598,0.07012722458009278,-1.154113348801237,200,124,0.5961538461538461,0.008412105780835188,0.02082997621921094,0.00378774848041292,2.2493780705753507e-07,0.13528948020191908,-1.68131122586941
14,17,238,1,1,0,1,238,1.2142857142857142,0.00046413834307457104,2.6164136548953e-05,-4.58229359297907,200,10,0.04201680672268908,2.6681048394826362e-05,2.785126981565208e-05,2.6784407352093463e-05,1.0581350864255065e-05,6.496979988713218e-05,-4.555154999364258
14,14,196,1,2,1,0,1274,1.0,-0.0006216060363885178,0.0013187420454880178,-2.879840146968529,200,22,0.11224489795918367,7.596034934453436e-05,8.556453144556745e-05,2.7916244229332635e-05,1.2250883015442129e-05,0.0021587323751944354,-4.0677062235197186
14,12,168,1,2,1,1,1092,0.8571428571428571,-7.15573433840433e-20,1.6100616113537667e-34,-18.0,200,96,0.5714285714285714,0.00022559945999695762,0.0005263987399929011,0.0005316886407123161,2.175676471464248e-05,0.001297767579545399,-3.278685158935866
14,5,70,0,0,1,1,65,0.35714285714285715,0.0013954488427494237,0.00013767798145512304,-3.8611355099766023,200,7,0.1,0.00015309444093092209,0.0001701049343676912,0.00014862255030293834,9.272441281216045e-05,0.0003778278393425116,-3.7692830882829145
14,18,252,1,0,1,1,234,1.2857142857142858,0.0005363247288164479,2.7426438951620103e-05,-4.561830577523375,200,14,0.05555555555555555,2.9693845260269985e-05,3.144054204028587e-05,3.0495642313017093e-05,1.6832531602098957e-05,7.213096639673708e-05,-4.502509975257442
13,12,156,0,2,0,0,936,0.9230769230769231,0.00036717316153631854,0.00058745123631188,-3.2310281778725947,200,12,0.07692307692307693,0.00018281890157643984,0.00019805381004114317,0.0001806095817855932,0.00011895692917992203,0.0006693701902558003,-3.703216798480954
13,4,52,0,2,0,1,312,0.3076923076923077,0.0011559574216437518,0.0006988373307828713,-3.155623903746385,200,0,0.0,0.0012366447611327105,0.0012366447611327105,0.0009989815339072105,0.0005374665486071129,0.0028927425545530266,-2.9077550379914996
13,18,234,1,2,1,1,1404,1.3846153846153846,9.334980705100193e-19,1.7581910617748985e-34,-18.0,200,89,0.3803418803418803,8.075135335827495e-05,0.0001303159771436989,0.00011748649992256043,1.4045121237910916e-06,0.0005151313107362541,-3.8850023351702294
13,10,130,1,1,1,1,130,0.7692307692307693,-0.00028386488324575767,4.866471760381827e-05,-4.3127857924459905,200,10,0.07692307692307693,5.921896373092309e-05,6.415387737516668e-05,6.21187035597073e-05,3.054064692212895e-05,0.00014088023103910066,-4.192777090313977
14,12,168,1,1,1,1,168,0.8571428571428571,-5.7911849733472654e-05,2.9255405947532808e-05,-4.533793871248349,200,15,0.08928571428571429,2.826688195928201e-05,3.103814489646651e-05,3.0075944338777178e-05,1.4511748115614747e-05,6.579232509002706e-05,-4.508104243770294
13,13,169,0,2,1,1,1014,1.0,3.6374982886888674e-19,3.724921953697642e-34,-18.0,200,78,0.46153846153846156,0.0021745994446820682,0.004038541825838126,0.004304731940225975,3.8650066507368805e-08,0.015193402748737223,-2.3937754149154657
13,13,169,0,2,1,1,1014,1.0,1.8653698377613102e-18,3.984149491104818e-34,-18.0,200,78,0.46153846153846156,0.002163473428101728,0.004017879223617495,0.004007656823104899,1.4243510929792289e-08,0.013029782179675414,-2.39600312216836
13,2,26,0,0,1,1,24,0.15384615384615385,0.0009668148119310287,0.0003555810692961062,-3.4490613683966695,200,6,0.23076923076923078,0.0002896656426192043,0.00037656533540496556,0.00034224892714007665,0.00015462086856773825,0.0008298431541913568,-3.4241596613115064
13,15,195,1,2,1,0,1170,1.1538461538461537,-0.0016592881124214422,0.000885028902917703,-3.053042546056184,200,23,0.11794871794871795,0.00010361226530298844,0.00011746739380280665,5.8119647968878684e-05,2.95430166266293e-05,0.0017310954571812167,-3.9300826666405277
14,14,196,1,2,1,1,1274,1.0,-3.6049722235143024e-20,1.8592595128415703e-34,-18.0,200,106,0.5408163265306123,6.819228929797205e-05,0.0001485076522489169,0.000144379514033995,2.3172700964198582e-05,0.0003502534142828025,-3.8282511676002664
13,18,234,1,1,1,1,234,1.3846153846153846,-0.00024137194745341573,5.596625963560996e-05,-4.25207371710427,200,20,0.08547008547008547,5.675120089505603e-05,6.205505144599585e-05,6.076803304853341e-05,2.823300147990173e-05,0.00013469841502384186,-4.207222860002028
14,16,224,1,1,0,1,224,1.1428571428571428,-3.237069486058872e-05,2.3224633371136686e-05,-4.634051133142674,200,18,0.08035714285714286,2.610839835106435e-05,2.838971471183696e-05,2.7661583552244092e-05,1.1527613928574707e-05,8.154152797091767e-05,-4.546838971676238
13,9,117,0,1,0,0,117,0.6923076923076923,-0.013446642556756734,0.02884764970550935,-1.539889564189615,200,42,0.358974358974359,0.00648567316264054,0.010117650133719241,0.0054297492007673535,1.613069210794586e-05,0.04727809661877114,-1.9949203424825237
14,20,280,1,2,1,0,1820,1.4285714285714286,-0.00021584025029125112,4.637807789875724e-05,-4.333687254302195,200,21,0.075,2.877824431613632e-05,3.111161547690413e-05,2.9737012466103772e-05,1.3903534573141191e-05,0.00015215974783707112,-4.507077437477294
14,3,42,0,1,0,0,42,0.21428571428571427,0.028458951919672747,0.19248395790887238,-0.7156054598280521,200,33,0.7857142857142857,0.01971746350356964,0.09201482968332497,0.06620190735054228,0.007994236220054001,0.19248395790887238,-1.0361421734086076
13,7,91,1,1,0,1,91,0.5384615384615384,0.00013005368133429455,3.962589139456472e-05,-4.402020955098827,200,7,0.07692307692307693,4.278735184419898e-05,4.635296449788223e-05,4.228373944314123e-05,1.0081161495686121e-05,0.0001038547041800004,-4.333922485383537
14,10,140,0,0,1,0,130,0.7142857142857143,-0.004238452621257312,0.02524931049524299,-1.5977504770383821,200,85,0.6071428571428571,0.005001050666617209,0.012729947151389262,0.013347504856334133,4.941930384650921e-06,0.04161689446258014,-1.8951733993241657
14,8,112,0,1,0,1,112,0.5714285714285714,-0.0002056276877600533,0.0001831461605303562,-3.737202181438191,200,0,0.0,9.411301440015163e-05,9.411301440015163e-05,7.986094278791128e-05,3.981158149197491e-05,0.00030679727016408624,-4.0263503160907606
13,17,221,0,1,0,1,221,1.3076923076923077,-0.0005321828876223875,0.00016687880756679287,-3.7775988121594675,200,0,0.0,0.0001622019855489872,0.0001622019855489872,0.000155684515065184,9.670687983224461e-05,0.00037519857571939575,-3.789943833801245
13,5,65,0,1,1,0,65,0.38461538461538464,-0.001421034282571663,0.00014738076320419327,-3.831559198834319,200,1,0.015384615384615385,0.00018643866252466063,0.00018935176662660848,0.00015623189702476556,0.00012003198157830096,0.00044426293601398535,-3.7227306386149346
13,19,247,0,0,0,0,228,1.4615384615384615,-0.01270905970480535,0.059831820586272455,-1.2230677820728388,200,78,0.3157894736842105,0.015742779332854787,0.023008677486480077,0.010721792837155235,5.953607729359492e-07,0.1327976631198133,-1.6381083433839612
13,13,169,1,0,1,0,156,1.0,-0.0015000335328264666,0.009198161140453909,-2.036298986390929,200,83,0.4911242603550296,0.0006737202275073553,0.0013239385866132916,0.0004649501021595548,9.674355171472235e-06,0.016372508715531472,-2.8781321599971923
13,7,91,0,2,0,1,546,0.5384615384615384,-0.0009901081413775045,0.00027679122196251285,-3.5578476870248608,200,0,0.0,0.00032696189434489915,0.00032696189434489915,0.000286096553190383,0.0002080556878725038,0.000678268134117173,-3.485502859083002
14,20,280,1,1,1,0,280,1.4285714285714286,0.0001724997889389804,2.7362024682039913e-05,-4.562851769682036,200,9,0.03214285714285714,3.0343354702719315e-05,3.1351067589525494e-05,3.059601843688421e-05,2.178126376686989e-05,6.586306733126195e-05,-4.503747665667539
13,17,221,0,0,0,0,204,1.3076923076923077,0.02873302863278991,0.07533799969665281,-1.1229859149561974,200,78,0.35294117647058826,0.017104195413155953,0.026433756547604655,0.01139757028476751,1.9984535316124904e-07,0.1372007440827337,-1.577841114130255
14,19,266,0,1,1,1,266,1.3571428571428572,-0.00022151397343684183,6.540599067822672e-05,-4.184382471869242,200,7,0.02631578947368421,6.13946345598381e-05,6.305394900740129e-05,6.106265098716189e-05,4.671101718129533e-05,0.00013887481505607316,-4.2002877087988
14,8,112,0,1,0,0,112,0.5714285714285714,-0.009740305242936698,0.04128403232652882,-1.384217890556359,200,49,0.4375,0.007195506470637785,0.01279201150335606,0.0064562117128294716,2.171348217047802e-06,0.061457079927042836,-1.8930611587175898
14,10,140,1,0,1,0,130,0.7142857142857143,-0.0010517433200421312,0.0014842982240765433,-2.828478832171071,200,89,0.6357142857142857,0.0021168999663261035,0.0058110979467775395,0.0007463959285652088,2.6798808738296628e-06,0.08023304139077636,-2.2357418044121107
13,14,182,1,2,0,1,1092,1.0769230769230769,-0.0004955886010538269,7.253008588835388e-05,-4.139481808257045,200,14,0.07692307692307693,6.601291239463215e-05,7.151398842751816e-05,6.771472538946572e-05,3.265078298372862e-05,0.0001853007638793628,-4.145609000119395
14,14,196,0,2,0,0,1274,1.0,0.0006446594785993163,0.00011430595271033812,-3.9419311522649494,200,13,0.0663265306122449,7.290559371688499e-05,7.80846796093413e-05,7.42130293298534e-05,5.0845637817775604e-05,0.00021644178651156993,-4.107434167323761
14,12,168,0,2,0,0,1092,0.8571428571428571,-0.0012852421753844112,0.0003576255975407124,-3.4465714035427317,200,13,0.07738095238095238,0.00011799598606353014,0.00012789242360434233,9.727856348138941e-05,6.1353453812821e-05,0.0012688980724527793,-3.8931551825290613
13,10,130,0,0,0,0,120,0.7692307692307693,0.020721628448711567,0.11907816437144544,-0.9241678687641154,200,75,0.5769230769230769,0.020900943403950673,0.049402229863883415,0.027395739603184324,1.6113864821958889e-06,0.17825185851116024,-1.3062534479240464
13,6,78,0,2,0,1,468,0.46153846153846156,-0.002762000402686082,0.0004330833592799235,-3.3634285032056144,200,0,0.0,0.0005431490930068771,0.0005431490930068771,0.00044182502524181425,0.00031062144203250887,0.0012391400475753004,-3.2650809413458237
13,10,130,0,1,1,0,130,0.7692307692307693,0.0013365257949947468,0.00012185363143595666,-3.9141615236060776,200,1,0.007692307692307693,0.0001331473417580946,0.00013417949169420386,0.0001226743570351131,9.567193510650734e-05,0.000298986265430649,-3.872313857674194
14,14,196,1,1,1,1,196,1.0,0.00013399703842693921,2.4692405008363947e-05,-4.607436608286207,200,15,0.07653061224489796,2.8906007553590607e-05,3.130153304145724e-05,3.0441991810808807e-05,2.1106029418259645e-05,5.997912142140399e-05,-4.504434391682272
13,7,91,1,2,1,1,546,0.5384615384615384,1.4948437453143892e-18,5.9487944146701025e-34,-18.0,200,68,0.7472527472527473,0.003449735717806555,0.013648954361756371,0.01228852612800565,0.0032675862830887975,0.029454001453450906,-1.864900618389787
14,4,56,1,1,1,0,56,0.2857142857142857,0.0002664872726234213,1.934797100531526e-05,-4.713364572112662,200,8,0.14285714285714285,2.5456200288369567e-05,2.9698900336431164e-05,2.4656014348881352e-05,1.5090652820107138e-05,6.470546190706743e-05,-4.527259631041759
14,9,126,0,0,1,1,117,0.6428571428571429,0.00037511206676308376,6.795302372309127e-05,-4.167791213588789,200,7,0.05555555555555555,7.705674416513715e-05,8.158949382190991e-05,7.691067098969475e-05,5.271803262999802e-05,0.0001778208665009075,-4.088365761208507
13,19,247,0,1,0,0,247,1.4615384615384615,0.0008449136794589726,0.004565428793765175,-2.3405184264493717,200,42,0.1700404858299595,0.00128921895092556,0.0015533516140420164,0.001000071741442343,1.0438728420626908e-05,0.006449541114619039,-2.8087302269797547
14,17,238,0,2,0,0,1547,1.2142857142857142,1.0845981511230924e-05,6.696706255704224e-05,-4.174138750537407,200,13,0.0546218487394958,6.245230081740249e-05,6.60606559757413e-05,6.540770923220048e-05,4.770344858109549e-05,0.00014922202048645353,-4.180057118122197
14,4,56,1,2,0,1,364,0.2857142857142857,1.2827742263032265e-06,3.3753290141392445e-05,-4.471683887407541,200,19,0.3392857142857143,0.0011570907237079965,0.0017512724466931843,0.0009961586463068232,2.906288612705443e-05,0.0075521248256774955,-2.7566462851608375
13,15,195,0,2,0,1,1170,1.1538461538461537,0.00013238256355598037,0.00013407999820966873,-3.8726360045128065,200,0,0.0,0.00013598327162398093,0.00013598327162398093,0.00012924187661485502,9.493883015409264e-05,0.0002893524413678989,-3.8665145143374517
13,20,260,1,1,1,1,260,1.5384615384615385,-0.000334325622092356,4.990243158111256e-05,-4.301878292121484,200,13,0.05,5.8796914772530224e-05,6.189148923424235e-05,6.065006259257095e-05,3.8113514533069464e-05,0.00013866371558392214,-4.208369067179016
13,11,143,1,1,1,1,143,0.8461538461538461,5.445916031658487e-05,6.321356078070092e-05,-4.1991897454442,200,14,0.0979020979020979,5.6308332104595374e-05,6.241931388338865e-05,6.0097825395438064e-05,4.523233402507383e-05,0.00014534626134596562,-4.204681009433838
13,10,130,0,1,0,1,130,0.7692307692307693,-0.0007878663654299196,0.00015041650317438506,-3.8227045118536003,200,0,0.0,0.0001543608693809168,0.0001543608693809168,0.00014063387382376417,6.89308648765414e-05,0.00038394173760005563,-3.8114627840895525
14,8,112,0,2,1,1,728,0.5714285714285714,-7.297324365867358e-18,3.976607381503715e-33,-18.0,200,76,0.6785714285714286,0.00836154986906768,0.026013710703766114,0.027149232494401453,0.00013357041111570678,0.06758913488076457,-1.584797693816204
13,6,78,0,1,0,1,78,0.46153846153846156,-0.0007304293606200024,0.0001574112708195146,-3.8029641749027543,200,0,0.0,0.00020251199824007095,0.00020251199824007095,0.00018482172496288936,9.79877444820606e-05,0.0004100781170513061,-3.6935492410167647
14,8,112,1,1,1,0,112,0.5714285714285714,-0.00029471156285438725,2.907584936762075e-05,-4.536467589745415,200,9,0.08035714285714286,2.866757810732745e-05,3.1172512116705575e-05,3.0087462916292025e-05,1.3683519295422546e-05,6.139060465446293e-05,-4.506228197580026
13,16,208,0,0,1,1,192,1.2307692307692308,-0.0009106837129520952,0.00011050369391420327,-3.956623204153156,200,6,0.028846153846153848,0.00012265231612013284,0.00012629545422271102,0.00012216183919403124,9.090522391897864e-05,0.00029756491566355117,-3.8986122808106325
14,8,112,0,1,1,0,112,0.5714285714285714,-0.0005024215244358771,4.8553499467282326e-05,-4.3137794630873945,200,1,0.008928571428571428,6.922490246034781e-05,6.984855023026085e-05,6.341425877373435e-05,4.709839881371513e-05,0.00014539682716583843,-4.155842603630428
13,5,65,1,0,0,0,60,0.38461538461538464,0.019000808432447776,0.39896425628557664,-0.3990660115646102,200,61,0.9384615384615385,0.019776793602530433,0.3213728960411195,0.36816367566654074,0.15019997654581999,0.39896425628557664,-0.49299075357186933
13,18,234,0,1,0,0,234,1.3846153846153846,-0.003265656265074537,0.004366573668583628,-2.359859208449634,200,42,0.1794871794871795,0.0015451460579207314,0.001883146758090891,0.001349852605784131,1.3650424288273186e-05,0.0069342690774771365,-2.725115833065955
13,12,156,1,1,1,1,156,0.9230769230769231,1.4606897617650688e-05,5.979257214969429e-05,-4.223352763750087,200,13,0.08333333333333333,5.873786823754473e-05,6.407767444095788e-05,6.132284911997821e-05,3.727898948754823e-05,0.00014040198067181484,-4.193293258406131
13,13,169,0,0,0,1,156,1.0,0.0010239982308000897,0.0002051893798973576,-3.687845121003361,200,0,0.0,0.00016988532078944646,0.00016988532078944646,0.00016147377641634357,9.201824648131039e-05,0.00042160345476714397,-3.769844145413235
13,1,13,1,1,0,1,13,0.07692307692307693,1.5275957300578548e-18,1.3603031352798644e-33,-18.0,200,6,0.46153846153846156,0.004362993419181975,0.008102702064195095,0.007911429616827538,0.004909351732174447,0.01329411436872808,-2.0913701297779252
13,2,26,1,2,0,1,156,0.15384615384615385,-0.006263526376497017,0.009122497042479881,-2.0398862687618755,200,9,0.34615384615384615,0.0037170848650606245,0.005684953323033896,0.005171385435355086,4.25643784991826e-06,0.013720689204295795,-2.2452730967866303
13,18,234,1,1,1,0,234,1.3846153846153846,2.9335490025870768e-05,5.861681779561333e-05,-4.231977762344501,200,7,0.029914529914529916,6.06007672722899e-05,6.246951339962923e-05,6.030751004040907e-05,4.4142509400277275e-05,0.0001288929468377066,-4.204331876936625
13,12,156,0,0,0,0,144,0.9230769230769231,-0.0209076906536444,0.11525250932556633,-0.9383496101952945,200,78,0.5,0.01978807382253633,0.03957614764507266,0.021762715099863075,8.072189526271032e-09,0.1668269667728708,-1.4025664824366606
13,5,65,0,0,1,1,60,0.38461538461538464,0.0008033208000415539,0.00029737064823538213,-3.5267019004357665,200,6,0.09230769230769231,0.00024678679004597214,0.00027188375174556245,0.00024262342843979717,0.00013950997842927413,0.0005651163290055077,-3.565616745844254
14,18,252,0,0,0,0,234,1.2857142857142858,-0.005423431088031247,0.06312267104849265,-1.199814632151652,200,91,0.3611111111111111,0.015237680728385524,0.023850282879212124,0.009938231146701832,4.031192954217045e-08,0.13026798311060295,-1.6225064655902273
14,9,126,0,0,1,0,117,0.6428571428571429,0.005718148561902099,0.030700539644567572,-1.512853990561964,200,81,0.6428571428571429,0.006655239101983822,0.0186346694855547,0.020370050148368984,1.657118360423183e-05,0.061003115741118406,-1.7296783057205913
13,1,13,0,0,0,1,12,0.07692307692307693,0.0006839735916840274,3.92237899284097e-05,-4.406450445714784,200,0,0.0,6.240314349198886e-05,6.240314349198886e-05,4.82022040123818e-05,1.9083924743894795e-05,0.00017716774072856648,-4.204793532643877
13,18,234,0,1,1,0,234,1.3846153846153846,0.00048426265700334486,0.00012699735186421778,-3.896205334813713,200,1,0.004273504273504274,0.00012742822458975336,0.00012797512684121153,0.00012257608135498284,9.142043130339272e-05,0.0002939629924014734,-3.8928744313310597
14,15,210,0,1,1,0,210,1.0714285714285714,-0.00014747938755692877,5.715599580554155e-05,-4.242938204311983,200,1,0.004761904761904762,6.489780144908596e-05,6.520831724549308e-05,6.179903059898311e-05,4.073683531546636e-05,0.00015444293122858274,-4.18569700697589
13,16,208,0,1,0,0,208,1.2307692307692308,0.0009642101678490145,0.00827081824534016,-2.0824515228709894,200,42,0.20192307692307693,0.002168061540585856,0.002716607231577458,0.0014955434076181298,1.6378512640992978e-05,0.009915831873608087,-2.5659731475552587
14,1,14,1,2,0,0,91,0.07142857142857142,0.11597706460802212,0.45631012105782554,-0.34073989837435315,200,13,0.9285714285714286,0.032593580075558966,0.45631012105782554,0.45631012105782554,0.45631012105782554,0.45631012105782554,-0.34073989837435315
14,14,196,0,0,0,1,182,1.0,-0.0005990264297310267,0.00012065546946432686,-3.9184529861933526,200,0,0.0,0.00011559019450926038,0.00011559019450926038,0.00010476200918411622,4.5996923440547524e-05,0.0003555611522522671,-3.937079005458206
14,11,154,1,0,0,0,143,0.7857142857142857,0.02169415681516429,0.09201322504222699,-1.0361497471100776,200,132,0.8571428571428571,0.009017883249145212,0.06312518274401648,0.06353884717806121,0.0014120246043015177,0.152828095568018,-1.1997973516122433
14,8,112,0,1,0,1,112,0.5714285714285714,0.00037464316566675817,4.284241312608099e-05,-4.368126075239208,200,0,0.0,7.668453967723378e-05,7.668453967723378e-05,7.113504553468753e-05,3.2544297314601336e-05,0.0001426047212254717,-4.115292185068706
14,19,266,0,2,0,1,1729,1.3571428571428572,0.00027305156668848575,5.89402094054104e-05,-4.2295883255025055,200,0,0.0,6.432311149828036e-05,6.432311149828036e-05,6.153052414916254e-05,4.586834896665281e-05,0.00015008709053363113,-4.191632955648757
14,9,126,0,0,0,0,117,0.6428571428571429,0.002870972346699583,0.14570862759884587,-0.8365147323230869,200,81,0.6428571428571429,0.020705116762254793,0.05797432693431343,0.0359006528190871,1.711855255420326e-06,0.2014640938885443,-1.236764284697917
13,8,104,1,0,0,0,96,0.6153846153846154,0.004322893162950884,0.056993845041516084,-1.244172042728164,200,84,0.8076923076923077,0.011146620199713804,0.057962425038511775,0.04077713455219299,0.0002582276807735949,0.1925310666719991,-1.2368534527589685
14,20,280,1,1,0,0,280,1.4285714285714286,0.0017290031833138392,0.008511368989612664,-2.0700005812999027,200,96,0.34285714285714286,0.0014912936040241888,0.002269359832210722,0.001043964442097952,3.6791269425898252e-06,0.01831470238780665,-2.644096636440559
13,18,234,0,0,0,1,216,1.3846153846153846,-0.0006082047137928988,0.0001138929425258614,-3.9435031865182304,200,0,0.0,0.00017409783680055028,0.00017409783680055028,0.0001630973470039376,9.794918474575485e-05,0.00039838872753482113,-3.7592066250424665
14,18,252,1,2,0,0,1638,1.2857142857142858,0.0005241191649170511,4.604968958574811e-05,-4.3367732929731275,200,41,0.1626984126984127,0.000109793138117742,0.00013112734978990988,3.4225884312232624e-05,8.294098409976945e-06,0.0054186911451787004,-3.8823067162119393
13,14,182,1,1,1,1,182,1.0769230769230769,-0.00041833336327326304,6.66822225123008e-05,-4.175989933607941,200,19,0.1043956043956044,5.5394796556981445e-05,6.18518587323351e-05,6.03525734046793e-05,2.5843219122505344e-05,0.00012987501970445616,-4.208647244699904
14,20,280,1,1,0,0,280,1.4285714285714286,-0.0008022218303767509,0.008756184134656748,-2.0576851141867336,200,75,0.26785714285714285,0.0014106576455989925,0.0019267519061839902,0.0005590172802101031,4.6406721220498086e-07,0.013272688329956714,-2.7151742026833166
14,6,84,1,2,0,1,546,0.42857142857142855,0.0012726372321025985,0.00013401882819037426,-3.872834183689159,200,16,0.19047619047619047,0.00029285205877460044,0.0003617584255450946,0.00019323022369719837,1.0102284149863855e-05,0.0014553209935473318,-3.4415813451429145
13,17,221,1,2,0,0,1326,1.3076923076923077,0.000980758722599757,0.0002393946472779348,-3.620885564387607,200,24,0.1085972850678733,8.072506990554592e-05,9.055959618845512e-05,6.580520408825881e-05,2.094709461295006e-05,0.0010031909244005738,-4.04306552270082
13,19,247,0,0,0,0,228,1.4615384615384615,0.012343343674854443,0.07077691127231747,-1.1501083940389694,200,78,0.3157894736842105,0.016278137957390585,0.02379112470695547,0.00952215032572395,7.864801955892928e-07,0.13594257779705204,-1.6235850265428644
14,1,14,1,2,1,0,91,0.07142857142857142,0.0,0.0,-18.0,200,14,1.0,9.761469967871823e-35,nan,nan,nan,2.9839094666809793e-34,nan
13,6,78,0,1,0,1,78,0.46153846153846156,0.0014700644166353294,0.00010938159017421024,-3.961055767203245,200,0,0.0,0.00017992060992125022,0.00017992060992125022,0.0001626600933051428,7.340868683854624e-05,0.0003815608725052291,-3.7449190853348497
14,15,210,1,1,1,0,210,1.0714285714285714,-0.00022446706109331907,3.2212667042044046e-05,-4.491973316357225,200,4,0.01904761904761905,3.132056080326158e-05,3.192872703245113e-05,3.031350756044334e-05,1.7316981433247823e-05,6.849617675353798e-05,-4.49581839601748
14,11,154,0,2,0,1,1001,0.7857142857142857,-0.0010706773460765096,7.019820334483294e-05,-4.153674003075467,200,0,0.0,8.420071528434112e-05,8.420071528434112e-05,7.77386321650916e-05,5.750303408623737e-05,0.0001918233640928367,-4.074684219156849
13,18,234,0,1,1,0,234,1.3846153846153846,-0.0010237598242175212,0.00012431637091851646,-3.905471676415324,200,1,0.004273504273504274,0.00012775429106158732,0.00012830259273996324,0.00012295771097760137,8.812668530389558e-05,0.0002889655905152689,-3.8917645673095476
14,5,70,1,2,1,0,455,0.35714285714285715,-0.01781345161477554,0.040200850793393784,-1.3957647555979624,200,21,0.3,0.0025795783977009567,0.0036851119967156523,7.507041296785775e-06,1.7132070283325481e-06,0.040259631069845675,-2.433549308668845
13,7,91,0,0,0,0,84,0.5384615384615384,0.014367319749871568,0.18419228787104372,-0.7347285576634195,200,63,0.6923076923076923,0.024392508926060846,0.07927565400969776,0.06175412694201239,0.00013936505813872503,0.22133629301323915,-1.1008601664357682
13,6,78,1,1,1,0,78,0.46153846153846156,8.363329092108006e-05,5.480592934821824e-05,-4.2611724534880615,200,5,0.0641025641025641,6.528026149028495e-05,6.975151227729077e-05,6.008658395641091e-05,3.876163524304961e-05,0.0001434511227046599,-4.156446372046298
13,7,91,0,2,0,1,546,0.5384615384615384,-0.0008135450687377223,0.00022519243919432295,-3.647446194954382,200,0,0.0,0.00032385854037086134,0.00032385854037086134,0.0002877735749360984,0.0002097009248378695,0.0006560622629358134,-3.489644645817026
14,20,280,1,0,0,1,260,1.4285714285714286,0.000443984801618494,2.479410880286216e-05,-4.605651497332745,200,17,0.060714285714285714,2.8826242703613983e-05,3.068953595822021e-05,2.9652029932419258e-05,1.3720394290698164e-05,6.975593855101631e-05,-4.513009678277462
14,16,224,1,1,0,0,224,1.1428571428571428,0.0028289792672215996,0.019503859872138228,-1.709879431956197,200,119,0.53125,0.0028480618182072834,0.006075865212175539,0.004059884998898842,1.8806584545005397e-07,0.028880938585120194,-2.2163918691505433
13,12,156,0,2,1,0,936,0.9230769230769231,0.0019225441480948651,0.0004514944152338824,-3.345347617328567,200,12,0.07692307692307693,0.00014570516054950846,0.0001578472572619675,0.00013726983132297655,8.939623416719845e-05,0.0010514332329363348,-3.8017629599633476
13,20,260,0,2,0,1,1560,1.5384615384615385,-0.0006622282382849287,0.00012544926424733587,-3.901531881453867,200,0,0.0,0.0001294464596472815,0.0001294464596472815,0.00012359685472894172,9.453045301425053e-05,0.00031304086672200027,-3.88790982299408
13,1,13,0,2,0,1,78,0.07692307692307693,-0.0004846700120586396,7.022844156299463e-05,-4.153486968891152,200,0,0.0,8.55208604697326e-05,8.55208604697326e-05,7.745383977432646e-05,3.725004081505264e-05,0.00014937697095968117,-4.067927938115266
14,14,196,0,2,0,1,1274,1.0,-0.0013369605055597697,6.721080871565865e-05,-4.172560878909072,200,0,0.0,7.005752526563133e-05,7.005752526563133e-05,6.635517838861924e-05,4.652000407776278e-05,0.0001530676362915706,-4.15454520790418
14,20,280,0,1,0,1,280,1.4285714285714286,0.0003059476140782378,9.124505604173236e-05,-4.039790657742312,200,0,0.0,9.400633094204752e-05,9.400633094204752e-05,9.102968514288423e-05,5.006711568516374e-05,0.0002139671825969772,-4.026842897457633
13,14,182,0,2,1,0,1092,1.0769230769230769,-0.00033083500830159403,0.00021407965007629506,-3.6694246137873567,200,12,0.06593406593406594,0.00012979662290576167,0.00013895873746381542,0.0001289023246839057,9.401810112907184e-05,0.0007613686612788337,-3.857114140408605
13,19,247,0,1,1,0,247,1.4615384615384615,-0.00032272273241181046,0.00011992660336005249,-3.921084466518363,200,1,0.004048582995951417,0.00012660072778487746,0.00012711536488969403,0.0001219636008072538,9.09433667191625e-05,0.0003132569963030828,-3.8958019515427265
13,1,13,1,2,1,1,78,0.07692307692307693,0.0,0.0,-18.0,200,13,1.0,1.1237326690556647e-34,nan,nan,nan,4.446832272352504e-34,nan
14,9,126,1,2,0,1,819,0.6428571428571429,-5.596038549025698e-05,6.653819311858391e-05,-4.1769289968138015,200,13,0.10317460317460317,0.00010568652189782975,0.00011784514831085442,7.338998685244628e-05,2.2154782805892927e-05,0.0008553006213613138,-3.9286882926916062
13,16,208,0,1,0,1,208,1.2307692307692308,-0.0004429338286165456,0.0001485966456758418,-3.827990993946334,200,0,0.0,0.00016498718938223178,0.00016498718938223178,0.00015526586519428294,9.232039937935965e-05,0.0003460718026375969,-3.7825497757654647
14,2,28,0,0,1,1,26,0.14285714285714285,8.641106282271398e-19,2.5111891167936382e-34,-18.0,200,7,0.25,0.00025869717624714677,0.00034492956832952906,0.0002479653265038802,0.00010998689733444078,0.0008957605691186174,-3.4622695750963985
13,1,13,1,1,0,0,13,0.07692307692307693,-0.09617622599454485,0.47259836277399275,-0.3255077872306329,200,12,0.9230769230769231,0.03635372021338406,0.47259836277399275,0.47259836277399275,0.47259836277399275,0.47259836277399275,-0.3255077872306329
13,16,208,0,0,1,1,192,1.2307692307692308,-0.0009348401275829366,0.0001119749485267324,-3.9508791285221334,200,6,0.028846153846153848,0.00012477183682798487,0.00012847793099119234,0.00012462559212225377,9.903273509657792e-05,0.0002981955634882831,-3.8911714658881165
13,14,182,0,2,0,1,1092,1.0769230769230769,-0.001745873971245573,0.00012566959957622807,-3.9007697687188445,200,0,0.0,0.00013857296832307897,0.00013857296832307897,0.0001306857614869966,8.705224778294385e-05,0.00029487869364677234,-3.8583214800639802
13,19,247,1,2,1,1,1482,1.4615384615384615,-2.656295322589486e-19,2.1986043730964936e-34,-18.0,200,87,0.3522267206477733,0.00039419032614662934,0.000608531315988859,8.719981585054183e-05,1.211077081214874e-06,0.005957515081187994,-3.2157170673744213
14,5,70,0,1,0,1,70,0.35714285714285715,-8.547514625653698e-05,4.214839438266446e-05,-4.375218964907104,200,0,0.0,0.00010351624318237405,0.00010351624318237405,8.994448683263183e-05,4.214839438266446e-05,0.00020906346596315343,-3.9849914978304226
13,5,65,0,0,0,0,60,0.38461538461538464,0.04743609174868438,0.19908524286960533,-0.7009609307200722,200,50,0.7692307692307693,0.026745951656862228,0.11589912384640298,0.12381155070051304,0.0009505852027555404,0.26546607570571207,-0.9359198471262291
14,17,238,0,1,0,1,238,1.2142857142857142,-0.00037135911925540154,6.358619317349922e-05,-4.196637174909953,200,0,0.0,8.140640659054968e-05,8.140640659054968e-05,7.769952513190102e-05,4.6293326522448415e-05,0.00019695534745376613,-4.089341415289707
13,12,156,1,1,0,0,156,0.9230769230769231,0.012124399636190906,0.023190929176525918,-1.6346818504067002,200,76,0.48717948717948717,0.004873984430535873,0.009504269639544951,0.003955049261382971,4.549054786895001e-07,0.04846382775652593,-2.02208125109759
14,18,252,0,1,0,1,252,1.2857142857142858,0.0002479705853000316,6.682691881095778e-05,-4.175048562432302,200,0,0.0,7.700137335201333e-05,7.700137335201333e-05,7.260043194470021e-05,4.858985571817849e-05,0.00016770617763902637,-4.113501528932944
14,3,42,1,0,1,1,39,0.21428571428571427,3.5706885649741845e-19,7.591749819945265e-35,-18.0,200,20,0.47619047619047616,0.0004550281376171563,0.00086869008090548,0.00027121501810299675,5.535029133013929e-06,0.002685756339707672,-3.0611351374286615
14,5,70,0,1,0,0,70,0.35714285714285715,0.009902566128378771,0.09195677806906477,-1.036416253707014,200,45,0.6428571428571429,0.012424291287915383,0.03478801560616307,0.02795721148378731,0.00021638027147813336,0.12278129486377268,-1.4585703437695927
14,12,168,1,2,0,1,1092,0.8571428571428571,-3.75377170297269e-06,4.620225731795839e-05,-4.3353368054658565,200,14,0.08333333333333333,3.821433622172525e-05,4.1688366787336626e-05,3.8532123397850175e-05,1.2360854860556109e-05,0.00013013891762426246,-4.379985118765313
14,5,70,0,0,1,1,65,0.35714285714285715,0.0006702084829704007,0.00011284003849072933,-3.9475367743749796,200,7,0.1,0.0001485171247531854,0.00016501902750353935,0.0001480705969382343,8.065793579481265e-05,0.00039229258788269714,-3.7824659766142155
13,13,169,1,0,1,1,156,1.0,-0.0007832545216476796,5.143458885625777e-05,-4.288744727359892,200,12,0.07100591715976332,5.73683095517572e-05,6.175314849838834e-05,5.961342941001194e-05,3.0094410432203313e-05,0.00013682472539435598,-4.209340894900397
13,15,195,1,2,1,1,1170,1.1538461538461537,1.0833890208561403e-18,1.7108395977663501e-34,-18.0,200,89,0.4564102564102564,0.00014708029289950425,0.00027057223693776727,0.0002822618055898918,9.803685629179846e-06,0.0010073779281268762,-3.567716767839288
13,3,39,1,1,1,1,39,0.23076923076923078,-4.684727473026722e-19,3.845556411401918e-35,-18.0,200,17,0.4358974358974359,0.00020957221829576094,0.00037151438697884896,0.0002693579971002351,3.943996994474046e-05,0.0010201749612129948,-3.4300243634254985
13,1,13,0,1,1,1,13,0.07692307692307693,1.0619898615630373e-19,6.342504665321387e-34,-18.0,200,7,0.5384615384615384,0.008533958335883378,0.018490243061080654,0.019347724131798253,0.01371665281152672,0.021364138160898317,-1.7330573798417854
14,11,154,0,1,0,0,154,0.7857142857142857,-0.005792303483436163,0.019474079723364988,-1.7105430564029094,200,49,0.3181818181818182,0.00432407679919194,0.006341979305481512,0.003209385071619095,7.528244312204024e-06,0.029731175401720034,-2.19777517945334
13,1,13,0,0,0,0,12,0.07692307692307693,-0.10256231010313904,0.5061840191006219,-0.2956915702128765,200,12,0.9230769230769231,0.03893723223850938,0.5061840191006219,0.5061840191006219,0.5061840191006219,0.5061840191006219,-0.2956915702128765
13,3,39,1,1,0,0,39,0.23076923076923078,-0.02607209839772716,0.13716155609289019,-0.862767596473964,200,35,0.8974358974358975,0.018281742823467877,0.1782469925288118,0.17971112750962942,0.12481501816495542,0.22875069693103292,-0.7489777890450184
14,1,14,0,1,0,1,14,0.07142857142857142,0.0006489968903046195,9.281061734756993e-05,-4.032402338525704,200,0,0.0,5.517366420177111e-05,5.517366420177111e-05,4.267747366421087e-05,9.805669427403955e-06,0.00018340363534820073,-4.258268172653347
13,4,52,1,1,0,0,52,0.3076923076923077,-0.0024153559579360574,0.13620747098537764,-0.8657990706997474,200,41,0.7884615384615384,0.010330459915948694,0.04883490142084837,0.020223588871167313,0.005965933825619238,0.15530199372196654,-1.311269684620227
13,6,78,0,0,1,1,72,0.46153846153846156,-0.0016408208447283642,0.00014561009912538583,-3.836808502479553,200,6,0.07692307692307693,0.0001648969627032262,0.00017863837626182837,0.000168234181587358,0.00011826908649259809,0.00033387953454106325,-3.7480252374496774
13,5,65,0,1,1,1,65,0.38461538461538464,0.0014107403166610964,0.0002201245950816949,-3.6573314299068804,200,7,0.1076923076923077,0.00019878285505726948,0.00022277388928831926,0.00020070384511859765,0.00012844309111119777,0.0004113143814464936,-3.652135712971043
14,6,84,1,1,1,0,84,0.42857142857142855,0.00032063114173403546,3.25527758954183e-05,-4.4874119716223655,200,7,0.08333333333333333,3.147518193451796e-05,3.433656211038323e-05,3.0505669181035488e-05,1.966239282918095e-05,7.314360839991042e-05,-4.46424318999142
14,12,168,1,2,0,0,1092,0.8571428571428571,0.0017228463709497998,0.01134601454715807,-1.9451566639454374,200,21,0.125,0.00045685650534218173,0.0005221217203910648,5.611048547741264e-05,1.823531396710202e-05,0.016511932137836072,-3.282228239656986
13,16,208,1,2,0,0,1248,1.2307692307692308,-0.000849863881289732,0.0008859946191731721,-3.0525689156642986,200,51,0.24519230769230768,0.00012698782612748381,0.00016823864862749449,7.700754796240617e-05,3.086994147320206e-05,0.0028038677310875055,-3.77407422876669
13,17,221,0,0,1,0,204,1.3076923076923077,0.0022092019923143926,0.0017090654665743278,-2.767241301101717,200,78,0.35294117647058826,0.0006163334792473185,0.0009525153770185834,0.001070427259927652,3.406653899973886e-08,0.00336997465076738,-3.0211280045232995
13,13,169,0,0,0,0,156,1.0,-0.015388820752988508,0.09905644845398504,-1.0041172471640505,200,78,0.46153846153846156,0.01884011613513987,0.0349887871081169,0.016772742660454195,4.549599757622076e-08,0.16249987641287444,-1.456071112143611
14,8,112,0,2,1,1,728,0.5714285714285714,2.0785045031141735e-18,4.1639668038854035e-33,-18.0,200,76,0.6785714285714286,0.008629442786530625,0.02684715533587305,0.02597272655347154,0.0002302950181050658,0.07597475865714282,-1.5711017243920664
14,20,280,1,1,1,0,280,1.4285714285714286,4.879806623331085e-05,3.335341226841475e-05,-4.476859728358069,200,12,0.04285714285714286,2.9515360040180244e-05,3.083694332556145e-05,3.0140411132747495e-05,1.3203150304516543e-05,7.315573713590901e-05,-4.510928677399055
14,19,266,0,1,0,0,266,1.3571428571428572,0.00634259694731036,0.005205244532584463,-2.2835588633373987,200,49,0.18421052631578946,0.0014500257461529905,0.0017774509146391497,0.0011459256514435427,8.386652545669849e-06,0.00963169139677742,-2.750202383732207
14,12,168,0,2,0,0,1092,0.8571428571428571,-0.0032793132222141167,0.0012340782445934965,-2.9086573037404495,200,13,0.07738095238095238,0.00011281086335241479,0.00012227241963358505,9.564769730733115e-05,6.795885420186917e-05,0.0012340782445934965,-3.9126714935095004
14,12,168,0,2,1,0,1092,0.8571428571428571,-0.0010850933961997597,0.0001326491397819856,-3.8772955620340697,200,13,0.07738095238095238,7.63229253601525e-05,8.2724202971004e-05,6.988409512554306e-05,5.264990621317131e-05,0.0006387206519103823,-4.082367408477114
14,4,56,0,2,1,1,364,0.2857142857142857,6.72605455054656e-18,3.3369530844175056e-32,-18.0,200,46,0.8214285714285714,0.02232322480994031,0.12501005893566575,0.124692516038623,0.017469150777168624,0.2544574581873496,-0.9030550400760122
13,1,13,1,0,0,0,12,0.07692307692307693,0.0,0.0,-18.0,200,13,1.0,1.163606653466048e-34,nan,nan,nan,4.629789447445853e-34,nan
14,7,98,0,2,0,1,637,0.5,0.0016369250081610751,0.00017448081885321307,-3.7582523092439053,200,0,0.0,0.0001991427115208996,0.0001991427115208996,0.0001678345358365227,0.0001283003665766601,0.000451225684495106,-3.7008355838274816
13,15,195,1,0,1,1,180,1.1538461538461537,-0.0002497936769411292,6.25718697536209e-05,-4.203620867372685,200,19,0.09743589743589744,5.684674209934048e-05,6.298360630324654e-05,6.018867598992022e-05,2.7638831719850664e-05,0.00014709728101215813,-4.200772476237413
13,14,182,1,1,0,1,182,1.0769230769230769,0.00039810856135301625,4.51080764760251e-05,-4.345745691937074,200,10,0.054945054945054944,4.6244979732986335e-05,4.893364134536926e-05,4.579939264114307e-05,1.9313525990291178e-05,0.00013001826728450828,-4.310392465471221
13,11,143,1,1,1,1,143,0.8461538461538461,0.0002560089667947013,6.140455310233696e-05,-4.21179942504926,200,16,0.11188811188811189,5.551468464081597e-05,6.250866065855657e-05,5.951431895327081e-05,3.073611358067604e-05,0.00013583018500581222,-4.204059806405624
14,11,154,1,2,1,0,1001,0.7857142857142857,-0.002008764226160781,0.004227311995996049,-2.3739356979625286,200,26,0.16883116883116883,0.0001382920466416765,0.000166382618615767,2.8479072193089105e-05,1.1011225647687347e-05,0.004227311995996049,-3.778892044833371
14,2,28,1,0,0,1,26,0.14285714285714285,-0.0006312623229216429,4.111290511130429e-05,-4.386021834111607,200,9,0.32142857142857145,3.69353594802242e-05,5.4431056076119864e-05,4.111290511130429e-05,1.3094579857679282e-05,0.00011815783143476645,-4.264153239381586
14,7,98,0,0,0,0,91,0.5,0.01760309237245008,0.18504825257151172,-0.7327150116341661,200,70,0.7142857142857143,0.021619098743156123,0.07566684560104643,0.051962139826051454,0.000229461073033658,0.2255944274935302,-1.1210943705205239
13,17,221,0,1,0,0,221,1.3076923076923077,-0.0114351967498419,0.007276735699072219,-2.1380633989577618,200,42,0.19004524886877827,0.0019477177314795413,0.0024047241265752993,0.0016047663302744225,2.001934320126653e-05,0.011533679629667077,-2.6189347393226625
14,17,238,1,0,1,1,221,1.2142857142857142,-0.0002772587826919265,2.8778504624586208e-05,-4.540931776423148,200,19,0.07983193277310924,2.7968259394778078e-05,3.039472938793234e-05,2.9982445683708155e-05,1.5102305667717314e-05,6.435081194978236e-05,-4.517201718897434
13,8,104,0,2,1,1,624,0.6153846153846154,-3.9967249616194163e-19,1.5922741652480567e-33,-18.0,200,68,0.6538461538461539,0.009349779754347958,0.0270104748458941,0.025046489486651585,4.223567953479511e-05,0.07606091288432335,-1.5684677808203666
14,7,98,1,0,0,0,91,0.5,-0.01736290813353274,0.08630009407788712,-1.063988730849275,200,88,0.8979591836734694,0.011941994017875426,0.11703154137517917,0.11674948751347312,0.03653967992821361,0.18369452302315145,-0.9316970750136068
13,13,169,0,2,1,0,1014,1.0,1.1946942029520471e-05,0.00022589547946509075,-3.646092459929615,200,12,0.07100591715976332,0.00013421630477848757,0.00014447487584435924,0.00013243501716955216,9.13624667322244e-05,0.0006178265852256527,-3.8402076700758574
13,17,221,1,2,1,1,1326,1.3076923076923077,-6.99445926524711e-19,1.5538682542441328e-34,-18.0,200,88,0.39819004524886875,0.0001701877232745903,0.000282793134163041,0.00021018894752094318,1.4858051249100028e-06,0.00168894117644158,-3.5485311388330647
14,11,154,1,1,0,0,154,0.7857142857142857,0.018772593111009494,0.053584372953874485,-1.2709618470502888,200,98,0.6363636363636364,0.005424987738464822,0.01491871628077826,0.006262165576243676,2.0965392120186422e-05,0.0723712854129803,-1.826268545238679
14,2,28,1,0,0,0,26,0.14285714285714285,-0.009343151446717206,0.379604488685575,-0.4206686608394482,200,25,0.8928571428571429,0.03192144601488061,0.2979334961388857,0.379604488685575,0.104269340127406,0.40992665960367597,-0.5258806670753388
14,13,182,0,2,1,1,1183,0.9285714285714286,-1.0127803543730219e-18,4.570868066163653e-34,-18.0,200,91,0.5,0.001962258920518947,0.0039245178410378945,0.004061262177702602,9.068685118765084e-08,0.013082997302347334,-2.406213692253582
13,16,208,0,1,1,0,208,1.2307692307692308,-0.0009397394327574681,0.000112152479747018,-3.950191119508205,200,1,0.004807692307692308,0.00012776305559629425,0.00012838026842526188,0.00012359084977379625,7.929873515440965e-05,0.0002574337055491675,-3.891501720601514
14,16,224,0,1,1,1,224,1.1428571428571428,-0.0005825950474438691,5.46093364932054e-05,-4.262733100137047,200,7,0.03125,6.084774820550369e-05,6.2810578792778e-05,6.0847283006737804e-05,4.564749304703132e-05,0.00014045321218023336,-4.2019672046002015
13,8,104,0,0,0,0,96,0.6153846153846154,-0.006354909532257316,0.1489621614057461,-0.8269240348067538,200,68,0.6538461538461539,0.02160423147724836,0.062412224267606384,0.04872216347474761,2.763624912249111e-05,0.19901298605613266,-1.204730339612124
14,16,224,1,2,0,1,1456,1.1428571428571428,-0.0007585881289314459,2.9499445221586262e-05,-4.530186151461475,200,6,0.026785714285714284,3.136764111360035e-05,3.2230970685534306e-05,3.1131996004790576e-05,1.3849323156331697e-05,7.201899904993165e-05,-4.491726614840656
13,10,130,1,1,1,0,130,0.7692307692307693,-0.0004574916773964137,6.99690860895043e-05,-4.155093798645775,200,8,0.06153846153846154,6.036504062741208e-05,6.432340394724238e-05,6.0141735364863375e-05,4.1531704977053276e-05,0.00014195985115637028,-4.191630981106812
14,19,266,0,1,1,1,266,1.3571428571428572,0.0004024787740971017,5.744293147406805e-05,-4.240763404933487,200,7,0.02631578947368421,6.049934332780856e-05,6.213446071504662e-05,6.052094190442444e-05,4.378402074444857e-05,0.00011782438516274584,-4.206667466692871
13,5,65,0,0,0,0,60,0.38461538461538464,-0.010728065522808736,0.19840969578296389,-0.7024371087839013,200,50,0.7692307692307693,0.027522120508785167,0.11926252220473571,0.10462311314084313,0.002778321605737219,0.28371267883472334,-0.9234960102844593
14,13,182,0,2,0,0,1183,0.9285714285714286,-0.0016243394956263401,0.00018331096569044623,-3.7368115546973235,200,13,0.07142857142857142,8.58790266992408e-05,9.24851056761055e-05,8.398724390357933e-05,5.862327145628378e-05,0.0003375311316177317,-4.033928202866533
14,9,126,0,0,1,0,117,0.6428571428571429,-0.008922267542410472,0.03765658284973476,-1.424159092626234,200,81,0.6428571428571429,0.006530243734382422,0.01828468245627078,0.02078156984968235,1.045882785383653e-05,0.048533092566695586,-1.7379125775018653
13,6,78,0,2,1,1,468,0.46153846153846156,2.876908858732686e-19,3.300667318990261e-33,-18.0,200,57,0.7307692307692307,0.015500389378082425,0.057572874832877576,0.05154013287193866,0.0015812908713686478,0.13169647795731998,-1.239782084026144
13,1,13,1,1,1,0,13,0.07692307692307693,-2.902393714379016e-19,1.8064419948498426e-34,-18.0,200,4,0.3076923076923077,0.001191202384807925,0.001720625666944781,0.0017319127644105136,0.0011714740370407097,0.002175076644255894,-2.7643136029223796
13,16,208,0,2,0,0,1248,1.2307692307692308,0.0013985069666014448,0.00015117931468203638,-3.8205076277105476,200,12,0.057692307692307696,0.00012749482135974684,0.00013530062674911908,0.0001330552654306378,9.618874032575622e-05,0.0002743321668700084,-3.8687001916281454
14,2,28,0,1,0,1,28,0.14285714285714285,0.00012683375108614296,0.00012980375834218647,-3.8867127327772315,200,0,0.0,0.00014423586838481966,0.00014423586838481966,0.00011977693210319035,2.6810233180777715e-05,0.0004147912679556112,-3.840926726408874
13,9,117,1,0,1,1,108,0.6923076923076923,-0.0007192321220745489,6.809405233774806e-05,-4.166890819800877,200,17,0.1452991452991453,5.531224243245989e-05,6.471532364597807e-05,6.146660477591916e-05,3.481082630412607e-05,0.00014029380402095864,-4.188992872547248
14,6,84,0,2,0,0,546,0.42857142857142855,-0.004966137820407342,0.01746415888568889,-1.7578523261500367,200,13,0.15476190476190477,0.0016719370179064858,0.0019780663310442932,0.0006070751169439567,0.00026343341989283316,0.021582340178050684,-2.7037591491779143
13,10,130,0,0,0,1,120,0.7692307692307693,-0.0006757927926081953,0.0001765826494199044,-3.7530519713778125,200,0,0.0,0.00015911675877807027,0.00015911675877807027,0.00014457764930911476,6.875507673892709e-05,0.0003629858386348115,-3.798284076409108
13,1,13,0,0,0,0,12,0.07692307692307693,0.0558873339036777,0.4635636977391752,-0.3338905815282505,200,12,0.9230769230769231,0.035658745979936554,0.4635636977391752,0.4635636977391752,0.4635636977391752,0.4635636977391752,-0.3338905815282505
13,19,247,1,0,0,1,228,1.4615384615384615,0.0003361948612258391,3.691068061706806e-05,-4.432847946527137,200,12,0.048582995951417005,4.957826548981361e-05,5.2109921599931764e-05,4.968534246900853e-05,2.1362678177235252e-05,0.00014249920240688873,-4.283079580234556
14,4,56,0,1,1,0,56,0.2857142857142857,-0.0009560505856446577,0.00011439366581285168,-3.941598022559478,200,1,0.017857142857142856,0.00011408429104407887,0.00011615855088124394,9.412204878361071e-05,5.8136860843140925e-05,0.00024022059004726257,-3.9349488145865177
14,15,210,1,2,0,1,1365,1.0714285714285714,-0.000489079384278751,4.0889779848866684e-05,-4.388385227686793,200,14,0.06666666666666667,3.450325685633695e-05,3.6967775203218166e-05,3.500852141484137e-05,1.5389178060477785e-05,9.546120162993044e-05,-4.43217668537603
14,10,140,0,1,0,1,140,0.7142857142857143,0.0002231172227362952,7.329079074193517e-05,-4.13495059263346,200,0,0.0,8.690987052837237e-05,8.690987052837237e-05,8.066998982740787e-05,3.609615958958917e-05,0.00023145012998419543,-4.060930897054545
13,20,260,1,2,1,1,1560,1.5384615384615385,5.106592232406726e-19,2.354178805233611e-34,-18.0,200,99,0.38076923076923075,6.51706303600972e-05,0.00010524449623369733,9.463122656506269e-05,7.3254350103591165e-06,0.0004796691996483311,-3.977800606350566
14,5,70,0,1,0,1,70,0.35714285714285715,0.0006591302982202987,0.00012987159088600524,-3.886485839464242,200,0,0.0,0.00012721872088484418,0.00012721872088484418,0.00010332237289348627,4.7033774930087386e-05,0.0003678643136268733,-3.895448975332718
13,3,39,0,1,1,0,39,0.23076923076923078,0.0004466203196285562,0.00023191635594034573,-3.6346686215899036,200,1,0.02564102564102564,0.0002778375587607551,0.00028514907346498545,0.00022268352829714143,0.00012361870450544843,0.001127236994425011,-3.5449280352298413
13,12,156,1,1,1,0,156,0.9230769230769231,-0.0006640733608836475,6.751415241331845e-05,-4.170605180194677,200,9,0.057692307692307696,5.887839010928158e-05,6.248318950372741e-05,5.906669430207014e-05,2.39678494973e-05,0.0001398128642080908,-4.204236809660296
14,2,28,1,2,1,1,182,0.14285714285714285,2.1019291992704914e-18,3.493448055007903e-33,-18.0,200,25,0.8928571428571429,0.013332538574100893,0.12443702669160833,0.1280672224541067,0.10412817593586238,0.14111568168485591,-0.9050503745068772
13,12,156,1,0,1,0,144,0.9230769230769231,-0.00032883519781210494,0.0008165796398654714,-3.088001452730815,200,91,0.5833333333333334,0.0007693865348566195,0.0018465276836558873,0.0005605112960820516,2.6539007869537285e-05,0.01831178140825667,-2.7336441769007007
13,3,39,1,0,1,0,36,0.23076923076923078,0.0632811336926366,0.2794146216134792,-0.5537508712357976,200,37,0.9487179487179487,0.013264862183871918,0.2586648125855024,0.2586648125855024,0.23791500355752557,0.2794146216134792,-0.5872626464257955
14,2,28,0,0,0,1,26,0.14285714285714285,-0.0002765950432630859,4.82404915023538e-05,-4.316588275999068,200,0,0.0,9.281481088712627e-05,9.281481088712627e-05,8.927875213093613e-05,2.3888424028355812e-05,0.00023223958443388087,-4.032382715879102
13,8,104,1,0,0,0,96,0.6153846153846154,-0.0026882562611824077,0.0716177440905551,-1.144979363084711,200,82,0.7884615384615384,0.012224887487892685,0.05779037721549269,0.05443089184629421,0.0008382893310711949,0.1304924599129159,-1.2381444707512619
13,2,26,1,0,0,1,24,0.15384615384615385,0.00033641402672889524,3.6091385707635214e-05,-4.4425964431378775,200,12,0.46153846153846156,7.780457971663543e-05,0.00014449421947375149,0.00010287262925679675,1.934804111969334e-05,0.0005594022323020067,-3.8401495266158565
13,3,39,0,0,1,0,36,0.23076923076923078,-0.02382796618187816,0.28004763069655075,-0.5527680972668587,200,33,0.8461538461538461,0.028268530354647794,0.18374544730521067,0.18818738390886602,0.042163524342348976,0.29550836115311846,-0.7357834127048257
13,20,260,0,2,1,0,1560,1.5384615384615385,0.000829549276215806,0.00011524587595120583,-3.9383746067945418,200,12,0.046153846153846156,0.00011760557388456115,0.00012329616616929797,0.00012169196114720439,8.975609406460575e-05,0.0002843703815860794,-3.9090504273572653
14,14,196,0,0,0,0,182,1.0,0.019259648877090557,0.08696329143591655,-1.0606640311871207,200,91,0.4642857142857143,0.017341935106016077,0.03237161219789667,0.013512096972277335,1.6250295597277488e-09,0.15671968568258077,-1.4898356709645946
13,10,130,1,0,0,0,120,0.7692307692307693,-0.005942818465426599,0.06909282185722732,-1.1605670696985613,200,114,0.8769230769230769,0.00958278756165843,0.07786014893847476,0.06410382196872419,0.005268590784005825,0.1810773540429036,-1.1086847698562865
14,20,280,1,0,0,0,260,1.4285714285714286,0.01579907358579975,0.024993933083501698,-1.6021653972525538,200,165,0.5892857142857143,0.004339883404327741,0.010566672636624062,0.0054899064869408576,9.440264505769312e-08,0.04595632689950942,-1.9760617471341992
13,19,247,0,2,1,0,1482,1.4615384615384615,-0.00019341942193125267,0.00011636796752518781,-3.9341665509711983,200,12,0.048582995951417005,0.00011740271466596284,0.00012339774690422475,0.0001211935077901524,9.219736314290641e-05,0.00023741043842727118,-3.9086927699299694
14,14,196,1,2,1,0,1274,1.0,7.737792259431622e-06,2.943684601476361e-05,-4.531108723946031,200,19,0.09693877551020408,8.75425685648589e-05,9.693979343905277e-05,2.920029854842568e-05,1.1142542022092412e-05,0.003366024774782241,-4.013497910014282
14,6,84,0,0,0,0,78,0.42857142857142855,0.02572134450962591,0.18397773094224337,-0.7352347417415311,200,63,0.75,0.022621520609623517,0.09048608243849408,0.1044173782457786,0.0003565207427743232,0.2192264382372616,-1.0434182139989374
13,4,52,1,1,0,1,52,0.3076923076923077,-0.00028788391923190143,6.183384186481857e-05,-4.2087737690460685,200,20,0.38461538461538464,0.0001430943423542825,0.00023252830632570907,0.00021467020928246766,6.183384186481857e-05,0.0006685526364489107,-3.6335241716652953
13,8,104,1,2,0,1,624,0.6153846153846154,8.3149746126863e-05,9.041516721626371e-05,-4.043758710168356,200,13,0.125,0.00017630727361608213,0.00020149402698980815,0.0001597769860505181,2.774219125512511e-05,0.0007318937482556833,-3.695737823387957
14,11,154,1,0,0,0,143,0.7857142857142857,0.043866857643036015,0.07422877952344901,-1.1294276800991931,200,101,0.6558441558441559,0.0095955861803156,0.027881514561671737,0.013564071050564399,3.059255789446183e-07,0.13417356411937448,-1.554683638468187
13,18,234,1,2,0,0,1404,1.3846153846153846,0.0008086139346136209,0.000408568858876195,-3.3887347383732513,200,47,0.20085470085470086,7.421625890254007e-05,9.286954322563838e-05,6.92925420618134e-05,2.5278606354222286e-05,0.001022667219782704,-4.032126690503142
14,10,140,1,1,0,1,140,0.7142857142857143,-0.000932205045520182,2.1680963417186447e-05,-4.663921423357289,200,17,0.12142857142857143,2.5052821736600667e-05,2.8515406854667426e-05,2.326912715002841e-05,8.821267749099871e-06,0.00015122327114439196,-4.544920427569092
14,2,28,0,0,0,0,26,0.14285714285714285,0.05067935317448192,0.39900809116498137,-0.3990182975145674,200,25,0.8928571428571429,0.03354520749453715,0.3130886032823467,0.39900809116498137,0.13154122611027502,0.40871649257178366,-0.5043327408202336
13,12,156,1,1,0,1,156,0.9230769230769231,0.00042955240075219156,4.9711032238921865e-05,-4.3035472187356065,200,15,0.09615384615384616,4.185387977926437e-05,4.630642018131377e-05,4.386265576058435e-05,2.4208247527863274e-05,0.00012380945145381306,-4.334358791789407
13,9,117,1,1,0,1,117,0.6923076923076923,0.000590104447106103,5.4743190133689725e-05,-4.261669897881526,200,15,0.1282051282051282,4.01938455099379e-05,4.610470514375229e-05,4.279422216387809e-05,2.0111259467242638e-05,0.00011121513674793276,-4.336254751102852
13,3,39,0,1,0,1,39,0.23076923076923078,-0.0008075471679085999,0.00011172130620572153,-3.9518639953249455,200,0,0.0,0.00025233147056813633,0.00025233147056813633,0.00023764154128002487,9.921364177531994e-05,0.0005997299075910979,-3.5980285812630464
14,20,280,1,0,0,0,260,1.4285714285714286,0.012280934727811235,0.03210408072956549,-1.4934397611872274,200,159,0.5678571428571428,0.004724843880156756,0.010933523028461917,0.006394271050395934,8.125202930805084e-10,0.05812470886140689,-1.961239875992778
13,20,260,1,0,1,0,240,1.5384615384615385,0.0005625819774335096,0.00014981771100117268,-3.824436842608447,200,98,0.3769230769230769,5.447172425608361e-05,8.742375497889961e-05,7.543746740380463e-05,5.309275152308279e-06,0.000378495177906587,-4.058370543858796
14,8,112,1,2,1,1,728,0.5714285714285714,-3.67544536472586e-19,6.377889444104648e-34,-18.0,200,82,0.7321428571428571,0.003092251605680395,0.011544405994540144,0.011206809632373495,0.0002329354643285083,0.030099550356217843,-1.9376284083449162
14,9,126,0,2,1,1,819,0.6428571428571429,-3.6648405122262364e-18,1.5798708527624907e-33,-18.0,200,81,0.6428571428571429,0.006279732053300758,0.017583249749242122,0.018206119372749602,4.2184115311913e-05,0.0488327696959948,-1.7549008552160479
13,2,26,1,0,0,1,24,0.15384615384615385,-0.0006971092910921805,0.00030941625480186886,-3.5094568749116184,200,9,0.34615384615384615,9.746566852391506e-05,0.00014906514009539948,0.0001155580792023536,4.887853050363915e-05,0.0003432510000327307,-3.826623907414232
13,4,52,0,2,1,1,312,0.3076923076923077,-1.0521458438142004e-17,1.2752862796958132e-32,-18.0,200,42,0.8076923076923077,0.022111225186031404,0.1149783709673633,0.10715156175757527,0.014373336396790897,0.21569904534972884,-0.9393838488027312
13,16,208,1,2,1,0,1248,1.2307692307692308,0.002000776102200315,0.0008483300502824551,-3.071435148770232,200,18,0.08653846153846154,9.823268678635855e-05,0.00010753894132401356,5.8429628851725093e-05,2.343158969145259e-05,0.001974617796519836,-3.968434243285738
14,8,112,0,1,0,0,112,0.5714285714285714,0.01512470341590352,0.04500758203301989,-1.3467143182751222,200,49,0.4375,0.006973924015049482,0.012398087137865745,0.005752635335930667,6.799132966150848e-07,0.05768328899276459,-1.906645315608153
14,6,84,0,2,0,1,546,0.42857142857142855,0.00013209333292927888,0.00031643311765232264,-3.499718069861517,200,0,0.0,0.0003435441310314301,0.0003435441310314301,0.0002834219267943242,0.000181652970620579,0.0007918093115757492,-3.464017466370449
14,17,238,1,1,1,0,238,1.2142857142857142,6.64787001564818e-05,2.8676054168801187e-05,-4.542480607906966,200,12,0.05042016806722689,2.9557450723404666e-05,3.112687288570933e-05,3.0092196166968997e-05,2.2484927607460638e-05,6.833239605202936e-05,-4.506864507865432
13,10,130,1,2,1,0,780,0.7692307692307693,0.00401071185222088,0.013554703893218025,-1.867909965279813,200,32,0.24615384615384617,0.0006964285023887271,0.0009238337276585156,3.733042691594037e-05,1.7050202638888922e-05,0.017831052331573977,-3.0344061864187695
13,13,169,1,2,0,0,1014,1.0,-0.0016866057493519424,0.0027314782288783697,-2.563602256659803,200,31,0.1834319526627219,0.000268060814617124,0.00032827737442242,8.817825547046715e-05,2.994088712298674e-05,0.006236602105119085,-3.4837590487421957
14,10,140,0,0,0,1,130,0.7142857142857143,7.444771833438499e-05,9.825211568419833e-05,-4.007658089094215,200,0,0.0,0.00013253529195355945,0.00013253529195355945,0.00012195719939679631,6.46067496297839e-05,0.0003835285475424133,-3.877668460898277
14,15,210,0,1,0,1,210,1.0714285714285714,3.9987743909699475e-05,0.00012722745902016464,-3.895419146439593,200,0,0.0,9.804466493033223e-05,9.804466493033223e-05,9.273605962880409e-05,4.780106812464587e-05,0.000245288575794865,-4.008576033351172
13,12,156,1,0,0,1,144,0.9230769230769231,-0.0001817139126624811,2.6449487944217736e-05,-4.577582731385063,200,17,0.10897435897435898,3.445645614389092e-05,3.8670555096740885e-05,3.5565164293602454e-05,1.384706399420466e-05,0.000108575206673737,-4.412619593799155
13,3,39,1,1,1,0,39,0.23076923076923078,-0.00033731020532658604,1.7139675460479622e-05,-4.765997405695041,200,16,0.41025641025641024,0.00026068489081187464,0.00044203090181143965,0.0004613999961111915,1.7139675460479622e-05,0.0010211632985078596,-3.3545473686213296
14,20,280,0,2,1,1,1820,1.4285714285714286,8.094924470319897e-19,3.6712047183163394e-34,-18.0,200,91,0.325,0.00020015808142450874,0.0002965304909992722,0.00034958373523957093,1.3613359726131016e-09,0.0010875394397870943,-3.527930643305133
13,7,91,1,0,1,0,84,0.5384615384615384,-0.022318522669431923,0.12965964569229757,-0.8871951694837729,200,85,0.9340659340659341,0.004701487472121428,0.07130589332717498,0.07036544239508488,0.01619300284354008,0.12965964569229757,-1.1468745748647926
13,2,26,1,2,0,0,156,0.15384615384615385,0.0,0.0,-18.0,200,25,0.9615384615384616,0.019103587509302522,0.4966932752418656,0.4966932752418656,0.4966932752418656,0.4966932752418656,-0.3039117199023414
14,3,42,1,0,0,0,39,0.21428571428571427,0.012132017355766562,0.22838585188357713,-0.6413308033999503,200,37,0.8809523809523809,0.01876697115956121,0.15764255774031416,0.12082485184494518,0.10401345614866403,0.22838585188357713,-0.8023265273493608
14,13,182,0,0,0,0,169,0.9285714285714286,0.005202914856950005,0.09971731611836075,-1.0012294190037214,200,91,0.5,0.01736843572874813,0.03473687145749626,0.018356343067574464,9.888689839150234e-10,0.1742942431037588,-1.45920929843726
13,1,13,0,2,0,1,78,0.07692307692307693,0.0006120192233761681,5.026759906099341e-05,-4.298711857550186,200,0,0.0,7.949237490928164e-05,7.949237490928164e-05,5.166337583365146e-05,1.270418377745244e-05,0.00017782923770733055,-4.09967452786734
14,12,168,1,0,0,1,156,0.8571428571428571,-0.00025723080779537687,1.6031746381167225e-05,-4.79501916620524,200,15,0.08928571428571429,1.715737703030175e-05,1.8839472817586235e-05,1.7406283916192608e-05,6.5797474172999185e-06,5.385512269078412e-05,-4.7249312541767186
14,10,140,1,1,1,1,140,0.7142857142857143,0.00014310343433789,3.0059649302739116e-05,-4.522016090508049,200,16,0.11428571428571428,2.775536626665684e-05,3.133670384945127e-05,2.975952689929339e-05,1.4993429095375214e-05,6.931781632315859e-05,-4.503946686721236
14,15,210,1,2,1,0,1365,1.0714285714285714,-0.00028054084307655125,3.63611429431004e-05,-4.439362474017719,200,41,0.19523809523809524,0.00020429844850852755,0.0002538619774366318,2.8263781691041215e-05,9.500147953752481e-06,0.007206250635084749,-3.5954023413713583
14,6,84,0,1,1,0,84,0.42857142857142855,-0.00029719535314632565,7.662270037796057e-05,-4.115642546446107,200,1,0.011904761904761904,8.23584784456761e-05,8.33507492703228e-05,7.12285763702695e-05,5.7747447383755044e-05,0.0001760886490912645,-4.079090491786737
14,11,154,1,0,0,1,143,0.7857142857142857,0.00017104005995757836,1.1294007381528591e-05,-4.947151932753196,200,11,0.07142857142857142,1.7652635144896468e-05,1.9010530156042353e-05,1.7154363827389635e-05,5.333708842806684e-06,5.948080510552525e-05,-4.721005771580993
13,2,26,0,0,0,0,24,0.15384615384615385,0.021364703994935386,0.39709415677426924,-0.40110650351622845,200,23,0.8846153846153846,0.03535708541907233,0.3064280736319602,0.3788783438226819,0.14331172029892947,0.39709415677426924,-0.5136714490102872
13,18,234,0,1,0,0,234,1.3846153846153846,0.009248414637087374,0.0038602350437871957,-2.413386250998704,200,42,0.1794871794871795,0.0015493695883668091,0.0018882941858220485,0.0012747139046138,1.6822683779348263e-05,0.0068185183462171235,-2.7239303440812517
14,5,70,1,2,0,1,455,0.35714285714285715,0.002931563963200107,0.0011211093788139192,-2.950352014257839,200,14,0.2,0.0005144333702037287,0.0006430417127546608,0.0003210174576946177,3.5263183951465006e-05,0.0028054963637154295,-3.1917608543983276
14,9,126,1,0,1,0,117,0.6428571428571429,0.0027520765916207524,0.01974222087952425,-1.7046039934359236,200,89,0.7063492063492064,0.002136456778532941,0.007275501462031095,0.003395120458146801,0.00020384209234466285,0.030884352535058234,-2.138137067677103
13,13,169,1,0,0,0,156,1.0,-0.005662075809449861,0.093000285228203,-1.0315157194799929,200,109,0.6449704142011834,0.009184446729981097,0.025869524956113426,0.006255626400598889,5.351141382487171e-06,0.12991265465795973,-1.587211546190021
14,17,238,0,2,1,1,1547,1.2142857142857142,2.5839925902118587e-18,2.9404459692936456e-34,-18.0,200,91,0.38235294117647056,0.0005597464779934477,0.000906256202465582,0.0009840226026262395,4.364638095750127e-09,0.0038268946537513737,-3.0427490080762785
14,20,280,0,1,0,1,280,1.4285714285714286,-3.823553801853402e-05,8.982295259646806e-05,-4.046612673218108,200,0,0.0,8.707169560086838e-05,8.707169560086838e-05,8.294451911884068e-05,4.846490601419465e-05,0.000201715596051055,-4.060122998173653
14,18,252,0,2,0,1,1638,1.2857142857142858,-0.0005875462827283996,6.154849773987353e-05,-4.210782542752898,200,0,0.0,6.47260478026495e-05,6.47260478026495e-05,6.149924135138354e-05,4.43910610440835e-05,0.0001437715218830956,-4.188920910360444
14,18,252,1,0,1,0,234,1.2857142857142858,0.0001783805733185216,0.0005069280403258197,-3.29505368545451,200,98,0.3888888888888889,5.889830698419618e-05,9.637904779232102e-05,5.058795187679101e-05,1.0960076196956516e-06,0.000960102183343336,-4.01601736876508
13,14,182,0,1,1,1,182,1.0769230769230769,6.142531671319857e-05,0.00013132683892285918,-3.881646509211632,200,7,0.038461538461538464,0.00012175875748217426,0.00012662910778146123,0.00012193609409928553,8.742484642187703e-05,0.0003034814654182906,-3.897466453119242
13,12,156,1,1,1,1,156,0.9230769230769231,-6.972156705142596e-05,5.34730241838397e-05,-4.271865253542942,200,15,0.09615384615384616,5.6540479588654804e-05,6.255542422574575e-05,6.078184698748321e-05,2.562632263537703e-05,0.00011779166995027613,-4.203735026351468
14,16,224,0,1,0,0,224,1.1428571428571428,0.0019863599002660406,0.007951392792388677,-2.099556792215332,200,49,0.21875,0.0019400381308341767,0.002483248807467746,0.0015053184089805715,9.31001060098193e-06,0.013221328601427692,-2.604979764417714
13,17,221,0,1,0,1,221,1.3076923076923077,-0.000559405207177343,0.0002302972095362294,-3.6377113242605175,200,0,0.0,0.00015698630061798254,0.00015698630061798254,0.00014663527293765728,0.00010329110590045427,0.00038387825074522606,-3.804138244569123
13,17,221,1,2,0,1,1326,1.3076923076923077,0.0005609146384077954,8.263463262240931e-05,-4.082837899355956,200,16,0.07239819004524888,6.305725074863686e-05,6.797879227048169e-05,6.48850630669275e-05,3.488417639428791e-05,0.00019203686755465992,-4.167626555477065
13,19,247,0,1,0,0,247,1.4615384615384615,-0.000983594361302107,0.005015592659481569,-2.2996777418988112,200,42,0.1700404858299595,0.001398796863306958,0.0016853796353015543,0.001233778156110455,1.4851669511553742e-05,0.0067443311862262255,-2.773302258029347
14,10,140,1,1,1,1,140,0.7142857142857143,0.0008503992477154713,3.0118194909496483e-05,-4.5211710605037645,200,19,0.1357142857142857,2.7345483057779835e-05,3.163940188503453e-05,3.0504829778864365e-05,2.25022796303771e-05,6.770132383717658e-05,-4.499771735050603
13,9,117,0,2,1,1,702,0.6923076923076923,1.2956470071085955e-18,1.3870038448978659e-33,-18.0,200,72,0.6153846153846154,0.007211461048375746,0.018749798725776944,0.019259561638165626,2.686860287203067e-05,0.05688788614277727,-1.7270033899497874
14,20,280,1,0,1,0,260,1.4285714285714286,-0.00028361264858991624,4.225435707827977e-05,-4.374128501921617,200,98,0.35,2.8223631685698114e-05,4.342097182415093e-05,3.676875655056797e-05,7.491885107194939e-07,0.0005293311019970916,-4.362300460634179
13,5,65,1,2,0,1,390,0.38461538461538464,-0.001405574631174668,0.00016874417902691685,-3.772771199593778,200,16,0.24615384615384617,0.0005429251483627997,0.0007202068294608567,0.0005162698046972959,2.3412910899519515e-05,0.003006625267083092,-3.142542764687725
13,12,156,1,0,1,0,144,0.9230769230769231,4.260551020730863e-05,0.00858901895853829,-2.066056438639636,200,109,0.6987179487179487,0.0008992163273242954,0.002984632916225321,0.00130266251068255,0.00017273803606002234,0.020067019976925896,-2.5251090756773666
13,7,91,1,0,0,1,84,0.5384615384615384,0.00025872352009877897,1.2130787485795581e-05,-4.916111005429005,200,12,0.13186813186813187,2.737668654912533e-05,3.153517058190386e-05,2.7101158243817173e-05,8.373880556663661e-06,7.798156945625258e-05,-4.501204815452993
13,5,65,1,2,1,0,390,0.38461538461538464,4.001593467364808e-05,3.861551702286405e-06,-5.413238146021164,200,31,0.47692307692307695,0.007688807913269752,0.014699191598898058,4.625911883961532e-06,1.4041895454547598e-06,0.29448474417211856,-1.8327065491832337
13,17,221,0,1,0,0,221,1.3076923076923077,-0.00034361478030630525,0.006051065253973674,-2.2181681636618733,200,42,0.19004524886877827,0.0020503983869128253,0.002531497449763879,0.0014489819872740939,1.8761691160012827e-05,0.010460472111909052,-2.59662250578614
13,17,221,0,0,1,1,204,1.3076923076923077,0.0002311782510571373,0.00012663044061919163,-3.8974618819662465,200,6,0.027149321266968326,0.0001222264085580066,0.00012563737809916027,0.00012194133688932884,8.947323269637911e-05,0.0002821340314408735,-3.9008811353820025
13,20,260,1,0,0,1,240,1.5384615384615385,0.0006976011223304167,5.69060860216226e-05,-4.244841283969372,200,11,0.04230769230769231,4.955359747219282e-05,5.174271221996037e-05,5.010904442005199e-05,1.4825333946212356e-05,0.00012357210011080286,-4.286150810422517
14,20,280,0,2,1,1,1820,1.4285714285714286,-6.318188160159277e-19,2.865147167547833e-34,-18.0,200,91,0.325,0.00019913955425191236,0.0002950215618546849,0.0003426693127742545,1.3545359965749808e-08,0.0009739929333673849,-3.5301462421496113
13,6,78,1,1,1,1,78,0.46153846153846156,3.0964195031209577e-05,4.650424800889252e-05,-4.3325073739367905,200,16,0.20512820512820512,5.003362370609669e-05,6.29455265979926e-05,5.99131554426381e-05,4.400437807122055e-05,0.0001279181975639247,-4.201035128826013
14,11,154,0,1,1,1,154,0.7857142857142857,-0.0011617176966365638,5.561174725151968e-05,-4.25483345971949,200,7,0.045454545454545456,6.1642011942987e-05,6.4577345845034e-05,6.14983052566656e-05,4.796711275356736e-05,0.0001442694364321437,-4.189919808630462
13,12,156,1,2,1,1,936,0.9230769230769231,-1.0844732230286258e-18,4.924040187305099e-34,-18.0,200,90,0.5769230769230769,0.00043751352634786937,0.0010341228804586003,0.0010078064786571573,6.126623922196868e-05,0.0025518614305170967,-2.9854278527949467
14,1,14,1,0,1,0,13,0.07142857142857142,0.0,0.0,-18.0,200,14,1.0,1.1535104936728603e-34,nan,nan,nan,4.207180974301343e-34,nan
14,20,280,1,2,0,0,1820,1.4285714285714286,-0.00018301232721543322,0.00010027026871924473,-3.998827821169811,200,50,0.17857142857142858,3.452963510787389e-05,4.2036077522629086e-05,3.358078077650482e-05,1.0584627864387608e-05,0.0012909276566413495,-4.376377815711213
13,4,52,1,1,1,1,52,0.3076923076923077,1.667706229190047e-18,1.9073064808120652e-34,-18.0,200,19,0.36538461538461536,5.348547963471905e-05,8.428014972743608e-05,6.118355661932324e-05,2.0501708288979324e-06,0.00033679490421178115,-4.074274701519781
14,13,182,0,1,1,0,182,0.9285714285714286,-0.00022019190745925981,6.646355303070732e-05,-4.177416445777971,200,1,0.005494505494505495,6.431641346365269e-05,6.467175276455684e-05,6.165076957053366e-05,4.180799790421263e-05,0.0001464006396807816,-4.1892853684380755
13,15,195,1,2,0,0,1170,1.1538461538461537,0.0011296953624832658,0.00010056624452254816,-3.9975477675666764,200,20,0.10256410256410256,0.0001083288872162844,0.00012070933146957405,7.664627752373428e-05,3.1716856802183475e-05,0.001683582661481555,-3.9182591553451025
13,1,13,0,1,1,0,13,0.07692307692307693,-3.3361190992854243e-19,6.444687178716478e-35,-18.0,200,1,0.07692307692307693,0.00017097146307682945,0.00018521908499989862,0.00014436760880805964,4.279317155526216e-05,0.000467941591765669,-3.7323142655854893
13,13,169,0,1,1,0,169,1.0,0.0007104424055991346,0.0001241853749190267,-3.905929547202571,200,1,0.005917159763313609,0.00012898798326657174,0.00012975576888125373,0.00012329629389817376,8.369523429635149e-05,0.00026675644088924345,-3.8868733245191955
13,7,91,1,1,0,0,91,0.5384615384615384,0.012450011197245162,0.031146528351854764,-1.5065903535523533,200,57,0.6263736263736264,0.008595690398856859,0.02300611253811688,0.007726673090573153,4.2543996169241134e-05,0.16445125978171654,-1.6381567601178444
13,13,169,1,1,0,0,169,1.0,-0.00906988991258779,0.028433009571441716,-1.5461771687621106,200,108,0.6390532544378699,0.004686621820719693,0.012984247339370954,0.00879433172708125,4.1587405024959526e-07,0.056461151313672193,-1.8865832201457153
14,5,70,0,2,0,1,455,0.35714285714285715,0.0022637364364634233,0.00026724226987372954,-3.57309484813878,200,0,0.0,0.00035475643641640385,0.00035475643641640385,0.0002961545790172355,0.00016562973589476278,0.0007415997128069865,-3.450069716308066
13,13,169,1,2,0,0,1014,1.0,0.0006572549949003497,0.00012475218532755636,-3.9039518379499736,200,18,0.10650887573964497,0.0004426212356845799,0.000495384031991351,7.321854644405948e-05,2.346673844977549e-05,0.01174344906979572,-3.305057996397354
13,20,260,1,1,0,1,260,1.5384615384615385,0.0002928971628928604,5.606560813619681e-05,-4.251303462751498,200,17,0.06538461538461539,5.28101513869166e-05,5.650468872674203e-05,5.46938339142054e-05,2.3633236865585904e-05,0.00013513134785968502,-4.247915513177661
13,1,13,1,1,0,0,13,0.07692307692307693,-0.004998446879038476,0.5242521900746364,-0.28045974658442524,200,12,0.9230769230769231,0.0403270915442028,0.5242521900746364,0.5242521900746364,0.5242521900746364,0.5242521900746364,-0.28045974658442524
13,15,195,0,0,1,0,180,1.1538461538461537,0.006388276527643069,0.0035208449473723147,-2.4533531001735898,200,78,0.4,0.0011511846199844444,0.0019186410333074072,0.0020735163201570637,4.8506114018665636e-08,0.007294013394137124,-2.717006271661928
13,19,247,0,2,1,0,1482,1.4615384615384615,0.0005700956735807959,0.00012853804057201123,-3.890968324740301,200,12,0.048582995951417005,0.00011730368302192568,0.00012329365832517295,0.00012040805371948963,8.636039103420062e-05,0.00024421535302477206,-3.909059260997236
13,4,52,1,1,1,0,52,0.3076923076923077,-0.0006379931790472199,8.60316095182094e-05,-4.065341952045957,200,9,0.17307692307692307,6.259218754319793e-05,7.569287795921612e-05,6.433793973558242e-05,1.982223375719043e-05,0.000207600860714025,-4.120944981907099
13,5,65,0,0,0,1,60,0.38461538461538464,0.0008533385982025338,0.00019193367607248804,-3.7168488186500337,200,0,0.0,0.00020319672130776536,0.00020319672130776536,0.00019193367607248804,7.79462786089425e-05,0.00041303941806683666,-3.692083303914856
14,11,154,0,1,1,0,154,0.7857142857142857,0.00013448293474921963,6.229271346175057e-05,-4.205562750907872,200,1,0.006493506493506494,6.684603052582583e-05,6.728293268612535e-05,6.24795574707619e-05,5.0279268981521184e-05,0.00014584016471637688,-4.172095087043029
13,10,130,1,2,0,1,780,0.7692307692307693,-0.0003603068246592478,0.00015033013611993854,-3.8229539492955844,200,22,0.16923076923076924,0.0001250228575856332,0.00015049047672344734,0.00010611827778827607,2.9482755316354675e-05,0.0011351346820192626,-3.8224909820456663
13,2,26,0,2,1,0,156,0.15384615384615385,-0.05722112545171482,0.22025435569263252,-0.6570754943367062,200,12,0.46153846153846156,0.01858288287465225,0.03451106819578274,9.810547910477511e-05,2.8363737986412597e-05,0.2615035414047511,-1.4620415981018946
14,13,182,0,0,1,0,169,0.9285714285714286,-0.002987290171278023,0.008202753641304024,-2.0860403317050205,200,91,0.5,0.002015285459796981,0.004030570919593962,0.004490843443206988,4.950740322127287e-08,0.013978825127281411,-2.394633432849484
14,14,196,1,0,1,0,182,1.0,0.009984103620530689,0.0029885297999171305,-2.5245424092714757,200,153,0.7806122448979592,0.0007513524266081249,0.003424769200353313,0.00225258750465175,1.7451889934541535e-05,0.014879898200861642,-2.465368690854881
13,1,13,1,1,0,0,13,0.07692307692307693,-0.11081936105297265,0.4613203964816313,-0.3359973433895709,200,12,0.9230769230769231,0.03548618434474087,0.4613203964816313,0.4613203964816313,0.4613203964816313,0.4613203964816313,-0.3359973433895709
14,7,98,1,1,0,1,98,0.5,2.8498713431396837e-06,1.5256687457252526e-05,-4.81653975047039,200,8,0.08163265306122448,1.9956223845959255e-05,2.173011041004452e-05,2.0060753650177897e-05,5.386348104678937e-06,7.092159613298437e-05,-4.662938067036527
14,13,182,0,2,1,0,1183,0.9285714285714286,-0.0005105055176697679,0.00032273876807186895,-3.4911488630794776,200,13,0.07142857142857142,7.894062334584883e-05,8.50129789878372e-05,6.724752931245578e-05,5.0591757821292295e-05,0.0009676379065596174,-4.070514765197508
13,17,221,0,1,0,1,221,1.3076923076923077,0.001191091293830565,0.00020329296213428833,-3.691877656084782,200,0,0.0,0.0001865304854255991,0.0001865304854255991,0.00017683470487677564,9.235668239403616e-05,0.00044929451155485694,-3.7292501795649318
13,4,52,1,2,1,0,312,0.3076923076923077,-0.00436171094499807,0.1191723344893353,-0.9238245530952285,200,49,0.9423076923076923,0.0070286287846133225,0.12182956559996426,0.12132749989399062,0.1191723344893353,0.12498886241656683,-0.9142473043241166
14,10,140,0,2,1,0,910,0.7142857142857143,0.0012371657604172976,0.000902076774530439,-3.0447564986709166,200,13,0.09285714285714286,0.00013216995915099413,0.000145699167568025,8.166649733637776e-05,5.7607452484677906e-05,0.0016765508892574146,-3.8365429295041764
13,8,104,1,0,0,0,96,0.6153846153846154,0.003873231144824813,0.14446214075752942,-0.8402459536990872,200,87,0.8365384615384616,0.012953273802048075,0.0792435573772353,0.07864638351990566,0.0039928335049731565,0.19426166306273088,-1.101036036482492
14,3,42,1,0,0,1,39,0.21428571428571427,-0.0004511074476566048,3.2719117234098314e-05,-4.4851984221624415,200,8,0.19047619047619047,1.6681876677928042e-05,2.0607024131558172e-05,1.2239774497284395e-05,1.747469721695968e-06,9.013081465248246e-05,-4.685984720329322
14,14,196,1,1,0,0,196,1.0,0.00497900993804528,0.021127167608728903,-1.6751587222733575,200,83,0.42346938775510207,0.0028530347285769192,0.004948626608859081,0.0022790860133718436,1.7110344133757532e-07,0.029276767394746668,-2.3055153139863327
13,8,104,0,0,1,1,96,0.6153846153846154,0.0005424497504210256,0.00015471104388139955,-3.810478683549777,200,6,0.057692307692307696,0.0001432777422253212,0.0001520498488921776,0.0001416692484877185,0.00010329925437673944,0.00031267972442345255,-3.8180140071234403
13,4,52,0,1,0,1,52,0.3076923076923077,-0.002297158134608443,0.00016343635009693637,-3.7866513450445987,200,0,0.0,0.00018047453712907773,0.00018047453712907773,0.00016469625013344354,7.402651750773018e-05,0.0003722785094579943,-3.7435840633672064
13,7,91,0,0,0,1,84,0.5384615384615384,-0.0007783335502733807,0.00026174436389181274,-3.5821226611564296,200,0,0.0,0.0002794394065997376,0.0002794394065997376,0.00024489419375772466,0.0001196289391196431,0.0006184532003819951,-3.553712349610365
14,4,56,0,1,1,0,56,0.2857142857142857,-0.000287118622756059,8.33087521306331e-05,-4.0793093707136,200,1,0.017857142857142856,0.00010407988765377063,0.00010597224924747554,8.02790340896502e-05,4.634805138523497e-05,0.00026781371403644357,-3.974807847721733
13,6,78,0,1,0,0,78,0.46153846153846156,-0.016152541771108555,0.06382614628210635,-1.1950013767662009,200,42,0.5384615384615384,0.011450923229614381,0.024810333664164495,0.012598984395460908,2.1212389684896394e-05,0.09002505187937178,-1.6053673950373017
14,4,56,0,0,1,0,52,0.2857142857142857,0.006361577462022998,0.25249456559053857,-0.5977479647114179,200,46,0.8214285714285714,0.0221858601861954,0.12424081704269425,0.11058645116680015,0.013910534702639194,0.25249456559053857,-0.9057357012269638
14,2,28,1,2,1,1,182,0.14285714285714285,3.3253348838901357e-19,3.6872503208941056e-34,-18.0,200,25,0.8928571428571429,0.029358098942350523,0.2740089234619382,0.33915628467742515,0.13171237087345294,0.3511581148349366,-0.5622352935767849
14,8,112,0,0,1,1,104,0.5714285714285714,4.0823411044434016e-05,7.26751002564202e-05,-4.138614360441195,200,7,0.0625,7.844899731219766e-05,8.367893046634416e-05,7.702839695969745e-05,4.9725892955377774e-05,0.0001893907264683386,-4.077383879331645
14,4,56,1,1,1,0,56,0.2857142857142857,0.0001656556217245274,1.3824217636795872e-05,-4.859359437646179,200,15,0.26785714285714285,1.5548888124356793e-05,2.123750573082879e-05,1.957966831512683e-05,7.5313608012342105e-06,4.474865693288723e-05,-4.6728964909308095
14,9,126,1,1,1,0,126,0.6428571428571429,-7.01376008494712e-05,3.0600595915133664e-05,-4.514270115997693,200,5,0.03968253968253968,3.1558453454814244e-05,3.286252177939335e-05,3.050157651722722e-05,2.0579173594246404e-05,7.019839118005301e-05,-4.483299113060029
13,3,39,1,1,0,1,39,0.23076923076923078,0.0003710955849722285,1.9449096363113533e-05,-4.711100571902803,200,14,0.358974358974359,3.39922551020151e-05,5.3027917959143566e-05,2.4593465425820375e-05,5.771566946988919e-06,0.0002006228069616497,-4.2754954242977306
14,13,182,1,2,1,0,1183,0.9285714285714286,0.002032269706067998,0.0015225371364954155,-2.817432105605864,200,22,0.12087912087912088,0.0001424785250169471,0.00016206932220677735,2.7472506310692703e-05,1.1230088065662304e-05,0.00317047908004872,-3.790299184147137
14,13,182,1,0,0,0,169,0.9285714285714286,0.0022091030942767366,0.07220699789964156,-1.1414207109909456,200,143,0.7857142857142857,0.00854953988570585,0.039897852799960644,0.026417840675106725,0.00018897380760597902,0.11448879665217318,-1.399050476298741
13,9,117,1,1,0,0,117,0.6923076923076923,0.005658623513421973,0.06726586562672382,-1.1722052646121064,200,83,0.7094017094017094,0.006149609746502723,0.02116189236296525,0.007404537327570586,0.00022762117706773188,0.07731961922895297,-1.6744454989219848
14,17,238,1,1,0,1,238,1.2142857142857142,-6.587867522397463e-05,2.8711547629806543e-05,-4.5419433972293755,200,13,0.0546218487394958,2.4275498053076744e-05,2.567808238503229e-05,2.4538426020620895e-05,9.492044727507371e-06,5.854633499831297e-05,-4.590437412094416
13,7,91,0,0,0,1,84,0.5384615384615384,-0.0012567450981556061,0.00017754224156592928,-3.750698301220574,200,0,0.0,0.0001805647327258366,0.0001805647327258366,0.00016714339863553685,9.424680570481557e-05,0.0004026917712916862,-3.7433670706240347
13,1,13,1,0,1,1,12,0.07692307692307693,-0.009374338146554221,0.012749533407213909,-1.8945057087500432,200,7,0.5384615384615384,0.006836858878344376,0.014813194236412815,0.01433119327606261,0.00994560751406771,0.019045089815634814,-1.82935128248697
13,16,208,1,2,0,1,1248,1.2307692307692308,0.0002529767792808469,5.4151609100774074e-05,-4.266388633901002,200,10,0.04807692307692308,6.422502519506504e-05,6.746871333622994e-05,6.549030681630741e-05,2.2219827608419566e-05,0.00020229479484944437,-4.170897571989415
13,11,143,1,1,0,0,143,0.8461538461538461,0.011876572404731982,0.014835169687479808,-1.828707481776215,200,71,0.4965034965034965,0.0038929646694818637,0.007731860385220924,0.00444020247779664,8.076301123471695e-08,0.03536939878880941,-2.111715996660502
13,16,208,1,2,0,0,1248,1.2307692307692308,-0.002023230123849611,0.0034705399908650666,-2.459602946878403,200,25,0.1201923076923077,0.0002485390097606611,0.00028249242639463126,6.832028021789747e-05,2.34243003219474e-05,0.006957293798699552,-3.548993191098032
13,17,221,1,0,1,0,204,1.3076923076923077,-0.000882117727837957,0.0001758604923475757,-3.7548317153042943,200,93,0.42081447963800905,0.00024432466581758366,0.00042184180582567187,0.00010269546120550297,9.133963604531756e-06,0.0073558914115033494,-3.37485038253937
13,13,169,1,1,0,0,169,1.0,0.00995339132804494,0.035016286569286195,-1.4557299121640077,200,69,0.40828402366863903,0.0039557483820871495,0.006685214765727283,0.0022164200085198135,2.2970651038913325e-06,0.047629694597967454,-2.174884636259581
14,17,238,1,2,0,1,1547,1.2142857142857142,0.00042309036905044417,3.164649119194647e-05,-4.499674435423922,200,17,0.07142857142857142,2.9615803634527448e-05,3.189394237564494e-05,3.090205234181825e-05,1.1758748033302392e-05,7.803360155113799e-05,-4.496291794768793
13,4,52,0,2,1,0,312,0.3076923076923077,-0.002656438030893562,0.05954510929197117,-1.225153903278337,200,12,0.23076923076923078,0.004798613977690514,0.006238198170997668,0.00036910729173842294,0.00012647693999044086,0.06206338129085354,-2.204940832976803
14,1,14,1,2,1,0,91,0.07142857142857142,0.006749902989301648,0.5101126941971458,-0.2923338688797599,200,13,0.9285714285714286,0.03643662101408184,0.5101126941971458,0.5101126941971458,0.5101126941971458,0.5101126941971458,-0.2923338688797599
14,20,280,1,0,0,0,260,1.4285714285714286,-0.019712606937237042,0.04055909146725988,-1.391911781859505,200,203,0.725,0.005766677689447564,0.020969737052536595,0.010941333502615457,1.7789976957549635e-06,0.08034198934659985,-1.6784070152832666
14,20,280,1,2,1,1,1820,1.4285714285714286,-1.5630129569094153e-18,1.5484142969415743e-34,-18.0,200,106,0.37857142857142856,5.496295489516665e-05,8.844613431406128e-05,9.628444024187337e-05,1.2143502319216449e-06,0.0002851478315956585,-4.0533211439047365
14,9,126,1,1,1,1,126,0.6428571428571429,0.0002860810237542799,3.3031767829262075e-05,-4.481068182652871,200,14,0.1111111111111111,2.8247040081227795e-05,3.177792009138127e-05,3.0332875517115133e-05,1.4216463542556938e-05,7.135984103927343e-05,-4.497874531370181
13,1,13,1,1,1,1,13,0.07692307692307693,3.841133479538274e-18,3.8071895325137634e-33,-18.0,200,10,0.7692307692307693,0.029006277232644186,0.1256938680081248,0.12478781667037728,0.1215044816981926,0.13078930565580454,-0.9006859089106455
13,1,13,1,1,0,1,13,0.07692307692307693,0.0011184589274316602,0.001366745026668405,-2.86431249775058,200,3,0.23076923076923078,0.0011884550318543223,0.001544991541410619,0.0013534788696913645,0.0007462260408828559,0.00424164886479984,-2.811073893927657
14,5,70,1,2,0,0,455,0.35714285714285715,-0.029452206983468735,0.26119774099384346,-0.5830305834388888,200,46,0.6571428571428571,0.007153562526188482,0.02086455736804974,0.0001551593660256032,4.1951933641596004e-08,0.26119774099384346,-1.6805908242114413
14,16,224,0,2,0,0,1456,1.1428571428571428,-2.596496235054979e-07,6.626213282137798e-05,-4.178734589316601,200,13,0.05803571428571429,6.254681396926832e-05,6.640040914273034e-05,6.513056257853468e-05,4.49736023815049e-05,0.00014471330675079592,-4.177829244609653
13,9,117,0,1,1,1,117,0.6923076923076923,-0.0005913208107699069,0.00013824586806057815,-3.8593478401701518,200,7,0.05982905982905983,0.00012423267011515645,0.00013213838548612093,0.00012550590052852787,9.558747921351111e-05,0.0002541485515187617,-3.8789710038600167
14,10,140,0,1,0,0,140,0.7142857142857143,-0.00624168405074434,0.022936137522901644,-1.6394797160653098,200,49,0.35,0.005230086182649694,0.008046286434845685,0.0034844925450165706,5.8370677410231115e-06,0.03600999204381735,-2.0944045113050618
14,19,266,1,0,1,1,247,1.3571428571428572,0.00023418622468904506,3.0244448837616515e-05,-4.519354325488349,200,11,0.041353383458646614,2.9414467450584297e-05,3.068332683080558e-05,3.0123224875435245e-05,9.910082195774912e-06,6.163199178301697e-05,-4.513097553916964
14,17,238,1,2,1,0,1547,1.2142857142857142,-0.0002579397339165453,2.9394715761689342e-05,-4.53173073495531,200,38,0.15966386554621848,7.503798298078796e-05,8.929519974713767e-05,2.9253155019454866e-05,1.1532011472652642e-05,0.0020325443807205044,-4.049171886904994
13,17,221,1,2,1,1,1326,1.3076923076923077,5.225854471380132e-19,1.567562577005155e-34,-18.0,200,94,0.4253393665158371,0.00017466744702615732,0.0003039488645100848,0.0002018240698038513,5.196211403159898e-06,0.0027545837690132343,-3.5171994747106163
14,13,182,1,0,0,0,169,0.9285714285714286,-0.005176395519674471,0.0632761060778014,-1.1987602545571083,200,131,0.7197802197802198,0.007027505336771914,0.02507854845671546,0.007064476903332102,4.701702465349059e-06,0.11596968669244999,-1.6006976040248149
13,5,65,0,0,0,0,60,0.38461538461538464,-0.027760407788062467,0.23210405999136832,-0.6343172627477599,200,50,0.7692307692307693,0.026661250179027443,0.11553208410911893,0.10928038349677614,0.0008716052849145716,0.2600618225052005,-0.9372973922515978
14,7,98,0,1,0,0,98,0.5,0.00468816526181665,0.05579875767982969,-1.253375470216558,200,49,0.5,0.008060483913452375,0.01612096782690475,0.009711401287600346,1.47695896452857e-06,0.05680813960161317,-1.7926088887550693
13,11,143,0,1,1,1,143,0.8461538461538461,0.0007192684256901959,9.57265808122395e-05,-4.018967453056913,200,7,0.04895104895104895,0.00012139471908452418,0.00012764297668446293,0.00012095211689047534,8.935421275839933e-05,0.0002758597487490751,-3.894003076442154
14,1,14,0,0,0,1,13,0.07142857142857142,-0.000689489330922816,7.203465966602209e-05,-4.142458491348708,200,0,0.0,4.0282580296590685e-05,4.0282580296590685e-05,2.3931392727868873e-05,6.9305417620589345e-06,0.00012957745089088612,-4.394882718538479
13,5,65,1,2,0,0,390,0.38461538461538464,-0.0010288293089027775,0.0003509641630107012,-3.454737227127579,200,25,0.38461538461538464,0.006168690075298369,0.010024121372359852,0.00024354566920673136,2.7987091079294106e-05,0.14489671072701546,-1.9989536835315618
13,13,169,1,0,1,1,156,1.0,-0.00019621132524459337,5.126312898861775e-05,-4.290194888962981,200,12,0.07100591715976332,5.69411756781885e-05,6.129336744976979e-05,5.936186861616365e-05,2.5812059856548425e-05,0.0001401280399338438,-4.212586517909131
13,20,260,1,0,1,0,240,1.5384615384615385,-0.0035000691216484137,0.0014229523615843132,-2.8468096392322133,200,113,0.4346153846153846,0.00011639197206486362,0.0002058633519514595,7.628305616356661e-05,1.2406934004723628e-05,0.0028489893311224373,-3.6864209601418843
13,13,169,0,0,0,0,156,1.0,0.03015637783052971,0.08903402583393243,-1.0504439887722024,200,78,0.46153846153846156,0.019414302435763656,0.03605513309498965,0.015936154858158465,1.501312765802264e-08,0.17608588808458175,-1.443032896932543
14,1,14,1,2,1,0,91,0.07142857142857142,0.0,0.0,-18.0,200,14,1.0,1.032379072907758e-34,nan,nan,nan,4.621554226178543e-34,nan
13,9,117,1,2,0,0,702,0.6923076923076923,-0.00045869391102854094,0.015301464005917441,-1.8152670149814794,200,52,0.4444444444444444,0.0014008458077434036,0.0025215224539381267,0.0005734341044400053,1.5105535640184944e-05,0.024180530781656814,-2.5983371601330427
13,18,234,0,2,1,1,1404,1.3846153846153846,-9.063930161978816e-19,3.4566775429574038e-34,-18.0,200,78,0.3333333333333333,0.0004609647662174726,0.0006914471493262089,0.0007216837400464429,4.3378767715527465e-08,0.002078677744407418,-3.1602410095288795
13,14,182,0,2,1,1,1092,1.0769230769230769,8.456776945386934e-19,3.6705372402978506e-34,-18.0,200,78,0.42857142857142855,0.0015728305934220813,0.0027524535384886423,0.002815876905326144,3.656761155280182e-08,0.009757915725574242,-2.5602800032002815
14,15,210,1,0,1,0,195,1.0714285714285714,-0.0006754259190122639,0.000659095510126268,-3.181051646839615,200,106,0.5047619047619047,0.00017242074301467873,0.0003481572695488705,0.0002044432513667482,3.5742062832250995e-06,0.0022392135825940935,-3.4582245322936584
13,11,143,1,2,0,1,858,0.8461538461538461,0.00024558549053700174,0.00011945860785414791,-3.9227825507373186,200,13,0.09090909090909091,0.00010842727539360443,0.00011927000293296487,9.908080923360483e-05,3.799366103912305e-05,0.0003816831826506109,-3.923468770066466
14,15,210,1,0,0,1,195,1.0714285714285714,0.00037252605158043234,2.3712040808638752e-05,-4.625031066275354,200,17,0.08095238095238096,2.04655548770299e-05,2.2268220332519578e-05,2.1188535906605162e-05,1.0138468883351283e-05,6.308580676388333e-05,-4.652314490224627
14,6,84,0,0,1,1,78,0.42857142857142855,-0.0002469987696929749,9.215356571933924e-05,-4.0354878558624545,200,7,0.08333333333333333,9.919550373986018e-05,0.0001082132768071202,9.888297830571238e-05,7.15429423883847e-05,0.00026160867599605805,-3.9657194518881003
14,5,70,1,0,0,1,65,0.35714285714285715,0.00011937927154665754,1.1320292261918481e-05,-4.946142360594746,200,15,0.21428571428571427,1.8153171259203437e-05,2.3104036148077097e-05,1.7361432546332253e-05,2.5724980813017212e-06,0.00022364540065960905,-4.636312144622136
13,20,260,1,0,0,1,240,1.5384615384615385,0.00010829313101921576,5.633494560168207e-05,-4.249222120711418,200,14,0.05384615384615385,4.8329875172784046e-05,5.108035587367419e-05,4.973691187670286e-05,2.2865227120888688e-05,0.00013115115841925978,-4.291746085695338
13,5,65,1,1,0,0,65,0.38461538461538464,0.027361272760559233,0.04859963602180077,-1.3133669832956365,200,61,0.9384615384615385,0.011647934846751458,0.18927894125971118,0.18669082094061878,0.04859963602180077,0.33513448713580635,-0.7228977019551092
14,17,238,1,2,0,0,1547,1.2142857142857142,-0.0004208451203977171,4.409020569751049e-05,-4.355657875020687,200,23,0.09663865546218488,0.0001624738959731587,0.00017985482437958962,3.782562323973427e-05,7.86567588711603e-06,0.005039631023813876,-3.7450779082856505
13,20,260,1,1,1,0,260,1.5384615384615385,6.087562630882743e-05,5.786211061844658e-05,-4.237605728772607,200,8,0.03076923076923077,6.0215775087804945e-05,6.212738699535431e-05,5.9733745458244916e-05,4.140385167176002e-05,0.00014821242109707065,-4.206716911916628
14,10,140,1,1,1,0,140,0.7142857142857143,-0.00016156020079625752,3.0499284052504222e-05,-4.5157103552662035,200,8,0.05714285714285714,3.057753713659207e-05,3.243072120547644e-05,3.0512459828678113e-05,2.1409456676360506e-05,6.975732690293823e-05,-4.489043393230326
14,18,252,1,2,1,1,1638,1.2857142857142858,-1.374632829440059e-18,1.675448950224222e-34,-18.0,200,98,0.3888888888888889,9.798509468839214e-05,0.0001603392458537326,8.115033449168277e-05,1.2297501699217014e-07,0.0010056924831755788,-3.794960163412528
14,9,126,0,0,0,0,117,0.6428571428571429,0.011672740985271112,0.12818205555242443,-0.8921727682651578,200,81,0.6428571428571429,0.02027264365173943,0.05676340222487038,0.042144278191890365,1.0638096306988222e-06,0.20265219201571408,-1.245931582150327
13,16,208,0,2,0,0,1248,1.2307692307692308,-0.0007286632234950397,0.0001772173939050531,-3.7514936543098343,200,12,0.057692307692307696,0.00012587769192639404,0.0001335844893912753,0.00012996056937563424,9.911103150039929e-05,0.0003368346278355432,-3.8742439652349963
14,17,238,0,1,1,0,238,1.2142857142857142,0.0005893403272508426,5.9192898292853505e-05,-4.22773039491956,200,1,0.004201680672268907,6.468394143198644e-05,6.49568694549062e-05,6.218411775951579e-05,4.6745070282987364e-05,0.00014079153567513923,-4.187374913742573
14,13,182,0,0,1,0,169,0.9285714285714286,0.002533806933202245,0.0077389004256338155,-2.111320741255533,200,91,0.5,0.0019658552496566663,0.003931710499313333,0.004288132694675921,1.0353973395939405e-08,0.014437294924613576,-2.405418467742102
14,12,168,1,0,1,1,156,0.8571428571428571,0.0007426557201136502,3.0739807203212155e-05,-4.512298860676341,200,16,0.09523809523809523,2.866160771125882e-05,3.1678619049286066e-05,3.0500602774902216e-05,1.3298805598774283e-05,7.061503456618237e-05,-4.4992337586591455
14,1,14,1,0,0,1,13,0.07142857142857142,-0.003145558088564956,0.001823507649921478,-2.7390924104079373,200,5,0.35714285714285715,0.0010708982023886495,0.0016658416481601214,0.001755509343264763,0.0005294816446004742,0.003073445388194937,-2.7783662842010157
14,3,42,1,2,0,0,273,0.21428571428571427,0.07374733056422432,0.49412461664590546,-0.306163509585239,200,41,0.9761904761904762,0.01176487182490251,0.49412461664590546,0.49412461664590546,0.49412461664590546,0.49412461664590546,-0.306163509585239
13,18,234,0,0,1,1,216,1.3846153846153846,0.00041566052854430645,0.00012102060361891664,-3.917140685251625,200,6,0.02564102564102564,0.00012209644592433097,0.00012530951029076073,0.0001207290261315362,9.633724133055638e-05,0.00025672534123319466,-3.902015967233602
14,5,70,0,2,1,1,455,0.35714285714285715,1.3880670640197624e-17,2.3367970737531137e-32,-18.0,200,55,0.7857142857142857,0.01772946714453419,0.08273751334115956,0.07335501042889139,0.0043695797883845965,0.18207068185389624,-1.0822975358751372
14,2,28,1,2,0,1,182,0.14285714285714285,-0.005050121953892899,0.0031545878914886138,-2.501057368002249,200,13,0.4642857142857143,0.0009483266642669383,0.0017702097732982848,0.002534663377137083,6.135500913889534e-05,0.0041484413745811015,-2.751975265848522
14,5,70,1,2,0,0,455,0.35714285714285715,0.008637735696057356,0.07497686016076925,-1.1250727506763236,200,23,0.32857142857142857,0.004087337156271398,0.006087523424233998,0.0004731406098009671,4.707489471991324e-05,0.07516033783018161,-2.2155593546486037
14,1,14,0,2,0,1,91,0.07142857142857142,0.0008951488128208945,8.136273321166208e-05,-4.089574470621143,200,0,0.0,6.193894809315435e-05,6.193894809315435e-05,6.0709437662379744e-05,2.5780670766412138e-05,0.0001612087794277381,-4.208036174523594
14,13,182,0,0,0,1,169,0.9285714285714286,-0.001179839706058879,0.0001300048626885115,-3.8860404030832267,200,0,0.0,0.00013224294442962565,0.00013224294442962565,0.0001146154816864749,4.6689798854441195e-05,0.00043945942851965293,-3.878627489629419
14,7,98,1,1,0,1,98,0.5,-0.0004426619082219334,2.1319102723096214e-05,-4.671231077816591,200,9,0.09183673469387756,2.0697260822443147e-05,2.279024225392615e-05,1.978312975001516e-05,6.705398787291517e-06,7.493154179907356e-05,-4.6422510583657335
14,13,182,0,0,0,1,169,0.9285714285714286,-0.0010990609719886313,0.00019093511947644112,-3.7191141827009355,200,0,0.0,0.00011194511297609098,0.00011194511297609098,0.00010680015024997122,5.343649863959672e-05,0.0003884182624016116,-3.9509948610295096
14,2,28,1,1,0,0,28,0.14285714285714285,-0.028728878028703383,0.23587514562345802,-0.6273178187043,200,26,0.9285714285714286,0.017824262575475053,0.24953967605665073,0.24953967605665073,0.23587514562345802,0.26320420648984344,-0.6028603930363885
13,15,195,1,2,1,1,1170,1.1538461538461537,-1.8152254872838558e-18,2.175094185594302e-34,-18.0,200,89,0.4564102564102564,0.00017745330036198116,0.0003264471091564747,0.00034410065644122605,1.953121306160406e-05,0.0011079197264692758,-3.4861871729255003
14,14,196,0,2,0,0,1274,1.0,0.00015405729385837544,0.00037305279374743087,-3.4282297032831486,200,13,0.0663265306122449,7.919576443226722e-05,8.482169305313868e-05,7.3531067941246e-05,5.687709342276529e-05,0.0005361215527050441,-4.0714930632097515
14,12,168,1,2,1,1,1092,0.8571428571428571,-1.01240765987623e-18,1.198089542969373e-34,-18.0,200,99,0.5892857142857143,7.982892030215479e-05,0.00019436606682263777,0.00017566948732549662,2.5585623257681626e-05,0.000483443240791515,-3.711379553597128
14,13,182,0,0,0,1,169,0.9285714285714286,-0.0007848462200545394,8.032279211115169e-05,-4.095161203368999,200,0,0.0,8.3165094937566e-05,8.3165094937566e-05,7.736265687528998e-05,4.1560703236981555e-05,0.00019637276829431318,-4.080058912372184
14,17,238,1,2,1,0,1547,1.2142857142857142,5.7282263214797693e-05,8.838970264641352e-05,-4.053598327117339,200,34,0.14285714285714285,3.0291960015543147e-05,3.5340620018133674e-05,2.9486449062038777e-05,9.098003742795069e-06,0.000264578858307362,-4.4517258354718106
13,3,39,0,2,1,1,234,0.23076923076923078,-1.0049927501450779e-17,3.7753655272429365e-32,-18.0,200,33,0.8461538461538461,0.028351008026562957,0.1842815521726592,0.19614051225412982,0.03972831997634666,0.2938186505163776,-0.7345181384142465
13,20,260,0,2,0,0,1560,1.5384615384615385,-0.0014764506835276625,0.00010518047288655403,-3.9780648809502157,200,12,0.046153846153846156,0.00011919516662601302,0.00012496267468856202,0.00012407967541095462,9.038165039560918e-05,0.0002700845177866631,-3.9032196877717382
13,20,260,0,1,1,1,260,1.5384615384615385,6.795345501602215e-05,0.0001322994941643685,-3.8784418162965766,200,7,0.026923076923076925,0.00012005135308416288,0.00012337293202325042,0.00011981422811885912,9.079457774491583e-05,0.0002552318435609919,-3.9087801139042164
13,18,234,0,2,0,1,1404,1.3846153846153846,0.0005521867469237915,0.00013187446761203048,-3.879839280636898,200,0,0.0,0.000130375241949874,0.000130375241949874,0.00012269362947787895,8.54350055062211e-05,0.0002838903524826471,-3.884804872602631
13,7,91,0,2,0,1,546,0.5384615384615384,-0.001717063817294511,0.000317997936674526,-3.4975756979205195,200,0,0.0,0.00034332139835055176,0.00034332139835055176,0.0002973975048510805,0.0001968055348796758,0.0008130376725163096,-3.464299127258928
13,5,65,0,1,1,1,65,0.38461538461538464,0.00035934756546804607,0.00022211736264157514,-3.6534174918580824,200,7,0.1076923076923077,0.00018613915321364654,0.00020860422342908666,0.00018440017728770192,0.00012006916001811443,0.00046556845509606253,-3.6806769030361464
13,7,91,0,2,0,1,546,0.5384615384615384,0.00019323622169662046,0.0002660592913700676,-3.575021569965006,200,0,0.0,0.000314644270598621,0.000314644270598621,0.0002708033768762658,0.00020852866576839019,0.0006913587256116744,-3.50218017197325
13,12,156,0,0,1,1,144,0.9230769230769231,-0.001372977019832385,0.00014254075030515405,-3.8460609594963366,200,6,0.038461538461538464,0.00012833960268859225,0.0001334731867961359,0.00012551548550416238,0.00010021741508283576,0.0002961535559162216,-3.874605970224925
13,16,208,1,2,0,0,1248,1.2307692307692308,0.0007412960848419861,0.00011067984546164056,-3.9559314559207097,200,40,0.19230769230769232,0.00015868932027706867,0.00019647249177160884,8.577620345187083e-05,2.551902196146883e-05,0.003369249376536497,-3.7066982468564347
14,17,238,1,2,0,0,1547,1.2142857142857142,-0.0010237942866445607,0.0015322292458370434,-2.8146762524881654,200,56,0.23529411764705882,0.00010822220228687958,0.0001415213414520733,3.671817243382618e-05,1.2561851400514384e-05,0.003139711323609155,-3.8491780634895707
13,15,195,1,2,0,1,1170,1.1538461538461537,8.903554697271936e-05,5.2991167268774875e-05,-4.275796513910761,200,21,0.1076923076923077,6.428959806975178e-05,7.20486874919632e-05,6.845204693440633e-05,3.0912410198230565e-05,0.0002730790397423279,-4.142373926303008
13,4,52,0,2,1,1,312,0.3076923076923077,6.165921485992399e-18,1.2560327873133974e-32,-18.0,200,42,0.8076923076923077,0.02190773117031156,0.1139202020856201,0.10936934272141287,0.015104403450855276,0.22884411414923012,-0.9433992533017427
13,7,91,0,2,0,1,546,0.5384615384615384,0.00045328513351109096,0.0002902591862213788,-3.537214026672514,200,0,0.0,0.00032282338309602845,0.00032282338309602845,0.0002863082506779408,0.00019870864381044516,0.000665757684657459,-3.4910350155181775
14,14,196,0,1,1,1,196,1.0,0.0005136401898117564,6.535741488312188e-05,-4.184705134018456,200,7,0.03571428571428571,6.120001115722672e-05,6.346667823712401e-05,6.151004650824749e-05,4.8602103647832504e-05,0.0001411523396189487,-4.197454231496018
14,12,168,0,2,1,1,1092,0.8571428571428571,-1.0603497246908233e-18,3.2842242138854516e-34,-18.0,200,90,0.5357142857142857,0.00277712262974144,0.005981494894827717,0.0065984540704110625,1.3501668600059903e-07,0.020573869453331506,-2.2231902635967296
13,4,52,1,1,0,1,52,0.3076923076923077,0.00022532651869471845,2.0509979430316506e-05,-4.688034775190118,200,10,0.19230769230769232,3.644696239365922e-05,4.51248105826257e-05,3.9111164463083863e-05,6.301306037675557e-06,0.00014211658113460565,-4.3455846080911185
13,16,208,0,2,0,1,1248,1.2307692307692308,0.0010902655862575882,0.00012297641482072376,-3.910178172262848,200,0,0.0,0.00013229833670596147,0.00013229833670596147,0.00012502958477846236,9.413548543850407e-05,0.0002863629118468895,-3.878445615857575
13,12,156,1,1,0,0,156,0.9230769230769231,-0.015508544806869256,0.019871698730490925,-1.7017650056760765,200,66,0.4230769230769231,0.0032552445036585285,0.005642423806341449,0.0028085600075092605,4.666152462189046e-06,0.032222046206644185,-2.2485342967976325
13,9,117,0,0,0,1,108,0.6923076923076923,0.0011707779751903608,0.0002814115351855248,-3.5506581046100667,200,0,0.0,0.00020868247315953788,0.00020868247315953788,0.00018819472926580292,9.378776533015392e-05,0.0004976912359199729,-3.680514024963006
13,1,13,0,2,0,0,78,0.07692307692307693,-0.006947624690595546,0.5060508893077094,-0.29580580759847136,200,12,0.9230769230769231,0.03892699148520841,0.5060508893077094,0.5060508893077094,0.5060508893077094,0.5060508893077094,-0.29580580759847136
14,3,42,0,2,1,1,273,0.21428571428571427,-1.7873073216161567e-17,6.157420722218088e-32,-18.0,200,36,0.8571428571428571,0.028357231482182742,0.19850062037527924,0.19892088350315756,0.04461627045971915,0.3265552430874989,-0.7022381315953776
14,5,70,1,2,1,0,455,0.35714285714285715,-0.00044032743376038743,1.8479912552223508e-05,-4.733300088212051,200,18,0.2571428571428571,0.005270802031647057,0.0070953104272171936,1.1594146099277907e-05,4.63347548518317e-06,0.13974030594660306,-2.149028598955171
13,2,26,1,2,1,0,156,0.15384615384615385,0.042422743413393874,0.26806133248704744,-0.5717658279366913,200,24,0.9230769230769231,0.019383632939228547,0.2519872282099711,0.2519872282099711,0.23591312393289474,0.26806133248704744,-0.5986214705616976
13,20,260,1,1,1,0,260,1.5384615384615385,-0.00041675283476066396,5.8249628787393244e-05,-4.23470683796032,200,9,0.03461538461538462,6.114732475400096e-05,6.333985831091732e-05,6.07819020031607e-05,4.195177884404725e-05,0.00014548159925883096,-4.1983229124648265
13,7,91,0,2,0,0,546,0.5384615384615384,0.0017618326732482014,0.005494376752125258,-2.260081564107463,200,12,0.13186813186813187,0.0011595999643459235,0.0013357417310820127,0.0006697809475885259,0.0004010477882550296,0.014224717207869046,-2.8742775056395864
14,6,84,0,2,1,0,546,0.42857142857142855,0.01548485549075513,0.019649867333357694,-1.7066403774302943,200,13,0.15476190476190477,0.0012878964139624027,0.0015237084334203078,0.0001443661853079857,8.46943121815518e-05,0.019649867333357694,-2.817098128712311
13,1,13,0,2,1,0,78,0.07692307692307693,0.027332655942370176,0.516643402210743,-0.2868091123925552,200,12,0.9230769230769231,0.03974180017005716,0.516643402210743,0.516643402210743,0.516643402210743,0.516643402210743,-0.2868091123925552
13,11,143,0,1,0,0,143,0.8461538461538461,0.008332186317957558,0.021513684912571763,-1.6672851963008823,200,42,0.2937062937062937,0.004538217542560537,0.006425397114714423,0.003315074418073317,1.6538868314634702e-05,0.03423892913937615,-2.192100026066777
14,20,280,1,1,1,0,280,1.4285714285714286,-7.715136373524514e-05,2.8603073820628694e-05,-4.543587293038607,200,9,0.03214285714285714,3.021938067082847e-05,3.122297633886337e-05,3.014048686446124e-05,1.2756660168891172e-05,7.133900912863878e-05,-4.50552570005856
13,17,221,1,2,0,0,1326,1.3076923076923077,-0.0005240198942196761,0.00016884242148896276,-3.772518427947662,200,20,0.09049773755656108,6.49949862283647e-05,7.146214903715722e-05,6.57590299015059e-05,2.3198540770109922e-05,0.00036271842216367944,-4.145923927666952
14,16,224,1,1,0,1,224,1.1428571428571428,0.00010565643680015314,2.0480961778399252e-05,-4.688649652908899,200,18,0.08035714285714286,2.3616298072454078e-05,2.5679858098202492e-05,2.447454555170089e-05,1.0875725751948822e-05,6.395099368996481e-05,-4.590407380421638
13,11,143,1,0,0,1,132,0.8461538461538461,8.151498345522111e-05,4.700848467622074e-05,-4.327823748117479,200,15,0.1048951048951049,3.576270188569226e-05,3.9953643512921825e-05,3.7293412023822406e-05,2.0307284755760577e-05,0.00010483777668896526,-4.398443609706582
14,9,126,1,1,0,1,126,0.6428571428571429,-0.0004231399866319435,8.636783096508217e-06,-5.063647987102781,200,13,0.10317460317460317,1.7260483740729356e-05,1.9246203109131847e-05,1.766880890078518e-05,2.0573889986467534e-06,6.63880502214069e-05,-4.715654935318909
13,11,143,1,2,0,1,858,0.8461538461538461,-0.00018994473571352818,9.934755361983003e-05,-4.00284282269095,200,12,0.08391608391608392,8.28204663623377e-05,9.0407073968048e-05,8.529386667521486e-05,3.111600951030669e-05,0.0002672930022959763,-4.043797586503701
13,14,182,1,1,1,1,182,1.0769230769230769,-0.00042445327332242994,6.689099710208158e-05,-4.174632330244042,200,18,0.0989010989010989,5.6342180683692506e-05,6.252607856360998e-05,6.116748743883199e-05,3.4458732624918584e-05,0.00013881455563194114,-4.20393880803114
13,18,234,0,0,0,0,216,1.3846153846153846,-0.03993153252386958,0.06989023853822825,-1.155583477258906,200,78,0.3333333333333333,0.016339024273349295,0.02450853641002394,0.011618890300289599,2.2289911758480663e-07,0.13162981859292977,-1.6106826229800355
13,10,130,1,2,0,0,780,0.7692307692307693,-4.24465150528075e-19,1.2609369532794268e-34,-18.0,200,28,0.2153846153846154,0.001962204841453948,0.002500849307735424,7.520124207217578e-05,3.525229402986226e-05,0.06467898455914875,-2.6019124765184647
13,18,234,1,2,1,1,1404,1.3846153846153846,3.193653024327614e-19,1.6776658236070572e-34,-18.0,200,90,0.38461538461538464,5.784789214739147e-05,9.400282473951114e-05,9.485202588279158e-05,1.5750542987742986e-06,0.0002195561217496172,-4.026859095864658
14,15,210,1,2,0,1,1365,1.0714285714285714,0.0004199645177679217,3.668962905864779e-05,-4.435456679047997,200,14,0.06666666666666667,3.380590142373227e-05,3.6220608668284566e-05,3.476961787289066e-05,1.4971324344973027e-05,9.06538751026447e-05,-4.441044255870215
14,17,238,1,2,0,0,1547,1.2142857142857142,-0.001581427704712577,0.0001253057060097264,-3.9020291522132324,200,28,0.11764705882352941,3.6504642437721336e-05,4.137192809608417e-05,3.723145104134175e-05,6.493938592791056e-06,0.00025539183618832886,-4.383294238785961
13,1,13,0,1,0,1,13,0.07692307692307693,0.00048533104061852686,0.00010864705573384852,-3.963982038288403,200,0,0.0,0.000117798666534791,0.000117798666534791,5.642989733021575e-05,1.8362522306796824e-05,0.00043735867288060025,-3.9288596256767594
13,6,78,0,1,1,1,78,0.46153846153846156,-0.0010083819557016069,0.00015456024680939417,-3.810902197425267,200,7,0.08974358974358974,0.00013961578523625584,0.00015338072180884444,0.00013963319865053117,0.00010031214463683262,0.00030608531028790864,-3.8142292227741033
14,9,126,1,0,1,1,117,0.6428571428571429,8.397145825900232e-19,9.763964615809652e-35,-18.0,200,24,0.19047619047619047,2.9978520913705634e-05,3.70322905404599e-05,3.453480295037345e-05,1.441445090845484e-05,8.825533242767488e-05,-4.431419424912016
13,17,221,1,1,1,0,221,1.3076923076923077,-0.000456754278992445,7.084277156494625e-05,-4.149704456349601,200,11,0.049773755656108594,5.9142686966803535e-05,6.224063723649326e-05,6.012874698411805e-05,3.998506777170527e-05,0.00014429795227216102,-4.2059259695711315
14,18,252,1,2,0,1,1638,1.2857142857142858,-5.725941503235521e-05,3.528318524511269e-05,-4.452432215152102,200,23,0.09126984126984126,3.1684046242198354e-05,3.486628669447156e-05,3.159302249655879e-05,1.3814457074555225e-05,0.0003112834920686706,-4.457594303096442
13,13,169,0,1,1,1,169,1.0,0.002275994906554259,9.985565560598531e-05,-4.000627332606868,200,7,0.04142011834319527,0.00012152880764058221,0.00012678005241517526,0.0001221618116624638,8.717777813167401e-05,0.0003033899207625656,-3.896949073011932
13,2,26,0,0,1,1,24,0.15384615384615385,0.0019704861385550494,0.0004793156528658107,-3.3193783881535346,200,6,0.23076923076923078,0.0002994555859603007,0.00038929226174839077,0.00033455865192819534,0.00010049892098966073,0.0009076265703876082,-3.409724228990224
13,9,117,1,1,0,0,117,0.6923076923076923,-0.01490852961078084,0.04811752014192975,-1.317696763219724,200,91,0.7777777777777778,0.008524866066447293,0.038361897299012813,0.011736865401033707,0.0007291291558889903,0.1837652969184024,-1.4160999216756407
14,19,266,1,2,1,0,1729,1.3571428571428572,-0.0019398998466348177,0.001173539670745225,-2.9305022247747736,200,20,0.07518796992481203,5.136287862867268e-05,5.553872241962168e-05,2.8106101589504277e-05,6.863507047450183e-06,0.001173539670745225,-4.255404114727823
13,6,78,0,0,0,0,72,0.46153846153846156,0.03469409826431351,0.17660253969887166,-0.7530030551793181,200,57,0.7307692307692307,0.024300518140196684,0.0902590673778734,0.09888127729477666,0.0004046522114161025,0.22427771095769797,-1.0445091582381623
14,16,224,1,2,0,1,1456,1.1428571428571428,0.0002994351900745389,3.694028694221945e-05,-4.432499735399878,200,13,0.05803571428571429,3.2406616214849954e-05,3.440323237974593e-05,3.320770024877477e-05,1.8007778199779382e-05,7.94131931402906e-05,-4.463400751069828
13,7,91,1,1,0,1,91,0.5384615384615384,-0.0006824033087685816,0.00010237578591543681,-3.989802751239561,200,16,0.17582417582417584,6.479129488796287e-05,7.861343779739496e-05,7.010529083906699e-05,1.4683586170523929e-05,0.00023827114794721334,-4.104503211435862
13,1,13,1,2,0,1,78,0.07692307692307693,0.006493441177631101,0.0014497428801223448,-2.838709015451739,200,3,0.23076923076923078,0.00085031393792636,0.0011054081193042679,0.0011903063522624388,0.00043226042651538753,0.0016142072267876092,-2.9564773498174874
14,11,154,0,0,1,1,143,0.7857142857142857,-8.81603345042263e-05,6.80941791664517e-05,-4.166890010905637,200,7,0.045454545454545456,6.863019737442788e-05,7.189830201130539e-05,6.80941791664517e-05,5.1030570487580466e-05,0.0001633547762401838,-4.143281366026409
13,11,143,0,2,0,1,858,0.8461538461538461,-0.0004495813705015568,0.0001297571373851685,-3.8868687441404606,200,0,0.0,0.0001677504141957323,0.0001677504141957323,0.00015493651383651475,0.00011771223411885474,0.0003868397112042754,-3.7753363988328963
14,10,140,1,1,0,1,140,0.7142857142857143,0.00011930945941276009,2.6107796979577032e-05,-4.583229773139851,200,13,0.09285714285714286,2.651263415220461e-05,2.922652583707595e-05,2.4188507978554084e-05,6.276665075786687e-06,9.46774967867545e-05,-4.534222806245706
13,4,52,0,0,0,0,48,0.3076923076923077,0.035850328511324185,0.2432095026812959,-0.6140194603144971,200,42,0.8076923076923077,0.025895298825828382,0.13465555389430758,0.12036274208614833,0.008481227510362588,0.24357838688967262,-0.8707757293233364
14,9,126,1,1,0,1,126,0.6428571428571429,0.00010075435399115687,2.2759756589169977e-05,-4.642832386940657,200,12,0.09523809523809523,2.5509574317369885e-05,2.819479266656672e-05,2.5386730926358973e-05,6.430666424630854e-06,9.646942303191095e-05,-4.54983109469496
14,8,112,1,0,1,1,104,0.5714285714285714,-0.0005354695425549774,2.586016451649601e-05,-4.587368716563934,200,13,0.11607142857142858,3.084018568005177e-05,3.4889907031977756e-05,3.342169956560444e-05,1.5065742167824082e-05,7.802437386723121e-05,-4.457300187776104
14,19,266,1,0,1,1,247,1.3571428571428572,0.0004578447737884759,2.7817855086282242e-05,-4.555676359610103,200,20,0.07518796992481203,2.834456008223379e-05,3.0648995861277186e-05,3.0161374295169045e-05,9.47025008018407e-06,6.626261773489734e-05,-4.513583749499564
14,14,196,1,1,0,1,196,1.0,-0.0005389860048453838,1.9243656567647335e-05,-4.715712402346618,200,13,0.0663265306122449,2.4654659959789747e-05,2.6406083891359504e-05,2.487715674594795e-05,1.1290587130354538e-05,6.500094747995514e-05,-4.5782960013102985
13,13,169,0,0,0,1,156,1.0,0.0005712267703341117,0.00014810481720255685,-3.8294308155472243,200,0,0.0,0.00012951322587765316,0.00012951322587765316,0.00012149436320244926,5.631540948384594e-05,0.00032595586692021514,-3.8876858792090725
13,16,208,0,1,0,0,208,1.2307692307692308,-0.001347144130456277,0.007762805437316428,-2.1099812986180786,200,42,0.20192307692307693,0.0020592357507273618,0.0025802472057306707,0.0017629203888227785,6.9981687831437365e-06,0.011264176717741064,-2.5883386835942748
13,15,195,0,2,1,0,1170,1.1538461538461537,-0.00031696664319033575,0.00019888392835396303,-3.7014003104361395,200,12,0.06153846153846154,0.00012138923808237951,0.00012934918812056834,0.00012606395812562497,8.716236730703708e-05,0.00028476231334364577,-3.8882362928528393
13,12,156,0,1,1,1,156,0.9230769230769231,-0.0006440351876959299,0.00011804558733629699,-3.927950242649758,200,7,0.04487179487179487,0.00012257985887555883,0.00012833864419186026,0.00012229366969681955,9.430505710695684e-05,0.0003018151036425138,-3.891642553038469
13,6,78,0,0,0,1,72,0.46153846153846156,-0.0006285189008533656,0.00024443733488473796,-3.611832460065784,200,0,0.0,0.00020360186596368575,0.00020360186596368575,0.0001748916942880364,7.484196883968126e-05,0.0006574252135349115,-3.691218246109254
14,11,154,0,1,1,1,154,0.7857142857142857,-0.00046770395431133767,6.386634437569616e-05,-4.194727941567062,200,7,0.045454545454545456,5.978049347893438e-05,6.262718364459792e-05,6.072950401234929e-05,4.38934813710016e-05,0.00013160262775997134,-4.203237118158375
14,10,140,1,1,0,0,140,0.7142857142857143,0.007507277864291817,0.10645013063694238,-0.972853801253668,200,81,0.5785714285714286,0.007024506534841752,0.01666832059114992,0.00397649310403797,2.0447929122768036e-06,0.1123181894060184,-1.7781081551053046
13,20,260,1,1,0,1,260,1.5384615384615385,0.00047521140871626316,5.389091250672322e-05,-4.268484462659691,200,10,0.038461538461538464,5.2803437368362755e-05,5.491557486309727e-05,5.389091250672321e-05,1.6850151549340165e-05,0.00013458701200808745,-4.2603044657901075
14,1,14,0,1,0,0,14,0.07142857142857142,0.04561078973398292,0.48085169789357807,-0.31798884611572686,200,13,0.9285714285714286,0.03434654984954129,0.48085169789357807,0.48085169789357807,0.48085169789357807,0.48085169789357807,-0.31798884611572686
14,15,210,0,2,0,0,1365,1.0714285714285714,-0.0010045276435342798,0.00015755494615290726,-3.8025679583852767,200,13,0.06190476190476191,7.030884594255727e-05,7.494851597937576e-05,7.126383729366874e-05,4.598855781257769e-05,0.00019662092795890213,-4.125236961993138
13,5,65,0,2,0,1,390,0.38461538461538464,0.0002559712187002279,0.0005909975648600563,-3.228414308577322,200,0,0.0,0.0006047540326978929,0.0006047540326978929,0.00048598813332955917,0.00031651199146734833,0.0016424628600133701,-3.218421226938629
13,11,143,1,1,0,1,143,0.8461538461538461,0.0006079885892901647,5.2109846037815663e-05,-4.283080209984762,200,15,0.1048951048951049,4.437763090619336e-05,4.9578134528012894e-05,4.4564634583038734e-05,1.7887307163937003e-05,0.00011979493289687687,-4.304709818419991
14,15,210,1,2,0,1,1365,1.0714285714285714,0.00037703395070681696,3.504965388934622e-05,-4.455316266276188,200,9,0.04285714285714286,3.3049132817481895e-05,3.452894473468258e-05,3.325196220043556e-05,1.3590357605368483e-05,9.481148504676413e-05,-4.461816694251397
14,7,98,1,0,1,1,91,0.5,0.00010090227341066411,2.304435140742836e-05,-4.637435510760933,200,21,0.21428571428571427,2.946854629910446e-05,3.750542256249658e-05,3.2901274445157534e-05,1.1256646317276549e-05,9.494054400849489e-05,-4.425905937106447
14,10,140,1,2,1,0,910,0.7142857142857143,0.00013489448479840182,0.007310918108445224,-2.1360280807173533,200,50,0.35714285714285715,0.0004176589829264813,0.0006496917512189709,2.6772912830497267e-05,1.1236829347893003e-05,0.01166967865934841,-3.187292647199269
13,9,117,1,1,1,1,117,0.6923076923076923,0.0004254968498102028,5.674323954637964e-05,-4.246085873387639,200,9,0.07692307692307693,5.937617003483732e-05,6.43241842044071e-05,6.0089010299610625e-05,2.2317360692621556e-05,0.00013948258071593228,-4.191625713050318
13,7,91,0,0,1,0,84,0.5384615384615384,-0.001056179686692772,0.07954783548143371,-1.0993716331293866,200,63,0.6923076923076923,0.012236253874850184,0.039767825093263105,0.04188330321856899,0.00030565212235781226,0.09295843676332056,-1.40046815997763
13,2,26,0,2,1,0,156,0.15384615384615385,-0.023912053381371284,0.24543554073980978,-0.6100625482529799,200,12,0.46153846153846156,0.019542751153289278,0.036293680713251515,4.537842190406127e-05,1.7122889505574005e-05,0.2620607315030129,-1.4401689857152475
14,6,84,1,2,0,0,546,0.42857142857142855,-0.004569432849241082,0.000797627791632485,-3.09819972237148,200,21,0.25,0.0026201177947868743,0.003493490393049166,0.0001070604614657376,1.7241826063806317e-05,0.061515219779289,-2.456740446699454
14,18,252,0,2,1,0,1638,1.2857142857142858,0.00013563224813789332,6.138558961279123e-05,-4.211933568372994,200,13,0.051587301587301584,5.903074691373452e-05,6.224162436092509e-05,6.173481260379483e-05,4.147068568663165e-05,0.00013421396376526735,-4.205919081799522
13,4,52,0,0,1,1,48,0.3076923076923077,4.907360409381105e-05,0.00016288433005269762,-3.7881206940768983,200,6,0.11538461538461539,0.00022905262240526558,0.000258929051414648,0.00023674481183814976,0.00014202743991381704,0.0005209054154408632,-3.5868192197032096
13,17,221,1,1,1,1,221,1.3076923076923077,-0.00037646647987020146,5.7550071564264805e-05,-4.239954131983,200,21,0.09502262443438914,5.558148843944645e-05,6.141754472558831e-05,6.028009830068169e-05,3.057780092938369e-05,0.00013381257264732732,-4.211707549231962
14,1,14,1,2,1,1,91,0.07142857142857142,1.3987563277778613e-18,3.9167264654457214e-33,-18.0,200,13,0.9285714285714286,0.035429879427896674,0.4960183119905534,0.4960183119905534,0.4960183119905534,0.4960183119905534,-0.30450228994196454
14,15,210,1,2,0,0,1365,1.0714285714285714,0.0002359899236387711,5.224131978991078e-05,-4.281985859867835,200,23,0.10952380952380952,4.3947708087283514e-05,4.935304116753764e-05,3.620098624950484e-05,1.2997089897415493e-05,0.0007660121858858761,-4.306686080652173
13,1,13,1,0,0,1,12,0.07692307692307693,1.2382518575219659e-05,0.0005493777465183083,-3.260128936397144,200,3,0.23076923076923078,0.0006578191584290121,0.0008551649059577157,0.0007760707564397041,0.0003906374099340638,0.001543051197933073,-3.067950129901288
14,9,126,1,2,0,1,819,0.6428571428571429,-0.000460696273294911,8.275575045557257e-05,-4.082201818647671,200,18,0.14285714285714285,8.08039769289113e-05,9.427130641706318e-05,7.727648084408785e-05,2.3357324638482963e-05,0.00042696331542613203,-4.025620474399533
13,3,39,0,1,0,1,39,0.23076923076923078,-0.0015985651955017866,0.0001067987536965448,-3.9714338153399673,200,0,0.0,0.00023531160649379096,0.00023531160649379096,0.0002117097316249661,0.0001067987536965448,0.0004711744730691908,-3.6283566511839718
13,5,65,1,2,0,0,390,0.38461538461538464,-0.06778993535268496,0.11943353796273501,-0.9228737024619204,200,18,0.27692307692307694,0.0058264202526849985,0.008057815243074997,0.00017793828952330254,4.2765252625852405e-06,0.13129158563346718,-2.093782694732812
14,7,98,0,2,0,0,637,0.5,-0.0028947691206006477,0.018243412049736805,-1.7388939326857316,200,13,0.1326530612244898,0.0010372229185465435,0.001195857011971309,0.0003724278529050879,0.0002069569985721809,0.018243412049736805,-2.9223207456187272
13,7,91,0,0,1,0,84,0.5384615384615384,0.029377531153487492,0.07804268695202864,-1.1076677865820979,200,63,0.6923076923076923,0.012858099826751726,0.04178882443694311,0.044081627444545954,0.0002670195884569088,0.10753147674612215,-1.3789398458396163
13,11,143,0,0,1,0,132,0.8461538461538461,-0.00701722235551234,0.019067866941267043,-1.7196978873132311,200,77,0.5384615384615384,0.004261015836851526,0.009232200979844974,0.010463850124582258,9.856163015794248e-07,0.028945425222503846,-2.0346947497377834
14,20,280,0,0,0,0,260,1.4285714285714286,0.0023213641308387012,0.06641642744996322,-1.1777244888775809,200,91,0.325,0.01462260710020911,0.021663121629939414,0.007947331640459944,2.9017884621776885e-07,0.13766049264579375,-1.664278961885459
14,16,224,1,1,1,0,224,1.1428571428571428,6.682367410649749e-05,3.214612244952981e-05,-4.492871405331753,200,7,0.03125,3.057905744606339e-05,3.1565478654000916e-05,3.0514497256072574e-05,2.112729428940613e-05,6.701951372715754e-05,-4.500787620712828
14,7,98,1,1,0,0,98,0.5,0.03221149589266856,0.10229650349427274,-0.9901392102672579,200,73,0.7448979591836735,0.007793324663712964,0.030549832681754818,0.022337164670394833,0.00020524097449401354,0.10229650349427274,-1.5149911640004645
14,15,210,1,2,1,0,1365,1.0714285714285714,-0.00394147168554938,0.005227243437949665,-2.281727273903329,200,43,0.20476190476190476,0.0002735544453687255,0.0003439906199247446,2.714159305309857e-05,8.611479095899713e-06,0.008822916761504365,-3.4634533997844716
14,20,280,0,1,1,1,280,1.4285714285714286,0.00041773200474524275,6.375482173943893e-05,-4.195486964217247,200,7,0.025,6.077374684720229e-05,6.23320480484126e-05,6.0635843863228994e-05,4.595841790924122e-05,0.00014346133631105556,-4.2052886032297465
14,9,126,0,1,0,0,126,0.6428571428571429,-0.025405597285928234,0.028098967070159943,-1.5513096446491874,200,49,0.3888888888888889,0.006106550845070581,0.009992537746479131,0.005185357022202169,4.3735643829350165e-06,0.04760900005726355,-2.0003242025317918
14,7,98,0,1,0,0,98,0.5,-0.023604164538322096,0.059958523666471406,-1.2221490691426107,200,49,0.5,0.008759706852643998,0.017519413705287996,0.00969113583914308,1.4564427379824749e-06,0.08684998745526534,-1.7564804317763116
13,2,26,0,0,1,0,24,0.15384615384615385,-0.039614036527457416,0.33481676048898884,-0.4751928099210401,200,23,0.8846153846153846,0.031550794648965604,0.2734402202910352,0.33481676048898884,0.11789472375710253,0.36760917662701426,-0.5631376047435019
14,20,280,0,0,0,1,260,1.4285714285714286,0.0005349231441679629,7.747722902710731e-05,-4.110825920216177,200,0,0.0,8.942831077869378e-05,8.942831077869378e-05,8.291777775703299e-05,4.3358872901284316e-05,0.00022377109838914188,-4.04852497260699
14,4,56,1,1,0,1,56,0.2857142857142857,-0.00039224600381958247,1.5063315766108203e-05,-4.8220794198735275,200,11,0.19642857142857142,3.0098112077626333e-05,3.745542836326833e-05,3.189371804508087e-05,1.1201987748534357e-05,9.808859983464662e-05,-4.426485231706311
14,4,56,0,2,0,0,364,0.2857142857142857,0.022705209694878166,0.06573156603778238,-1.182226020641199,200,13,0.23214285714285715,0.0058173762765677305,0.007576117941576577,0.0011169360062715469,0.0003907186425208448,0.07598594339976467,-2.1205532730521437
13,2,26,0,0,0,1,24,0.15384615384615385,-0.0023942690622286906,0.0003965732104669563,-3.4016766268410956,200,0,0.0,0.00022144966453338335,0.00022144966453338335,0.0001743250285211277,5.393637009286259e-05,0.000578210476859192,-3.6547249732767653
13,15,195,1,0,1,1,180,1.1538461538461537,0.00011306452522181939,5.885897085893942e-05,-4.230187335749679,200,11,0.05641025641025641,5.8251530171218405e-05,6.173395860536734e-05,5.9755887266698995e-05,2.5975848741917982e-05,0.00012519312859607555,-4.209475873602384
14,4,56,1,0,0,1,52,0.2857142857142857,0.00012329465997668705,1.5033853208978984e-05,-4.82292969453436,200,11,0.19642857142857142,1.9673455971382806e-05,2.448252298660971e-05,2.2441373145620235e-05,5.480048038565971e-06,6.312037330754242e-05,-4.61114382906315
14,14,196,1,2,1,0,1274,1.0,5.8218555319572726e-05,3.7186188771759345e-05,-4.429618330385639,200,29,0.14795918367346939,8.495595658667526e-05,9.970878737118771e-05,2.7870273255470987e-05,1.0978196081309142e-05,0.0019181156412932678,-4.001266565473238
13,16,208,0,0,1,1,192,1.2307692307692308,0.00039307456269030406,0.000127576644266437,-3.8942288255727364,200,6,0.028846153846153848,0.0001222902925857853,0.00012592267751407597,0.00012033394828196836,9.485903027597634e-05,0.00032050670573092777,-3.899896050413651
14,5,70,0,2,0,1,455,0.35714285714285715,0.0009037828791246794,0.0003722505274229266,-3.4291646782454857,200,0,0.0,0.000367255759154176,0.000367255759154176,0.000292340315584272,0.0001742644029938288,0.0008350560469515819,-3.4350313850563774
14,5,70,0,0,1,1,65,0.35714285714285715,-0.0007519054328817414,0.00016101157991151732,-3.7931428884971994,200,7,0.1,0.00017133541153171991,0.0001903726794796888,0.00017528717991006774,9.719909113035641e-05,0.00048724950645134525,-3.7203953773935683
13,18,234,0,0,0,1,216,1.3846153846153846,0.0014267409142000814,0.00013965299008837246,-3.854949761252066,200,0,0.0,0.0001707310580402973,0.0001707310580402973,0.0001606321822150207,9.706473342300244e-05,0.00040754467742910394,-3.7676874682900707
14,12,168,0,2,1,1,1092,0.8571428571428571,1.4791228138133494e-18,2.9214717963360586e-34,-18.0,200,90,0.5357142857142857,0.0029215528559804436,0.006292575382111724,0.006339961225541648,4.959405966602634e-07,0.024197576195040694,-2.201171573103547
13,14,182,0,0,0,1,168,1.0769230769230769,-0.0002015725392961412,0.00020477243474041263,-3.6887285059279318,200,0,0.0,0.00018732346931870001,0.00018732346931870001,0.0001732748051257688,9.00586401811535e-05,0.0004084795529764862,-3.727407807477536
14,12,168,0,1,1,1,168,0.8571428571428571,-0.0008975794580129437,5.950527024536785e-05,-4.225444568101367,200,7,0.041666666666666664,6.116658566873053e-05,6.38260024369362e-05,6.111345137390254e-05,4.2982335713109536e-05,0.00013971532304417832,-4.195002355538032
14,13,182,1,1,1,0,182,0.9285714285714286,0.0005913107722005872,3.145054997171949e-05,-4.502371755700601,200,14,0.07692307692307693,2.918042804620643e-05,3.16121303833903e-05,2.988645401648137e-05,1.8968529829903335e-05,6.960983721381701e-05,-4.500146235493089
14,1,14,1,2,1,0,91,0.07142857142857142,-0.045621098420221544,0.5177976327314456,-0.2858399394052419,200,13,0.9285714285714286,0.03698554519510326,0.5177976327314456,0.5177976327314456,0.5177976327314456,0.5177976327314456,-0.2858399394052419
13,18,234,1,2,0,1,1404,1.3846153846153846,0.0003174417089721938,6.023385194043617e-05,-4.220159362913018,200,14,0.05982905982905983,5.923761736042425e-05,6.300728391972398e-05,6.204590816042801e-05,2.3362309636523247e-05,0.00016004357941936116,-4.200609241287908
13,10,130,1,1,0,1,130,0.7692307692307693,0.00013764519972289273,6.747762033746438e-05,-4.17084024162131,200,20,0.15384615384615385,4.3430627733338755e-05,5.1327105503036705e-05,4.711583505921128e-05,1.740269525667979e-05,0.0001674413635218046,-4.289653226280895
14,1,14,0,0,1,1,13,0.07142857142857142,8.921487538114382e-19,1.6406853045158313e-34,-18.0,200,7,0.5,0.0037546546940730213,0.007509309388146043,0.007197782086050247,0.0034108384406958962,0.011680280284032625,-2.1244000021048506
14,5,70,0,0,1,1,65,0.35714285714285715,0.0006572226200061779,0.00015143152423253173,-3.819783706242182,200,7,0.1,0.0001817243431743127,0.00020191593686034743,0.00017693632721619765,9.702726085725914e-05,0.0004769792666516468,-3.694829401624176
13,13,169,1,2,1,1,1014,1.0,-1.2552350651950928e-18,2.2119591966688114e-33,-18.0,200,86,0.5088757396449705,0.0012217476346698339,0.0024876548224000232,0.000577034434118501,5.333392481880632e-06,0.024636560229209223,-2.6042098808650014
13,2,26,0,1,0,0,26,0.15384615384615385,0.01446768152921344,0.30856561054634446,-0.5106524774374336,200,22,0.8461538461538461,0.028644308997452843,0.18618800848344347,0.1868257425979296,0.05427947664311291,0.3168210720948017,-0.7300482933717192
13,16,208,0,2,1,0,1248,1.2307692307692308,-0.0008457773391658014,0.00015775424667842066,-3.802018940900435,200,12,0.057692307692307696,0.0001202391868108581,0.000127600769676829,0.00012438295683054863,9.1634053991332e-05,0.0003297512800954952,-3.8941467059801265
14,14,196,0,1,0,1,196,1.0,-4.07023730420563e-05,6.240939236906126e-05,-4.204750045780732,200,0,0.0,8.483455525526781e-05,8.483455525526781e-05,7.79471360446977e-05,4.4559641127499185e-05,0.00021078934236130678,-4.0714272126032895
13,1,13,0,0,1,1,12,0.07692307692307693,0.0002619765951609476,0.00881252848008029,-2.0548994664576536,200,6,0.46153846153846156,0.004301920043842912,0.00798928008142255,0.006669434130546985,0.00595161488120872,0.012490660346304647,-2.097492353445961
13,14,182,0,0,0,1,168,1.0769230769230769,0.0006929045841228629,0.00015160611413048608,-3.8192832836671085,200,0,0.0,0.00015362038346342804,0.00015362038346342804,0.00014618308565016072,6.033758642425569e-05,0.0003604743501984067,-3.813551155148511
13,7,91,1,1,0,1,91,0.5384615384615384,-0.00012108224156666448,5.046411526174211e-05,-4.297017336406807,200,10,0.10989010989010989,4.4926698615772853e-05,5.047320461772011e-05,4.577479694902031e-05,1.5098616506980266e-05,0.00013839493623646576,-4.296939120397888
14,4,56,1,2,0,1,364,0.2857142857142857,-0.0024935922106360743,0.0006611562706767922,-3.1796958786816623,200,17,0.30357142857142855,0.001603969237428915,0.002303135315282545,0.0006759170119650634,4.370926736204497e-06,0.00978912774421725,-2.6376805453383554
13,2,26,1,2,0,0,156,0.15384615384615385,0.0,0.0,-18.0,200,25,0.9615384615384616,0.01940060518338908,0.5044157347681161,0.5044157347681161,0.5044157347681161,0.5044157347681161,-0.2972113744851909
13,17,221,0,0,0,0,204,1.3076923076923077,0.011044390476226415,0.07506453006127789,-1.124565229940924,200,78,0.35294117647058826,0.016987068063503336,0.026252741552686976,0.01173519774361492,2.2068025980783592e-07,0.12983628310617387,-1.5808253368662992
14,8,112,1,2,1,1,728,0.5714285714285714,1.9883410222525055e-18,2.568183742602796e-34,-18.0,200,90,0.8035714285714286,0.00036120880831413304,0.0018388812059628593,0.0018169461379170051,0.0006081001734900083,0.0030927189720469294,-2.735446325825119
13,20,260,1,0,0,0,240,1.5384615384615385,0.004407762895875661,0.036749347986497274,-1.4347503618417818,200,125,0.4807692307692308,0.0063346745770065105,0.012200114000160684,0.0016059469128153442,1.9035515148982068e-07,0.07153121835603633,-1.9136361111769398
13,3,39,0,1,0,1,39,0.23076923076923078,-0.0009109179824341732,0.00012975252261999127,-3.8868841899396798,200,0,0.0,0.00022341888501345615,0.00022341888501345615,0.00018210542498423376,7.345125811767208e-05,0.0005082507918856644,-3.6508801198932272
14,14,196,0,0,0,1,182,1.0,-0.001297127401811212,7.819795686397905e-05,-4.106804593925976,200,0,0.0,9.362161634486198e-05,9.362161634486198e-05,8.883317906138571e-05,3.6041086768262276e-05,0.00018940383869719068,-4.02862386519966
14,7,98,0,0,0,0,91,0.5,-0.0011753161527654338,0.1672583292100158,-0.7766122458179676,200,70,0.7142857142857143,0.021169904803792314,0.0740946668132731,0.04958308726494355,8.989092058118501e-05,0.20664771612308155,-1.1302130505486236
14,15,210,1,1,0,0,210,1.0714285714285714,0.012297248372904423,0.009343807312872434,-2.0294761261198477,200,108,0.5142857142857142,0.001969622579797096,0.004055105311346963,0.0030163170496099382,6.311940963260161e-07,0.025423765797320134,-2.3919978626506113
14,1,14,1,1,0,1,14,0.07142857142857142,2.005784077614432e-18,1.0596809634922461e-33,-18.0,200,6,0.42857142857142855,0.0023257187241858403,0.0040700077673252195,0.0038686259446860946,0.0028195869885842295,0.006624596558902228,-2.3904047619533393
13,6,78,0,1,0,0,78,0.46153846153846156,-0.018098046715743853,0.07457581537065051,-1.1274019896046743,200,42,0.5384615384615384,0.011738881040127479,0.025434242253609532,0.012540870930157811,6.053134800343595e-05,0.09495253378713756,-1.594581196502378
14,3,42,1,1,1,0,42,0.21428571428571427,0.0010025209147090325,0.00012015354744366585,-3.9202634024508787,200,17,0.40476190476190477,0.00012624547668473003,0.00021209240083034647,0.00013996772554983214,6.429323479724955e-06,0.000790431589351501,-3.6734748917690134
14,1,14,0,0,1,1,13,0.07142857142857142,-1.7099616449093428e-18,2.901424922051163e-34,-18.0,200,7,0.5,0.0035667796306550867,0.007133559261310173,0.006548051553594458,0.0038814910846708965,0.009778326868837927,-2.146693726549931
14,11,154,0,2,0,1,1001,0.7857142857142857,-0.000193671118316453,7.065191711154508e-05,-4.150876049248273,200,0,0.0,8.4651942084333e-05,8.4651942084333e-05,7.867485788795367e-05,5.466295019094979e-05,0.0001844865749670758,-4.072363073859428
14,12,168,0,2,0,0,1092,0.8571428571428571,-0.001337051689274891,0.0002783802650548323,-3.5553615559924374,200,13,0.07738095238095238,0.00011180546862307222,0.00012118270147532991,0.00010001677777380974,5.992740618591447e-05,0.0006232452539827332,-3.9165593701861514
14,8,112,1,0,1,1,104,0.5714285714285714,-0.00010805315791493578,3.968190435434508e-05,-4.401407494009339,200,16,0.14285714285714285,2.9774458366597373e-05,3.47368680943636e-05,3.34462812627538e-05,8.607384081113626e-06,9.199854179962267e-05,-4.459209340484513
14,17,238,0,2,0,1,1547,1.2142857142857142,0.00037248097125070786,6.64615876428886e-05,-4.177429288451377,200,0,0.0,6.554807049055928e-05,6.554807049055928e-05,6.200916904187893e-05,4.754501014054737e-05,0.00015060071903600454,-4.183440087919531
14,3,42,0,2,0,1,273,0.21428571428571427,-0.0014092662303974595,0.0007055885138045076,-3.15144849764937,200,0,0.0,0.000713684935342288,0.000713684935342288,0.0005372351622307455,0.00022460986239910413,0.0019009457713433022,-3.1464934703535743
13,19,247,1,2,1,1,1482,1.4615384615384615,1.962405932198763e-19,1.6687522222740795e-34,-18.0,200,88,0.3562753036437247,4.826729496537757e-05,7.498126953741045e-05,7.56925914407146e-05,1.2758609367355385e-05,0.0001801507850159702,-4.125047210641271
13,1,13,1,2,0,0,78,0.07692307692307693,-0.020360864072820676,0.4918219465616493,-0.3081920956502479,200,12,0.9230769230769231,0.037832457427819176,0.4918219465616493,0.4918219465616493,0.4918219465616493,0.4918219465616493,-0.3081920956502479
14,4,56,0,0,0,0,52,0.2857142857142857,-0.01055932224775031,0.2920803887563573,-0.5344976020159146,200,46,0.8214285714285714,0.027374377751464292,0.15329651540820005,0.12370991581895313,0.008038711025412655,0.2920803887563573,-0.8144677170059651
14,6,84,1,2,0,0,546,0.42857142857142855,-0.0004409523074147161,0.00046993048934397785,-3.327966376802364,200,32,0.38095238095238093,0.003210181470564566,0.00518567776014276,0.0002936248991185365,1.1083474722321058e-05,0.06508631264387611,-2.2851944739415107
14,20,280,1,2,1,1,1820,1.4285714285714286,-5.940072652504957e-19,1.5769997114254825e-34,-18.0,200,100,0.35714285714285715,5.393188492738751e-05,8.389404322038057e-05,6.940737500616804e-05,1.6627821824647127e-06,0.0006231557978447933,-4.076268874551031
13,4,52,1,1,1,1,52,0.3076923076923077,-8.601280766188519e-19,7.721622885713523e-35,-18.0,200,13,0.25,3.57564004559721e-05,4.767520060796281e-05,3.866374275165988e-05,2.058138009058985e-05,0.00012588310866772835,-4.32170747085148
13,6,78,1,2,0,0,468,0.46153846153846156,0.0034546830838579003,0.0004420614831829892,-3.3545173235239085,200,27,0.34615384615384615,0.003544001115404716,0.005420237000030741,0.00022021598998324946,2.3154027001508806e-05,0.07366626623373057,-2.2659817235067665
13,4,52,1,1,0,0,52,0.3076923076923077,-0.07575719073371202,0.12406161034335707,-0.906362585909284,200,40,0.7692307692307693,0.01180453842466141,0.05115299984019945,0.023052340483673328,0.006229159905071842,0.13455243551364085,-1.2911288922383695
13,18,234,1,2,1,0,1404,1.3846153846153846,0.00014823134127548104,0.00020487088032460055,-3.6885197664063467,200,26,0.1111111111111111,6.628957195544494e-05,7.457576844987556e-05,5.7661338544849505e-05,2.1108304724398646e-05,0.0008633683863745682,-4.127402262849291
14,4,56,0,2,0,0,364,0.2857142857142857,-0.011607706678046819,0.05966086134099676,-1.2243104808944791,200,13,0.23214285714285715,0.006015059713779224,0.007833566138875267,0.0011728551593275086,0.0002671772959068932,0.07719994548066411,-2.106040485470077
14,5,70,1,0,1,1,65,0.35714285714285715,-0.0003811395659592682,3.0303778629498226e-05,-4.518503215206471,200,15,0.21428571428571427,3.987353409919197e-05,5.0748134308062504e-05,4.5217375959787646e-05,1.4761320146733537e-05,0.00011904212239721224,-4.294579919416864
14,16,224,1,0,1,0,208,1.1428571428571428,-0.0002329361780464284,0.0013566407792542914,-2.8675351326204463,200,103,0.45982142857142855,0.00018300525954068864,0.0003387865961744979,0.00019531975549866073,1.988413514899414e-06,0.0025116443791030076,-3.470073780521396
13,2,26,0,1,1,0,26,0.15384615384615385,-9.13495387460609e-19,7.047382782695495e-34,-18.0,200,1,0.038461538461538464,0.0004995643126609704,0.0005195468851674093,0.0005395614525256887,0.0001513375823548475,0.001225623685876356,-3.2843752545539555
13,7,91,1,2,1,1,546,0.5384615384615384,-3.771397256990827e-18,3.228086735846697e-33,-18.0,200,67,0.7362637362637363,0.0037340454006175145,0.014158255477341411,0.01340497457962585,0.0028064600111838704,0.029188638753120097,-1.8489902553495485
14,18,252,0,0,1,1,234,1.2857142857142858,-0.0010755107027803504,6.458838475745635e-05,-4.189845576266498,200,7,0.027777777777777776,6.143054250664363e-05,6.318570086397631e-05,6.127607223010115e-05,4.526518293534565e-05,0.00014086787976949448,-4.199381192896318
14,6,84,0,1,1,1,84,0.42857142857142855,7.588425824940211e-05,7.989481798279782e-05,-4.097481388326302,200,7,0.08333333333333333,7.018956011385578e-05,7.65704292151154e-05,7.083498231097726e-05,4.724367793646424e-05,0.00016209231741821665,-4.115938918463934
13,1,13,0,1,0,1,13,0.07692307692307693,-0.00035107764240763597,0.00024620994784006344,-3.608694403863001,200,0,0.0,0.00013073592423431485,0.00013073592423431485,8.010632968524965e-05,3.704260135706537e-05,0.0003238395977175665,-3.8836050585328508
14,12,168,0,2,0,0,1092,0.8571428571428571,-0.0012113524386836545,0.00026982509150484663,-3.5689176669865326,200,13,0.07738095238095238,0.00010602847692207011,0.00011492118788972761,9.491845469007598e-05,6.331532636431728e-05,0.000596124215279717,-3.9395998935460184
14,3,42,0,2,0,1,273,0.21428571428571427,-0.0015617971942044654,0.0005599546688924578,-3.251847129862951,200,0,0.0,0.0007863013006634657,0.0007863013006634657,0.0005115313524220611,0.00019028885770170173,0.002375390534985384,-3.104411005943175
14,20,280,1,1,1,1,280,1.4285714285714286,-0.0003962569254658015,3.1756036676882714e-05,-4.498173705135557,200,16,0.05714285714285714,2.9048122024066877e-05,3.080861426794972e-05,3.017879519058421e-05,2.1243470937957576e-05,7.220106462472313e-05,-4.5113278352538835
13,15,195,0,2,1,1,1170,1.1538461538461537,-1.2910137368871145e-18,3.654141761741367e-34,-18.0,200,78,0.4,0.001162982052217069,0.001938303420361782,0.0021649111638004695,4.458090129859028e-08,0.007167464234382046,-2.712578237876377
13,2,26,0,1,0,1,26,0.15384615384615385,0.0011033437509986837,0.0002623260220709623,-3.58115862637007,200,0,0.0,0.00023297542840987193,0.00023297542840987193,0.0001833507751350714,4.345115213122212e-05,0.0008605132282595381,-3.6326898809856902
14,12,168,0,1,0,0,168,0.8571428571428571,0.012101780346634202,0.01609275378823255,-1.793369633172436,200,49,0.2916666666666667,0.003646816687890448,0.005148447088786515,0.0024106159290954985,2.1159860818152723e-05,0.019879257519158217,-2.288323746196182
14,3,42,0,2,1,1,273,0.21428571428571427,2.412114326928458e-18,6.790818810310815e-32,-18.0,200,36,0.8571428571428571,0.026355182734543906,0.18448627914180735,0.18141188475680345,0.056969775460770686,0.30568921377295083,-0.7340359282289637
14,5,70,1,2,0,0,455,0.35714285714285715,-0.018989790750337035,0.03435478474985155,-1.4640127681897168,200,24,0.34285714285714286,0.0025022909175226927,0.003807834004925836,0.0005687538348404118,1.8975550998038303e-05,0.03487559540687644,-2.4193219920932454
13,3,39,1,1,0,0,39,0.23076923076923078,0.0,0.0,-18.0,200,38,0.9743589743589743,0.01382035228129873,0.5389937389706505,0.5389937389706505,0.5389937389706505,0.5389937389706505,-0.26841627961157366
14,7,98,1,1,0,0,98,0.5,0.008501154166191866,0.044337341119437684,-1.3532303547889633,200,61,0.6224489795918368,0.008707477419384999,0.023063048299992697,0.008914707253142938,3.0748693654550436e-05,0.13067549281063515,-1.6370832914743967
14,19,266,0,1,1,0,266,1.3571428571428572,-0.0010914736636046319,6.290121182913988e-05,-4.201340987533447,200,1,0.0037593984962406013,6.309153075389015e-05,6.332961200201802e-05,6.015488843529737e-05,4.569420127870323e-05,0.0001517474016853583,-4.1983931727321755
13,4,52,1,1,1,0,52,0.3076923076923077,-0.0002039689422671312,6.234917077950116e-05,-4.205169318100141,200,15,0.28846153846153844,6.147953930796006e-05,8.640367686524118e-05,6.405791540397121e-05,2.4128574356430035e-05,0.00023979405223387964,-4.063467775943467
14,11,154,0,1,0,0,154,0.7857142857142857,-0.002789878409467353,0.017196394406274268,-1.7645626027208692,200,49,0.3181818181818182,0.004045434946071737,0.0059333045875718795,0.003023645416289584,6.051403338667358e-06,0.031226273568604315,-2.226703356481974
14,1,14,0,2,1,0,91,0.07142857142857142,-0.0026221248985315347,0.5136358105524849,-0.2893447049875414,200,13,0.9285714285714286,0.03668827218232035,0.5136358105524849,0.5136358105524849,0.5136358105524849,0.5136358105524849,-0.2893447049875414
14,13,182,0,1,0,1,182,0.9285714285714286,8.341357979869839e-05,0.00011959868501252664,-3.9222735953889374,200,0,0.0,8.986116699609891e-05,8.986116699609891e-05,8.306109657986976e-05,5.3563881514333054e-05,0.00019999885718394173,-4.046427945673161
14,3,42,1,1,0,1,42,0.21428571428571427,0.00011081299201153475,5.547507067975987e-07,-6.255902135769047,200,3,0.07142857142857142,3.5679293437854697e-06,3.842385447153582e-06,2.3998059044508376e-06,3.285668075900024e-07,1.501845478706273e-05,-5.415399071235028
14,18,252,0,0,1,1,234,1.2857142857142858,0.00017760430737360141,7.071433363179202e-05,-4.150492546793596,200,7,0.027777777777777776,6.228884096460187e-05,6.406852213501907e-05,6.153748702728236e-05,4.564822816748854e-05,0.00014677350646113608,-4.193355293738882
13,16,208,0,2,1,1,1248,1.2307692307692308,9.920449878242366e-19,4.115495647546665e-34,-18.0,200,78,0.375,0.0008447039149784331,0.001351526263965493,0.0013495482873793676,3.196118163003518e-08,0.004831454407248513,-2.8691755103171186
14,7,98,0,0,0,0,91,0.5,0.0028499854793171664,0.15871866270687476,-0.7993720043473541,200,70,0.7142857142857143,0.021827221944930267,0.07639527680725593,0.06409069572781227,5.0258704277921435e-05,0.20840008474641913,-1.116933491161936
14,2,28,0,0,1,1,26,0.14285714285714285,-7.032476322346178e-19,3.6311973501728316e-34,-18.0,200,7,0.25,0.00023768158704867424,0.0003169087827315657,0.000297055812426435,8.713869492758563e-05,0.0006533660431582583,-3.499065724713138
14,16,224,0,0,0,0,208,1.1428571428571428,-0.006456183613456626,0.07559152297700254,-1.1215269046407343,200,91,0.40625,0.015653933866999092,0.0263645201970511,0.012366039300082333,9.550043876168177e-09,0.12807079968044144,-1.5789801279042672
13,19,247,0,1,0,0,247,1.4615384615384615,-0.0001946035874863644,0.00326117585288137,-2.486625782035239,200,42,0.1700404858299595,0.0014503990974354152,0.001747554034470963,0.0010905553607038323,5.517769430496514e-06,0.007359582814303774,-2.757569386964387
13,17,221,1,2,0,0,1326,1.3076923076923077,-0.0012678609787328155,0.00012305631854860679,-3.909896081755232,200,22,0.09954751131221719,6.370635849192318e-05,7.074927249605539e-05,6.799993319990937e-05,2.3735545412055596e-05,0.00024288366447035523,-4.150278021564423
14,7,98,0,0,1,1,91,0.5,0.0006298407810825076,8.641350988058235e-05,-4.06341835465166,200,7,0.07142857142857142,8.977602782464188e-05,9.668187611884515e-05,8.828804291149748e-05,6.629441216702233e-05,0.00020144534444560872,-4.014654930666577
14,19,266,1,0,0,1,247,1.3571428571428572,-0.0006091836298343665,2.3991584057728936e-05,-4.619941076549921,200,22,0.08270676691729323,2.1950016955792034e-05,2.3929116845248694e-05,2.308224600176803e-05,6.068559653641428e-06,6.302305853009785e-05,-4.6210733296486985
14,14,196,1,2,1,0,1274,1.0,0.004142984927601431,0.000985556655930826,-3.0063184047169815,200,35,0.17857142857142858,4.613971611078412e-05,5.617008917834589e-05,2.8678500567771927e-05,7.418418447053741e-06,0.000985556655930826,-4.25049488661642
14,7,98,0,2,1,0,637,0.5,-0.006597611119723944,0.007438216209009866,-2.1285312020169465,200,13,0.1326530612244898,0.0006651652634173399,0.0007668964213517566,0.00011798230107194158,7.183315095458416e-05,0.011340199188106486,-3.115263288818986
14,20,280,0,0,0,0,260,1.4285714285714286,0.02705586767778441,0.07786985001173773,-1.1086306618151833,200,91,0.325,0.01441587158347131,0.021356846790327868,0.008774586709946365,2.12600407218248e-08,0.1220369575453686,-1.6704628678723827
14,4,56,0,0,1,0,52,0.2857142857142857,0.0029089012356314837,0.21771609445564402,-0.6621094649648112,200,46,0.8214285714285714,0.021347208290052204,0.11954436642429234,0.10972923972303525,0.020361751638299914,0.21771609445564402,-0.9224708853657851
13,19,247,0,0,0,0,228,1.4615384615384615,0.02585815979316261,0.07363686226396132,-1.1329047254705737,200,78,0.3157894736842105,0.016928747097606067,0.02474201498880887,0.010709283780877831,1.6269416707078317e-07,0.14245971968203155,-1.6065649343396458
13,10,130,0,0,1,1,120,0.7692307692307693,0.00023325976567901773,0.00011652628812113444,-3.933576087530252,200,6,0.046153846153846156,0.000133193206563753,0.00013963803913941847,0.0001320650325615293,0.00010326650919186917,0.00033149225359379317,-3.8549962583748276
13,4,52,1,1,1,1,52,0.3076923076923077,-5.016383098343183e-05,3.249356083091682e-05,-4.488202693564815,200,19,0.36538461538461536,7.947023539423156e-05,0.00012522582546969818,0.00011139237352793498,1.8977858813909572e-06,0.0005332604147346562,-3.902306096825485
14,2,28,1,1,0,0,28,0.14285714285714285,0.023456127981043177,0.22279481257987055,-0.6520949252315428,200,26,0.9285714285714286,0.017360780148562675,0.24305092207987747,0.24305092207987747,0.22279481257987055,0.2633070315798844,-0.6143027269718992
14,3,42,0,2,0,1,273,0.21428571428571427,0.0004220080532014749,0.00033012179190077884,-3.4813258062062507,200,0,0.0,0.00044181695416688535,0.00044181695416688535,0.00031199077113180576,0.00022537349409824315,0.0010847902435158676,-3.354757622643292
13,11,143,1,1,0,1,143,0.8461538461538461,-0.00015368135638911415,3.1468162451575024e-05,-4.502128616490688,200,10,0.06993006993006994,4.0708282432299245e-05,4.3769055547509715e-05,4.1808794974152076e-05,1.4581047128945652e-05,0.00012801748680896056,-4.358832824529912
14,12,168,0,2,0,1,1092,0.8571428571428571,0.00044175214079728817,7.930642196177045e-05,-4.100691643582344,200,0,0.0,7.909589433313099e-05,7.909589433313099e-05,7.27191104089757e-05,5.0517831790599266e-05,0.00018935323856468275,-4.1018460590401515
13,13,169,0,2,1,0,1014,1.0,-0.0006656792889160656,0.00015457997730005933,-3.810846760813888,200,12,0.07100591715976332,0.00013030875190273402,0.00014026865650676465,0.00013607932947980853,9.02253016663649e-05,0.0003627848806997451,-3.8530393626630137
14,9,126,1,1,0,0,126,0.6428571428571429,-0.007611718177590134,0.13219755386475274,-0.8787765808024846,200,111,0.8809523809523809,0.008064698875481117,0.06774347055404137,0.040424504240556054,0.0004753943824123904,0.1404530512694222,-1.1691325578558407
13,20,260,0,0,1,1,240,1.5384615384615385,0.0008699734534957947,0.00011482632650717068,-3.939958528784702,200,6,0.023076923076923078,0.00012308813084545143,0.00012599572448747,0.00012255956376677692,9.225997890707885e-05,0.0002721175730232136,-3.899644191890401
13,14,182,0,0,0,1,168,1.0769230769230769,0.0010980514720267157,0.00022414892881862856,-3.649463332235487,200,0,0.0,0.00016597497306391072,0.00016597497306391072,0.00015307627788534671,9.301033589752012e-05,0.0003975551062108402,-3.779957393162716
13,15,195,1,0,0,1,180,1.1538461538461537,0.0005128359100228857,4.3656872528748224e-05,-4.359947379303847,200,12,0.06153846153846154,4.881997943224626e-05,5.202128955895092e-05,4.8264721904375183e-05,1.1720047978617091e-05,0.00013231085848281466,-4.283818886254047
13,6,78,1,0,0,0,72,0.46153846153846156,-0.0002108274248267178,0.030907702442798845,-1.5099332774828056,200,65,0.8333333333333334,0.010297036563130413,0.06178221937878247,0.03090770244279883,0.0014657762606873348,0.3043109536543535,-1.209136494761567
14,11,154,0,0,0,1,143,0.7857142857142857,5.015501719867338e-05,0.00012514981572841878,-3.9025697855139265,200,0,0.0,0.00011359436139072584,0.00011359436139072584,0.00010009786208698548,5.803713543597396e-05,0.00026613936687118646,-3.94464322564674
14,13,182,1,1,0,1,182,0.9285714285714286,-0.0003336851140031873,2.6642531795853515e-05,-4.57442450725238,200,12,0.06593406593406594,2.615990199298243e-05,2.8006483310134128e-05,2.585582325794305e-05,1.0629764809871282e-05,6.72789011411515e-05,-4.552741420804679
13,3,39,1,0,1,0,36,0.23076923076923078,0.011512244445843528,0.2583026882030598,-0.5878710740214949,200,37,0.9487179487179487,0.012857260981252509,0.2507165891344239,0.2507165891344239,0.24313049006578802,0.2583026882030598,-0.6008169291802651
14,5,70,1,1,1,1,70,0.35714285714285715,3.99330713285777e-05,2.6384178408981202e-05,-4.578656425004056,200,19,0.2714285714285714,2.9113268134523215e-05,3.99593876356201e-05,3.4978563460682155e-05,2.2223717847996127e-05,0.00011014103357540925,-4.398381175814145
13,10,130,1,2,0,0,780,0.7692307692307693,0.0011942202179540673,0.024172222440581245,-1.6166834178874034,200,22,0.16923076923076924,0.0009416315343091529,0.0011334453653721282,0.0001555890874641489,3.4803186609373596e-05,0.024172222440581245,-2.945599409008356
14,13,182,0,0,0,0,169,0.9285714285714286,-0.013007394509600666,0.09419613486844097,-1.0259669171619674,200,91,0.5,0.016869539222706696,0.03373907844541339,0.0163851224516489,5.818472609510243e-10,0.15070228292740534,-1.4718667839738528
13,19,247,0,1,1,1,247,1.4615384615384615,2.9271549168028084e-05,0.0001042090246954013,-3.98209466869776,200,7,0.02834008097165992,0.00012151388605164658,0.00012505804106148626,0.00012240541724323065,9.328316549856839e-05,0.0002618572162004221,-3.902888378492789
14,10,140,1,1,0,1,140,0.7142857142857143,-0.0004223426669037995,2.816571127678985e-05,-4.550279276926962,200,13,0.09285714285714286,2.2890094140212504e-05,2.5233174642753933e-05,2.3655370444981273e-05,7.652839647501901e-06,6.460633998744987e-05,-4.598028106474266
13,3,39,1,2,1,0,234,0.23076923076923078,0.022893820683726543,0.14189498284944743,-0.8480329601402762,200,36,0.9230769230769231,0.010828887871262878,0.14077554232641742,0.14189498284944743,0.1134820400080378,0.16694960412176704,-0.8514727908992833
14,13,182,1,1,1,0,182,0.9285714285714286,-0.00045539375343489716,2.6509754650655025e-05,-4.5765942916693865,200,10,0.054945054945054944,3.0059647682040143e-05,3.1807301617042474e-05,2.9816907872280833e-05,2.2691570794856774e-05,7.499384165055274e-05,-4.497473172845987
13,17,221,0,1,1,1,221,1.3076923076923077,4.819167791449343e-05,0.000136639294449487,-3.8644243891717975,200,7,0.03167420814479638,0.00012174381050368769,0.00012572608467904193,0.00012108872073842328,9.183213896413454e-05,0.00030169139041135736,-3.900574608893828
14,17,238,0,1,1,1,238,1.2142857142857142,0.0003056125884645596,5.9190515836073645e-05,-4.227747875203274,200,7,0.029411764705882353,6.077427720677197e-05,6.261592197061355e-05,6.1011664463103255e-05,4.482905487497636e-05,0.00013821130373186966,-4.203315220387756
13,14,182,1,1,0,0,182,1.0769230769230769,0.022764698876580905,0.038088592957027295,-1.419205070454979,200,69,0.3791208791208791,0.0047233394410230575,0.007607502462532712,0.0015439000290451035,4.96506386061342e-06,0.05470502454564111,-2.1187578983895525
13,5,65,0,1,0,1,65,0.38461538461538464,-0.0003002713352917282,0.00011869172585044634,-3.9255795552049833,200,0,0.0,0.00016828640481602374,0.00016828640481602374,0.00014575094957087464,5.2543816367626204e-05,0.00037179094953092415,-3.773950967517152
13,6,78,1,1,1,0,78,0.46153846153846156,0.0009388104591478599,6.0962294976731975e-05,-4.21493869198063,200,18,0.23076923076923078,5.1713583470284326e-05,6.722765851136962e-05,5.824421723008508e-05,3.657712699976767e-05,0.00015558542180297611,-4.1724520146310455
13,12,156,0,1,0,0,156,0.9230769230769231,0.0016709277991460419,0.013220436646549902,-1.8787542006706877,200,42,0.2692307692307692,0.003912770732046887,0.005354317843853635,0.003022999251979522,1.5264934068067615e-05,0.02517695348454256,-2.2712958517268693
14,14,196,1,2,0,1,1274,1.0,-0.0006204894957002123,3.773253348934761e-05,-4.423284033826183,200,12,0.061224489795918366,4.947516347999582e-05,5.270180457651728e-05,4.0929646153422774e-05,1.5414852904812814e-05,0.00032905720467107843,-4.2781745137399065
13,15,195,1,0,0,1,180,1.1538461538461537,0.00021822933781492739,4.5088423007782745e-05,-4.3459349541144725,200,8,0.041025641025641026,4.549083548726734e-05,4.7436967486722624e-05,4.560140074640052e-05,1.3729187893762071e-05,0.00012310023185541812,-4.323883081993666
14,5,70,1,2,1,0,455,0.35714285714285715,5.916437480027339e-05,1.4836701334420214e-05,-4.828662645654183,200,22,0.3142857142857143,0.0033162844753309418,0.004836248193190957,1.4534513202414708e-05,5.239837589101709e-06,0.0666555235146657,-2.315491419521894
13,1,13,0,1,1,0,13,0.07692307692307693,-1.4308478455555727e-19,6.331929947714675e-35,-18.0,200,1,0.07692307692307693,0.00029399843003780334,0.0003184982992076203,0.00031482562388970403,0.0001283240183195705,0.0006893468192858665,-3.496892882470601
14,16,224,0,1,1,0,224,1.1428571428571428,-0.00034493004313297486,6.348702397855564e-05,-4.197315030462012,200,1,0.004464285714285714,6.4149776607902e-05,6.443744376757868e-05,6.0742350383095905e-05,4.453077802064141e-05,0.00014478698960697158,-4.190861696366642
14,5,70,0,2,0,0,455,0.35714285714285715,0.011405140658171456,0.041973520052453764,-1.3770246077422374,200,13,0.18571428571428572,0.003679570977336516,0.004518771375676422,0.0008961509147552675,0.0003730050857070597,0.046928073528565664,-2.3449796309621993
14,13,182,1,2,0,1,1183,0.9285714285714286,0.00031215096985611954,4.2130737321355356e-05,-4.375400940308377,200,20,0.10989010989010989,4.253522178323519e-05,4.7786483731782745e-05,4.222684728826831e-05,1.7752713346476455e-05,0.00017919583019444576,-4.32069492495245
13,10,130,1,2,0,1,780,0.7692307692307693,0.0003340284768595379,7.392595316791711e-05,-4.131203067168459,200,11,0.08461538461538462,0.0001203680197189175,0.00013149447532318718,0.00011265298367870031,3.4555718544407484e-05,0.0004974003484361735,-3.8810924934636293
14,4,56,1,0,1,0,52,0.2857142857142857,0.025708551848911645,0.1418611318873494,-0.8481365793072476,200,48,0.8571428571428571,0.011733259864592477,0.08213281905214734,0.039362615633171144,0.01162814216509394,0.1865962412018093,-1.0854832705882382
14,2,28,1,2,0,1,182,0.14285714285714285,-0.0003768957784239657,0.002522409110475957,-2.5981844736658406,200,6,0.21428571428571427,0.0006906137787806186,0.0008789629911753328,0.000640990885740309,3.6620539219467445e-06,0.0027679890495467957,-3.0560294105538754
14,8,112,1,1,0,1,112,0.5714285714285714,-0.00017048354210750914,3.4393506749068496e-05,-4.463523541417681,200,18,0.16071428571428573,2.6923385899483717e-05,3.2078927880235916e-05,2.7315722140502112e-05,8.805697870340785e-06,0.00010605346573319228,-4.493780154835447
14,20,280,0,2,0,1,1820,1.4285714285714286,-0.0006835059015016713,6.07399540111737e-05,-4.216525541240623,200,0,0.0,6.387220329924247e-05,6.387220329924247e-05,6.148251227261234e-05,4.851693617014725e-05,0.00013964648962316116,-4.194688102407871
14,17,238,1,2,0,1,1547,1.2142857142857142,0.0002096309565991204,3.4636621711817e-05,-4.460464473567631,200,20,0.08403361344537816,3.062820858499563e-05,3.3438135978114484e-05,3.198525169791377e-05,1.5336854766800817e-05,9.583949566599423e-05,-4.475757940472929
14,4,56,0,0,1,0,52,0.2857142857142857,-0.009538108055767252,0.23312015812458747,-0.6324201709935579,200,46,0.8214285714285714,0.021113076541395073,0.1182332286318124,0.0966866490389725,0.012300007559010657,0.23312015812458747,-0.9272604508373412
14,12,168,1,2,1,0,1092,0.8571428571428571,-0.0043818829089564545,0.0011857340415579543,-2.9260127116771106,200,18,0.10714285714285714,6.962260434356337e-05,7.797731686479096e-05,3.0264417269601142e-05,1.1862978205521172e-05,0.0011857340415579543,-4.108031712606141
14,9,126,0,0,1,1,117,0.6428571428571429,0.0004137684681806085,6.526100210459352e-05,-4.185346261759394,200,7,0.05555555555555555,7.484940829524111e-05,7.925231466554941e-05,7.461015877626955e-05,5.3525485076013347e-05,0.00017937024318997265,-4.100988044797332
13,11,143,1,2,0,1,858,0.8461538461538461,7.554820472688017e-05,6.792394045603047e-05,-4.16797712740677,200,14,0.0979020979020979,9.715745144471446e-05,0.00010770167098135017,9.555454330685045e-05,2.5719190578191248e-05,0.0003764184440877795,-3.9677775586114876
14,7,98,0,0,0,1,91,0.5,-0.0001703918128873752,9.21510782280872e-05,-4.035499578884745,200,0,0.0,0.00012586537934171496,0.00012586537934171496,0.00010776163070297867,5.270155872554875e-05,0.00039514698894432305,-3.9000937109446534
13,10,130,1,2,1,1,780,0.7692307692307693,-9.985502008591497e-19,7.464230247905063e-34,-18.0,200,85,0.6538461538461539,0.0009626441523380506,0.0027809719956432568,0.002732531661689047,0.0003903202366579557,0.007201262055968869,-2.555803384454373
13,6,78,0,1,1,0,78,0.46153846153846156,-0.000628089672161421,0.00013832511618491652,-3.859098956331978,200,1,0.01282051282051282,0.00015394680479512488,0.0001559461139483083,0.00013789655329398084,9.636986198757214e-05,0.0003354157474592579,-3.807025443041072
13,16,208,1,2,0,0,1248,1.2307692307692308,-8.884833789225596e-05,0.00014392657143732896,-3.841859020077901,200,27,0.12980769230769232,7.4248367734765e-05,8.532409109851447e-05,8.050736349444405e-05,2.2678519456693404e-05,0.00033914795593327474,-4.068928329278473
13,18,234,1,2,0,1,1404,1.3846153846153846,-0.0004201263459413349,6.515342377146957e-05,-4.186062757449672,200,16,0.06837606837606838,5.989396868855351e-05,6.428985629872258e-05,6.168739535292633e-05,2.9343061170774365e-05,0.00015083758223716413,-4.19185754497644
13,12,156,1,1,1,1,156,0.9230769230769231,-0.00044662234572906146,6.860232191236488e-05,-4.163661184924993,200,13,0.08333333333333333,5.709525932587169e-05,6.228573744640549e-05,6.022405153958402e-05,2.7091014687516596e-05,0.00013658730008428942,-4.205611389255052
14,9,126,1,0,1,0,117,0.6428571428571429,0.007065549136130866,0.07228050730146043,-1.1409788080002623,200,87,0.6904761904761905,0.0035017555885966545,0.011313364209312267,0.0031751618128851365,0.00012186541290464396,0.08061490034392645,-1.9464082314773417
13,8,104,1,0,1,1,96,0.6153846153846154,0.00042934122033583765,7.256945850524174e-05,-4.139246117500832,200,14,0.1346153846153846,5.411159494731794e-05,6.252895416134517e-05,6.0286587224439497e-05,2.505664902316661e-05,0.00013392835534623639,-4.203918835124787
14,14,196,0,2,1,0,1274,1.0,0.00029594645368403874,0.00019800510202970376,-3.703323619057664,200,13,0.0663265306122449,6.729998962354326e-05,7.208086320335782e-05,6.450744833300231e-05,4.747859172472388e-05,0.0003669594171654563,-4.142180021110426
14,16,224,0,1,1,0,224,1.1428571428571428,0.0005087453914451801,4.875448092759713e-05,-4.311985462987023,200,1,0.004464285714285714,6.32063709972956e-05,6.348980763853908e-05,6.0221214751739515e-05,4.431695297581439e-05,0.00014155900075463432,-4.197295988749361
13,19,247,1,0,1,1,228,1.4615384615384615,-0.0008254234124077283,5.6959632963599775e-05,-4.2444328178683355,200,13,0.05263157894736842,5.749293439315486e-05,6.068698630388569e-05,6.030719889248811e-05,2.5018948582555363e-05,0.00012218164008523575,-4.216904428897572
13,7,91,0,0,1,0,84,0.5384615384615384,0.021866435631923014,0.06592046410943564,-1.1809797436735414,200,63,0.6923076923076923,0.012624577358744624,0.041029876415920034,0.04395882209264451,0.00012319922940857834,0.10886879990719577,-1.3868997911482424
14,20,280,0,0,1,0,260,1.4285714285714286,-0.00035119511723308197,0.0006041735193974331,-3.21883831354072,200,91,0.325,0.00021256768615129302,0.00031491509059450816,0.0003765084180859152,3.9675250981670254e-08,0.001089335026598508,-3.501806527661664
13,18,234,0,1,1,1,234,1.3846153846153846,-2.4041115003918117e-05,0.00013172942630237868,-3.88031719957695,200,7,0.029914529914529916,0.00012152854077802907,0.00012527611692536917,0.00012173424161309533,8.925609037662654e-05,0.00024937951552759206,-3.9021317165251213
13,1,13,0,0,1,0,12,0.07692307692307693,-0.007662470884424142,0.5448941337424289,-0.26368786762719326,200,12,0.9230769230769231,0.041914933364802225,0.5448941337424289,0.5448941337424289,0.5448941337424289,0.5448941337424289,-0.26368786762719326
14,6,84,0,1,0,1,84,0.42857142857142855,-0.0016140007829047898,8.770619028225643e-05,-4.056969753149927,200,0,0.0,9.84476106501739e-05,9.84476106501739e-05,8.572310825617676e-05,4.069145017021372e-05,0.00023106752271089635,-4.0067948198411205
14,5,70,1,1,0,0,70,0.35714285714285715,-0.028085499879965514,0.08366393311515388,-1.0774617227095238,200,52,0.7428571428571429,0.009035255287218567,0.03513710389473887,0.020565312023545883,0.0008473182603173595,0.09967343349595562,-1.4542340372165568
13,2,26,1,0,1,0,24,0.15384615384615385,0.0,0.0,-18.0,200,25,0.9615384615384616,0.018805854429520187,0.48895221516752485,0.48895221516752485,0.48895221516752485,0.48895221516752485,-0.31073358198701334
13,2,26,0,2,1,0,156,0.15384615384615385,-0.010697618492339706,0.2172160651553299,-0.663108057765065,200,12,0.46153846153846156,0.018773239786001046,0.03486458817400195,3.228495897788463e-05,1.532569910785592e-05,0.2702295653018055,-1.4576154603834792
13,16,208,1,2,0,0,1248,1.2307692307692308,0.0007220379239976611,7.449048908977072e-05,-4.127899174225018,200,30,0.14423076923076922,9.464450763515422e-05,0.00011059582914669708,7.00492539370768e-05,3.055202774470312e-05,0.0016020516971465642,-3.9562612510849346
14,10,140,1,2,0,0,910,0.7142857142857143,-0.008708649916348597,0.00696160828752412,-2.1572904170403477,200,22,0.15714285714285714,0.0005332667848881142,0.0006326894057994573,6.521397022536722e-05,8.149962603098412e-06,0.014424424441700974,-3.198809437615068
14,9,126,1,1,0,0,126,0.6428571428571429,4.77161076721988e-05,0.02047186577801339,-1.6888425745250928,200,90,0.7142857142857143,0.005001018301795124,0.017503564056282936,0.006479376559506969,3.085896279828162e-05,0.12331815667639337,-1.7568735117491097
13,17,221,0,1,0,1,221,1.3076923076923077,0.001098326904046603,0.00011324579857832722,-3.9459779013512946,200,0,0.0,0.0001860510950936163,0.0001860510950936163,0.00017564647538473237,0.00011178138391513458,0.0004230046167680447,-3.7303677693849084
14,1,14,1,1,1,1,14,0.07142857142857142,-0.004810593700724297,0.01970089545311797,-1.7055140336602446,200,8,0.5714285714285714,0.008177561195618254,0.01908097612310926,0.01939070639915943,0.014168072474746843,0.022099106764438093,-1.7193994119151266
13,19,247,0,1,1,0,247,1.4615384615384615,-2.3884985016867365e-05,0.00012083025340577963,-3.9178243137099344,200,1,0.004048582995951417,0.0001264775918799272,0.00012699172843228464,0.00012097055891807135,9.481368108865146e-05,0.0002925847567160092,-3.896224565762189
14,11,154,1,0,1,0,143,0.7857142857142857,-0.00019203219345274302,0.006901237132026528,-2.1610730496319297,200,98,0.6363636363636364,0.0009454490646834259,0.002599984927879421,0.0024844841078975064,3.3260214562232744e-05,0.007371675927948751,-2.5850291696283247
14,15,210,0,1,0,1,210,1.0714285714285714,0.0006113962803896379,0.00011262931938178852,-3.948348540317386,200,0,0.0,8.508388953746325e-05,8.508388953746325e-05,7.903768937235554e-05,3.878514978827886e-05,0.00021396188322887,-4.070152664913566
14,9,126,1,0,1,0,117,0.6428571428571429,0.027766759330683167,0.023819548696499725,-1.6230664712527623,200,89,0.7063492063492064,0.0017064284095168292,0.005811080529705958,0.001810145506375018,5.146169058262048e-05,0.02514449487906513,-2.2357431060851307
13,1,13,0,1,1,1,13,0.07692307692307693,-8.455304211051902e-20,5.336718758943476e-34,-18.0,200,7,0.5384615384615384,0.00710965588916153,0.01540425442651665,0.01635760372325329,0.010700464838951351,0.01747335479501358,-1.8123593169046872
13,4,52,0,2,1,1,312,0.3076923076923077,1.1284577060444044e-18,1.0737632387301338e-32,-18.0,200,42,0.8076923076923077,0.024268042428080297,0.12619382062601753,0.11178127429472129,0.015752528328196444,0.24599029793528251,-0.8989619108108001
14,12,168,0,0,1,1,156,0.8571428571428571,0.0002798151990311042,6.14048762312332e-05,-4.211797139669426,200,7,0.041666666666666664,6.531106182540283e-05,6.815067320911599e-05,6.498137312091007e-05,5.1184601820548545e-05,0.00013398748976071643,-4.1665298497403835
14,11,154,0,0,0,1,143,0.7857142857142857,0.0012517151912864993,0.00011831413892927105,-3.926963352649793,200,0,0.0,9.802127000745813e-05,9.802127000745813e-05,8.902093159686315e-05,5.2044383160162044e-05,0.00028404337287910145,-4.008679674873196
13,11,143,0,2,1,1,858,0.8461538461538461,-1.930100095590484e-18,5.327082573533529e-34,-18.0,200,77,0.5384615384615384,0.003876269831818655,0.008398584635607083,0.00918220206084461,9.134256700425255e-07,0.027268235020270138,-2.0757938968830527
13,12,156,1,2,1,0,936,0.9230769230769231,0.0018089105182489823,0.0033746707622544715,-2.4717685911620992,200,31,0.1987179487179487,0.00017298534198347966,0.00021588570679538264,5.762703553098275e-05,2.943902646748462e-05,0.0033746707622544715,-3.6657761101686828
13,12,156,0,0,1,1,144,0.9230769230769231,-0.0003853328586016626,0.00012523194481944656,-3.9022848748859458,200,6,0.038461538461538464,0.00012516027116507957,0.00013016668201168275,0.00012240953705083048,9.730585278185257e-05,0.00028611335463472464,-3.8855001653084784
13,3,39,0,0,0,0,36,0.23076923076923078,0.08085822389114733,0.2744240639136255,-0.5615778085386202,200,33,0.8461538461538461,0.029852051556202977,0.19403833511531934,0.20470703932413953,0.028553867990588882,0.3096768070669189,-0.7121124603566922
14,20,280,1,2,1,1,1820,1.4285714285714286,1.0177947894207673e-19,1.6048933636469777e-34,-18.0,200,107,0.3821428571428571,2.598246993260081e-05,4.2052552492070685e-05,4.3112307157787096e-05,9.369581219527462e-06,0.00010480259648964024,-4.376207638401669
13,9,117,1,0,1,1,108,0.6923076923076923,-0.00011735854906066278,7.568398503215983e-05,-4.120996008848425,200,24,0.20512820512820512,4.190502742931329e-05,5.271922805623285e-05,5.1912416974767764e-05,1.4128025031509769e-05,0.00011688177594463233,-4.278030957544791
13,8,104,1,0,1,1,96,0.6153846153846154,-0.00016489783056107183,6.511582720573727e-05,-4.1863134379650955,200,7,0.0673076923076923,5.9480958990542684e-05,6.37733993300664e-05,5.919567289176034e-05,2.9615212545881106e-05,0.00014783213034923897,-4.195360433084201
14,16,224,1,0,1,1,208,1.1428571428571428,-0.0005315963551727483,2.5942254061618914e-05,-4.585992291783419,200,18,0.08035714285714286,2.889616498089525e-05,3.1421072600585126e-05,2.9930986403048668e-05,1.0229315065544717e-05,7.237510106790671e-05,-4.502778993816588
13,18,234,0,2,1,1,1404,1.3846153846153846,-1.4972832002024817e-18,3.956927207788118e-34,-18.0,200,78,0.3333333333333333,0.0004336043232811843,0.0006504064849217764,0.0007505612789035081,2.813800831440141e-08,0.002047452191692069,-3.1868151372299436
13,16,208,1,1,1,0,208,1.2307692307692308,-0.0003094236436674513,5.694286383977903e-05,-4.24456069457339,200,18,0.08653846153846154,5.736090511174236e-05,6.279509612232848e-05,6.0706627110635676e-05,2.5529133399464393e-05,0.00014017364733878376,-4.202074270437473
13,15,195,0,2,0,0,1170,1.1538461538461537,-0.0007191969127541005,0.00013180687225777062,-3.8800619455400343,200,12,0.06153846153846154,0.0001353132508306897,0.00014418625088516115,0.0001382234012524171,0.0001039493720097517,0.0003438843478790478,-3.8410761505000264
13,15,195,0,2,1,1,1170,1.1538461538461537,-3.561604136614882e-19,3.4693109774750353e-34,-18.0,200,78,0.4,0.0011795239583679517,0.0019658732639465863,0.0023909520153914034,2.539232407919273e-08,0.008261273722001439,-2.7064444837280965
14,13,182,0,1,1,0,182,0.9285714285714286,0.00047727051531590715,6.0916096137368836e-05,-4.215267936595419,200,1,0.005494505494505495,6.476367172315471e-05,6.512148206416661e-05,6.097476524788855e-05,4.6414646733389613e-05,0.000136964592943822,-4.186275724135976
13,2,26,0,0,0,0,24,0.15384615384615385,0.014433461044843474,0.35862432343100054,-0.4453602580710348,200,23,0.8846153846153846,0.03307802642868231,0.28667622904858003,0.35862432343100054,0.13287481602497597,0.36852954768976354,-0.5426083168931781
14,7,98,0,2,0,1,637,0.5,0.0009123647599150256,0.00016209623106329518,-3.7902270829148565,200,0,0.0,0.00018706968492033068,0.00018706968492033068,0.00016117919488611463,0.000126681314662399,0.0004360690340120476,-3.727996585233957
13,10,130,0,0,1,1,120,0.7692307692307693,0.0012992094598194186,0.00014321330418458925,-3.8440166352015805,200,6,0.046153846153846156,0.0001313253582019677,0.00013767981101819193,0.0001309265896292914,0.00010204035577894864,0.0002810312516526845,-3.861129738800577
14,16,224,0,2,1,0,1456,1.1428571428571428,-0.00038646044309149544,6.689220767963903e-05,-4.1746244705556155,200,13,0.05803571428571429,5.988159970289029e-05,6.357098736231008e-05,6.203349564720911e-05,4.271055703903054e-05,0.00014038451961221127,-4.1967410432073775
14,17,238,1,0,1,1,221,1.2142857142857142,-0.00040887057792406774,2.9095957762239406e-05,-4.536167342405629,200,19,0.07983193277310924,2.847384381336093e-05,3.09441772948854e-05,2.997327056200018e-05,1.3993346301021258e-05,6.563067305510288e-05,-4.50942105929662
13,2,26,0,2,1,0,156,0.15384615384615385,0.02190493126894861,0.2508990938900501,-0.6005009071160863,200,12,0.46153846153846156,0.019693844338195578,0.036574282342363214,4.279427748601959e-05,6.715747634701353e-06,0.26016703218875875,-1.436824186810563
14,4,56,1,2,1,1,364,0.2857142857142857,-8.788167088189665e-18,9.97009739263057e-33,-18.0,200,52,0.9285714285714286,0.0043489344443311565,0.06088508222063618,0.06158617079211272,0.051335723854547044,0.06903226344377228,-1.215489103145232
13,7,91,0,2,1,0,546,0.5384615384615384,0.00801993822623855,0.01171997284477556,-1.9310733945788319,200,12,0.13186813186813187,0.000818098776645084,0.0009423669452494004,0.00020337862364497108,0.00014082690179714234,0.01171997284477556,-3.0257799557356155
14,5,70,1,0,0,0,65,0.35714285714285715,-0.005787729271967157,0.10610526298664087,-0.9742630738802924,200,59,0.8428571428571429,0.016476022296493278,0.10484741461404813,0.05875286534588325,0.0009789024447069625,0.29061892040438175,-0.9794422741418507
13,18,234,0,2,0,1,1404,1.3846153846153846,0.0008956981933069716,0.00012160652675953375,-3.91504311536277,200,0,0.0,0.00012934005283335093,0.00012934005283335093,0.00012350079728625337,9.215570192215583e-05,0.000294435600232424,-3.8882669659864892
14,5,70,0,1,1,0,70,0.35714285714285715,-0.0006496816437426334,0.00010979175163966622,-3.959430286041988,200,1,0.014285714285714285,9.708248507740029e-05,9.848947761475394e-05,8.749639534429936e-05,5.8606961932404324e-05,0.00018750713582683394,-4.0066101660298425
14,12,168,0,0,1,1,156,0.8571428571428571,0.000958666511388771,5.652152619206376e-05,-4.2477861198623525,200,7,0.041666666666666664,6.509262641488163e-05,6.792274060683301e-05,6.58774260194781e-05,4.687713038205602e-05,0.00014456540885669322,-4.167984799112571
13,3,39,0,2,0,0,234,0.23076923076923078,-0.047082377191325166,0.14974208152929935,-0.8246561341410272,200,12,0.3076923076923077,0.012509824030856867,0.01806974582234881,0.005231107322599354,0.0009991664243977029,0.14974208152929935,-1.7430479563891355
13,12,156,0,1,1,0,156,0.9230769230769231,-0.0007877376797483243,0.00012205387049170669,-3.9134484439687274,200,1,0.00641025641025641,0.0001316415633580971,0.000132490863766859,0.00012335363429440618,9.175833037496293e-05,0.00030439106229121114,-3.8778140685380458
14,19,266,1,2,0,0,1729,1.3571428571428572,0.0019362843030175656,0.0005678301667373111,-3.245781538721866,200,38,0.14285714285714285,4.2563272674970716e-05,4.96571514541325e-05,3.365074688947284e-05,1.1914491801279852e-05,0.0005783507108706644,-4.3040181970495555
14,1,14,0,1,0,0,14,0.07142857142857142,0.018478574329320957,0.46663031233035285,-0.3310270528328491,200,13,0.9285714285714286,0.0333307365950252,0.46663031233035285,0.46663031233035285,0.46663031233035285,0.46663031233035285,-0.3310270528328491
13,20,260,1,2,0,1,1560,1.5384615384615385,0.00016727933341150733,5.6321044747045104e-05,-4.249329297692856,200,13,0.05,5.9731895204274256e-05,6.287567916239396e-05,6.220418092446072e-05,2.610730048024018e-05,0.00014501528744901242,-4.201517310804612
13,2,26,1,2,0,0,156,0.15384615384615385,0.0,0.0,-18.0,200,25,0.9615384615384616,0.020093046613325095,0.5224192119464525,0.5224192119464525,0.5224192119464525,0.5224192119464525,-0.2819808602764157
14,16,224,0,2,0,0,1456,1.1428571428571428,-2.713373579848882e-06,0.00010370411508640157,-3.984204010015413,200,13,0.05803571428571429,6.477306054961981e-05,6.876381783466748e-05,6.699491605238805e-05,4.5195265455804694e-05,0.0001639347269665664,-4.162640018859631
13,3,39,1,1,0,1,39,0.23076923076923078,0.0003426781147470509,0.00017787046434900825,-3.7498961611638064,200,12,0.3076923076923077,8.350122157745888e-05,0.00012061287561188504,0.00012441231627722234,2.9454538214265215e-05,0.00023683933980036783,-3.918606328110336
14,6,84,0,0,1,0,78,0.42857142857142855,-0.06757531234618072,0.0984631530159882,-1.00672626123521,200,63,0.75,0.013598770791938778,0.05439508316775511,0.048411527375966594,0.0012704433740423702,0.1260952347830091,-1.2644403548903858
13,2,26,1,1,0,1,26,0.15384615384615385,-0.001972665227957942,0.00016410209107464146,-3.784885884904299,200,12,0.46153846153846156,0.00010229519608257819,0.00018997679272478806,0.00015266415348733797,9.399510478071978e-05,0.0005895095345192989,-3.721299448558457
14,13,182,1,2,1,1,1183,0.9285714285714286,-3.8963515573697816e-20,1.6602043024481292e-34,-18.0,200,101,0.554945054945055,0.00010486653926723018,0.00023562605119303572,0.00022900595570102465,3.224953122406596e-05,0.0005543216093282247,-3.6277766949379133
14,16,224,0,0,0,0,208,1.1428571428571428,0.041763553650671394,0.08195728188732389,-1.0864124534054351,200,91,0.40625,0.015648252475631137,0.026354951537905062,0.010205429813914185,4.6726754755542534e-09,0.13782696985635046,-1.5791377780390357
14,20,280,1,1,1,0,280,1.4285714285714286,-5.975850273882456e-06,2.4322537598592872e-05,-4.613991116587859,200,7,0.025,3.1082077233878864e-05,3.187905357320909e-05,3.0393284717602852e-05,2.232167672711815e-05,7.846723744514585e-05,-4.496494580438851
13,1,13,0,2,1,1,78,0.07692307692307693,-1.2473276163776581e-18,3.792222636767221e-33,-18.0,200,12,0.9230769230769231,0.03779527530188854,0.49133857892455096,0.49133857892455096,0.49133857892455096,0.49133857892455096,-0.30861913459047113
14,2,28,1,0,0,0,26,0.14285714285714285,0.0,0.0,-18.0,200,27,0.9642857142857143,0.018241694507749685,0.5107674462169912,0.5107674462169912,0.5107674462169912,0.5107674462169912,-0.29177679030223413
13,12,156,0,1,1,1,156,0.9230769230769231,0.0004608180471787829,0.00013629560317732163,-3.8655181540452,200,7,0.04487179487179487,0.00011934443714572152,0.00012495122278344,0.00012016487066758543,9.106668541009202e-05,0.00026978295531639705,-3.9032594894734887
13,10,130,0,0,1,1,120,0.7692307692307693,0.00038883685754054166,0.00011872954091846777,-3.925441211443813,200,6,0.046153846153846156,0.00013189844188297816,0.00013828062455473514,0.00012863972781577623,9.433756797310236e-05,0.0002898614384127845,-3.859238667601842
14,14,196,0,1,1,0,196,1.0,1.4593672090741014e-05,7.242894509950039e-05,-4.14008784008994,200,1,0.00510204081632653,6.489078268006797e-05,6.522355592458114e-05,6.18039334079621e-05,4.762696391465948e-05,0.0001435110775189182,-4.185595527573522
14,3,42,1,2,0,0,273,0.21428571428571427,0.030702156590667627,0.2331235932749131,-0.6324137714790272,200,40,0.9523809523809523,0.010847448629835074,0.22779642122653657,0.22779642122653657,0.22246924917816002,0.2331235932749131,-0.6424531031444337
13,3,39,1,0,1,1,36,0.23076923076923078,-0.00010746418419518871,0.0003090868505097459,-3.5099194707455976,200,12,0.3076923076923077,0.00011966941256833358,0.00017285581815425964,9.111138196618487e-05,1.2362065844070465e-05,0.0006792373149872888,-3.762315997956896
13,18,234,1,2,0,1,1404,1.3846153846153846,-0.0001559617859090487,6.160890823115293e-05,-4.210356487252475,200,17,0.07264957264957266,6.109171579753248e-05,6.587770274941291e-05,6.257668218477807e-05,2.7518131392842966e-05,0.000247891332155265,-4.181261553713708
14,7,98,0,2,0,0,637,0.5,0.011097762392049897,0.005514998195287922,-2.258454625341039,200,13,0.1326530612244898,0.0010617225701553803,0.001224103669120321,0.00040554020782535433,0.0002226488199473333,0.011623095321789647,-2.912181800311084
13,12,156,0,2,0,0,936,0.9230769230769231,0.0014357609742575229,0.0004199536899896827,-3.3767985983897737,200,12,0.07692307692307693,0.00018386615028361057,0.00019918832947391147,0.00017889068987451333,0.00011738288751271597,0.0005885207030825696,-3.700736110659104
13,12,156,1,0,0,0,144,0.9230769230769231,-0.006743485937792524,0.06989266575281028,-1.1555683949295636,200,107,0.6858974358974359,0.008870572287965587,0.02824100565148227,0.01736783709798193,2.4053883473767146e-06,0.11985296936351608,-1.549119842283366
14,15,210,0,2,1,0,1365,1.0714285714285714,-8.881481572707269e-05,7.383685230141732e-05,-4.131726825758732,200,13,0.06190476190476191,6.324785359230475e-05,6.742156981920811e-05,6.372444927987398e-05,4.038135999584922e-05,0.00024494393684762835,-4.171201139743219
13,13,169,0,0,0,0,156,1.0,-0.025776504876733827,0.09923215441498864,-1.0033475796373288,200,78,0.46153846153846156,0.01851658486567257,0.03438794332196334,0.01617070187691554,1.5571631460774906e-08,0.1647013915280016,-1.463593797735191
13,8,104,0,2,1,1,624,0.6153846153846154,-2.735958771278753e-18,1.0950864137387264e-33,-18.0,200,68,0.6538461538461539,0.009130181258135129,0.026376079190168152,0.025007690914904526,4.215461698099805e-05,0.07458774770088197,-1.5787897619597844
13,11,143,0,1,1,0,143,0.8461538461538461,0.00017403608822149413,0.00013830057956414196,-3.8591759999269772,200,1,0.006993006993006993,0.0001326985879198312,0.0001336330850178582,0.00012526522201434658,9.147667685669369e-05,0.00028356137852540914,-3.8740860054694464
13,1,13,1,2,0,1,78,0.07692307692307693,-0.0010699416371996165,0.00011150950009386895,-3.9526881311576263,200,1,0.07692307692307693,0.00018371747885744178,0.0001990272687622286,0.00017419424966567628,5.411360536189619e-05,0.00045965913038661753,-3.7010874167478622
13,19,247,0,1,1,0,247,1.4615384615384615,0.0010838452088664209,0.0001329380766428657,-3.876350608918526,200,1,0.004048582995951417,0.00012802202964477593,0.0001285424443994295,0.00012145174487725466,9.122966932784818e-05,0.0002856329124411312,-3.890953445680559
14,6,84,0,0,0,1,78,0.42857142857142855,-0.0008834915028290508,5.7106383495003655e-05,-4.243315342512448,200,0,0.0,9.883098890522077e-05,9.883098890522077e-05,9.206330797233676e-05,3.4433745369528123e-05,0.00023512065442848686,-4.005106859052455
13,15,195,0,1,0,0,195,1.1538461538461537,-0.001678663851387534,0.01015076676803938,-1.9935011507999407,200,42,0.2153846153846154,0.002508098691794862,0.0031965963718954124,0.0019100708277899542,2.8950280263405083e-05,0.015147791309028085,-2.495312197799342
13,20,260,1,2,1,0,1560,1.5384615384615385,0.0004016188995211276,6.74464108613727e-05,-4.171041156215559,200,30,0.11538461538461539,5.3462483400519575e-05,6.043585080058734e-05,5.8966501159331466e-05,2.703788993043812e-05,0.00015695254470521797,-4.2187053596252815
13,2,26,1,1,1,1,26,0.15384615384615385,-3.540025972283579e-19,2.3432663754982567e-34,-18.0,200,17,0.6538461538461539,0.00056617125630299,0.0016356058515419713,0.001365475521671913,0.0008230643047255247,0.0027711566734193037,-2.786321344383388
13,16,208,0,1,0,0,208,1.2307692307692308,0.007349586368198725,0.007064965481385344,-2.150889955723489,200,42,0.20192307692307693,0.00229142704586636,0.0028711856960253186,0.0017070342673057176,2.4551622391676533e-05,0.0122490787876387,-2.5419387182833244
13,17,221,1,0,1,1,204,1.3076923076923077,-0.000738681563059916,7.004153659797187e-05,-4.15464433476592,200,19,0.08597285067873303,5.483682594966555e-05,5.9994745222158846e-05,5.953428901139339e-05,2.3536366706314087e-05,0.00013888761656176846,-4.221886786632348
13,8,104,0,0,1,1,96,0.6153846153846154,0.0007699810204957895,0.00015278614581171342,-3.8159160244927137,200,6,0.057692307692307696,0.00014838635712670383,0.00015747123613446122,0.00014537831628846275,0.00011506004757531588,0.0003189483606655917,-3.8027987633277918
14,2,28,1,0,1,0,26,0.14285714285714285,-0.02118405304613037,0.4618963402097438,-0.3354554788294654,200,27,0.9642857142857143,0.01649629786463371,0.4618963402097438,0.4618963402097438,0.4618963402097438,0.4618963402097438,-0.3354554788294654
13,9,117,0,0,1,0,108,0.6923076923076923,0.019986112225750637,0.02700966901395363,-1.5684807377782757,200,72,0.6153846153846154,0.007293031386380613,0.018961881604589594,0.020519620551522347,1.0031737807223746e-05,0.05267445363134296,-1.7221185694270262
13,12,156,0,1,0,0,156,0.9230769230769231,-0.005732244945009359,0.01662162401817316,-1.779326545673799,200,42,0.2692307692307692,0.004159693643844515,0.005692212354734598,0.0028477463950001792,3.719223331579037e-05,0.024821364197970323,-2.2447189064146773
14,13,182,1,0,0,1,169,0.9285714285714286,-0.0007301009149236703,2.711334742435047e-05,-4.566816860944821,200,13,0.07142857142857142,2.2762185150772064e-05,2.4513122470062223e-05,2.0760917728681448e-05,7.302227275240802e-06,8.6391382970671e-05,-4.61060136499654
14,17,238,1,2,1,1,1547,1.2142857142857142,-5.954980432376633e-19,1.355947567677532e-34,-18.0,200,100,0.42016806722689076,6.388818574468744e-05,0.00011018397251620006,0.00011917615786549762,1.3148036727033227e-06,0.0003121792356822729,-3.9578815738508433
13,2,26,1,0,1,0,24,0.15384615384615385,0.0,0.0,-18.0,200,25,0.9615384615384616,0.01946323831403978,0.5060441961650343,0.5060441961650343,0.5060441961650343,0.5060441961650343,-0.29581155171277873
13,12,156,1,2,0,0,936,0.9230769230769231,0.00024007703052503226,0.00011664037444163445,-3.9331510948416475,200,22,0.14102564102564102,0.00039756572942295065,0.00046283771485059925,8.883974709068175e-05,2.6329367543485188e-05,0.011448029280448888,-3.334571259305124
13,20,260,1,2,1,0,1560,1.5384615384615385,0.0005685454781623235,6.694936987070501e-05,-4.174253506224243,200,27,0.10384615384615385,5.95334855146007e-05,6.643221559569177e-05,5.898739511619939e-05,2.3457904854995937e-05,0.0004664470497582253,-4.177621263064438
13,18,234,1,1,1,1,234,1.3846153846153846,0.0005715501897750854,5.707090107946517e-05,-4.2435852704202,200,14,0.05982905982905983,5.721032137323988e-05,6.08509781879006e-05,5.9955527528411725e-05,2.763088297398861e-05,0.00014050477911686316,-4.215732436033868
13,14,182,0,0,1,1,168,1.0769230769230769,-0.0012288653488141212,0.00013417813907228867,-3.87231823568448,200,6,0.03296703296703297,0.00012449666816436442,0.00012874087276087685,0.00012362590629967987,8.92449744497083e-05,0.00026357985867177534,-3.8902835510253806
14,5,70,0,0,1,0,65,0.35714285714285715,0.007520819494030031,0.13685682260874288,-0.8637335471945117,200,55,0.7857142857142857,0.017792987664552465,0.08303394243457815,0.08745706572357743,0.00546240408507155,0.1672212171670296,-1.080744341374172
13,9,117,1,1,1,1,117,0.6923076923076923,-0.0010011500538454282,5.802352093288562e-05,-4.236395921253313,200,18,0.15384615384615385,5.2031831455900675e-05,6.14921644478826e-05,6.028665236611628e-05,3.1745636273964657e-05,0.00012239957171163518,-4.2111802200594655
14,13,182,0,1,0,0,182,0.9285714285714286,-0.00881093759492431,0.01457588747777721,-1.8363649930034227,200,49,0.2692307692307692,0.0030234591014001873,0.0041373650861265725,0.0022756689782459554,1.1513977798280156e-05,0.02049535177636219,-2.383276154740348
13,20,260,1,0,0,1,240,1.5384615384615385,-0.00035891362635198225,4.824114859427868e-05,-4.316582360440486,200,15,0.057692307692307696,4.875844659570121e-05,5.1743657611764545e-05,4.961767554585982e-05,1.5224701075919776e-05,0.00012606478747849827,-4.2861428754945745
14,1,14,1,0,0,1,13,0.07142857142857142,-0.001967515462825277,0.0006400618686504782,-3.19377804489913,200,4,0.2857142857142857,0.0007108901757678333,0.0009952462460749666,0.000873359909189704,0.0003516850623991926,0.0015910800553177707,-3.002069451836808
13,19,247,0,2,1,0,1482,1.4615384615384615,0.00012656327573946685,0.0001392515519890249,-3.8561999558202054,200,12,0.048582995951417005,0.00011899229625271821,0.00012506849861455914,0.00012232505627151322,8.80045377588502e-05,0.00031467182621267297,-3.90285206361311
14,13,182,1,1,1,1,182,0.9285714285714286,0.0003174028759645711,3.075555456512518e-05,-4.51207643764032,200,21,0.11538461538461539,2.7336590204573193e-05,3.09022324051697e-05,2.9944821679384364e-05,2.1197523265948895e-05,6.316680245738637e-05,-4.5100101456163895
13,3,39,0,2,0,1,234,0.23076923076923078,-0.0010658801284163463,0.0006648353042354529,-3.177285926607302,200,0,0.0,0.0009906473443032433,0.0009906473443032433,0.0006986073270867066,0.00033940920005447834,0.002057997349161466,-3.0040809203689944
14,11,154,1,0,1,0,143,0.7857142857142857,0.0009952906247730174,0.0029404914570704687,-2.5315800780040094,200,92,0.5974025974025974,0.0004809642440138909,0.0011946531222280514,0.0010368466120122227,2.6510659621031118e-06,0.004464949256242292,-2.9227581775367426
14,16,224,1,1,1,1,224,1.1428571428571428,-0.00013859795957282337,2.621712098409099e-05,-4.581415001790586,200,22,0.09821428571428571,2.8498576913854458e-05,3.160238232031385e-05,3.0515777908976386e-05,2.294098981839208e-05,6.519704014360673e-05,-4.50028017720539
14,14,196,1,0,0,1,182,1.0,-0.0001305034919306949,1.827805752575904e-05,-4.738069960170513,200,7,0.03571428571428571,2.0462568024683318e-05,2.1220440914486406e-05,1.9607896907208192e-05,8.638034332895054e-06,5.035855642391567e-05,-4.673245596648671
14,18,252,0,2,0,1,1638,1.2857142857142858,-0.00038012788306977097,5.029321642063823e-05,-4.298490588895551,200,0,0.0,6.431571779419448e-05,6.431571779419448e-05,6.08598424150972e-05,4.673642953932606e-05,0.0001552496573493325,-4.191682879064673
14,18,252,1,1,1,0,252,1.2857142857142858,-0.00035225786138900816,3.352069512550663e-05,-4.474686983894936,200,15,0.05952380952380952,2.9321159768329598e-05,3.1176929373920074e-05,3.0446432966917625e-05,2.349265118128679e-05,6.799490299608157e-05,-4.506166660847996
14,17,238,0,0,1,1,221,1.2142857142857142,-0.00010301486921173427,6.266132718025762e-05,-4.2030004109072605,200,7,0.029411764705882353,6.200018270638614e-05,6.387897612173117e-05,6.171896174104014e-05,4.5389136955725774e-05,0.0001292310189450234,-4.194642053526759
13,8,104,1,0,0,1,96,0.6153846153846154,0.00022513156147161518,1.2739000891017968e-05,-4.89486463201109,200,18,0.17307692307692307,3.092142338754754e-05,3.739334921284819e-05,3.2295926217831695e-05,1.1244534142957384e-05,0.00010331376183474101,-4.42720563461799
14,16,224,1,0,0,0,208,1.1428571428571428,0.004474324060475516,0.031336108335520134,-1.5039549400101886,200,150,0.6696428571428571,0.006425544988444136,0.01945029834339846,0.012571260950072268,2.333540888198957e-06,0.07472969188445547,-1.71107373274969
14,14,196,0,0,0,1,182,1.0,0.0007953947187385552,9.011137659545537e-05,-4.045220375716525,200,0,0.0,8.050271186273473e-05,8.050271186273473e-05,7.4832249709441e-05,4.0047973427299166e-05,0.00021435065012361486,-4.094189489480778
13,3,39,1,0,1,1,36,0.23076923076923078,3.438426834422346e-05,1.8130449077926818e-06,-5.74159143861546,200,16,0.41025641025641024,0.00011407741071657998,0.00019343560947594,0.0001647294738639891,1.8130449077926818e-06,0.0006516359304457806,-3.713463573813801
14,9,126,1,2,0,1,819,0.6428571428571429,0.0006317320211396357,6.248844804631667e-05,-4.20420026127099,200,14,0.1111111111111111,0.00012674421472152504,0.00014258724156171568,7.53699247645989e-05,1.3127012037205818e-05,0.001047099045241469,-3.8459193325993897
13,16,208,0,1,0,0,208,1.2307692307692308,0.006513716484744989,0.008321729031436213,-2.0797864296230917,200,42,0.20192307692307693,0.0022333704443509733,0.0027984400748494124,0.0018893399495998576,1.6250689578151906e-05,0.010294752083786617,-2.5530839885395897
14,19,266,1,0,0,0,247,1.3571428571428572,-0.012678908300628788,0.035957988981318606,-1.4442046050016129,200,161,0.6052631578947368,0.005582116042845751,0.014141360641875904,0.008792661410404457,2.164915147310665e-05,0.058429729342485574,-1.849508801937327
13,3,39,0,2,0,0,234,0.23076923076923078,0.000821557606882688,0.1045144006649858,-0.9808238655485996,200,12,0.3076923076923077,0.011990731713520861,0.017319945808419022,0.0038587230640149506,0.0009702133296740516,0.15240136156718875,-1.7614534711605545
14,10,140,1,1,1,0,140,0.7142857142857143,6.738125653778942e-05,3.352487718143896e-05,-4.474632804513531,200,10,0.07142857142857142,2.9404205762828452e-05,3.166606774458449e-05,2.9926393947754353e-05,1.5997015028519474e-05,6.971413056700736e-05,-4.499405863462873
14,7,98,1,2,0,0,637,0.5,0.0031576824863865233,0.03575183861349498,-1.446701618781429,200,49,0.5,0.0018496494040106811,0.0036992988080213622,0.0003522443750089626,2.2434000548389888e-05,0.03692548030171314,-2.4318805874643785
14,6,84,1,0,1,1,78,0.42857142857142855,-0.0004340422060649746,2.2031167874565265e-05,-4.656962480242078,200,17,0.20238095238095238,3.755354058064194e-05,4.708205087722273e-05,4.227432386822095e-05,1.1668764883457963e-05,0.0001114712790085459,-4.327144627704948
14,19,266,1,1,1,0,266,1.3571428571428572,2.8920694229287898e-05,2.862059367119217e-05,-4.543321362000115,200,14,0.05263157894736842,2.93759961892036e-05,3.1007995977492696e-05,3.0448426753346152e-05,1.5021581336723594e-05,6.489474227716063e-05,-4.508526300968107
13,5,65,0,1,1,1,65,0.38461538461538464,0.00046383983265203967,0.0002116856299510507,-3.6743086225889234,200,7,0.1076923076923077,0.00020186922710595408,0.00022623275451529335,0.00021082773894321434,0.00011815003319181799,0.00043962345898072993,-3.645444516672158
13,4,52,0,2,0,1,312,0.3076923076923077,-0.001293121258408083,0.00097284547000469,-3.011956139026692,200,0,0.0,0.001392595605869012,0.001392595605869012,0.0010916110796701651,0.0006270424386764317,0.003645043000960883,-2.856174979510756
14,8,112,0,0,1,0,104,0.5714285714285714,-0.0007558215230367005,0.05127278294055963,-1.2901131096528753,200,76,0.6785714285714286,0.008720882302766938,0.027131633830830466,0.02819982314103344,7.646947761993635e-05,0.06984294157241791,-1.5665240528160258
14,4,56,1,2,0,0,364,0.2857142857142857,-0.05310473407700322,0.4831869976603681,-0.3158847608942306,200,55,0.9821428571428571,0.008628339243935145,0.4831869976603681,0.4831869976603681,0.4831869976603681,0.4831869976603681,-0.3158847608942306
14,16,224,0,0,0,1,208,1.1428571428571428,-0.00021578222901397082,0.00010872497870443592,-3.9636706687262904,200,0,0.0,8.97906115013425e-05,8.97906115013425e-05,8.702041924169818e-05,4.92206561004609e-05,0.00019483969795141485,-4.046769070752715
14,18,252,1,2,1,0,1638,1.2857142857142858,0.000726155625823765,0.00011467467623336952,-3.9405324773591324,200,28,0.1111111111111111,3.1035408953076606e-05,3.491483507221118e-05,3.0135163800820945e-05,1.4793331900142558e-05,0.00023915124222377896,-4.456990005102208
13,12,156,0,1,1,0,156,0.9230769230769231,-0.00027009081534637506,0.00011939233720647223,-3.9230235460352767,200,1,0.00641025641025641,0.00013267999014864924,0.00013353599008509212,0.0001256235361990505,8.802118366682897e-05,0.00028978577115585324,-3.8744016692142957
13,5,65,1,1,0,1,65,0.38461538461538464,0.00018401119859209758,3.940763100523613e-05,-4.404419672017864,200,9,0.13846153846153847,3.701725585168634e-05,4.2966457684993076e-05,3.942182169419581e-05,1.7246331936244975e-06,0.0001528874417488236,-4.366870449696943
14,1,14,1,0,0,1,13,0.07142857142857142,-3.4707452946430773e-19,2.180827159414514e-34,-18.0,200,3,0.21428571428571427,0.0003876024320822487,0.0004933121862864984,0.0003877819837447382,0.00017539238583493325,0.0012244442172184321,-3.306878156032667
14,8,112,1,2,0,0,728,0.5714285714285714,-0.0025866083816052394,0.0032146280315278448,-2.492869272568921,200,20,0.17857142857142858,0.0004090212300994204,0.0004979388888166858,0.00012882392602275695,1.0730970215239184e-05,0.006241695802254775,-3.302823954184557
13,15,195,0,2,0,1,1170,1.1538461538461537,0.0003010828275087434,0.00014174276652025622,-3.848499094978227,200,0,0.0,0.0001367704909237337,0.0001367704909237337,0.00012865095932720498,9.490105005195714e-05,0.0003283682930270714,-3.86400759421981
14,4,56,0,0,0,1,52,0.2857142857142857,-0.0001713001820477095,9.954402888818204e-05,-4.001984785849414,200,0,0.0,9.767167549059993e-05,9.767167549059993e-05,9.33492186966675e-05,4.1702627427998155e-05,0.00020403461010883362,-4.010231362193367
13,16,208,0,1,1,1,208,1.2307692307692308,-0.0010193718634397074,0.00012688873238824968,-3.8965769411745512,200,7,0.03365384615384615,0.000120241087106184,0.00012442858765217052,0.00011956900101376154,9.342793236021938e-05,0.00027725497514983924,-3.9050798283811816
14,2,28,1,2,1,0,182,0.14285714285714285,0.039159444444967856,0.22773454764260065,-0.6425710813197085,200,26,0.9285714285714286,0.016972966965167677,0.2376215375123475,0.2376215375123475,0.22773454764260065,0.2475085273820943,-0.6241141983757879
13,11,143,0,1,1,1,143,0.8461538461538461,0.0009033781223067214,0.00013680381977399476,-3.863901776273737,200,7,0.04895104895104895,0.00012082043535634995,0.0001270391342349856,0.00012112259329813364,9.184641739339655e-05,0.00026815732665854157,-3.8960624746009334
14,13,182,1,0,0,0,169,0.9285714285714286,-0.010139522439523738,0.08867564035569231,-1.0521956666627352,200,138,0.7582417582417582,0.008277094418982165,0.034237072369426226,0.02911990052429115,0.00013640483877889174,0.12205215548165947,-1.4655033791631975
13,13,169,0,1,0,1,169,1.0,0.0007586303402548505,0.00014877716348313025,-3.8274637256072546,200,0,0.0,0.00016465031975684437,0.00016465031975684437,0.00015428385232896816,9.852483987332579e-05,0.000437469708144529,-3.7834374215357465
14,5,70,0,2,1,0,455,0.35714285714285715,0.005488389310361865,0.039606847578892476,-1.4022297229472502,200,13,0.18571428571428572,0.0024678214393684546,0.003030657907996348,0.00014054267132819476,6.321880222286589e-05,0.04344109661392423,-2.5184630827858507
13,18,234,0,0,0,1,216,1.3846153846153846,-0.0007517542274909664,0.00024135782495353936,-3.617338616550884,200,0,0.0,0.00020338140177959463,0.00020338140177959463,0.00018706751312577154,0.00012110220441946327,0.00046501166138668054,-3.691688763673793
13,2,26,0,0,1,0,24,0.15384615384615385,-0.024624339682548527,0.37442405947203367,-0.42663625245469705,200,23,0.8846153846153846,0.033846454715025516,0.29333594086355447,0.37044733323055246,0.13513642988807717,0.37442405947203367,-0.5326347220094262
14,10,140,1,0,0,1,130,0.7142857142857143,-0.0005614889363719748,1.9037423106121497e-05,-4.720391837807159,200,13,0.09285714285714286,2.0036179020342617e-05,2.208712647911784e-05,1.902690942571009e-05,5.370105184996245e-06,5.5663553120300476e-05,-4.655860781884937
14,3,42,0,1,1,1,42,0.21428571428571427,-0.002285147431301474,0.0004755093563587276,-3.3228409332481466,200,7,0.16666666666666666,0.00032167499118923993,0.00038600998942708804,0.0003741925300225015,9.545033633680945e-05,0.0007570934582659449,-3.4134014562170383
13,5,65,0,1,1,0,65,0.38461538461538464,-0.0004902123036718213,0.00019845305404040975,-3.702342213246152,200,1,0.015384615384615385,0.00018439501985829883,0.00018727619204358476,0.00015599105842478526,0.00010970036125205851,0.0004439777529058657,-3.7275174298927634
14,15,210,1,1,0,1,210,1.0714285714285714,0.00022223040090979136,2.4376017574549002e-05,-4.61303724566892,200,15,0.07142857142857142,2.4944028051406305e-05,2.6862799439976018e-05,2.5317470242023128e-05,1.1110932028335209e-05,8.228979116910149e-05,-4.570848730387259
13,4,52,1,1,0,1,52,0.3076923076923077,-2.3219714183082135e-19,3.0983000978572025e-34,-18.0,200,11,0.21153846153846154,8.483131419876804e-05,0.00010759093508136435,8.102939053997381e-05,1.5157413338554751e-05,0.000389941795257967,-3.968224317981751
14,12,168,1,0,0,0,156,0.8571428571428571,-0.01318065331988834,0.0587856270318313,-1.2307288450767973,200,121,0.7202380952380952,0.007558160029194191,0.027016401806481363,0.014429383523701761,2.4595937961044867e-05,0.09595838438489074,-1.5683724931988225
14,20,280,0,1,1,0,280,1.4285714285714286,2.9524994017696148e-05,5.7600170614042524e-05,-4.239576230177006,200,1,0.0035714285714285713,6.339471035883828e-05,6.362193154292013e-05,6.100813387596394e-05,4.523547111978334e-05,0.00013794494648883013,-4.196393149977196
13,15,195,0,2,0,0,1170,1.1538461538461537,-0.00045795841672469984,0.00016685610536489878,-3.777657897623066,200,12,0.06153846153846154,0.00013428837440598355,0.00014309416944899888,0.00013813693711371298,0.00010497001155838041,0.00038330585662238703,-3.844378061751851
13,15,195,1,2,0,1,1170,1.1538461538461537,0.000158309166642004,5.240058609048672e-05,-4.280663855488777,200,20,0.10256410256410256,6.725814475855113e-05,7.494478987381412e-05,6.919270789802234e-05,2.566964231523319e-05,0.0002799601280666753,-4.125258553712335
13,8,104,0,1,0,1,104,0.6153846153846154,-7.524544305921588e-05,0.0002076750856454098,-3.6826156017592164,200,0,0.0,0.00016499263577726645,0.00016499263577726645,0.00015189143382627384,7.970864237840559e-05,0.00045075549624926,-3.7825354394992465
14,6,84,1,1,0,1,84,0.42857142857142855,0.0006884893816933122,2.3956515237131842e-05,-4.620576355036946,200,14,0.16666666666666666,1.7289206168639015e-05,2.0747047402366818e-05,1.979160646817344e-05,6.573327624529758e-06,7.921056693656111e-05,-4.6830437007880095
13,3,39,1,2,0,0,234,0.23076923076923078,-0.038255220017746804,0.26670684113227333,-0.5739658443480261,200,28,0.717948717948718,0.013361416104999684,0.0473722934631807,0.0002899515708254068,0.00017334322129200562,0.26670684113227333,-1.324475589004521
14,10,140,0,1,1,1,140,0.7142857142857143,-0.001041103064243091,4.8223665152350884e-05,-4.316739784938438,200,7,0.05,5.9520058060394755e-05,6.265269269515237e-05,5.948555094826351e-05,4.626191223532509e-05,0.00014090629376097862,-4.203060259106927
13,7,91,1,1,1,1,91,0.5384615384615384,-0.0009060276692426703,6.319949416477764e-05,-4.199286397703769,200,14,0.15384615384615385,5.435571843376105e-05,6.423857633080851e-05,6.083337998984707e-05,2.3238653533981347e-05,0.00013474164421552518,-4.192204092550752
14,9,126,1,2,1,1,819,0.6428571428571429,-3.075068411712012e-19,4.86238195328507e-34,-18.0,200,90,0.7142857142857143,0.001765302630194645,0.006178559205681258,0.00643084411377711,0.0002765041265975712,0.01601834945351389,-2.2091127873665575
14,19,266,0,0,1,1,247,1.3571428571428572,0.001177944442875324,6.306842824075732e-05,-4.200187992137672,200,7,0.02631578947368421,6.13290617876139e-05,6.298660399808996e-05,6.107603296236484e-05,4.478317911241252e-05,0.00013618848234845147,-4.200751806551683
13,13,169,1,1,0,1,169,1.0,0.00013231957738858065,5.137228084894722e-05,-4.2892711518516435,200,14,0.08284023668639054,4.8115383787647275e-05,5.246128942007992e-05,4.9516383320567004e-05,2.2630731335081933e-05,0.00011773316590098981,-4.28016103930526
14,20,280,0,0,0,1,260,1.4285714285714286,0.0004718827156061902,8.773295201422102e-05,-4.056837257374396,200,0,0.0,9.083470767420905e-05,9.083470767420905e-05,8.599926471558757e-05,4.5020876678736055e-05,0.0001965426307961411,-4.0417481771256085
14,20,280,0,2,1,1,1820,1.4285714285714286,-2.925312986637452e-19,2.5078605768092896e-34,-18.0,200,91,0.325,0.00021360299878498345,0.00031644888708886443,0.0003711958782006555,3.2458652315831717e-09,0.0011884100111180537,-3.499696427346094
14,19,266,0,2,1,1,1729,1.3571428571428572,1.8827170725210783e-18,3.0112610014790296e-34,-18.0,200,91,0.34210526315789475,0.0002996384311342166,0.00045545041532400927,0.0005264397180471767,1.2566076990089934e-08,0.0018108086958541134,-3.341558897556723
13,5,65,1,1,0,0,65,0.38461538461538464,0.0,0.0,-18.0,200,64,0.9846153846153847,0.007797123537355507,0.506813029928108,0.506813029928108,0.506813029928108,0.506813029928108,-0.2951522281352155
13,3,39,0,0,0,0,36,0.23076923076923078,-0.06697688270527273,0.31256118829678686,-0.5050649506770639,200,33,0.8461538461538461,0.030199089672700154,0.19629408287255098,0.2000878841939007,0.028634018680022227,0.328019815096638,-0.7070927916609787
14,15,210,0,2,0,0,1365,1.0714285714285714,-0.0008550616817527454,7.366989581452343e-05,-4.132709944332839,200,13,0.06190476190476191,6.962724461615963e-05,7.422193588524631e-05,6.924493193484307e-05,4.725359631933306e-05,0.00023213954200783767,-4.129467722402816
14,13,182,1,2,1,0,1183,0.9285714285714286,0.0020444755775177047,0.0010700599452083878,-2.970591892273677,200,22,0.12087912087912088,6.304725778262121e-05,7.171625572773165e-05,2.9304614457029057e-05,1.1032098253425968e-05,0.0012691783268852467,-4.1443823928303445
13,20,260,0,1,0,1,260,1.5384615384615385,-0.0012972616846283725,0.00016846004056885144,-3.773503099056886,200,0,0.0,0.00016358544014698882,0.00016358544014698882,0.00015487219811219626,9.669453826851977e-05,0.00035558834064619837,-3.7862553531415384
14,15,210,0,2,1,0,1365,1.0714285714285714,0.000869664784755043,7.698222979840034e-05,-4.113609513673798,200,13,0.06190476190476191,6.286809526334254e-05,6.70167512959489e-05,6.494669164502848e-05,4.966382655864905e-05,0.00018096776277748316,-4.173816628849888
13,17,221,1,0,1,0,204,1.3076923076923077,0.0003594606372809747,0.002569873411971079,-2.590088268822963,200,101,0.45701357466063347,0.00022727763947999585,0.00041856965270899247,0.00014140801916758428,3.1475204603671125e-07,0.00443632022478822,-3.378232262234294
14,16,224,1,1,1,0,224,1.1428571428571428,-0.0009569147838602338,2.8214161662524453e-05,-4.549532849549483,200,11,0.049107142857142856,3.0499922210378064e-05,3.207503556396566e-05,3.0520565116865845e-05,2.3550429980780087e-05,7.121993479107324e-05,-4.4938328534183345
14,11,154,0,1,1,0,154,0.7857142857142857,-0.0005243006463457326,5.916188782060214e-05,-4.227957976375797,200,1,0.006493506493506494,6.648619496235957e-05,6.69207452562312e-05,6.177460342366915e-05,4.639923140479464e-05,0.00014561556869702972,-4.17443923120536
14,18,252,0,2,1,1,1638,1.2857142857142858,-1.11090065098296e-18,2.784933423122926e-34,-18.0,200,91,0.3611111111111111,0.00041282435310405387,0.0006461598570324321,0.000661966023078751,8.832780201134195e-09,0.0024723970445526956,-3.1896600262175303
13,7,91,0,2,0,0,546,0.5384615384615384,0.006888130029182331,0.005854144015494931,-2.2325365978630356,200,12,0.13186813186813187,0.001217901449062189,0.0014028991375273313,0.0006761516058526136,0.0003832637527144763,0.01461169897439733,-2.8529735517727337
14,8,112,0,1,1,0,112,0.5714285714285714,2.4377965663541986e-05,6.784638004091318e-05,-4.168473319267266,200,1,0.008928571428571428,7.319022456250136e-05,7.384959595495631e-05,6.65949713465224e-05,4.960201037101322e-05,0.00016095411367929435,-4.13165187645241
13,3,39,1,0,0,1,36,0.23076923076923078,-0.00010504577232497158,2.0337321405589492e-05,-4.691706247842794,200,14,0.358974358974359,1.3095079417736526e-05,2.042832389166898e-05,1.0197312236775776e-05,6.996399276904131e-07,9.580152645201626e-05,-4.689767265010278
13,6,78,1,1,0,0,78,0.46153846153846156,0.004177663540327326,0.15245356207304855,-0.8168624239021013,200,67,0.8589743589743589,0.010641257372039114,0.07545618863809553,0.06473813635161414,0.009546042145996416,0.15245356207304855,-1.1223051351971374
14,11,154,0,0,0,1,143,0.7857142857142857,0.0005964354484524382,0.0001495047973853178,-3.825344871255653,200,0,0.0,9.500740930113134e-05,9.500740930113134e-05,8.779735706885327e-05,4.557624058710937e-05,0.0001935555543824955,-4.022242524257263
13,8,104,1,0,1,0,96,0.6153846153846154,-0.0019050527261822254,0.03658308319794522,-1.4367196952667383,200,73,0.7019230769230769,0.003293967686410579,0.011050730302796782,0.0032398806428591827,4.175448549665267e-05,0.052593467767823136,-1.9566090200789303
14,4,56,0,1,0,0,56,0.2857142857142857,0.03487035799804559,0.16963699321462536,-0.7704794339361503,200,40,0.7142857142857143,0.01635864162528713,0.057255245688504965,0.03963490937630946,0.001463587537010239,0.16963699321462536,-1.2421847173862244
13,9,117,0,2,0,0,702,0.6923076923076923,0.0008701861250966866,0.0012249635233999889,-2.9118768433990114,200,12,0.10256410256410256,0.00045116985548907727,0.000502732124687829,0.00031238551703179833,0.00020512951288875552,0.003540616061904193,-3.2986633623770705
13,8,104,0,2,1,1,624,0.6153846153846154,-7.274996577377735e-19,1.3681790260327254e-33,-18.0,200,68,0.6538461538461539,0.008338802427895236,0.024089873680586234,0.026467595076181818,0.0002991591332493345,0.0604626438912012,-1.618165477293819
14,3,42,1,2,1,1,273,0.21428571428571427,-1.5778556211232708e-18,3.8334378962162983e-34,-18.0,200,37,0.8809523809523809,0.02610370361782249,0.21927111038970892,0.31970280927828654,0.047058724769215354,0.33819147548458867,-0.6590185841219435
14,9,126,0,0,1,0,117,0.6428571428571429,0.009073232196711854,0.04713624237467644,-1.3266450416884072,200,81,0.6428571428571429,0.006875850954707933,0.019252382673182206,0.019827461008845443,1.5745564827830773e-05,0.05298174935835979,-1.715515514582477
14,2,28,0,0,1,1,26,0.14285714285714285,-2.2628776876157753e-19,2.7656209865206606e-34,-18.0,200,7,0.25,0.0001970329554097803,0.0002627106072130404,0.00026245091362403017,6.46783374955721e-05,0.0005396999152084288,-3.5805223917701103
14,13,182,1,1,1,0,182,0.9285714285714286,0.000694795594676833,2.5329897777594824e-05,-4.596366562863067,200,15,0.08241758241758242,2.9171214279708732e-05,3.1791383226987966e-05,3.0618401670103595e-05,1.892837838935668e-05,6.802174913394019e-05,-4.497690575741118
13,8,104,1,1,1,1,104,0.6153846153846154,-0.0006971318125033147,5.943713029203024e-05,-4.225942167087689,200,13,0.125,5.497190743392237e-05,6.282503706733985e-05,5.962114358443331e-05,2.7712212739732282e-05,0.00014275072301083892,-4.20186724649764
14,1,14,0,1,0,0,14,0.07142857142857142,-0.018738136698239063,0.518802793159658,-0.2849976944026046,200,13,0.9285714285714286,0.037057342368547005,0.518802793159658,0.518802793159658,0.518802793159658,0.518802793159658,-0.2849976944026046
14,14,196,0,1,0,0,196,1.0,0.0158691760468531,0.010341313768038535,-1.9854242846496408,200,49,0.25,0.002562236854251961,0.0034163158056692822,0.0017989748727899688,1.0781966844316697e-05,0.016385857977277984,-2.466441989762862
14,20,280,1,2,0,0,1820,1.4285714285714286,0.012702726033653135,0.003939885209385879,-2.404516431386742,200,30,0.10714285714285714,0.00011683147539269334,0.00013085125243981655,3.17168871057504e-05,5.974938159469644e-06,0.003939885209385879,-3.8832221161643514
13,7,91,0,0,0,1,84,0.5384615384615384,-0.00025039383057325683,0.0002617965610750711,-3.5820360625825494,200,0,0.0,0.00020840184096433076,0.00020840184096433076,0.00019011292928679973,9.772655507917252e-05,0.00044367869767385334,-3.681098448918008
13,19,247,0,1,0,1,247,1.4615384615384615,0.0019154049787095352,0.00012056201783256056,-3.9187894918960384,200,0,0.0,0.00017734001780986332,0.00017734001780986332,0.00017167022683092282,0.00011596009307096818,0.000398020608480332,-3.75119325225605
14,11,154,1,2,0,1,1001,0.7857142857142857,0.001667815453231626,6.319595211930403e-05,-4.199310738625052,200,27,0.17532467532467533,0.00010776912160897214,0.00013068066714788743,8.294235688916116e-05,2.1311132082516273e-05,0.0008634459612004023,-3.8837886570409026
14,8,112,1,0,0,0,104,0.5714285714285714,-0.021571152857169092,0.09942567739158115,-1.0025014414641986,200,101,0.9017857142857143,0.008936803327760399,0.09099290660992407,0.07478002704572843,0.01966718225121822,0.17430091975572665,-1.040992461967262
14,10,140,0,1,1,0,140,0.7142857142857143,7.04672133578288e-05,5.5538004323703934e-05,-4.255409730037235,200,1,0.007142857142857143,6.62773224912688e-05,6.675413776099017e-05,6.253353162070292e-05,4.5087544312220415e-05,0.00013976907240913423,-4.175521809348099
13,17,221,1,1,0,1,221,1.3076923076923077,-0.0001637235634669843,4.7425792624829047e-05,-4.323985402037342,200,13,0.058823529411764705,5.0708139318942115e-05,5.387739802637599e-05,5.178658832312491e-05,2.3717385946628548e-05,0.00011752536520733186,-4.268593386409954
13,17,221,0,1,0,1,221,1.3076923076923077,0.0017104982941572532,0.00013297038769638953,-3.8762450649874305,200,0,0.0,0.00015834692641334818,0.00015834692641334818,0.000149149363208987,9.942080369297568e-05,0.00037741846186326315,-3.800390362065845
13,13,169,0,2,1,0,1014,1.0,-0.0007917066875537393,0.00023530780655905143,-3.628363664454752,200,12,0.07100591715976332,0.0001339266122039883,0.00014416304116225494,0.0001375385687144487,9.340777741739132e-05,0.00038812829372381183,-3.84114606469704
14,16,224,1,2,1,1,1456,1.1428571428571428,-7.199102425303749e-19,2.04615485163171e-34,-18.0,200,103,0.45982142857142855,0.0001484313495271419,0.00027478200243041145,0.00031234381916319905,5.726669271629216e-07,0.0010160759996834725,-3.561011715939733
14,18,252,1,2,1,1,1638,1.2857142857142858,-2.5772840892696046e-18,3.7807559089196443e-34,-18.0,200,101,0.4007936507936508,0.00012712028372466135,0.00021214775826897125,0.0001066056802135018,1.957081793137769e-06,0.0013084884258295713,-3.673361552992626
13,9,117,1,0,1,1,108,0.6923076923076923,-9.510588625814457e-05,5.0303680765192606e-05,-4.298400236066781,200,19,0.1623931623931624,5.220525717373205e-05,6.232668458496582e-05,5.960756515694152e-05,2.212097703777856e-05,0.0001340689461076542,-4.205325974419571
14,8,112,0,1,1,0,112,0.5714285714285714,-4.47707212875845e-05,5.862122927490699e-05,-4.231945078737719,200,1,0.008928571428571428,7.08218678588505e-05,7.145990270442573e-05,6.399186445233478e-05,5.092428267606617e-05,0.00015058065461943858,-4.1459375794428395
13,11,143,0,0,1,1,132,0.8461538461538461,0.0006338241729415676,0.0001277608935484382,-3.8936020594415917,200,6,0.04195804195804196,0.0001312716727014227,0.00013702079705330981,0.00012908621821484573,9.040567645062404e-05,0.0003065680834029611,-3.863213510507721
14,7,98,1,2,1,0,637,0.5,-0.0002501512187554659,3.3661144535981276e-05,-4.472871121360481,200,35,0.35714285714285715,0.002595604246504848,0.004037606605674208,3.234839479721889e-05,6.619671012750904e-06,0.07949398672569419,-2.393875997751904
13,11,143,1,1,1,1,143,0.8461538461538461,-8.794746672393036e-06,5.804561247104087e-05,-4.23623060196554,200,26,0.18181818181818182,5.251183635506815e-05,6.418113332286108e-05,6.123155840533431e-05,3.608026316801538e-05,0.00015668443329793874,-4.192592618316876
14,7,98,0,1,1,1,98,0.5,-4.867730334003624e-05,7.769493299164547e-05,-4.109607303535298,200,7,0.07142857142857142,7.07141526817472e-05,7.615370288803544e-05,7.017433636682007e-05,4.690743261447736e-05,0.00016643202225130485,-4.118308974734463
13,11,143,0,1,0,0,143,0.8461538461538461,0.0068698201206845114,0.019179418438699348,-1.717164565710347,200,42,0.2937062937062937,0.004079948996711421,0.0057765614507894365,0.0030571948980001877,2.6970040852033217e-05,0.02672561990593021,-2.2383306022927103
13,1,13,0,0,0,0,12,0.07692307692307693,0.008351860015228417,0.4936887645103619,-0.30654675644803103,200,12,0.9230769230769231,0.03797605880848938,0.4936887645103619,0.4936887645103619,0.4936887645103619,0.4936887645103619,-0.30654675644803103
13,6,78,1,1,0,1,78,0.46153846153846156,0.00010069115063809541,4.7724502250058863e-05,-4.321258592450903,200,10,0.1282051282051282,4.000653387566577e-05,4.588984768091074e-05,3.879765673101415e-05,9.760039175373867e-06,0.0001219968657568894,-4.338283383827453
13,13,169,1,0,1,1,156,1.0,-0.00031159187239505177,5.9672414048456525e-05,-4.224226392410356,200,21,0.1242603550295858,5.463746475097056e-05,6.239007799266233e-05,5.9931910723303364e-05,3.66261243813333e-05,0.0001360057040783215,-4.204884471465939
13,16,208,0,1,1,0,208,1.2307692307692308,-3.4792949629762916e-05,0.00013978844258077155,-3.8545287336753438,200,1,0.004807692307692308,0.00012826494766867582,0.0001288845850970269,0.00012132818380278232,8.935023790924255e-05,0.0002846951028060794,-3.8897990221937637
14,10,140,1,1,1,1,140,0.7142857142857143,0.0005611345950819308,2.7313336422114417e-05,-4.563625245989511,200,16,0.11428571428571428,2.8647219456822833e-05,3.234363487060642e-05,3.05317537525779e-05,2.122360017315862e-05,8.285308518847109e-05,-4.490211174425306
14,15,210,1,2,0,0,1365,1.0714285714285714,-0.0035647305638043885,0.002160895165143917,-2.6653663022069503,200,26,0.12380952380952381,8.36941000139296e-05,9.552044023328919e-05,4.2877794095790266e-05,1.1087027819937955e-05,0.002160895165143917,-4.019903684639668
14,20,280,1,1,1,0,280,1.4285714285714286,-0.0003371679102785698,3.078788560944787e-05,-4.511620135704797,200,13,0.04642857142857143,2.9610976097599032e-05,3.105270901620872e-05,2.9929106713440924e-05,1.1308454760089441e-05,7.342276933409139e-05,-4.507900506293509
13,16,208,0,2,0,1,1248,1.2307692307692308,6.925523132094574e-05,0.0001135048523345481,-3.9449855719768188,200,0,0.0,0.00013131599779850838,0.00013131599779850838,0.00012212008956674565,0.00010073272112664502,0.00030694205078804005,-3.881682362011157
13,17,221,0,1,0,1,221,1.3076923076923077,-0.0014684789297778138,0.00016352217661783368,-3.7864233406817376,200,0,0.0,0.00018378665366989406,0.00018378665366989406,0.0001727225433618544,0.00011752282374581808,0.000495801380349139,-3.7356860296635688
13,19,247,1,0,0,0,228,1.4615384615384615,0.038461963234311496,0.04050353667066089,-1.3925070535879887,200,123,0.4979757085020243,0.007057071626616062,0.014057231385275546,0.004368791099079369,8.702370574798562e-10,0.08238990447023126,-1.85210020652083
13,2,26,1,1,0,1,26,0.15384615384615385,-6.900745988417508e-19,2.4338219239401817e-34,-18.0,200,11,0.4230769230769231,0.00013413171329496864,0.00023249496971127897,0.00020023232502875806,4.494592737797852e-05,0.0008478536597704104,-3.6335864391192625
13,1,13,1,2,0,1,78,0.07692307692307693,-1.97090524607997e-18,7.335436186337091e-34,-18.0,200,5,0.38461538461538464,0.0017328887722220328,0.0028159442548608034,0.0028305150110552704,0.0016274792693009336,0.004315818129422558,-2.5503759468473883
13,11,143,0,0,1,1,132,0.8461538461538461,0.0011290045042331395,0.00011585940703091859,-3.936068698552817,200,6,0.04195804195804196,0.00013188732018028706,0.0001376634071954821,0.00013052274355324306,9.98776387049063e-05,0.00028176902394284843,-3.8611814857783284
14,5,70,1,2,0,0,455,0.35714285714285715,0.00045034001923657444,0.00015164903018716279,-3.8191603627071617,200,36,0.5142857142857142,0.005627764353841702,0.011586573669674095,0.0001208816510389636,3.883912191042953e-07,0.14989996291836305,-1.9360449726947129
13,5,65,1,0,0,1,60,0.38461538461538464,0.0007237950088880792,6.479606643983449e-05,-4.188451357946173,200,16,0.24615384615384617,3.646188012709106e-05,4.836780016859018e-05,4.866734355103635e-05,1.9750784369550814e-06,0.00010607059021485059,-4.3154436644487975
14,6,84,1,2,1,0,546,0.42857142857142855,-0.02265408856864669,0.10849692140675052,-0.9645825847189444,200,27,0.32142857142857145,0.004249511277076312,0.006262437671480881,8.332086638184476e-06,4.140847706954899e-06,0.1305156093560783,-2.2032565835305458
14,16,224,0,2,0,0,1456,1.1428571428571428,0.0007690905205030324,8.983729216204639e-05,-4.046543346871311,200,13,0.05803571428571429,6.451805171604443e-05,6.849309755636943e-05,6.724023390393835e-05,4.929345138347225e-05,0.0001581713107779915,-4.164353192656812
13,5,65,0,2,0,1,390,0.38461538461538464,-0.0027497709946930713,0.0004735197584388469,-3.3246618945869346,200,0,0.0,0.0005312563855696305,0.0005312563855696305,0.0004427903793563373,0.00029007689151515245,0.001042474369949424,-3.2746958367985965
13,12,156,0,1,1,0,156,0.9230769230769231,3.7469259697790053e-06,0.00012477053540716697,-3.903887961295309,200,1,0.00641025641025641,0.00013070264127321637,0.00013154588412014035,0.000122140447522511,9.245296001479063e-05,0.0002869897570790332,-3.88092273580994
13,13,169,1,2,1,0,1014,1.0,0.00036737836548284203,5.3173141908643115e-05,-4.274307677220668,200,18,0.10650887573964497,0.0001154739148737447,0.00012923901730902548,5.825512745743083e-05,2.7328700830841883e-05,0.002419381492404991,-3.8886063528742185
14,15,210,0,0,1,1,195,1.0714285714285714,0.0004927577125725884,5.3048050789958805e-05,-4.275330569287944,200,7,0.03333333333333333,6.208323916603677e-05,6.422404051658976e-05,6.165981841606624e-05,4.6661425214462435e-05,0.00014111551778717114,-4.1923023752120745
14,8,112,0,0,1,0,104,0.5714285714285714,0.02801225986021534,0.04946277150936948,-1.3057215528048176,200,76,0.6785714285714286,0.008503097724952747,0.026454081810964102,0.029146878343472377,5.538414581172917e-05,0.08080375986427836,-1.5775073077040986
14,11,154,1,2,0,1,1001,0.7857142857142857,0.0005852090725397173,3.934258408462581e-05,-4.405137118315075,200,10,0.06493506493506493,4.348672856060525e-05,4.6506640266202834e-05,4.03941118226224e-05,1.863776846729964e-05,0.00018327820088853052,-4.3324850336674166
13,9,117,1,1,1,0,117,0.6923076923076923,1.883023053305746e-05,5.895507640536748e-05,-4.229478793454067,200,12,0.10256410256410256,5.760738970774541e-05,6.41910913886306e-05,6.121350356377528e-05,2.74726840192137e-05,0.000137157026274886,-4.192525240299045
13,17,221,1,2,0,0,1326,1.3076923076923077,-0.0001308912302635408,7.653186910911527e-05,-4.116157679929893,200,38,0.17194570135746606,6.019835798690976e-05,7.269856347053037e-05,6.996306849026119e-05,3.008322517286717e-05,0.000215056797660198,-4.1384741707501185
14,10,140,1,2,0,1,910,0.7142857142857143,-0.0006203010942273067,5.917823713802705e-05,-4.227837976191783,200,20,0.14285714285714285,7.1433038018915e-05,8.333854435540082e-05,6.761859722682949e-05,1.0372413891558327e-05,0.0004021870686068419,-4.079154089479149
14,12,168,1,0,0,1,156,0.8571428571428571,0.00036995302392085164,1.5851257987699496e-05,-4.799936265595352,200,14,0.08333333333333333,1.9380986790484287e-05,2.1142894680528314e-05,2.0189406682883407e-05,7.354233625848657e-06,6.711598159669197e-05,-4.674835553560361
14,5,70,0,0,0,1,65,0.35714285714285715,7.61841494833662e-05,0.0001022379120513811,-3.990388028452332,200,0,0.0,7.726588394308858e-05,7.726588394308858e-05,7.283969688650232e-05,2.5572421353905548e-05,0.00014789331011507188,-4.112012222586295
13,5,65,1,2,0,0,390,0.38461538461538464,0.061551266692867444,0.48611992284424643,-0.31325657969892906,200,64,0.9846153846153847,0.0074787680437576375,0.48611992284424643,0.48611992284424643,0.48611992284424643,0.48611992284424643,-0.31325657969892906
14,14,196,0,1,1,1,196,1.0,-0.00036437460683527766,6.462924743389565e-05,-4.189570901128376,200,7,0.03571428571428571,6.068960568100836e-05,6.293736885437904e-05,6.0594829044379746e-05,4.359809860559881e-05,0.00014786765936944136,-4.201091417061653
13,14,182,1,1,0,1,182,1.0769230769230769,-0.00047752804597941414,5.050241086964762e-05,-4.296687889160689,200,10,0.054945054945054944,4.875827610752159e-05,5.1593059602144935e-05,4.97452001224483e-05,1.7248123789366224e-05,0.00011901539884022477,-4.287408716574688
14,4,56,1,0,0,0,52,0.2857142857142857,0.006323501550776012,0.2398734506882304,-0.6200178172996205,200,52,0.9285714285714286,0.012992345610978942,0.1818928385537052,0.18717872400501095,0.11115671864067521,0.2420571875641237,-0.7401843995502277
14,19,266,1,2,0,1,1729,1.3571428571428572,-0.00013838645931328586,2.631539705048272e-05,-4.579790072899875,200,8,0.03007518796992481,3.100943108167102e-05,3.19709638283895e-05,3.076887948344471e-05,1.4367373937093668e-05,7.826295823043368e-05,-4.495244270858701
14,3,42,0,0,0,1,39,0.21428571428571427,0.0004786020690147841,5.030132502715389e-05,-4.298420574697512,200,0,0.0,0.0001853475789840893,0.0001853475789840893,0.00015050475720848193,4.466479057493581e-05,0.0007044117356580504,-3.7320130823655613
14,8,112,1,0,0,0,104,0.5714285714285714,-0.018731802812490095,0.08204453136222734,-1.0859503613306765,200,105,0.9375,0.013608707990307344,0.21773932784491748,0.30379814160185986,0.08204453136222734,0.349445973835672,-0.662063122068385
13,17,221,1,0,0,0,204,1.3076923076923077,0.0036376270155718538,0.055761375909458205,-1.2536665185809046,200,134,0.6063348416289592,0.0068498848988746055,0.017400282329325143,0.012931066566235948,3.2045089620023426e-07,0.07563046134331752,-1.759443704989053
14,15,210,0,0,0,0,195,1.0714285714285714,0.009039773239867994,0.08404194621582547,-1.0755038989004646,200,91,0.43333333333333335,0.01674272683132511,0.02954598852586784,0.013280530803622131,3.932711810084239e-10,0.157541887084356,-1.5295014751665363
14,12,168,0,2,1,1,1092,0.8571428571428571,-1.4403625861469927e-18,8.983057669603604e-34,-18.0,200,90,0.5357142857142857,0.002933215720990918,0.006317695399057363,0.006500460773790031,1.5645952548366088e-07,0.018454221130669277,-2.199441316971159
14,3,42,1,0,1,0,39,0.21428571428571427,0.0037639263540644088,0.34280273345472556,-0.46495572373958954,200,38,0.9047619047619048,0.017693070290087726,0.1857772380459211,0.17236413325778516,0.055577952213388605,0.34280273345472556,-0.7310074980744661
14,16,224,0,0,0,1,208,1.1428571428571428,0.000564864144996224,8.216728349211672e-05,-4.085301070868478,200,0,0.0,0.00010131608196646114,0.00010131608196646114,9.626282219089103e-05,4.769854632296643e-05,0.0002657625072210356,-3.994321613327272
13,7,91,1,1,1,0,91,0.5384615384615384,-0.00010282209610087922,7.743623247539682e-05,-4.111055785024928,200,9,0.0989010989010989,6.270505835782894e-05,6.958732086051746e-05,6.348578823655888e-05,3.928116118516159e-05,0.00013510926060121594,-4.157469883693109
14,9,126,1,1,0,1,126,0.6428571428571429,0.0006703285034112082,2.6601339117234658e-05,-4.57509650033934,200,10,0.07936507936507936,1.8023671046754588e-05,1.9577435792164466e-05,1.7724123267607136e-05,6.228851046302658e-06,6.842941054745644e-05,-4.708244191707551
14,3,42,1,0,0,0,39,0.21428571428571427,1.8478500200385391e-19,1.1966227311745639e-33,-18.0,200,41,0.9761904761904762,0.0115872059484168,0.4866626498335056,0.4866626498335056,0.4866626498335056,0.4866626498335056,-0.3127719835153813
13,16,208,1,1,0,0,208,1.2307692307692308,-0.01806825361791609,0.012006831460033049,-1.9205715855177805,200,106,0.5096153846153846,0.002390888850037423,0.004875538047135137,0.0033620474344969904,7.65931369643506e-06,0.024296114048657502,-2.311977450117696
13,1,13,0,1,1,1,13,0.07692307692307693,1.548865625658166e-18,2.8031674392396284e-34,-18.0,200,7,0.5384615384615384,0.0071817807858987675,0.015560525036113998,0.015551797504279218,0.01143611161219888,0.01972973443255555,-1.8079757533334644
13,16,208,0,0,0,0,192,1.2307692307692308,0.013310355239626561,0.08813733945019635,-1.0548400634192245,200,78,0.375,0.017389248562267964,0.02782279769962874,0.013114253272930965,1.594166562367664e-07,0.14693397884450465,-1.5555992020067773
14,8,112,0,2,0,1,728,0.5714285714285714,-0.00021338559717693623,9.369769601575307e-05,-4.028271088087109,200,0,0.0,0.00015442808165339264,0.00015442808165339264,0.00013373553561638133,9.369769601575307e-05,0.00038512687135108055,-3.8112737234420417
13,18,234,0,0,1,0,216,1.3846153846153846,-0.0005438469554008671,0.0012035279584484727,-2.9195438164326912,200,78,0.3333333333333333,0.0004236170655052349,0.0006354255982578522,0.0007813627834710923,1.984051059247383e-08,0.002239989554451717,-3.196935293509187
14,19,266,1,1,0,0,266,1.3571428571428572,-0.004352790313573443,0.008222352436059429,-2.0850039119201247,200,138,0.518796992481203,0.001689677690225492,0.003511361449999851,0.002500561698300556,1.7106460832599959e-06,0.017054739123584392,-2.454524463140512
13,4,52,1,1,1,1,52,0.3076923076923077,-9.947554932554503e-20,2.1522271801117395e-34,-18.0,200,16,0.3076923076923077,5.4396133383193304e-05,7.857219266461257e-05,5.7495800806285674e-05,7.73119286838783e-06,0.0003093638073256193,-4.104731127103868
13,11,143,1,2,0,1,858,0.8461538461538461,0.00019265507295651368,5.632787696398709e-05,-4.249276617310733,200,14,0.0979020979020979,9.34943767480596e-05,0.00010364105329436064,9.293359093707759e-05,3.257747800102039e-05,0.00037830170456355403,-3.984468181969461
13,13,169,0,0,1,1,156,1.0,-0.00016447992888076002,0.00012524246738026274,-3.9022483850101097,200,6,0.03550295857988166,0.00012788571198995086,0.00013259316151105333,0.0001255912395735195,9.056283410436532e-05,0.0002831840017730724,-3.877478874080563
13,11,143,1,2,1,1,858,0.8461538461538461,-8.917562868693274e-19,1.784806778251633e-34,-18.0,200,84,0.5874125874125874,0.00021743716418353297,0.0005270087199702578,0.0005113364299723198,0.00022006708927523963,0.0010785436891997575,-3.2781821988223023
14,7,98,0,0,1,1,91,0.5,-0.0007900379261326703,6.995345050611534e-05,-4.155190858744607,200,7,0.07142857142857142,9.532614512007907e-05,0.00010265892551393129,9.363796383864881e-05,6.995345050611534e-05,0.00020848138571398088,-3.988603285621843
13,10,130,0,0,1,1,120,0.7692307692307693,-0.0004142908235604353,0.00014480759655935405,-3.83920865459418,200,6,0.046153846153846156,0.00013157441469340377,0.0001379409186301814,0.0001317017582699292,0.00010203491388566089,0.00028084578258351676,-3.8603068861135683
14,13,182,0,0,1,1,169,0.9285714285714286,0.0004042250745380775,5.496666767547946e-05,-4.259900591104461,200,7,0.038461538461538464,6.505945486273667e-05,6.766183305724615e-05,6.465068949745009e-05,4.940431795483257e-05,0.00014729918757988455,-4.169656240720912
13,2,26,0,1,0,1,26,0.15384615384615385,-0.000220356618953327,0.0001357394253836839,-3.867293993609437,200,0,0.0,0.0001538635408675293,0.0001538635408675293,0.00012023141340048116,2.7802674120262462e-05,0.000512992654969345,-3.8128642773478068
14,17,238,0,0,1,1,221,1.2142857142857142,-0.00027800514485854785,6.7607976306081e-05,-4.170002063505615,200,7,0.029411764705882353,6.125403426833724e-05,6.311021712495353e-05,6.130834363823851e-05,4.507215255279775e-05,0.00014225912161458965,-4.199900325672048
14,14,196,0,0,0,0,182,1.0,0.010350441187282865,0.07858207113709494,-1.1046765289531013,200,91,0.4642857142857143,0.016248747331138673,0.03033099501812552,0.01382849116378567,3.2254300134057767e-09,0.13280137864316274,-1.5181133422843536
13,6,78,1,1,0,0,78,0.46153846153846156,0.05335878566956583,0.15603911288058037,-0.8067665274205122,200,69,0.8846153846153846,0.00715957564909723,0.06204965562550932,0.01646431844502173,0.011863996677353794,0.1808960036838557,-1.207260624485252
13,16,208,1,1,1,1,208,1.2307692307692308,9.58925559640693e-05,5.068305240460314e-05,-4.295137237463493,200,21,0.10096153846153846,5.597790971546154e-05,6.22641990417968e-05,6.074906443677828e-05,3.0808694166573324e-05,0.00013616014199711846,-4.20576159423512
14,10,140,0,1,0,1,140,0.7142857142857143,-8.171120010982627e-05,5.5699582605297546e-05,-4.254148059276814,200,0,0.0,8.813731765090985e-05,8.813731765090985e-05,8.1754329263235e-05,3.627788547903273e-05,0.00019842819972165648,-4.054840170834663
14,9,126,0,0,0,0,117,0.6428571428571429,-0.034874484881036526,0.1260053222666373,-0.8996111105791395,200,81,0.6428571428571429,0.019464209743910423,0.054499787282949186,0.03387376979002645,1.996989257967812e-06,0.1910210226964248,-1.2636051928063239
13,16,208,0,0,1,1,192,1.2307692307692308,-0.00016597967694814843,0.00013321072681915115,-3.875460802111713,200,6,0.028846153846153848,0.00012318341082596617,0.00012684232401881664,0.00012113296920722991,9.561595455197441e-05,0.0002658950208507991,-3.8967358093814553
13,10,130,1,2,1,0,780,0.7692307692307693,0.0009287156972962828,0.001625145117203229,-2.789107852662544,200,21,0.16153846153846155,0.00016806640075608053,0.00020044616603936207,5.672220166909195e-05,2.4031909765291568e-05,0.002573888407893447,-3.698002246142683
13,4,52,1,0,0,0,48,0.3076923076923077,0.0,0.0,-18.0,200,50,0.9615384615384616,0.009776693343826814,0.25419402693949716,0.25419402693949716,0.23406143570857346,0.27432661817042087,-0.5948346587296659
13,4,52,0,0,0,1,48,0.3076923076923077,-0.0002603773077248632,0.00012392965667195214,-3.906824753448133,200,0,0.0,0.0001835454034834192,0.0001835454034834192,0.0001669888157901335,4.951936107774126e-05,0.00041944122855460314,-3.7362564870345936
13,5,65,1,0,1,0,60,0.38461538461538464,0.0,0.0,-18.0,200,63,0.9692307692307692,0.007427413283361147,0.24139093170923728,0.24139093170923728,0.23286446948247577,0.2499173939359988,-0.6172790489967992
13,8,104,1,1,1,0,104,0.6153846153846154,0.0005815450041638488,5.9150897053866953e-05,-4.228038664686258,200,16,0.15384615384615385,5.6069814341382374e-05,6.626432603981552e-05,6.11684908341127e-05,3.0562896888869023e-05,0.00014189845287806323,-4.178720214788325
14,15,210,0,1,0,0,210,1.0714285714285714,0.006201821192186544,0.009437812709523112,-2.02512864534735,200,49,0.23333333333333334,0.0021551910954281306,0.0028111188201236487,0.0015662413264483884,1.199536237929576e-05,0.015030582496347183,-2.551120797283541
13,19,247,0,1,1,0,247,1.4615384615384615,0.0013544334951033129,0.00013263960206960892,-3.8773267897132246,200,1,0.004048582995951417,0.0001258636494097082,0.00012637529026096717,0.00012087174077555711,9.108315894909982e-05,0.0003035419693106483,-3.898337833904669
14,12,168,0,1,1,0,168,0.8571428571428571,-0.0001302246228624744,6.438278222453182e-05,-4.1912302597309665,200,1,0.005952380952380952,6.478285824789603e-05,6.517077955476966e-05,6.020999430558218e-05,4.34742898774556e-05,0.00013999919116407472,-4.185947084063324
14,5,70,1,2,0,0,455,0.35714285714285715,-0.015658145528627505,0.1192183653387383,-0.9236568372895707,200,26,0.37142857142857144,0.005509723473006751,0.008765469161601648,0.00028506320455709924,1.5825080039114507e-06,0.14510082513824424,-2.057224833838097
13,20,260,1,2,0,0,1560,1.5384615384615385,0.0005501082139665332,0.00013216069294977854,-3.878897692909013,200,29,0.11153846153846154,5.652163370391555e-05,6.361742321652833e-05,6.190141226177684e-05,2.121494267922519e-05,0.0004000050340502316,-4.19642392569559
13,3,39,1,1,0,1,39,0.23076923076923078,-0.00022696720022843494,7.516518128204562e-06,-5.123983290776882,200,6,0.15384615384615385,1.6190503636710592e-05,1.913423157065797e-05,1.3491451669988405e-05,2.4265038289867856e-06,0.00012319451559050955,-4.718188974323938
13,5,65,1,0,1,1,60,0.38461538461538464,-1.608684973425367e-19,1.2692333453700451e-34,-18.0,200,19,0.2923076923076923,6.672499119730412e-05,9.428531364836449e-05,7.212265657741213e-05,2.007756676049605e-05,0.0002645272057097452,-4.025555949873478
13,7,91,1,0,1,1,84,0.5384615384615384,-0.0007863012247673868,4.9700464427499485e-05,-4.303639552969728,200,14,0.15384615384615385,5.7645293769588883e-05,6.81262562731505e-05,6.242440416477276e-05,2.9579183796785963e-05,0.00017112301579899945,-4.166685476091939
14,2,28,1,0,0,0,26,0.14285714285714285,0.0,0.0,-18.0,200,27,0.9642857142857143,0.01760566681669836,0.4929586708675541,0.4929586708675541,0.4929586708675541,0.4929586708675541,-0.3071894899855595
14,13,182,0,0,1,1,169,0.9285714285714286,-0.0001613325549749646,6.695001423455737e-05,-4.174249326314571,200,7,0.038461538461538464,6.394443571220473e-05,6.650221314069293e-05,6.356584574547687e-05,4.7315086816507396e-05,0.00014090101234336862,-4.1771639014819
13,12,156,1,1,1,0,156,0.9230769230769231,-0.00026433558317778876,5.6134907786907414e-05,-4.250766986435307,200,10,0.0641025641025641,5.924111733308483e-05,6.329872810932351e-05,6.076323510149146e-05,3.125983379359282e-05,0.0001316370548642321,-4.19860501637525
13,17,221,1,2,0,1,1326,1.3076923076923077,-0.0005515826443083387,6.321669958178295e-05,-4.199168181556155,200,12,0.05429864253393665,6.342244177299619e-05,6.706392168340744e-05,6.32095348976024e-05,2.9165046723641594e-05,0.0002290985857764581,-4.173511054013897
13,12,156,0,1,0,0,156,0.9230769230769231,0.015886465916066902,0.01824410388542133,-1.7388774634681097,200,42,0.2692307692307692,0.00377925123370657,0.0051716069513879385,0.002374174243700799,1.8124533473524976e-05,0.023316653662839446,-2.286374489462532
14,15,210,1,0,0,1,195,1.0714285714285714,0.00014945795915715903,2.3837618939032797e-05,-4.622737127005749,200,11,0.05238095238095238,2.137991099806764e-05,2.2561715123588967e-05,2.173232144683568e-05,9.755016266746463e-06,5.9587212007408215e-05,-4.646627888713625
14,15,210,1,2,0,0,1365,1.0714285714285714,0.00023005436632874798,0.0022795519704487386,-2.6421505020705647,200,26,0.12380952380952381,0.00012969068586031793,0.0001480165436449281,4.227038950501854e-05,1.1080563470550588e-05,0.0030554731140229256,-3.8296897412795796
13,12,156,1,0,0,0,144,0.9230769230769231,0.02869139422385591,0.0425091907967853,-1.3715171621661584,200,110,0.7051282051282052,0.008619310366367752,0.029230704720725417,0.019713511712297536,7.498130784588467e-06,0.1248055366575739,-1.5341607141453704
14,4,56,0,0,0,0,52,0.2857142857142857,0.007875967181633496,0.26892628924301937,-0.5703667406733021,200,46,0.8214285714285714,0.025566084890792363,0.14317007538843723,0.13357473999312602,0.008196707413168476,0.26892628924301937,-0.8441477463561363
13,5,65,0,2,0,0,390,0.38461538461538464,-0.0038714478940337495,0.03623072566621772,-1.4409229673820259,200,12,0.18461538461538463,0.003930778062141318,0.004820765547909164,0.0013854954876171299,0.0005148453961708758,0.04806611659079684,-2.316883989389272
13,2,26,0,1,0,0,26,0.15384615384615385,-0.020570075303189023,0.3404281840098556,-0.46797449190923734,200,22,0.8461538461538461,0.02982005394298109,0.1938303506293771,0.18865927451153622,0.05757466948458027,0.3404281840098556,-0.712578218622535
14,9,126,1,0,1,1,117,0.6428571428571429,2.0798333999561427e-05,2.1351300975113003e-05,-4.670575657449315,200,18,0.14285714285714285,2.7329892643963224e-05,3.188487475129042e-05,3.087792251572157e-05,1.3466751102868395e-05,6.629554826512957e-05,-4.496415284649135
14,16,224,1,2,1,1,1456,1.1428571428571428,-1.5875430310618999e-18,4.562796338226781e-34,-18.0,200,101,0.45089285714285715,0.00021458009635873498,0.00039078001288094823,0.00021324818846883288,1.5163412093442283e-06,0.002562169879639985,-3.408067657126995
13,13,169,1,0,1,0,156,1.0,-0.0022689757197582954,0.010008279591083618,-1.9996405707038523,200,86,0.5088757396449705,0.000800729532507948,0.0016304010963113637,0.0007475441707541347,1.7289615915026365e-06,0.015353452787400334,-2.7877055413100384
14,14,196,0,0,1,1,182,1.0,-0.0003563242158168685,5.648513132712053e-05,-4.24806585717886,200,7,0.03571428571428571,6.297858173306568e-05,6.53111217972533e-05,6.242416656991714e-05,4.7049327957100024e-05,0.00014502409632989667,-4.185012856643885
13,12,156,1,2,0,0,936,0.9230769230769231,-0.002682692839728583,0.005660999475756601,-2.247106885333747,200,48,0.3076923076923077,0.0004281002004980851,0.0006183669562750119,0.0001225964478437766,3.512108867315374e-05,0.01120003339642613,-3.2087537258989927
14,3,42,1,0,1,0,39,0.21428571428571427,-3.3439166691705266e-19,4.479701655693482e-34,-18.0,200,41,0.9761904761904762,0.011559845320264576,0.4855135034511122,0.4855135034511122,0.4855135034511122,0.4855135034511122,-0.3137986866771907
14,15,210,1,0,1,1,195,1.0714285714285714,-0.000413250659103731,1.6757747012673503e-05,-4.7757843702961384,200,15,0.07142857142857142,2.8752258442900722e-05,3.096397063081616e-05,3.05560559777637e-05,1.0142510074389378e-05,6.777635731157316e-05,-4.509143353141481
14,7,98,1,1,1,0,98,0.5,0.0003703501665357219,2.687689758492735e-05,-4.570620863576061,200,5,0.05102040816326531,3.195616715252457e-05,3.3674240655348476e-05,3.0301086111291102e-05,2.364274154100975e-05,6.863841944615908e-05,-4.472702188712926
13,15,195,0,0,1,1,180,1.1538461538461537,0.00027274859872345543,0.0001156944718636505,-3.936687392098117,200,6,0.03076923076923077,0.000123740894823236,0.00012766917719857682,0.00012368980270691812,9.517567212377533e-05,0.00027658983557033833,-3.8939139405465877
13,14,182,0,0,1,1,168,1.0769230769230769,0.00042064779304458623,0.00012179599716149833,-3.914366984603303,200,6,0.03296703296703297,0.00012392254049976598,0.00012814717256225803,0.00012303395607401934,9.422241921703307e-05,0.00031787858778292043,-3.8922909716424825
14,12,168,0,1,0,1,168,0.8571428571428571,-0.0005114979928324499,6.222966109381121e-05,-4.206002564200946,200,0,0.0,9.518801012015074e-05,9.518801012015074e-05,8.754265231579135e-05,5.125666325039607e-05,0.0002722785466277415,-4.0214177518948215
14,10,140,1,0,0,0,130,0.7142857142857143,-0.014602038592207378,0.10126879976835157,-0.9945243372218513,200,104,0.7428571428571429,0.010190697940235959,0.0396304919898065,0.023288729025028168,2.2920955679174385e-05,0.13753868235704597,-1.401970536115676
14,1,14,1,0,1,0,13,0.07142857142857142,0.04813481383333755,0.5040642088196905,-0.29751413863394915,200,13,0.9285714285714286,0.03600458634426361,0.5040642088196905,0.5040642088196905,0.5040642088196905,0.5040642088196905,-0.29751413863394915
13,14,182,1,1,1,0,182,1.0769230769230769,-0.0008385316033308212,6.59980727638864e-05,-4.180468746279797,200,14,0.07692307692307693,5.8236454042736395e-05,6.30894918796311e-05,6.181958054192599e-05,3.2191220712171464e-05,0.00013845978471076456,-4.200042970371176
13,11,143,1,1,1,0,143,0.8461538461538461,-0.00043233363854300056,5.027478663977009e-05,-4.298649763821566,200,7,0.04895104895104895,6.119091043075974e-05,6.434044258528413e-05,6.1113490235282e-05,4.055307332079246e-05,0.00014243857209341858,-4.19151595599722
14,18,252,1,1,1,1,252,1.2857142857142858,0.00027808465127386535,3.0549888341744764e-05,-4.514990372742302,200,15,0.05952380952380952,2.87920005165793e-05,3.0614279030286854e-05,3.0108273407702728e-05,1.1158472917844151e-05,6.49616310302431e-05,-4.514075963791695
14,10,140,1,0,1,0,130,0.7142857142857143,0.025829556612196686,0.03912208511080406,-1.4075780064410803,200,107,0.7642857142857142,0.0018295269431279583,0.0077616294556943684,0.0023094619574389923,0.00029013438708545456,0.04094500182082995,-2.1100470945499468
14,19,266,1,0,1,0,247,1.3571428571428572,0.0002259979657580286,6.124873015654206e-05,-4.212902910909936,200,106,0.39849624060150374,3.267943196548539e-05,5.432955564261947e-05,4.910828149695364e-05,3.960251470480527e-07,0.00022400417112414844,-4.264963847013906
13,10,130,1,0,0,0,120,0.7692307692307693,-0.032823629048995134,0.08296980199168578,-1.081079946355824,200,98,0.7538461538461538,0.00996092440554836,0.040466255397540216,0.03458927882340522,0.002743754607465489,0.1048626434976404,-1.3929069818062845
14,20,280,0,1,1,1,280,1.4285714285714286,-0.0012419681341887209,5.9773851858010745e-05,-4.223488757102932,200,7,0.025,6.118987185241939e-05,6.275884292555834e-05,6.11778141188691e-05,4.583233250594176e-05,0.0001237477017673168,-4.202325072027063
13,10,130,0,2,1,0,780,0.7692307692307693,0.001066594573210811,0.0010350482747749795,-2.9850393941882567,200,12,0.09230769230769231,0.00022872417523113554,0.00025198426084786123,0.0001622837538379627,0.00011284621747004041,0.002304072117717985,-3.598626584775569
14,3,42,0,0,0,1,39,0.21428571428571427,-0.0007705396282384564,0.00010543760303296722,-3.9770044756767367,200,0,0.0,0.00014298538895024654,0.00014298538895024654,0.00012158260746189825,3.415722973961629e-05,0.0005437868332623239,-3.8447083389159245
13,8,104,1,0,0,1,96,0.6153846153846154,-0.0001237155292151382,3.494139918035224e-05,-4.456659708278686,200,18,0.17307692307692307,2.5822260242576144e-05,3.122691936311533e-05,2.448136439456593e-05,8.720924012250479e-06,0.00011909352171507012,-4.505470858215906
14,20,280,1,1,1,0,280,1.4285714285714286,-0.000358563629973895,3.416076072505937e-05,-4.46647246658324,200,10,0.03571428571428571,3.054382813196623e-05,3.1675081025742747e-05,3.084150367302234e-05,2.2389378386217303e-05,7.054602684846648e-05,-4.499282265505674
13,20,260,0,1,0,1,260,1.5384615384615385,0.0010495619408747128,0.00012370766838299711,-3.907603378518023,200,0,0.0,0.00016850313555395478,0.00016850313555395478,0.0001623325265725994,0.00010363076888244275,0.00037502833759470123,-3.773392013243027
14,17,238,1,0,1,0,221,1.2142857142857142,-0.0009251229084717156,0.00064769833420972,-3.1886272198898413,200,110,0.46218487394957986,7.893031636592248e-05,0.0001467610569928871,5.63318676332759e-05,1.0259657601795423e-05,0.0011291826266441078,-3.8333891690575097
13,1,13,0,0,0,1,12,0.07692307692307693,0.0010470854542357977,0.00024636103406177343,-3.6084279816950335,200,0,0.0,0.00015396039962570825,0.00015396039962570825,9.200932444273927e-05,3.329030973503746e-05,0.0006818474852458344,-3.8125909703040337
14,9,126,0,0,0,0,117,0.6428571428571429,0.008204318066308685,0.11813369789244144,-0.9276262012752643,200,81,0.6428571428571429,0.019122619836617293,0.05354333554252842,0.03829282248084826,1.011932957064925e-06,0.1698531638089084,-1.271294577441354
13,9,117,1,0,1,0,108,0.6923076923076923,-0.007214840229086984,0.022399882044505475,-1.6497542686102684,200,98,0.8376068376068376,0.0012138649879286458,0.007474852820402713,0.0058219335458084024,0.0014166818920573678,0.022399882044505475,-2.126397354162895
14,3,42,0,2,1,0,273,0.21428571428571427,-0.0432928304987554,0.1317487305985836,-0.8802535605304922,200,13,0.30952380952380953,0.008836122503973356,0.012797142936788998,0.00012112824207532524,2.816013875386713e-05,0.1389118417524985,-1.8928869792026501
13,8,104,1,1,1,0,104,0.6153846153846154,-0.00011840877534435325,5.9885480212410506e-05,-4.222678463554331,200,10,0.09615384615384616,5.938259420164146e-05,6.569989145713524e-05,5.974725440769335e-05,4.298599974533454e-05,0.00013256816957434332,-4.182435347938029
14,11,154,1,0,1,0,143,0.7857142857142857,0.002325240270916248,0.0057332713569028144,-2.24159750249245,200,118,0.7662337662337663,0.002741889935602761,0.011729195835634034,0.0035034931699747434,1.7767879820418178e-05,0.08931867098270813,-1.9307317624896418
13,2,26,1,2,0,0,156,0.15384615384615385,0.0,0.0,-18.0,200,25,0.9615384615384616,0.020346469153714717,0.5290081979965826,0.5290081979965826,0.5290081979965826,0.5290081979965826,-0.2765375976867591
14,18,252,0,2,0,0,1638,1.2857142857142858,-0.001167193176918124,7.635432687022591e-05,-4.117166347178375,200,13,0.051587301587301584,6.159629051606318e-05,6.494671636003314e-05,6.36200814698249e-05,4.2932856238529265e-05,0.0001342981610102754,-4.187442801523483
14,2,28,0,1,0,1,28,0.14285714285714285,-0.00042877466212843285,0.00017729036237466977,-3.7513148723024248,200,0,0.0,0.00010855602932606556,0.00010855602932606556,8.885049313464501e-05,3.3718867979233204e-05,0.00019857281948564262,-3.964346050327284
14,18,252,1,1,0,0,252,1.2857142857142858,0.0088112953536328,0.008969633875820894,-2.0472252837068328,200,77,0.3055555555555556,0.0019237349096741096,0.0027701782699307174,0.0008808261248279066,4.987388215313512e-08,0.015381998711171794,-2.557492281781768
13,11,143,0,1,0,1,143,0.8461538461538461,0.0013408719591163588,0.00017902108652060743,-3.747095811365445,200,0,0.0,0.00017017100718927077,0.00017017100718927077,0.0001570944215244179,8.50399618611206e-05,0.0003424049220311107,-3.7691144306808217
14,19,266,0,1,1,0,266,1.3571428571428572,-0.00022114026221369668,5.5165005830837926e-05,-4.258336331581221,200,1,0.0037593984962406013,6.40323285793279e-05,6.427396000792915e-05,6.133673020586891e-05,4.488050340672126e-05,0.00013714715225787483,-4.191964941779177
14,10,140,0,1,1,0,140,0.7142857142857143,-0.0010287012102434907,5.801308759384554e-05,-4.236474019736932,200,1,0.007142857142857143,6.747420652483574e-05,6.795963247105759e-05,6.24653774058982e-05,4.785113760264866e-05,0.00014751042399710148,-4.167748978481969
13,16,208,1,1,1,1,208,1.2307692307692308,-0.00043455161827091047,5.84982073607027e-05,-4.232857442384205,200,16,0.07692307692307693,5.759126475156244e-05,6.239053681419264e-05,6.035801881284668e-05,4.250545751944259e-05,0.0001360236908606436,-4.204881277641976
13,17,221,1,0,1,0,204,1.3076923076923077,0.0013384434763547815,0.0004884418792142445,-3.3111871065373295,200,87,0.3936651583710407,8.249396926003025e-05,0.00013605348661542303,8.676706155633069e-05,1.527194796313981e-05,0.0007493350337595915,-3.8662903241640008
13,12,156,1,2,1,0,936,0.9230769230769231,-1.5962894909778146e-05,0.0010943653493675003,-2.960837666370237,200,21,0.1346153846153846,0.00013397168148264986,0.0001548117208243954,5.506529617357433e-05,2.170533698797869e-05,0.0030816103957553354,-3.8101961618917564
13,16,208,1,2,1,0,1248,1.2307692307692308,6.444649741141117e-05,6.82429135822177e-05,-4.1659424395534925,200,18,0.08653846153846154,7.660875240839642e-05,8.386642368919187e-05,5.8209890801087216e-05,2.545047499044095e-05,0.0007035964168642958,-4.076411876180884
14,2,28,0,2,0,0,182,0.14285714285714285,0.05924253126785221,0.2660581085719853,-0.5750235006768388,200,13,0.4642857142857143,0.01767476440802916,0.03299289356165444,1.9956669864713022e-05,5.397568490045146e-06,0.2660581085719853,-1.481579594040837
13,11,143,0,1,1,0,143,0.8461538461538461,0.0007552662414457828,0.00011929829307019543,-3.9233657702064266,200,1,0.006993006993006993,0.00013156324549964347,0.0001324897472285142,0.00012279615895097697,9.236949758833085e-05,0.00030186960496048207,-3.8778177284770896
14,8,112,0,2,1,0,728,0.5714285714285714,-0.0014897205883260783,0.007338874013207236,-2.134370567790021,200,13,0.11607142857142858,0.0003377993433003111,0.0003821568328245943,0.00010001118793545806,6.808087331555339e-05,0.007338874013207236,-3.417758370982871
14,7,98,0,0,1,1,91,0.5,0.0004286164017000809,6.932138811665636e-05,-4.159132749400587,200,7,0.07142857142857142,9.673140127835807e-05,0.00010417227829977022,9.496916109371312e-05,6.932138811665636e-05,0.00021919817389325327,-3.9822478374973445
13,19,247,0,2,1,0,1482,1.4615384615384615,-0.0007295994119392298,0.00013053002076108034,-3.884289592912144,200,12,0.048582995951417005,0.00011783284300940532,0.00012384983924818347,0.00012284668211358656,9.029079634955092e-05,0.0002366458507018417,-3.9071045527735193
13,8,104,1,0,0,0,96,0.6153846153846154,0.01719554624741959,0.10799109681919,-0.9666120478619503,200,85,0.8173076923076923,0.012506039301502903,0.06845410986085802,0.07368455819532228,0.0036616088326666863,0.1837892261510271,-1.1646004724925891
13,1,13,1,0,0,1,12,0.07692307692307693,-0.0028627459319020315,0.0008589714969182118,-3.0660212470378103,200,3,0.23076923076923078,0.0009204892566833361,0.0011966360336883371,0.001019146371448246,0.00042219630554088313,0.002221604647482602,-2.9220379236096448
13,3,39,1,1,1,0,39,0.23076923076923078,0.0014677547827217693,8.038409806959431e-05,-4.09482985676997,200,9,0.23076923076923078,0.00011616472661048103,0.00015101414459362534,0.00012601071127368908,1.6061548847760315e-05,0.0006619482635413427,-3.8209823730295724
14,2,28,0,2,0,0,182,0.14285714285714285,0.014204867677857868,0.23928719443776258,-0.621080542229959,200,13,0.4642857142857143,0.017854045760356062,0.03332755208599798,2.760256608364109e-05,1.1040440432887512e-05,0.2603001256911797,-1.4771965841668115
13,11,143,1,0,1,0,132,0.8461538461538461,-0.002378756065024964,0.006805012575547224,-2.1671710678911067,200,86,0.6013986013986014,0.0007567012379861368,0.001898390825123115,0.0008379368163699657,8.457139230798509e-05,0.011495892022477732,-2.7216143737203593
14,19,266,0,2,1,1,1729,1.3571428571428572,7.459649759879172e-19,2.6679754368179715e-34,-18.0,200,91,0.34210526315789475,0.0002977045029521338,0.0004525108444872434,0.0005018657924601936,9.45845456874221e-09,0.0016102767620279276,-3.344371008404559
13,11,143,0,1,1,0,143,0.8461538461538461,-6.540632876659072e-05,0.00012814956481280518,-3.892282864311717,200,1,0.006993006993006993,0.00013273273972521995,0.00013366747732891868,0.0001258963527841021,9.69327643177567e-05,0.00027355428801593555,-3.8739742481961748
13,7,91,1,2,1,0,546,0.5384615384615384,0.002724398069728302,0.016249310884090148,-1.7891650522594458,200,25,0.27472527472527475,0.0011508989996601234,0.0015868455904404736,5.2888345386256446e-05,1.0377072887009061e-05,0.023991086886774295,-2.7994653306378305
14,4,56,1,2,1,1,364,0.2857142857142857,2.7306986966763037e-17,6.601046340609799e-32,-18.0,200,49,0.875,0.00498977530015636,0.03991820240125087,0.04400012373559238,0.012787140128612618,0.048843295659252606,-1.3988290241180115
13,16,208,1,1,1,1,208,1.2307692307692308,0.0012240748315578477,7.117016078889695e-05,-4.147702053006125,200,21,0.10096153846153846,5.6297442105846696e-05,6.261961474874927e-05,6.147311118059185e-05,2.996916290130685e-05,0.00013411193160978778,-4.20328960859721
13,3,39,1,0,0,0,36,0.23076923076923078,0.0,0.0,-18.0,200,39,1.0,2.0618515151451934e-34,nan,nan,nan,2.451965950012165e-33,nan
13,15,195,1,2,1,1,1170,1.1538461538461537,1.2956215961201779e-19,1.5922749212740952e-34,-18.0,200,87,0.4461538461538462,0.00031088043651047233,0.0005613118992550196,0.0005838752958908768,8.136359826898845e-06,0.001619770863455597,-3.250795751070872
14,16,224,0,2,1,1,1456,1.1428571428571428,2.586770858278853e-18,3.0104714908002045e-34,-18.0,200,91,0.40625,0.0008205408882270744,0.0013819636012245464,0.0015296785552970857,6.417358768957188e-09,0.0050894259149115864,-2.8595033954535007
13,12,156,0,1,0,1,156,0.9230769230769231,-0.00021086943880807985,0.00012314585939147174,-3.909580186128304,200,0,0.0,0.00014631375649706954,0.00014631375649706954,0.00013635192626469455,7.967803441321566e-05,0.00036394254459673736,-3.834714839357245
13,9,117,0,1,1,0,117,0.6923076923076923,0.0006058700597706398,0.0001459866087421318,-3.8356869799424618,200,1,0.008547008547008548,0.000139333830558156,0.00014053498426986423,0.00012841470276125607,9.960694468501569e-05,0.0003082416592333298,-3.8522155506052065
14,15,210,0,1,1,1,210,1.0714285714285714,0.0008446964146689788,5.940743691497527e-05,-4.2261591844974955,200,7,0.03333333333333333,6.101706984162007e-05,6.31211067327104e-05,6.014203769775616e-05,4.495653438795371e-05,0.00015254377260722033,-4.199825395037937
13,7,91,0,0,0,1,84,0.5384615384615384,-0.0001850666776811653,0.00018286178423222322,-3.737877047017928,200,0,0.0,0.00016588513521953699,0.00016588513521953699,0.0001455217130945442,7.473745072671599e-05,0.00040301714949989546,-3.780192528872353
14,15,210,1,1,0,0,210,1.0714285714285714,0.000757320376141471,0.014442321675640074,-1.840362986138194,200,91,0.43333333333333335,0.0025071563365992484,0.004424393535175145,0.0022520015991615936,1.7669545430946572e-07,0.0251773353769988,-2.3541462509271764
13,3,39,0,2,1,0,234,0.23076923076923078,-0.013313072828652527,0.11532050512267558,-0.9380934639987947,200,12,0.3076923076923077,0.009534170563394201,0.013771579702680512,0.0003055235482501574,5.892391784560323e-05,0.14347126720235884,-1.8610162400765682
14,1,14,1,1,0,1,14,0.07142857142857142,-0.005059427814956825,0.005646317680893115,-2.248234690628071,200,7,0.5,0.00401189874686837,0.00802379749373674,0.008257911238609876,0.005646317680893115,0.011316452622445928,-2.0956200406634227
14,5,70,1,1,0,0,70,0.35714285714285715,-0.018120485777237204,0.12814654747434834,-0.8922930900886921,200,63,0.9,0.01220169897627824,0.12201698976278239,0.11375393209823298,0.041944548635821206,0.1953166403097336,-0.9135796935342478
13,20,260,1,1,1,0,260,1.5384615384615385,-0.0006499735225453766,6.615366402856116e-05,-4.179446096702219,200,12,0.046153846153846156,5.902323217729993e-05,6.187919502458865e-05,5.9858686140414405e-05,4.368083219276282e-05,0.00012993894450057347,-4.208455344595377
14,14,196,0,1,0,0,196,1.0,0.025271429726182328,0.009317934959657015,-2.030680325306626,200,49,0.25,0.0025743321085533975,0.0034324428114045303,0.0017045948369230077,1.661290531903193e-05,0.014044240302501988,-2.4643966898955316
14,17,238,1,2,1,1,1547,1.2142857142857142,1.247374599444573e-18,2.4461817006033664e-34,-18.0,200,102,0.42857142857142855,0.0004824662138458949,0.0008443158742303162,0.00015475407159444029,2.058311315931851e-06,0.015935318229741213,-3.073495045352124
14,16,224,0,1,1,1,224,1.1428571428571428,-0.000746906595456098,5.391191829788157e-05,-4.268315214797915,200,7,0.03125,6.0465451353166665e-05,6.241594978391398e-05,6.0259149644035357e-05,4.7075279631497766e-05,0.0001383780536098549,-4.204704416439132
13,11,143,1,1,0,0,143,0.8461538461538461,-0.018547275315527283,0.023535112878137456,-1.6282837144071096,200,59,0.4125874125874126,0.004598264150431818,0.00782799730371131,0.002589942035810009,2.72683715695168e-06,0.047269832227194775,-2.10634933260314
14,9,126,1,2,1,1,819,0.6428571428571429,2.340530968973739e-18,4.151130549557117e-34,-18.0,200,89,0.7063492063492064,0.0009678658726860626,0.0032959756745525376,0.003183556189536238,0.0006362363768423799,0.007861237945201039,-2.482016002207503
13,11,143,1,0,0,1,132,0.8461538461538461,-0.0002544351912268548,5.244951281991816e-05,-4.28025854141902,200,9,0.06293706293706294,4.8735849271408075e-05,5.2009152580681755e-05,4.6452438469562736e-05,1.6989126695581146e-05,0.00019925191537532839,-4.283920222413055
13,12,156,1,0,1,1,144,0.9230769230769231,-0.0005609061781764297,5.472296412455727e-05,-4.261830386652081,200,16,0.10256410256410256,5.514721884238261e-05,6.14497581386549e-05,5.929179934527328e-05,2.5020324431228665e-05,0.00013134437079198125,-4.211479822122593
13,15,195,0,2,0,1,1170,1.1538461538461537,-0.0014374690481082787,0.00012121111247434912,-3.916457562801261,200,0,0.0,0.00013627241216854997,0.00013627241216854997,0.00012871914044817846,9.817642089284041e-05,0.0003019650427560191,-3.8655920565326274
13,11,143,0,0,1,0,132,0.8461538461538461,-0.007185241318056805,0.01760656648107251,-1.7543253290816898,200,77,0.5384615384615384,0.00426613710188693,0.00924329705408835,0.009493938030662993,1.2698591318732022e-06,0.03641061951625027,-2.0341730897115977
14,3,42,1,2,0,0,273,0.21428571428571427,0.014900706132121879,0.12908134073087596,-0.8891365323524432,200,30,0.7142857142857143,0.009536525311768542,0.0333778385911899,0.002491486790492759,0.0005595898667896019,0.14277064680361512,-1.4765417898350661
14,14,196,1,2,1,1,1274,1.0,-2.0109239794174893e-18,2.13580111813099e-34,-18.0,200,97,0.49489795918367346,0.00011662788135431437,0.00023089964389339006,0.0002287176560502125,2.3889032179565846e-06,0.0006023042772566015,-3.6365767368760453
13,2,26,1,1,1,0,26,0.15384615384615385,-2.87334222136748e-19,4.089830339244313e-34,-18.0,200,14,0.5384615384615384,8.22804339575384e-05,0.00017827427357466655,0.00018395901331668194,7.450791117261296e-05,0.00030266242615283045,-3.7489113245234043
13,4,52,0,2,1,0,312,0.3076923076923077,0.0007583587198701492,0.061754483111346736,-1.2093315090019592,200,12,0.23076923076923078,0.005012069452607673,0.006515690288389974,0.0003594906814518554,0.00011157884938266817,0.07670721911103497,-2.1860395672794146
13,20,260,1,2,0,0,1560,1.5384615384615385,-0.0007911687728533696,0.000262628989859212,-3.5806573367347694,200,25,0.09615384615384616,5.83846838101184e-05,6.459582038566291e-05,6.262277625260414e-05,2.3884796046098157e-05,0.000262628989859212,-4.189795581728859
14,13,182,0,1,0,0,182,0.9285714285714286,-0.016556950635248754,0.01237671339415762,-1.907394665839329,200,49,0.2692307692307692,0.0030344251219139025,0.004152371219461131,0.002236468927664667,9.786269128494514e-06,0.01875151509457468,-2.3817038277614992
14,13,182,1,1,0,1,182,0.9285714285714286,-7.234756098660105e-05,1.94529244057102e-05,-4.711015100878485,200,7,0.038461538461538464,2.3720572710022676e-05,2.4669395618423587e-05,2.2808022683710754e-05,1.3559691114249946e-05,6.0021695822156573e-05,-4.607841490267007
13,3,39,0,0,0,0,36,0.23076923076923078,0.01532948583392304,0.30493723166346465,-0.5157895467109154,200,33,0.8461538461538461,0.0300172959932765,0.19511242395629724,0.21345169535922986,0.03198454942157519,0.30493723166346465,-0.7097150756394487
13,15,195,1,0,0,1,180,1.1538461538461537,-0.00018854097857839646,5.3746277005262136e-05,-4.269651613869471,200,9,0.046153846153846156,4.6042858443626016e-05,4.827073869089824e-05,4.562102655980747e-05,1.7339479340831274e-05,0.0001065872577595384,-4.316316055087953
13,8,104,1,1,1,0,104,0.6153846153846154,-0.0005775367576507064,5.182401319689409e-05,-4.285468958741556,200,9,0.08653846153846154,5.926513972109232e-05,6.48797319051958e-05,5.978735973597326e-05,4.3685147218901105e-05,0.00013268753534941442,-4.187890953376658
14,2,28,1,0,0,0,26,0.14285714285714285,-0.10311193522519133,0.4765302548340312,-0.3219095208591298,200,27,0.9642857142857143,0.017018937672643973,0.4765302548340312,0.4765302548340312,0.4765302548340312,0.4765302548340312,-0.3219095208591298
14,9,126,1,1,1,1,126,0.6428571428571429,-3.0864902843246305e-05,2.709337056530757e-05,-4.567136962967693,200,25,0.1984126984126984,2.58843773614558e-05,3.229140146082605e-05,3.094129618636455e-05,1.6066053241830705e-05,6.394515772893203e-05,-4.490913106004969
13,14,182,0,2,0,1,1092,1.0769230769230769,-0.0005158552333015286,0.00011541999554119039,-3.9377189468046603,200,0,0.0,0.00013561332090279688,0.00013561332090279688,0.00012750934891316525,8.895681815535729e-05,0.00030069282237733824,-3.867697648887555
13,10,130,1,0,0,0,120,0.7692307692307693,-0.02690584125495255,0.07850841339150515,-1.1050837993858,200,114,0.8769230769230769,0.010156330357773457,0.08252018415690934,0.08138977740409215,0.02033445815268006,0.15872780770618491,-1.0834398115006276
13,14,182,1,2,1,1,1092,1.0769230769230769,5.041540102057596e-19,2.0258654782431537e-34,-18.0,200,93,0.510989010989011,0.0006221954388381827,0.0012723547176241488,0.0010097812812233523,4.372300947352228e-07,0.004983339362549366,-2.895391795581575
14,19,266,0,1,0,0,266,1.3571428571428572,0.0011879188909421027,0.004721194712828135,-2.325948087905324,200,49,0.18421052631578946,0.0013042358335518581,0.0015987406991926003,0.0010363314028813497,1.0507510142154417e-05,0.006178041531622578,-2.796221969050322
13,13,169,0,0,1,0,156,1.0,-0.002726209441416737,0.009243074712896048,-2.03418353649414,200,78,0.46153846153846156,0.0022270398718817366,0.004135931190637511,0.004480041524984907,1.9875330846119627e-07,0.013384406999861183,-2.383426695198209
13,20,260,0,0,1,1,240,1.5384615384615385,-0.0005366975759408927,0.0001304579270802378,-3.8845295265092727,200,6,0.023076923076923078,0.00012298284407718146,0.00012588795063018577,0.00012327631520401763,8.354703712479089e-05,0.00026604815590838864,-3.900015836415171
14,13,182,0,2,0,0,1183,0.9285714285714286,0.0009324888256896298,0.00023966003495672297,-3.6204043816728664,200,13,0.07142857142857142,8.216647820426167e-05,8.848697652766642e-05,8.232387562067291e-05,6.100996194530495e-05,0.00031905107474362935,-4.05312064386008
13,9,117,0,0,1,0,108,0.6923076923076923,0.005110377132822457,0.026605608665545347,-1.5750268011232487,200,72,0.6153846153846154,0.007210739809958217,0.018747923505891363,0.01965661525535994,1.0009484131659572e-05,0.05290663368050813,-1.7270468271294812
14,16,224,0,2,0,1,1456,1.1428571428571428,-0.0003894738444595209,5.8095480694153446e-05,-4.235857650500027,200,0,0.0,6.612398100565378e-05,6.612398100565378e-05,6.134979124034351e-05,4.7248445080837304e-05,0.00014320243274243828,-4.179641007539465
13,20,260,1,1,1,0,260,1.5384615384615385,0.0002724268572870866,6.568790526602254e-05,-4.182514587209919,200,8,0.03076923076923077,6.110443125668289e-05,6.304425447118074e-05,6.0645789458724846e-05,4.338151392283068e-05,0.00013691145946779766,-4.20035448665094
13,6,78,1,2,1,0,468,0.46153846153846156,0.0,0.0,-18.0,200,55,0.7051282051282052,0.005049085684682186,0.01712298623500915,2.4178391578886168e-06,8.401631208001154e-08,0.14425912167002372,-1.7664204924456683
13,18,234,0,1,1,1,234,1.3846153846153846,-0.00046468538900602677,0.00012805648245253775,-3.892598431860858,200,7,0.029914529914529916,0.00012166555903876855,0.0001254173604188187,0.00012138558539821423,9.097882592078586e-05,0.00027074903517823,-3.9016423437903356
13,19,247,0,2,1,1,1482,1.4615384615384615,-8.283304597789254e-19,3.5535899992165976e-34,-18.0,200,78,0.3157894736842105,0.0003188764141344798,0.00046605014373500895,0.0005415042927003266,8.628395561161385e-08,0.0015743638188708054,-3.3315673537481114
13,3,39,0,2,0,1,234,0.23076923076923078,-0.00043581394003037907,0.00033343108297509086,-3.476993916999505,200,0,0.0,0.0008819226335826735,0.0008819226335826735,0.000556763718155745,0.00028736118192419595,0.002568511933082997,-3.054569511559624
13,3,39,0,0,1,0,36,0.23076923076923078,0.02773259328680623,0.31649788469531953,-0.49962918823184,200,33,0.8461538461538461,0.02961862776178999,0.19252108045163493,0.20252212203758566,0.04486355263357912,0.31649788469531953,-0.7155217096745757
13,11,143,1,0,0,1,132,0.8461538461538461,-0.00020384149096583696,5.970471203962248e-05,-4.223991391951862,200,24,0.16783216783216784,3.529424403372302e-05,4.241241089766717e-05,3.942414061850731e-05,9.894804457024021e-06,0.00010533756094138763,-4.372507039735677
13,7,91,0,1,0,1,91,0.5384615384615384,0.000604865920110016,0.0001064533495646444,-3.972840668893996,200,0,0.0,0.00015956989676235332,0.00015956989676235332,0.00014137109451713994,5.968844243960617e-05,0.00039219306694627745,-3.797049035937101
13,8,104,1,0,1,1,96,0.6153846153846154,-8.957390024985825e-05,5.4668641141204186e-05,-4.262261720917498,200,12,0.11538461538461539,6.19346402703583e-05,7.001307160997025e-05,6.56763000265024e-05,2.7230954218982914e-05,0.0001552684771002263,-4.154820868584335
13,4,52,0,0,1,1,48,0.3076923076923077,-0.0010104307289145456,0.00013539121521005402,-3.868409513712682,200,6,0.11538461538461539,0.00022273724638839897,0.0002517899306999292,0.00023452730902101798,0.00013539121521005402,0.0005085566743112345,-3.598961641697962
14,11,154,1,2,0,1,1001,0.7857142857142857,9.104637237215524e-05,4.057510266985049e-05,-4.391740372576454,200,7,0.045454545454545456,4.321859247332374e-05,4.527662068633915e-05,4.0621306785033984e-05,1.6559748628451116e-05,0.0001376069955931557,-4.344125995071629
13,7,91,1,1,0,1,91,0.5384615384615384,-0.00013038952415109543,4.381876817107443e-05,-4.358339835447714,200,15,0.16483516483516483,4.9316305785354794e-05,5.904978719035903e-05,5.0682259652480235e-05,2.0592142299945148e-05,0.00016654835411416863,-4.22878166320236
14,4,56,1,1,0,1,56,0.2857142857142857,0.0002414289940498665,3.07944284469515e-05,-4.511527852123771,200,14,0.25,3.0302548723043134e-05,4.0403398297390836e-05,3.438909270554635e-05,4.225952364366145e-06,0.00010908485235713714,-4.393582105192955
14,15,210,1,0,1,0,195,1.0714285714285714,-0.009611139603857392,0.004387184741073545,-2.357814077393655,200,126,0.6,0.0004825114567657691,0.001206278641914423,0.0008748455212200643,2.427766376258539e-06,0.006781144991717533,-2.918552361625181
14,9,126,0,2,0,1,819,0.6428571428571429,0.0010212161993373827,0.00012658960854329698,-3.897601943114312,200,0,0.0,0.00012150723780573273,0.00012150723780573273,0.00010712171889990906,7.495326695480212e-05,0.0003222534840497195,-3.9153978517325867
14,9,126,0,1,0,0,126,0.6428571428571429,-0.02819169446214937,0.029699152239309926,-1.5272559474182903,200,49,0.3888888888888889,0.0062837491439294456,0.010282498599157277,0.004182089376595307,1.710771162474138e-05,0.040515310408821587,-1.9879013409851676
13,5,65,0,1,0,1,65,0.38461538461538464,0.0008034425170602805,0.00021739237829436725,-3.662755686205213,200,0,0.0,0.00023542441526829574,0.00023542441526829574,0.00020898686475950785,0.00010669385302047524,0.00047533997968053366,-3.6281484995790354
14,15,210,0,0,1,1,195,1.0714285714285714,5.811457057752767e-06,5.7084590563108464e-05,-4.24348110955769,200,7,0.03333333333333333,6.246263299170956e-05,6.461651688797541e-05,6.234849182165037e-05,4.3392254163902544e-05,0.00014515092978816031,-4.18965645605378
14,6,84,0,2,1,0,546,0.42857142857142855,-0.022808213630005687,0.02159135964084612,-1.6657200086187756,200,13,0.15476190476190477,0.001306769594574949,0.0015460372668210664,0.00012916616329162296,7.406810676441177e-05,0.02159135964084612,-2.8107800417374347
13,18,234,0,1,1,0,234,1.3846153846153846,-0.0006434403179410221,0.00010961954020574358,-3.9601120238887697,200,1,0.004273504273504274,0.0001277141736019357,0.00012826230310237317,0.00012254202653239597,8.812711562066313e-05,0.00028829547110068444,-3.8919009660742314
14,17,238,0,0,0,0,221,1.2142857142857142,0.012398592535285085,0.08391047126478034,-1.0761838397821404,200,91,0.38235294117647056,0.01575799781057583,0.025512948836170394,0.008774137595334327,7.912113763716606e-09,0.15257928670311366,-1.5932393418894961
13,9,117,1,2,1,0,702,0.6923076923076923,0.0017854926653891783,0.007833918911934738,-2.10602092810109,200,18,0.15384615384615385,0.0004808093454108756,0.0005682292263946711,5.0902502400846675e-05,1.636493588070061e-05,0.009165868839296527,-3.245476432465419
13,9,117,1,1,1,0,117,0.6923076923076923,-0.00018352103933253774,6.394526012366992e-05,-4.194191641622002,200,13,0.1111111111111111,5.920103972213355e-05,6.660116968740025e-05,6.108780151452416e-05,4.873383337638932e-05,0.0001399459115310708,-4.176518143437467
14,20,280,1,0,1,1,260,1.4285714285714286,-0.00013825468161046496,2.33998402413357e-05,-4.630787107655806,200,24,0.08571428571428572,2.7927288051998102e-05,3.054547130687292e-05,3.053132074256207e-05,1.2165881589943362e-05,6.49294261196276e-05,-4.515053169455034
13,8,104,0,1,1,1,104,0.6153846153846154,-0.0018964364030422546,0.00013981826894303144,-3.8544360790711445,200,7,0.0673076923076923,0.00012611591616290115,0.00013521706475197652,0.00012832770626053827,0.00010401087753087273,0.00027925446835426585,-3.8689684958208117
14,18,252,0,2,1,1,1638,1.2857142857142858,3.8489177123235405e-19,2.38464457427656e-34,-18.0,200,91,0.3611111111111111,0.0003950322708213174,0.0006183113804159748,0.0007614779195785823,2.5243297195366017e-08,0.0022044893739519905,-3.2087927599601658
13,5,65,0,0,1,0,60,0.38461538461538464,-0.013281719583651598,0.13927084651356106,-0.8561397846770911,200,50,0.7692307692307693,0.018830527350826867,0.0815989518535831,0.06697343128546525,0.0055050758589280015,0.18436595440846892,-1.0883154197648723
14,7,98,1,1,0,0,98,0.5,-0.019338756917613952,0.08172963959563023,-1.0876204161916139,200,82,0.8367346938775511,0.0065945115609530374,0.040391383310837345,0.01691347439242767,0.00017472378148502085,0.1397235728900808,-1.3937112730004522
13,2,26,1,2,1,1,156,0.15384615384615385,0.0,0.0,-18.0,200,25,0.9615384615384616,0.019708176882870247,0.5124125989546264,0.5124125989546264,0.5124125989546264,0.5124125989546264,-0.2903802005721518
14,12,168,0,2,1,0,1092,0.8571428571428571,0.000551941724911294,0.000858040355713764,-3.066492285750778,200,13,0.07738095238095238,8.547481734963794e-05,9.264367299831723e-05,7.135527630620778e-05,4.8701388522127915e-05,0.000858040355713764,-4.033184235014745
14,13,182,0,0,1,1,169,0.9285714285714286,0.0004724537693455261,5.1536177496716736e-05,-4.287887796760027,200,7,0.038461538461538464,6.34943583177493e-05,6.603413265045929e-05,6.263360423634097e-05,4.590234806918691e-05,0.00013492314096917474,-4.180231522185919
14,2,28,0,2,0,0,182,0.14285714285714285,0.013777159379440932,0.26787887364767554,-0.5720615358133092,200,13,0.4642857142857143,0.017603369960034403,0.032859623925397555,2.323714171378865e-05,4.743604427606978e-06,0.26787887364767554,-1.4833374113227238
13,12,156,0,0,1,0,144,0.9230769230769231,-0.0019011233511343135,0.01701115197034313,-1.769266275604165,200,78,0.5,0.003151570296771481,0.00630314059354296,0.006384476726326915,1.6233056086558577e-07,0.020564497363420826,-2.200443005690675
13,6,78,0,0,0,1,72,0.46153846153846156,0.00041048454815354645,0.00021332075884222451,-3.6709668800782076,200,0,0.0,0.00021532131261957113,0.00021532131261957113,0.00019393219388543577,0.00010410396521551773,0.0005469016054908276,-3.666912981347066
14,11,154,0,1,1,0,154,0.7857142857142857,0.00018889924738554753,6.009348694296167e-05,-4.221172595185455,200,1,0.006493506493506494,6.641727046789488e-05,6.685137027487458e-05,6.225824973171191e-05,4.1794290231665686e-05,0.0001476488031630107,-4.1748896864316505
13,17,221,0,0,1,1,204,1.3076923076923077,-0.000740983429863151,0.00011783061924260115,-3.928741839937834,200,6,0.027149321266968326,0.00012446311316278915,0.0001279365023673321,0.00012333540559331688,9.24339240998553e-05,0.00027720316827967227,-3.8930055265536687
13,14,182,1,2,1,0,1092,1.0769230769230769,0.0004542267165601354,6.760912115849054e-05,-4.169994709360417,200,23,0.12637362637362637,7.121485704701574e-05,8.151637724878531e-05,5.8628311020930766e-05,1.0375850838827004e-05,0.0010094027029976178,-4.0887551294901305
14,4,56,1,0,1,0,52,0.2857142857142857,-0.04676095917812617,0.3456448482137353,-0.4613699118294883,200,50,0.8928571428571429,0.014715924694217552,0.13734863047936383,0.06631385360323666,0.02223688599594181,0.3456448482137353,-0.8621756666272593
13,11,143,0,0,1,1,132,0.8461538461538461,-0.0013822595816245747,0.0001301565257938066,-3.8855340523323827,200,6,0.04195804195804196,0.00012635380267578887,0.00013188754585867013,0.00012677585192058432,8.616402838197652e-05,0.00026854639013386357,-3.879796212946608
14,4,56,1,0,1,1,52,0.2857142857142857,0.0009128173691799513,4.715117856023578e-05,-4.3265074474481775,200,20,0.35714285714285715,6.171316284270317e-05,9.59982533108716e-05,6.949264122473332e-05,4.6645436644429525e-06,0.0002739141429976558,-4.017736668880756
14,16,224,0,1,0,0,224,1.1428571428571428,0.0015903542774406293,0.00664547166066491,-2.1774741896866803,200,49,0.21875,0.0019355826899924056,0.002477545843190279,0.001645005630967659,9.50634364304094e-06,0.011167163921902805,-2.6059783008142823
13,9,117,1,2,1,1,702,0.6923076923076923,5.133697286718864e-19,2.2468478341037264e-33,-18.0,200,75,0.6410256410256411,0.0032696454180636773,0.009108297950320244,0.006700794189725685,7.844514319574423e-05,0.038179776151714924,-2.0405627711988026
14,4,56,1,2,0,1,364,0.2857142857142857,0.002497907856856456,0.00046214622992461134,-3.335220585480599,200,15,0.26785714285714285,0.0013206650768517992,0.0018038352269195309,0.0005069135888191288,2.220486135088138e-06,0.009488955726165692,-2.743803136033476
14,7,98,1,1,0,1,98,0.5,3.57676863156979e-05,7.991895184122552e-06,-5.0973502206348895,200,24,0.24489795918367346,1.1282870981466728e-05,1.4942180488969455e-05,1.2854451311052148e-05,2.4198428119606324e-06,3.856310832310675e-05,-4.8255860219832245
13,10,130,1,1,1,0,130,0.7692307692307693,0.000375155385957327,5.724450002186306e-05,-4.242266233440461,200,8,0.06153846153846154,6.243936040539836e-05,6.653374469427694e-05,6.112655846419275e-05,3.054260741460241e-05,0.00014484849990333804,-4.176958032629498
14,8,112,0,2,1,1,728,0.5714285714285714,-4.418331375950508e-18,2.4698584906565692e-33,-18.0,200,76,0.6785714285714286,0.008728581676447715,0.02715558743783734,0.028311161276623305,9.550567294147605e-05,0.08021472942090783,-1.5661407979808446
13,14,182,1,1,1,0,182,1.0769230769230769,0.00018698147639022153,7.104301512985664e-05,-4.14847861498746,200,12,0.06593406593406594,5.896816464292098e-05,6.313062332359776e-05,6.091117709246366e-05,4.3694697056896015e-05,0.00013577938246010679,-4.199759922621601
13,1,13,1,0,0,0,12,0.07692307692307693,-0.040544793031027405,0.5297248581713412,-0.2759496466352243,200,12,0.9230769230769231,0.04074806601318009,0.5297248581713412,0.5297248581713412,0.5297248581713412,0.5297248581713412,-0.2759496466352243
14,8,112,0,0,0,1,104,0.5714285714285714,-0.000266220113696376,6.505176860791783e-05,-4.186740891474142,200,0,0.0,0.00010025233724907588,0.00010025233724907588,9.034546291894179e-05,4.427628468180563e-05,0.0002591349974368065,-3.998905493595121
13,19,247,0,1,0,0,247,1.4615384615384615,0.006123120365118853,0.0057476052461164885,-2.240513067489889,200,42,0.1700404858299595,0.001593490843998296,0.0019199621388662396,0.001241643131137512,2.1956723501216722e-05,0.007056543149028487,-2.7167073353816558
14,17,238,0,0,0,1,221,1.2142857142857142,0.0004335108394678399,9.821051296729207e-05,-4.007842020570432,200,0,0.0,8.647499731771378e-05,8.647499731771378e-05,8.280755365320337e-05,4.329342976492413e-05,0.0002067053148711501,-4.063109442784571
13,3,39,1,0,1,0,36,0.23076923076923078,0.011079665374661247,0.056769133046291206,-1.2458877380819107,200,34,0.8717948717948718,0.02034657777723107,0.15870330666240232,0.06373155888363606,0.0567691330462912,0.3189781829376583,-0.7994140244091457
14,5,70,0,1,0,1,70,0.35714285714285715,-0.00045525991001573715,0.00011094572164364115,-3.9548894406368738,200,0,0.0,0.00012305057849944681,0.00012305057849944681,0.00011023555518668236,4.184241530694602e-05,0.0002663760747163979,-3.9099163402015122
13,19,247,1,1,1,1,247,1.4615384615384615,0.00030493180282349864,6.073505811055448e-05,-4.216560548648103,200,15,0.06072874493927125,5.750541582555056e-05,6.12234384004784e-05,6.053586133566577e-05,2.720025170661016e-05,0.00013135799069806893,-4.213082283421775
14,14,196,0,2,1,1,1274,1.0,-2.7464196281773435e-19,4.173731317862724e-34,-18.0,200,91,0.4642857142857143,0.0014337233610844109,0.002676283607357567,0.002945934414421136,1.575708523161213e-09,0.008998610153396999,-2.5724678660222877
13,9,117,0,1,1,0,117,0.6923076923076923,-0.0005349275348705901,0.00011580314390617744,-3.9362796499128128,200,1,0.008547008547008548,0.0001376420550089196,0.00013882862444865163,0.0001269497960818542,9.547971628495465e-05,0.00028268107865640876,-3.8575209794257064
13,11,143,1,2,1,1,858,0.8461538461538461,-6.112189747387031e-20,1.9203191627302969e-34,-18.0,200,88,0.6153846153846154,0.0008563176697244531,0.0022264259412835778,0.002281334428722503,0.00010744501479737063,0.006239660273961117,-2.652391746446437
13,10,130,0,1,0,1,130,0.7692307692307693,0.0008256338582617883,0.0001541989810753981,-3.8119184960308083,200,0,0.0,0.00016642392040872996,0.00016642392040872996,0.00015641189399420193,7.970236714873282e-05,0.00040706846839672956,-3.778784251633627
14,5,70,1,2,1,0,455,0.35714285714285715,-0.0012078889240454216,0.029517447840839903,-1.5299211955128151,200,22,0.3142857142857143,0.0022893887174490306,0.0033386918796131687,1.6681603887020676e-05,5.596954292681834e-06,0.04535633855945281,-2.476423659160159
13,12,156,0,0,1,1,144,0.9230769230769231,0.00010540261994494835,0.00012572394783034224,-3.900581990253772,200,6,0.038461538461538464,0.00012845689777058147,0.00013359517368140473,0.0001281229780107924,8.71776920267306e-05,0.00033271815867275405,-3.874209231092469
13,1,13,0,0,0,1,12,0.07692307692307693,-0.000174561571818438,6.433162747956938e-05,-4.1915754615569485,200,0,0.0,7.733515583326149e-05,7.733515583326149e-05,5.250166535637254e-05,1.583158441304741e-05,0.00032586520316900435,-4.111623035014078
13,3,39,0,1,1,0,39,0.23076923076923078,0.0015904241392134882,0.0003448797683401828,-3.4623322818748075,200,1,0.02564102564102564,0.0002917339362327773,0.00029941114508100827,0.00021952146298007518,8.706900439803135e-05,0.0007929008056099901,-3.523732037803601
13,3,39,0,0,1,0,36,0.23076923076923078,-0.02262320657341911,0.2931748108243669,-0.5328733464112709,200,33,0.8461538461538461,0.02849706437897339,0.18523091846332704,0.188828020322072,0.055176028286081244,0.2931748108243669,-0.7322865198285857
13,16,208,0,1,1,1,208,1.2307692307692308,-0.00040401753945783924,0.0001455785134756417,-3.836902719580438,200,7,0.03365384615384615,0.0001215997218033142,0.00012583453798551916,0.0001223385384373607,9.093477516480338e-05,0.00031150802011342004,-3.9002001411017986
14,17,238,1,1,1,0,238,1.2142857142857142,0.00010170985593039511,2.656257425811425e-05,-4.5757298384938325,200,10,0.04201680672268908,3.010902700313607e-05,3.142959836292274e-05,3.035418207890663e-05,1.3604358450748703e-05,7.084080190494877e-05,-4.502661168771821
13,1,13,1,1,0,0,13,0.07692307692307693,0.04852788584781083,0.5652682121391791,-0.2477454364056324,200,12,0.9230769230769231,0.04348217016455224,0.5652682121391791,0.5652682121391791,0.5652682121391791,0.5652682121391791,-0.2477454364056324
13,14,182,1,2,1,1,1092,1.0769230769230769,-1.8417884405097506e-19,3.2544481880097035e-34,-18.0,200,92,0.5054945054945055,0.0002584360567053203,0.0005226151368929809,0.0005052189336868703,1.940137572425565e-06,0.0016057236692844318,-3.281818015630714
13,11,143,0,1,0,1,143,0.8461538461538461,0.001076668058177898,0.00015608603690413705,-3.806635946179834,200,0,0.0,0.0001681526811815833,0.0001681526811815833,0.00015993454827474166,9.85005822896854e-05,0.0003209101307362679,-3.774296203501988
13,6,78,1,0,0,0,72,0.46153846153846156,0.07568473337993144,0.3217860453173646,-0.49243279359023023,200,74,0.9487179487179487,0.013036673978188565,0.25421514257467703,0.2580701231745567,0.1789342786322302,0.3217860453173646,-0.5947985838341067
14,19,266,1,0,0,0,247,1.3571428571428572,-0.016239692283797284,0.032421375688306206,-1.4891685613207986,200,179,0.6729323308270677,0.0054388620716936485,0.016629164495063336,0.016605155833615836,6.828880516365822e-05,0.05643377431090908,-1.7791295706421149
13,5,65,0,2,1,1,390,0.38461538461538464,3.40852180353444e-18,8.971235852077018e-33,-18.0,200,50,0.7692307692307693,0.01945106718186889,0.08428795778809853,0.07522300308775,0.0032903715235603893,0.19453889044377995,-1.0742344685514873
13,6,78,1,2,0,0,468,0.46153846153846156,-0.004377845842571971,0.023836257396254102,-1.6227619334851575,200,28,0.358974358974359,0.002310304838420615,0.0036040755479361595,0.0003330885141505568,9.43445602439485e-06,0.03727853441332858,-2.4432061140004353
13,3,39,0,2,1,1,234,0.23076923076923078,-7.759306981465884e-18,3.1622187663730184e-32,-18.0,200,33,0.8461538461538461,0.02902941861032052,0.18869122096708343,0.18755425933305697,0.033695847496719236,0.30584832185808025,-0.7242483053159647
14,7,98,0,2,0,0,637,0.5,0.000473287815561379,0.009672330473905123,-2.01446887338162,200,13,0.1326530612244898,0.001019582280979104,0.0011755183945406141,0.0004016361508520121,0.00023786084029771377,0.011010402551472868,-2.929770570635186
14,2,28,1,2,0,1,182,0.14285714285714285,-0.0004944211675070878,2.6617128765654595e-05,-4.574838794409275,200,13,0.4642857142857143,1.9724332745996615e-05,3.6818754459193686e-05,3.258811801457792e-05,1.19959152096766e-05,8.15649411381662e-05,-4.433930907321646
14,20,280,1,0,0,1,260,1.4285714285714286,-0.0001816367976479672,2.459330134219789e-05,-4.609183168761758,200,6,0.02142857142857143,2.6423953032967682e-05,2.70025797417188e-05,2.5943177731198064e-05,1.0848855801396939e-05,8.626645883528248e-05,-4.5685947427271865
13,8,104,1,0,0,0,96,0.6153846153846154,0.026098482899767836,0.13379946047228938,-0.8735456377967455,200,77,0.7403846153846154,0.010644293085191655,0.04100024003184934,0.0058693569743133115,6.744722416987386e-05,0.14093789496653955,-1.38721360073874
13,2,26,1,0,1,0,24,0.15384615384615385,0.0,0.0,-18.0,200,25,0.9615384615384616,0.01725570539855048,0.4486483403623125,0.4486483403623125,0.4486483403623125,0.4486483403623125,-0.34809393444999553
13,15,195,0,1,1,0,195,1.1538461538461537,-0.0006941113082217535,0.0001073586119895385,-3.9691631120146975,200,1,0.005128205128205128,0.00012930701555579274,0.0001299735465638123,0.0001237722019596115,8.539824513954165e-05,0.0002689636737025654,-3.8861450303886738
13,6,78,1,2,1,1,468,0.46153846153846156,-2.876117313060922e-18,6.595241482190675e-33,-18.0,200,62,0.7948717948717948,0.00435570594809261,0.02123406649695148,0.022250453376446423,0.005834705922527625,0.03883983189760684,-1.6729668269329776
14,11,154,1,1,1,1,154,0.7857142857142857,-0.00046834512281494105,2.9091163526127304e-05,-4.536238908423917,200,18,0.11688311688311688,2.7086480098403962e-05,3.067145540554566e-05,2.9912436773608567e-05,1.0848778620710228e-05,6.911705322524838e-05,-4.513265615618403
13,10,130,0,2,1,1,780,0.7692307692307693,-1.124114364960127e-18,7.054249950430414e-34,-18.0,200,75,0.5769230769230769,0.005220756586797978,0.012339970114249768,0.013950080505698402,1.8174950002744442e-06,0.036355114870884796,-1.9086858921044083
13,3,39,0,2,1,1,234,0.23076923076923078,-3.482598920530164e-18,2.3981012690856738e-32,-18.0,200,33,0.8461538461538461,0.029239903789274886,0.19005937463028677,0.18890417662321735,0.054383144735555514,0.3117826204900578,-0.7211107040677566
14,9,126,1,0,0,1,117,0.6428571428571429,-0.0006986587293281631,4.180280070947295e-05,-4.37879462033208,200,11,0.0873015873015873,2.4501044954563612e-05,2.684462316760883e-05,2.297939220861124e-05,1.0379687697068055e-05,0.00011671370602523723,-4.5711426880828165
13,17,221,0,2,1,1,1326,1.3076923076923077,2.3462135012586317e-18,3.4796769715520085e-34,-18.0,200,78,0.35294117647058826,0.0006100323673985624,0.0009427772950705053,0.0010859678436558307,2.2908885659205184e-08,0.0030170563924511785,-3.0255908851467885
13,12,156,0,0,0,1,144,0.9230769230769231,0.002244629222551238,0.000255776340603378,-3.5921396303835986,200,0,0.0,0.0002304128623559782,0.0002304128623559782,0.00022076040441292732,0.00010653348790196505,0.0004725553249698189,-3.637493280915894
14,13,182,0,0,1,1,169,0.9285714285714286,-0.00022398268879875844,6.894766584238684e-05,-4.161480431865654,200,7,0.038461538461538464,6.411682723484278e-05,6.668150032423649e-05,6.458385840820987e-05,4.639607305410521e-05,0.00013782422879163,-4.175994637170267
14,19,266,1,1,0,1,266,1.3571428571428572,-9.873689575893294e-05,2.8092680666852487e-05,-4.551406817463611,200,13,0.04887218045112782,2.6717700479034716e-05,2.809054674870844e-05,2.7226181790586785e-05,1.0878366568667925e-05,6.517591257148733e-05,-4.551439807696386
13,5,65,0,0,1,0,60,0.38461538461538464,-0.041445112653400146,0.14392203572274173,-0.8418727066879307,200,50,0.7692307692307693,0.019301661845397246,0.08364053466338807,0.07376517977131343,0.004005272935408925,0.20204387588398387,-1.0775831996633454
13,8,104,0,0,1,1,96,0.6153846153846154,0.000758420502644965,0.00011915131906977898,-3.9239011454152566,200,6,0.057692307692307696,0.00015059476511560357,0.0001598148527757426,0.00014544480321965002,0.0001032222604559114,0.0003102184562178619,-3.7963828609494907
14,1,14,1,0,0,0,13,0.07142857142857142,-0.005597434606462057,0.49873090114720414,-0.30213372225295865,200,13,0.9285714285714286,0.03562363579622887,0.49873090114720414,0.49873090114720414,0.49873090114720414,0.49873090114720414,-0.30213372225295865
13,18,234,1,0,1,0,216,1.3846153846153846,0.001384505461778468,0.00019550763921214303,-3.7088362684325022,200,91,0.3888888888888889,6.034775781740391e-05,9.875087642847915e-05,8.220547142757095e-05,6.254806005158361e-06,0.000606742122470533,-4.005459041257318
13,19,247,0,0,0,0,228,1.4615384615384615,-0.004035344229672677,0.06799573038517054,-1.1675183568287064,200,78,0.3157894736842105,0.016431688226178475,0.024015544330568538,0.011604491982284004,1.6388246210975684e-06,0.14102353035720988,-1.6195075652988837
14,1,14,1,1,1,1,14,0.07142857142857142,3.5087281048825325e-19,7.906886994018174e-34,-18.0,200,9,0.6428571428571429,0.011155412809434636,0.03123515586641698,0.032879505749188374,0.02177776248398728,0.036084261268188846,-1.5053563225415256
14,16,224,0,2,1,1,1456,1.1428571428571428,-5.66495635123676e-19,2.775601579200966e-34,-18.0,200,91,0.40625,0.0007938023252060481,0.0013369302319259757,0.001301372000628865,3.5714554103523872e-09,0.005327403561251855,-2.8738912559243674
13,7,91,0,1,0,1,91,0.5384615384615384,0.0024747108758240736,0.0001227284591681792,-3.9110547182300857,200,0,0.0,0.0001539790119173531,0.0001539790119173531,0.00013822469173202615,8.61199639341763e-05,0.00043350620626834383,-3.8125384715639323
14,16,224,1,1,1,0,224,1.1428571428571428,-0.0005207040543674172,3.012179484778615e-05,-4.521119153677666,200,8,0.03571428571428571,3.059178372430003e-05,3.172481275112595e-05,2.975234725489546e-05,2.3659235282513712e-05,8.04032190657692e-05,-4.49860093255533
13,6,78,0,0,1,0,72,0.46153846153846156,-0.05232220181896897,0.11798754057860242,-0.9281638515383919,200,57,0.7307692307692307,0.015177692222920286,0.0563742853994182,0.05715251003639755,0.0005378603643371855,0.14429030772392243,-1.2489189501970237
13,1,13,0,2,1,0,78,0.07692307692307693,-0.01817773469323845,0.47335774568703926,-0.3248105120046853,200,12,0.9230769230769231,0.036412134283618405,0.47335774568703926,0.47335774568703926,0.47335774568703926,0.47335774568703926,-0.3248105120046853
13,20,260,0,2,0,1,1560,1.5384615384615385,0.002145272622306454,0.00011440381726050667,-3.94155948439338,200,0,0.0,0.00012769734054680215,0.00012769734054680215,0.00012200463387670538,9.557937174473291e-05,0.00028104340386434043,-3.893818147355814
14,13,182,0,0,1,0,169,0.9285714285714286,0.009815224286416659,0.006671308657922477,-2.1757889656086213,200,91,0.5,0.0019753408084205383,0.003950681616841077,0.004450375212171627,1.691010608040976e-08,0.013855520001217037,-2.4033279684508075
14,13,182,1,1,1,1,182,0.9285714285714286,0.00043904545615972815,2.7274527041202005e-05,-4.564242771635204,200,20,0.10989010989010989,2.8296486684551866e-05,3.1789880102397776e-05,3.061205948507576e-05,1.6815242519547424e-05,7.142037313734466e-05,-4.497711110052048
13,16,208,0,2,0,0,1248,1.2307692307692308,-0.0009883627724625297,0.00014639107691304597,-3.834485394353643,200,12,0.057692307692307696,0.00012431437737998923,0.0001319254617093763,0.0001298186230212142,9.383305787999695e-05,0.00027790349455783205,-3.8796713772153946
14,18,252,1,1,1,1,252,1.2857142857142858,0.0009745703711413631,3.2706947043818775e-05,-4.485359992221756,200,13,0.051587301587301584,2.9136489763880652e-05,3.072131975103734e-05,2.9997621157908124e-05,1.954998878915312e-05,6.95150616360688e-05,-4.512560131469898
14,8,112,1,0,0,1,104,0.5714285714285714,0.0004329635114458234,1.4518338200133374e-05,-4.838083091061186,200,13,0.11607142857142858,1.6263172255791797e-05,1.8398740329784658e-05,1.6797895161890043e-05,4.708637599682848e-06,4.3835139776310565e-05,-4.735211909955171
13,3,39,0,0,1,1,36,0.23076923076923078,-0.0008678706160221078,0.00034903587176925605,-3.457129936620006,200,6,0.15384615384615385,0.00047438451178998144,0.0005606362412063418,0.0004664597782699962,0.00017861233094266108,0.0016143863335106956,-3.251318831571806
14,14,196,1,0,0,1,182,1.0,-0.00012514369796813327,2.1184295967141822e-05,-4.673985964642272,200,28,0.14285714285714285,2.0129349165125307e-05,2.348424069264619e-05,2.1762301180186984e-05,8.43529643572041e-06,0.00011341805021671018,-4.629223477138166
14,3,42,0,2,0,0,273,0.21428571428571427,0.0483131905616761,0.11636153424274166,-0.934190561155093,200,13,0.30952380952380953,0.010899719341325973,0.015785800425368653,0.003970258820140137,0.000976636302342329,0.12613923521693085,-1.8017333921368244
13,19,247,1,0,1,0,228,1.4615384615384615,0.0033431063474423524,0.0005259204975096332,-3.27907990242889,200,92,0.3724696356275304,8.01069996481598e-05,0.00012765438008448694,7.746326640068079e-05,6.060013294569211e-06,0.0011472367254833518,-3.8939642790666436
14,8,112,0,0,1,1,104,0.5714285714285714,0.00027264634612319096,7.615532276820702e-05,-4.118299736870628,200,7,0.0625,7.89557641576747e-05,8.421948176818635e-05,7.878351616342024e-05,5.12637104291099e-05,0.00017721583226232374,-4.074587435272789
14,5,70,0,0,1,1,65,0.35714285714285715,-0.00021911884842220966,0.00012641045131550472,-3.8982170181342317,200,7,0.1,0.00015469654946469663,0.00017188505496077406,0.00015092379122588797,9.10044118177185e-05,0.0005062262756038803,-3.7647618826511042
14,15,210,1,0,0,0,195,1.0714285714285714,-0.013844345409427852,0.04853356726045588,-1.31395778648,200,135,0.6428571428571429,0.0070335078039701964,0.01969382185111655,0.006433516966502007,2.760384141847199e-06,0.10154934040276457,-1.7056699949951457
13,11,143,0,0,1,0,132,0.8461538461538461,-0.007234935653544407,0.014920817275454593,-1.8262073880899437,200,77,0.5384615384615384,0.004050529985216686,0.00877614830130282,0.00926737062677448,6.406712132036883e-07,0.0279531034294631,-2.056696046566744
13,5,65,1,2,0,0,390,0.38461538461538464,0.0009468165109358973,0.07107952196315784,-1.1482555016526226,200,28,0.4307692307692308,0.004620385895980272,0.008116894141586964,0.0014217414690653493,0.00015225396234008076,0.0768692745046724,-2.0906101179511443
13,9,117,1,1,0,1,117,0.6923076923076923,-0.00023129338647120767,4.717706753727242e-05,-4.32626905776923,200,9,0.07692307692307693,4.6849986057969345e-05,5.075415156280012e-05,4.717761260637569e-05,1.2762699339611905e-05,0.0001257038936029899,-4.2945284277581415
13,18,234,1,2,0,1,1404,1.3846153846153846,-0.0014820401774230845,5.6368104320825544e-05,-4.248966570410403,200,9,0.038461538461538464,6.0326229348629835e-05,6.273927852257504e-05,6.157376519627891e-05,2.6892507213628976e-05,0.00016285559045965545,-4.2024604798280425
13,5,65,1,1,1,1,65,0.38461538461538464,0.0008605500525394946,7.363642007097049e-05,-4.132907333438195,200,16,0.24615384615384617,5.871888802536521e-05,7.789240248262734e-05,7.133248328623746e-05,1.966483443541635e-05,0.00015913556215335327,-4.108504900745705
14,15,210,0,1,0,0,210,1.0714285714285714,0.0018213399507079342,0.007005485456410442,-2.154561764199027,200,49,0.23333333333333334,0.002274385799704822,0.0029665901735280286,0.0016845577353592092,9.626702020645638e-06,0.013182727100424936,-2.52774244615665
13,6,78,0,0,1,1,72,0.46153846153846156,0.00018437833386195077,0.00017622133412312755,-3.7539415151573445,200,6,0.07692307692307693,0.00018403077814154264,0.0001993666763200045,0.0001804632555429862,0.00012254777449035694,0.0004250332250301002,-3.700347431279009
14,2,28,1,0,1,0,26,0.14285714285714285,-0.029276391433985954,0.3644866836814562,-0.4383183337638519,200,25,0.8928571428571429,0.0312014503256899,0.2912135363731057,0.36206165177993166,0.1470922736579293,0.3644866836814562,-0.535788441737049
13,20,260,0,2,1,0,1560,1.5384615384615385,0.0003954538731328505,0.00011583350547701836,-3.936165800374851,200,12,0.046153846153846156,0.00011828103068972596,0.0001240043063682611,0.00012346850945543254,9.535754739166607e-05,0.0002855197415167454,-3.9065632325837476
14,9,126,0,2,0,0,819,0.6428571428571429,-0.0005272071806089905,0.0028598180154947766,-2.5436616023188763,200,13,0.10317460317460317,0.00029900269271950603,0.0003334012325898917,0.00018963634020220156,0.00013562412615229864,0.004263457855387298,-3.4770327989111363
13,18,234,1,1,0,0,234,1.3846153846153846,0.005403948887421978,0.009993388103300433,-2.000287245997665,200,69,0.2948717948717949,0.0020142588603239827,0.0028565852928231017,0.0011561922615109831,3.410663925934971e-07,0.018963800876272398,-2.544152804108454
14,18,252,0,0,0,1,234,1.2857142857142858,0.0004267093430637997,6.11480275096385e-05,-4.21361754771185,200,0,0.0,7.607220175900555e-05,7.607220175900555e-05,7.210175321065917e-05,3.514223703040137e-05,0.00016169277355401103,-4.118774013770633
14,6,84,0,1,1,1,84,0.42857142857142855,0.0006985774292901121,7.245470720266932e-05,-4.139933394240617,200,7,0.08333333333333333,6.903726208649576e-05,7.531337682163173e-05,6.934097829683583e-05,5.590121212647535e-05,0.0001515601685198391,-4.123127879524894
14,3,42,0,2,0,1,273,0.21428571428571427,3.16699046396976e-05,0.00024678390670765973,-3.607683164962723,200,0,0.0,0.0004825929622413073,0.0004825929622413073,0.0003534200612847445,0.00019428558370789196,0.001342282280197735,-3.316419015792446
13,5,65,1,0,1,1,60,0.38461538461538464,-0.0006963295951643726,5.6190380118304694e-05,-4.250338029967321,200,14,0.2153846153846154,6.559426269624862e-05,8.36005308873757e-05,7.068518348053604e-05,1.620409687031392e-05,0.0001786680031441312,-4.077790964657566
13,19,247,0,0,0,1,228,1.4615384615384615,-0.00013450572750064034,0.00022305352535632758,-3.6515909083528704,200,0,0.0,0.0001511883292959863,0.0001511883292959863,0.000141426944136781,6.875891697602972e-05,0.00035153974373828564,-3.820481732101847
13,16,208,1,2,1,1,1248,1.2307692307692308,-7.039182604862137e-19,1.8136618518743023e-34,-18.0,200,84,0.40384615384615385,8.129349365705521e-05,0.0001363632796828023,0.00014663474752730547,2.2125605445369683e-06,0.0005264965847331185,-3.865302562070495
14,6,84,1,0,0,0,78,0.42857142857142855,0.027702772343382743,0.13624782681586806,-0.8656704160928139,200,71,0.8452380952380952,0.010437161709053016,0.06744012181234257,0.03608422959484392,0.0006004334275085271,0.21391911118135704,-1.171081653947068
14,3,42,1,1,0,0,42,0.21428571428571427,0.03380527457037091,0.12377880072519339,-0.9073537294389227,200,39,0.9285714285714286,0.021489563800488297,0.30085389320683614,0.3829642222422171,0.12377880072519339,0.395818656653098,-0.5216443641380695
14,18,252,1,1,0,1,252,1.2857142857142858,0.00011901681094029911,2.3944361962649953e-05,-4.6207967309660045,200,13,0.051587301587301584,2.5460660674200742e-05,2.6845550166939693e-05,2.6007894575906638e-05,9.19978893486695e-06,6.080551497104092e-05,-4.571127691271699
13,13,169,0,1,0,1,169,1.0,-0.0007455200121905417,0.00017435475395904907,-3.7585662066474255,200,0,0.0,0.00019493428473001874,0.00019493428473001874,0.0001835181140914303,9.444817142295954e-05,0.00039571416295267905,-3.7101117711461122
14,19,266,0,2,1,0,1729,1.3571428571428572,-0.000625979851291576,6.993355010009277e-05,-4.155314424716343,200,13,0.04887218045112782,5.9225849298311606e-05,6.226907475632762e-05,6.177774866577937e-05,4.443489656696782e-05,0.00012067272996418464,-4.205727587325118
13,15,195,0,0,1,1,180,1.1538461538461537,0.0013709903523698053,0.00010976090378284628,-3.959552325596079,200,6,0.03076923076923077,0.0001247306393100987,0.00012869034214533996,0.00012304995667510062,9.558041225483535e-05,0.00031793007392954647,-3.8904540444737736
14,2,28,0,0,1,0,26,0.14285714285714285,-0.07616965419771336,0.368172312912554,-0.4339488741736951,200,25,0.8928571428571429,0.030959709691128007,0.28895729045052804,0.368172312912554,0.1284399665131087,0.37025959192592145,-0.5391663437222819
13,4,52,1,0,0,0,48,0.3076923076923077,0.0,0.0,-18.0,200,49,0.9423076923076923,0.015276599056610923,0.2647943836479227,0.33530982948999966,0.11307982077441844,0.3459935006793499,-0.577091230624267
13,13,169,1,0,1,0,156,1.0,-0.006081435434661544,0.007511020449363907,-2.1243010556161424,200,90,0.5325443786982249,0.0006651479366696129,0.001422911408824868,0.00033033257053182374,4.2819612631634575e-06,0.01652880751561647,-2.8468221384654036
14,20,280,0,1,1,1,280,1.4285714285714286,0.0003355743431935319,6.097381240053459e-05,-4.2148566497746645,200,7,0.025,6.0679555490144415e-05,6.223544152835326e-05,6.05714980207844e-05,4.485169886635639e-05,0.00013446801831007497,-4.2059622250091
13,11,143,1,1,1,1,143,0.8461538461538461,-0.0001510479742305695,5.5651829898186284e-05,-4.254520550976729,200,16,0.11188811188811189,5.585763275454713e-05,6.289481483386016e-05,6.036683743867641e-05,3.674965235335508e-05,0.00015560585435792602,-4.2013851571280965
14,7,98,1,1,1,1,98,0.5,3.421539541466683e-05,3.282786986401221e-05,-4.483757296872205,200,24,0.24489795918367346,2.562483681110924e-05,3.393559469579332e-05,3.260571726297296e-05,2.183646005894669e-05,6.393371619707575e-05,-4.46934453572142
14,18,252,1,2,0,1,1638,1.2857142857142858,0.0007987164550469967,2.6627461063987876e-05,-4.574670241689752,200,11,0.04365079365079365,3.0757098693602556e-05,3.2160949671318856e-05,3.130948326512431e-05,1.4602927666783514e-05,7.515481703626184e-05,-4.492671135578935
14,10,140,0,0,0,0,130,0.7142857142857143,0.01479794129068416,0.11294051136409144,-0.947150250226726,200,85,0.6071428571428571,0.018750258146626682,0.04772792982777701,0.02953061437609762,6.083782946727856e-07,0.1746500417485026,-1.3212274025051358
13,13,169,1,0,0,0,156,1.0,0.02918277861626178,0.08035697461353378,-1.0949764225134038,200,116,0.6863905325443787,0.0074139331944904985,0.023640654903186682,0.010244420637347118,3.4441823602109985e-05,0.11042470386650867,-1.6263404966190163
13,8,104,0,1,0,1,104,0.6153846153846154,0.0009754545900162804,0.00015204373390210148,-3.818031473499566,200,0,0.0,0.00017564846154457666,0.00017564846154457666,0.00016480700865258873,7.592084776673472e-05,0.00043227586544716806,-3.755355649718395
13,16,208,1,2,0,0,1248,1.2307692307692308,-0.002125570271624987,0.00031173504590051364,-3.506214370691948,200,18,0.08653846153846154,7.78694073869052e-05,8.524650913934882e-05,6.757544419540756e-05,2.1829565178747194e-05,0.0005851058481838741,-4.069323396412403
13,6,78,1,2,1,1,468,0.46153846153846156,-4.243431777836704e-18,1.5222907197072153e-33,-18.0,200,60,0.7692307692307693,0.006595565824718726,0.02858078524044782,0.024560047390484476,0.00594568368853154,0.0582684312196582,-1.5439258433928906
13,9,117,1,1,0,0,117,0.6923076923076923,-0.0036768387127715536,0.055803612151234604,-1.25333768839977,200,81,0.6923076923076923,0.006480432584070229,0.02106140589822824,0.012798481284161417,6.480243389601292e-05,0.07599032412937662,-1.6765126420079126
14,18,252,0,0,0,0,234,1.2857142857142858,-0.033441675484065875,0.06802377789978556,-1.1673392519171444,200,91,0.3611111111111111,0.015199691266237221,0.023790821112371303,0.009059267823809324,6.56522759203475e-08,0.14587679375988633,-1.6235905685378529
14,8,112,0,0,1,1,104,0.5714285714285714,0.00035703817928673396,6.651526870509066e-05,-4.177078650137256,200,7,0.0625,7.93622674615972e-05,8.465308529237034e-05,7.810603970933952e-05,5.84325390781958e-05,0.00018460539971445808,-4.072357208836398
14,13,182,0,1,0,1,182,0.9285714285714286,-0.0006549518575708499,8.44000939201243e-05,-4.073657070092722,200,0,0.0,9.47452597773744e-05,9.47452597773744e-05,8.654000119849108e-05,5.2653647922284915e-05,0.0002536172644772921,-4.023442509106876
14,20,280,1,2,1,0,1820,1.4285714285714286,-0.0002861037999081934,4.672965709860935e-05,-4.33040740580916,200,22,0.07857142857142857,2.8417712065773172e-05,3.084092782331972e-05,2.9721533090171414e-05,1.1853944058050297e-05,9.739337240993302e-05,-4.5108725650410975
13,15,195,1,0,0,0,180,1.1538461538461537,-0.012581312260741417,0.05798922152864802,-1.2366527213618341,200,135,0.6923076923076923,0.0066447621219900554,0.021595476896467677,0.013709182915911092,8.999237890566106e-07,0.07603943315543611,-1.6656372009141223
14,20,280,1,2,0,0,1820,1.4285714285714286,0.0019106790300636345,0.00038451893495928364,-3.415082269267345,200,28,0.1,3.6393673920321887e-05,4.043741546702433e-05,3.212998555896913e-05,1.2981010726947356e-05,0.00038451893495928364,-4.393216609863409
14,14,196,0,1,0,1,196,1.0,-0.0007051622258590717,6.238865119985081e-05,-4.204894403419067,200,0,0.0,8.050460425500553e-05,8.050460425500553e-05,7.418916104562215e-05,4.490433880192144e-05,0.00018903420480460492,-4.094179280559336
14,11,154,1,0,1,0,143,0.7857142857142857,0.0012257094244505142,0.0028208435863856696,-2.549620994473093,200,109,0.7077922077922078,0.0008044424661578239,0.0027529808841845528,0.0013877779385416313,0.000184979614377226,0.016668808923813224,-2.5601968041976573
13,1,13,1,2,0,0,78,0.07692307692307693,0.024082685738437415,0.490790036648318,-0.30910426231132754,200,12,0.9230769230769231,0.03775307974217831,0.490790036648318,0.490790036648318,0.490790036648318,0.490790036648318,-0.30910426231132754
13,5,65,1,1,0,0,65,0.38461538461538464,0.009036390674225436,0.084650825296106,-1.0723688034168586,200,55,0.8461538461538461,0.009204297444244187,0.059827933387587226,0.04459051972079543,0.006385515412238764,0.13025803267940275,-1.2230959985597292
14,4,56,1,1,1,0,56,0.2857142857142857,-0.0007598474365238625,4.2196330071830965e-05,-4.374725319153506,200,9,0.16071428571428573,3.0089185881375768e-05,3.585094487993709e-05,3.15120616263189e-05,8.725207305755262e-06,0.00012010795646506962,-4.445499393671633
13,8,104,1,1,1,0,104,0.6153846153846154,-0.00019487427302622206,5.539726471968061e-05,-4.256511678348751,200,9,0.08653846153846154,6.017279447434705e-05,6.587337500349574e-05,6.186516762736437e-05,3.768441670864996e-05,0.00013894991930112554,-4.1812900850351005
13,15,195,0,1,1,1,195,1.1538461538461537,-0.001037985834084959,0.00010560960981515245,-3.9762965619176773,200,7,0.035897435897435895,0.0001213802823757977,0.00012589976097489655,0.00012085792707702069,9.708308638978474e-05,0.0002694228163205157,-3.8999750944146316
14,12,168,1,2,0,0,1092,0.8571428571428571,-0.0008303910277256935,5.1860407925639775e-05,-4.285164071462587,200,20,0.11904761904761904,0.00021903676929064291,0.0002486363327082973,5.282292490491374e-05,1.6419448867811552e-05,0.005428520000891098,-3.6044354085109997
13,9,117,0,1,1,1,117,0.6923076923076923,-0.0013274556625782494,0.00011332136655166936,-3.945688196927185,200,7,0.05982905982905983,0.0001259073786576584,0.00013391966639041846,0.00012582829917151496,0.00010084409627816925,0.0002748375730792897,-3.8731556412279122
13,7,91,1,1,0,0,91,0.5384615384615384,0.001255271821423497,0.09039917524272681,-1.043835531794179,200,67,0.7362637362637363,0.006278067613895175,0.023804339702685872,0.015542173863142343,0.00017687509725311388,0.09039917524272681,-1.623343860711508
14,6,84,0,1,1,1,84,0.42857142857142855,0.0009768257283445164,7.552721117853681e-05,-4.121896551210859,200,7,0.08333333333333333,7.349208717274773e-05,8.01731860066339e-05,7.474314211826231e-05,5.266101582148257e-05,0.00016398241940486047,-4.095970857607461
14,17,238,1,2,1,0,1547,1.2142857142857142,-0.0004648216960957449,3.594430185125958e-05,-4.444369947303247,200,25,0.10504201680672269,6.170627028301832e-05,6.894879026928807e-05,2.975515280291399e-05,1.1679186095060146e-05,0.00126888586304817,-4.1614733492703175
13,20,260,1,0,0,0,240,1.5384615384615385,0.011102081826008341,0.034595526172541066,-1.4609800597101956,200,137,0.5269230769230769,0.0056421687886836725,0.011926535650876058,0.004529079611059144,1.6399462101044567e-07,0.05495561368533599,-1.9234856892888192
13,2,26,0,0,1,0,24,0.15384615384615385,-0.02404547671176719,0.35420838485198464,-0.4507411623671545,200,23,0.8846153846153846,0.032718224808094415,0.28355794833681824,0.35420838485198464,0.13896929255910276,0.3574961675993673,-0.547358174615189
14,5,70,1,1,1,0,70,0.35714285714285715,-0.00015508654109732986,4.399612262155456e-05,-4.356585596201609,200,7,0.1,3.481758144041843e-05,3.868620160046492e-05,3.4764742347539764e-05,2.1575662011247988e-05,8.12024073373748e-05,-4.412443909331212
13,10,130,0,2,0,0,780,0.7692307692307693,0.002103936665617267,0.0010355317324123269,-2.9848365882235313,200,12,0.09230769230769231,0.00031522405473715384,0.0003472807382697458,0.0002549823808293011,0.00015493285950616444,0.0016249014228820232,-3.4593193039197137
14,8,112,1,2,0,1,728,0.5714285714285714,-0.0006877503262787549,7.308664182023666e-05,-4.1361619925892255,200,19,0.16964285714285715,0.0001951203535169942,0.00023498365154734786,0.00011267718608391319,1.806896952068073e-05,0.0014544175037881578,-3.6289623517272145
13,18,234,0,0,1,0,216,1.3846153846153846,-0.005506848738731386,0.0010723710365296835,-2.969654924309823,200,78,0.3333333333333333,0.000418868022011808,0.000628302033017712,0.0007476035636690055,1.6885282754380666e-07,0.0020737196866331842,-3.2018315350207383
13,16,208,1,1,1,1,208,1.2307692307692308,8.524861395053224e-05,5.821145611654065e-05,-4.234991537023842,200,14,0.0673076923076923,5.7917358316157135e-05,6.209696149361178e-05,6.038203240746482e-05,2.4677198452364267e-05,0.00013811162389883413,-4.206929650046324
14,15,210,0,0,1,1,195,1.0714285714285714,0.0002450481778731896,6.360099390598536e-05,-4.1965360974881865,200,7,0.03333333333333333,6.240204761264893e-05,6.455384235791269e-05,6.20980549973241e-05,4.6106621930918375e-05,0.0001495278488067511,-4.190077902658977
13,19,247,1,2,1,1,1482,1.4615384615384615,5.800481622797449e-20,2.0043705384195495e-34,-18.0,200,92,0.3724696356275304,4.661310785974364e-05,7.428024284746246e-05,7.380599618159765e-05,2.9508405076433235e-05,0.00015841027200170767,-4.129126685073069
14,14,196,0,1,1,1,196,1.0,-0.00028723514412950965,6.468494876403048e-05,-4.189196761513088,200,7,0.03571428571428571,6.1013288456815414e-05,6.32730398811419e-05,6.085417659117627e-05,4.6094223143190486e-05,0.00014317507127208656,-4.198781299855831
13,9,117,0,0,1,1,108,0.6923076923076923,-0.00022962559836520646,0.000150060939170389,-3.823732339804812,200,6,0.05128205128205128,0.0001409010306075941,0.0001485173025323289,0.00014000855824004618,9.396368327608576e-05,0.0003145470588214803,-3.828222947312586
13,6,78,0,2,0,1,468,0.46153846153846156,-0.0007108079820242439,0.00030208625443114366,-3.519869035602318,200,0,0.0,0.0005544380226606552,0.0005544380226606552,0.0004689361539467212,0.00030208625443114366,0.0014549568112145394,-3.256146994006864
14,2,28,1,2,1,0,182,0.14285714285714285,0.003963349134845485,0.25113405538904204,-0.6000943901756451,200,26,0.9285714285714286,0.018562711467943655,0.25987796055121115,0.25987796055121115,0.25113405538904204,0.2686218657133802,-0.5852305501136512
13,15,195,1,2,0,0,1170,1.1538461538461537,-0.0004886907103691815,0.00010376367457118826,-3.983954657030633,200,41,0.21025641025641026,0.0001117536429373139,0.00014150623618685852,7.943370873640085e-05,2.9327926809984077e-05,0.0034841862831379816,-3.8492244203385493
14,1,14,1,0,1,0,13,0.07142857142857142,0.007896765858216654,0.5120649752699246,-0.29067492845617265,200,13,0.9285714285714286,0.036576069662137466,0.5120649752699246,0.5120649752699246,0.5120649752699246,0.5120649752699246,-0.29067492845617265
13,3,39,1,1,0,1,39,0.23076923076923078,-0.00018068256251612056,2.2484874849127918e-05,-4.648109525373531,200,9,0.23076923076923078,4.667730819618228e-05,6.068050065503697e-05,5.2383498073113525e-05,6.319117056315685e-06,0.0003243328711115984,-4.216950844648278
13,14,182,1,2,0,0,1092,1.0769230769230769,-0.00017639227333889258,0.0001291361559168303,-3.8889521456749243,200,24,0.13186813186813187,0.00015864406461957217,0.00018274189722001353,7.872291409166638e-05,2.7872828800059097e-05,0.0032029049655717184,-3.7381618705706554
13,13,169,1,2,1,1,1014,1.0,3.171833455606343e-18,6.258030406538137e-34,-18.0,200,95,0.5621301775147929,0.0007229097258202836,0.0016509695089679457,0.0015939072794006134,1.6282376983787643e-05,0.005262250748902317,-2.782260947457527
13,15,195,0,2,1,1,1170,1.1538461538461537,1.2264698263063367e-18,3.1134817149840754e-34,-18.0,200,78,0.4,0.001228091122146666,0.0020468185369111104,0.0023954728535955662,5.114210037235577e-08,0.006968211847893321,-2.688920658515558
13,15,195,0,0,0,0,180,1.1538461538461537,-0.031654770061522716,0.07537048349573007,-1.1227986987542937,200,78,0.4,0.017784126108670358,0.029640210181117264,0.013184909995067346,6.364056869511625e-08,0.1535816755883241,-1.5281187210646463
13,15,195,1,2,0,1,1170,1.1538461538461537,0.00021193269899140205,7.190991267022082e-05,-4.143211238667964,200,6,0.03076923076923077,6.432596527871227e-05,6.636805941454441e-05,6.491537489719612e-05,2.587830232980879e-05,0.00015906327274090395,-4.178040880834322
14,9,126,1,0,0,0,117,0.6428571428571429,0.047102156502276005,0.1043241937295263,-0.9816149630521103,200,103,0.8174603174603174,0.010694900185879057,0.05858945319220701,0.06613187722250133,0.0007404342147541145,0.15116724161240508,-1.232180555187829
13,11,143,1,0,1,0,132,0.8461538461538461,0.00019653910009228114,0.019886027799865737,-1.7014519577946798,200,105,0.7342657342657343,0.0016168547597546555,0.006084479753813572,0.003121912069393193,0.00043024411187208607,0.024665824263503097,-2.2157765496783024
13,20,260,0,2,0,0,1560,1.5384615384615385,-0.001085906513662076,0.00014742891314713724,-3.8314173360910795,200,12,0.046153846153846156,0.00012122605079497498,0.00012709182744634473,0.0001258348318230285,9.148418319033249e-05,0.00025141600332467394,-3.895882375559844
14,14,196,1,1,1,0,196,1.0,-0.0003748986106852782,2.7707604350001037e-05,-4.5574010224874195,200,9,0.04591836734693878,2.9899086934350346e-05,3.133808042316935e-05,3.015258889760525e-05,1.5526765398229948e-05,6.898354871770472e-05,-4.5039276092444895
14,14,196,0,2,0,1,1274,1.0,-0.0004554816883662365,6.866742296640825e-05,-4.16324925102533,200,0,0.0,6.948254338465624e-05,6.948254338465624e-05,6.505584769957458e-05,4.8630234235744706e-05,0.00016813437897296462,-4.158124292733503
13,14,182,0,2,0,0,1092,1.0769230769230769,0.001077883194047424,0.00024699231376887196,-3.60731656147598,200,12,0.06593406593406594,0.00014062999323442236,0.00015055681628626394,0.00014606095651653763,0.00010484397388517717,0.0003464408396213227,-3.822299577524195
14,17,238,0,2,0,0,1547,1.2142857142857142,0.0010004148733470288,6.613612089415483e-05,-4.179561281506807,200,13,0.0546218487394958,6.23934991783297e-05,6.59984569086332e-05,6.54369226010843e-05,4.71462047832734e-05,0.0001395828413884234,-4.1804662184566155
14,11,154,1,1,0,1,154,0.7857142857142857,-4.1735551375030566e-05,8.882608309195695e-06,-5.051459488280036,200,19,0.12337662337662338,2.0900108926480723e-05,2.384160573835579e-05,2.266754981153345e-05,8.882608309195695e-06,6.862755013117418e-05,-4.622664498100301
13,5,65,0,0,0,1,60,0.38461538461538464,-0.0007803849679065237,0.00016220873823018288,-3.7899257539292384,200,0,0.0,0.00018505793265543352,0.00018505793265543352,0.00016840611770703592,7.808866918823541e-05,0.00035635179722298953,-3.7326922937915556
13,15,195,1,2,1,1,1170,1.1538461538461537,3.0398318411062332e-18,3.7129822658238213e-34,-18.0,200,86,0.441025641025641,0.0002930056279485445,0.000524184380274919,0.0003498433213198542,6.617922197413038e-07,0.0031827558821850926,-3.280515924368967
14,14,196,0,1,1,0,196,1.0,0.00015519880030818726,6.110152581869152e-05,-4.213947944481436,200,1,0.00510204081632653,6.502959114199475e-05,6.53630762247742e-05,6.146148013891662e-05,4.738491743434683e-05,0.00014192568260497235,-4.184667516512271
14,7,98,0,2,1,0,637,0.5,-0.010116332174750567,0.005645609258088174,-2.2482891833850833,200,13,0.1326530612244898,0.0006288751278665658,0.0007250560297755701,0.00011046075668755027,7.689841286308882e-05,0.010000443474620315,-3.1396284313846925
14,6,84,0,0,0,1,78,0.42857142857142855,-0.00044757874593482196,0.00011021261175082207,-3.957768705843622,200,0,0.0,9.776735964912975e-05,9.776735964912975e-05,9.291706656104646e-05,4.113564409208975e-05,0.000208677380404108,-4.009806113415961
14,4,56,0,1,0,0,56,0.2857142857142857,-0.004998418794278803,0.14937132196077327,-0.8257327754102567,200,40,0.7142857142857143,0.01663484883473449,0.05822197092157072,0.04502742256003868,0.001139060825725481,0.16788179862584174,-1.2349130969756288
13,15,195,1,2,0,1,1170,1.1538461538461537,6.308184391185515e-05,7.055716575550167e-05,-4.151458872908378,200,27,0.13846153846153847,6.290725154370369e-05,7.301734554179892e-05,6.928072436211336e-05,3.0400405701250322e-05,0.00019100525888634412,-4.136573959355389
14,7,98,0,1,0,1,98,0.5,-0.0011719086803659926,7.880121240484068e-05,-4.103467100572861,200,0,0.0,9.792152289855813e-05,9.792152289855813e-05,8.610624295022844e-05,5.0776129921763475e-05,0.00021235164155696567,-4.00912184089605
13,20,260,0,2,0,1,1560,1.5384615384615385,-0.00030604031474620375,0.00012206751236717783,-3.9133999058916715,200,0,0.0,0.00012768589939324732,0.00012768589939324732,0.00012132003404252041,8.923342737435359e-05,0.00027780880456815846,-3.89385706008838
13,3,39,1,0,1,1,36,0.23076923076923078,-0.0024578913162364422,0.002704685966135163,-2.5678831524028336,200,26,0.6666666666666666,0.000589990265440796,0.001769970796322388,0.0022987631040486496,0.0003122421116372616,0.0030247969441879103,-2.7520338992317916
14,10,140,1,1,0,0,140,0.7142857142857143,0.008123779606589209,0.05527470252135132,-1.2574735860388595,200,76,0.5428571428571428,0.006291092862677201,0.013761765637106377,0.002322132386349025,2.3183089026387124e-05,0.06999446181559316,-1.86132584246246
14,14,196,1,1,0,1,196,1.0,-3.0413644928923445e-05,2.450345321924524e-05,-4.610772707130067,200,15,0.07653061224489796,2.4649079863317545e-05,2.6691821288454358e-05,2.505020662965929e-05,1.2852210635043394e-05,6.746184905065712e-05,-4.573621791572576
14,4,56,1,0,1,0,52,0.2857142857142857,0.00978161262738641,0.14421182641509422,-0.8409991228606277,200,47,0.8392857142857143,0.011969500643875622,0.0744768928952261,0.07319237359014207,0.00539704004016448,0.14421182641509422,-1.1279784499993966
14,7,98,1,0,1,1,91,0.5,0.0002032378055326367,4.114121175987114e-05,-4.385722920884484,200,16,0.16326530612244897,3.359138434427875e-05,4.0145800801698996e-05,3.7788882698601046e-05,1.0431566790638592e-05,0.00010072250640733214,-4.39635987464495
14,6,84,0,0,1,0,78,0.42857142857142855,0.02100938843703884,0.08673586710182128,-1.0618012754964026,200,63,0.75,0.013900384244999725,0.0556015369799989,0.060005873891304476,0.0011574877940137757,0.12709136420209344,-1.2549132031534382
13,2,26,1,0,0,1,24,0.15384615384615385,-0.00011138132690521007,1.7075363812094246e-05,-4.767630034357894,200,9,0.34615384615384615,1.9995947873927237e-05,3.0582037924829895e-05,2.4259121866695198e-05,1.688434206040765e-05,0.0001037205654036175,-4.514533577458093
13,13,169,1,2,1,1,1014,1.0,2.660090030193185e-18,6.581456368911235e-34,-18.0,200,90,0.5325443786982249,0.0005681710879004536,0.0012154546057617302,0.0013011230707726054,5.489162877122681e-06,0.00364597710956933,-2.9152612563478604
13,10,130,0,1,1,1,130,0.7692307692307693,-0.0009504704528762626,0.0001091781445368416,-3.9618642907248587,200,7,0.05384615384615385,0.00012097526965468862,0.0001278600410984514,0.00012005536479859232,9.268670565402362e-05,0.00027071560768846437,-3.8932651603055035
13,16,208,1,1,1,0,208,1.2307692307692308,-0.000625331741436709,5.744694754395107e-05,-4.240733042694363,200,6,0.028846153846153848,6.148778975660374e-05,6.331415974937415e-05,6.10755550978807e-05,4.186366034709761e-05,0.000129795770706717,-4.1984991523314354
14,6,84,1,2,0,1,546,0.42857142857142855,-0.000834492649975121,0.00013455864189087808,-3.8710884048864873,200,12,0.14285714285714285,0.00020489350255576747,0.0002390424196483954,0.00013455864189087808,1.6226065237527505e-05,0.00107106345690357,-3.621525023802832
13,16,208,0,1,0,1,208,1.2307692307692308,0.0005996874249292806,0.0002734488921828692,-3.563123831732902,200,0,0.0,0.00016002106758567395,0.00016002106758567395,0.00014985545298435923,0.00010232429473175486,0.0003439229008006784,-3.7958228365072793
14,15,210,0,2,1,1,1365,1.0714285714285714,7.022919572274855e-19,3.1866089868592527e-34,-18.0,200,91,0.43333333333333335,0.0010857347256034062,0.0019160024569471873,0.002158813218179199,4.50682345655489e-09,0.007609779001431484,-2.7176039383483297
14,3,42,1,2,1,0,273,0.21428571428571427,0.02889028190836301,0.11979113598782494,-0.921575316621148,200,39,0.9285714285714286,0.008384913899754948,0.11738879459656927,0.11979113598782494,0.11131342664467742,0.12106182115720548,-0.9303733568970456
13,2,26,1,1,1,1,26,0.15384615384615385,-1.0733945614741315e-18,3.7356645209074693e-34,-18.0,200,16,0.6153846153846154,0.0002836167563161049,0.0007374035664218728,0.0006754648858367124,0.00044616265433174043,0.0010978648314201806,-3.1322947662775102
13,16,208,0,1,1,1,208,1.2307692307692308,0.00023822120710965996,0.000128449620814073,-3.891267173442001,200,7,0.03365384615384615,0.00012178503082552601,0.0001260263005557682,0.0001207658190908207,9.4282272300582e-05,0.0003148509073048757,-3.8995388120704972
13,20,260,0,2,1,0,1560,1.5384615384615385,0.000992156495265325,0.0001334029310327294,-3.87483462831035,200,12,0.046153846153846156,0.00011788318757505698,0.00012358721278030166,0.00012304695042583984,9.279932260763835e-05,0.00026592979384927937,-3.908026462145603
13,15,195,1,1,0,0,195,1.1538461538461537,-0.010331652286540522,0.02270829583396595,-1.6438154566070051,200,81,0.4153846153846154,0.0038172276563145546,0.006529468359485424,0.0022459088134119893,1.0985806494226825e-06,0.03710020957499868,-2.185122178287139
14,12,168,0,1,1,0,168,0.8571428571428571,-0.0002308227404337437,7.123233848333824e-05,-4.147322797986762,200,1,0.005952380952380952,6.599063686288481e-05,6.638579037703382e-05,6.220064418299213e-05,4.1704456438536157e-05,0.00015159871497252486,-4.177924869747248
13,5,65,1,1,1,1,65,0.38461538461538464,6.474042222454069e-19,1.1925787048841923e-34,-18.0,200,21,0.3230769230769231,6.643617879478366e-05,9.814435503774859e-05,8.217912917427388e-05,2.8610807611676518e-05,0.000277284361237818,-4.00813467463207
14,9,126,0,2,1,0,819,0.6428571428571429,-0.0018747069375048542,0.0009855602663446906,-3.006316813758271,200,13,0.10317460317460317,0.00019332207644550905,0.00021556266931092163,8.36403175529039e-05,6.392763441691843e-05,0.004233439895956998,-3.666426447177394
13,13,169,0,0,0,1,156,1.0,0.0009564024198061503,0.0002015022445570513,-3.6957201118389387,200,0,0.0,0.00018260460558770192,0.00018260460558770192,0.0001709306986771605,8.54290347443954e-05,0.0005024824915992108,-3.7384882730443225
14,4,56,1,0,0,1,52,0.2857142857142857,-0.0005434651927002098,2.4580786117784118e-05,-4.609404232061589,200,14,0.25,6.611775300607317e-06,8.815700400809754e-06,6.531567765146367e-06,7.275133794265703e-07,3.726506081467808e-05,-5.054743177621831
14,15,210,1,0,1,1,195,1.0714285714285714,-0.00027601970551957295,2.7874570127557663e-05,-4.554791821438641,200,13,0.06190476190476191,2.9394357371424523e-05,3.133408653806675e-05,3.0480668264056596e-05,1.5958311378644e-05,7.096673164429395e-05,-4.503982961479712
14,2,28,0,0,0,1,26,0.14285714285714285,0.0006390053308797783,7.289275980572142e-05,-4.13731560655964,200,0,0.0,9.58109098878572e-05,9.58109098878572e-05,8.530200037171753e-05,3.042964117586811e-05,0.00024761547933885633,-4.018585035448357
13,19,247,1,0,0,1,228,1.4615384615384615,0.0009487309465214312,3.910002250527301e-05,-4.407822992631932,200,10,0.04048582995951417,4.4866579380041726e-05,4.675968399523336e-05,4.459004949101171e-05,2.1282028596311436e-05,0.00011001909291580528,-4.330128432488601
14,10,140,1,0,0,1,130,0.7142857142857143,-8.419893691081778e-05,1.289075768970486e-05,-4.88972155504482,200,25,0.17857142857142858,1.573545679644799e-05,1.9156208273936686e-05,1.7089860366676827e-05,6.154427884336477e-06,6.522357733940313e-05,-4.717690449780938
14,17,238,1,2,0,0,1547,1.2142857142857142,0.0005759048642668141,0.00019512963220089368,-3.709676774049149,200,20,0.08403361344537816,4.96223101890642e-05,5.4174815710996694e-05,3.379085764064817e-05,1.1778435922839814e-05,0.0007458528441446612,-4.2662025573654745
14,4,56,1,0,1,0,52,0.2857142857142857,-0.02663112946845561,0.03445162752754797,-1.4627902567886517,200,49,0.875,0.012957944712787769,0.10366355770230216,0.027675476175590012,0.0164826230687335,0.30831045096929843,-0.9843738903839634
13,16,208,0,0,1,1,192,1.2307692307692308,0.0025200784722808796,0.00011655269964201327,-3.9334776627178267,200,6,0.028846153846153848,0.00012277621549289963,0.00012642303377486693,0.00012250124406420478,9.194745541983653e-05,0.00028126295814827053,-3.898173792113973
13,13,169,0,1,0,1,169,1.0,-0.00015019615407342617,0.000130019380452247,-3.8859919077228686,200,0,0.0,0.00014345184732288883,0.00014345184732288883,0.00013464434854116352,8.116635459764019e-05,0.0003196514904318414,-3.84329385468901
14,20,280,1,2,1,1,1820,1.4285714285714286,1.3049728398578654e-18,1.9250139696180454e-34,-18.0,200,103,0.3678571428571429,6.690236819654802e-05,0.00010583425477420025,7.915001352374491e-05,3.791716010340508e-07,0.0006720208610263407,-3.975373743911115
13,5,65,0,1,1,1,65,0.38461538461538464,0.0013206250304363767,0.00018967625932716096,-3.7219870238210517,200,7,0.1076923076923077,0.00020874260463535536,0.0002339356776085879,0.0002098372785085734,0.00011884091530290046,0.0004927005872668813,-3.630903538742644
13,2,26,0,1,1,0,26,0.15384615384615385,3.636153623885101e-19,8.869850845308385e-34,-18.0,200,1,0.038461538461538464,0.0005014147864547717,0.0005214713779129626,0.00044823511255161994,0.00011361514347565573,0.001064411045910531,-3.2827695237774117
13,11,143,0,0,0,0,132,0.8461538461538461,-0.008905752091116319,0.11443302516790356,-0.9414486208371037,200,77,0.5384615384615384,0.01983501605989902,0.042975868129781214,0.02599788446389223,6.737567152943276e-07,0.1558406925523949,-1.366775341629496
14,9,126,0,0,0,0,117,0.6428571428571429,0.051367888400414355,0.10949666587670372,-0.9605991046904809,200,81,0.6428571428571429,0.01943037796161377,0.05440505829251854,0.04539311598768115,1.8718638234262638e-06,0.17271946668211996,-1.2643607200370657
13,16,208,1,2,1,0,1248,1.2307692307692308,-0.0026523373732564802,0.0025110467076814975,-2.6001452089518815,200,34,0.16346153846153846,0.00015733021396588333,0.00018807289945346972,5.198469083629161e-05,2.2900780144051554e-05,0.004582367606198754,-3.725673780025119
13,7,91,0,2,1,1,546,0.5384615384615384,1.5326677699634584e-18,2.887135930737657e-33,-18.0,200,63,0.6923076923076923,0.011779182970992898,0.038282344655726906,0.04184184687972422,0.00022005353071291117,0.10351505241164663,-1.4170014711078167
14,19,266,0,0,1,1,247,1.3571428571428572,-0.0006361680601634965,5.32054587201825e-05,-4.2740438081102825,200,7,0.02631578947368421,6.165972550691147e-05,6.332620457466582e-05,6.0982879512078774e-05,4.858498439945076e-05,0.00016046554985354544,-4.198416540421665
13,5,65,0,0,1,1,60,0.38461538461538464,-6.396437133040722e-05,0.00019899451882947745,-3.7011588857757,200,6,0.09230769230769231,0.00024525030811724344,0.00027019101741730206,0.00024501076471942286,0.0001665599792473822,0.0006603285212615222,-3.5683290933263665
13,18,234,0,0,1,1,216,1.3846153846153846,-0.0015290063298147175,0.00012162552563396707,-3.914975269811459,200,6,0.02564102564102564,0.0001223141566193924,0.00012553295021463956,0.00012182005299445486,9.305083836244027e-05,0.0002745731250450358,-3.9012422644765246
13,12,156,1,1,1,1,156,0.9230769230769231,0.00020731299172374145,5.459772358743189e-05,-4.26282546451187,200,15,0.09615384615384616,5.654631397154181e-05,6.256187928766328e-05,5.972211901411949e-05,3.026342263011489e-05,0.0001390563476856785,-4.203690214040222
13,7,91,1,1,1,1,91,0.5384615384615384,-0.00022668103551699417,6.716378115223682e-05,-4.172864862156877,200,14,0.15384615384615385,5.5147489315109826e-05,6.517430555422072e-05,6.13776759733946e-05,3.967532671641261e-05,0.00013600389164601548,-4.185923587633001
14,17,238,1,1,1,0,238,1.2142857142857142,0.0006545507459212061,2.6893318836137123e-05,-4.570355599291007,200,13,0.0546218487394958,3.0375450094396283e-05,3.213047609985029e-05,3.0356669431469275e-05,1.9726846544985987e-05,7.370659999490938e-05,-4.493082839154181
13,10,130,0,1,0,0,130,0.7692307692307693,0.01607510001650846,0.026677337063847034,-1.5738575239382437,200,42,0.3230769230769231,0.005465691172484004,0.008074316504805916,0.0038138289642660373,5.757379708258428e-06,0.041421177883863125,-2.0928942307002156
13,13,169,0,0,1,0,156,1.0,0.010561519426455454,0.007382505881265777,-2.1317961983824905,200,78,0.46153846153846156,0.0022160644719597883,0.004115548305068179,0.004582368405305107,2.044449577781592e-08,0.016314606599542935,-2.3855722965386317
13,6,78,0,2,1,0,468,0.46153846153846156,0.0011550329157250523,0.019796823291304527,-1.7034044934628358,200,12,0.15384615384615385,0.0012783751474551525,0.0015108069924469985,0.00025090244076635625,0.00014932685825699393,0.019796823291304527,-2.8207910138007484
14,16,224,0,0,1,0,208,1.1428571428571428,0.005876050664768998,0.0021122657448028157,-2.675251443978578,200,91,0.40625,0.0007367051906645366,0.001240766636908693,0.0014961709035179397,1.3267951435691604e-08,0.004513999583413124,-2.906309892822801
14,8,112,1,2,0,0,728,0.5714285714285714,0.00570754342422583,0.037617476794875176,-1.4246103382596604,200,65,0.5803571428571429,0.002009632154004802,0.004788910664862505,0.0007741227696945572,3.9452823080827013e-05,0.04360117052915609,-2.3197632644648323
14,2,28,0,0,1,0,26,0.14285714285714285,0.05355779708446793,0.33792784946459925,-0.4711760154745805,200,25,0.8928571428571429,0.028871730517102234,0.2694694848262875,0.33792784946459925,0.10951132429355616,0.3609692807207072,-0.5694904079239994
13,9,117,0,2,1,0,702,0.6923076923076923,0.004448872477624311,0.0030648380711139323,-2.5135924662285785,200,12,0.10256410256410256,0.00031746852730901736,0.00035375064471576223,0.00016549253875490497,0.00011252659922884226,0.003403556006244165,-3.45130275995884
13,6,78,0,1,1,1,78,0.46153846153846156,-0.0004837604373543583,0.00014288885743077114,-3.8450016364644934,200,7,0.08974358974358974,0.00013332942968933897,0.0001464745847291329,0.00013469512019593033,9.250117623020132e-05,0.0002857322610825727,-3.8342377245892747
13,5,65,0,1,1,0,65,0.38461538461538464,-0.0005250777237973682,0.00020360436354136652,-3.6912129186651907,200,1,0.015384615384615385,0.0001976823782400253,0.00020077116540002566,0.00017470887898270797,0.00011262571693059097,0.00039877957449352554,-3.6972986600871005
14,13,182,0,0,0,1,169,0.9285714285714286,-0.0003723651725413448,0.00012302470276533711,-3.9100076755727264,200,0,0.0,0.0001000814695030195,0.0001000814695030195,9.28198583242796e-05,5.3574917237499894e-05,0.00022572181384857218,-3.9996463264924227
14,18,252,1,0,0,0,234,1.2857142857142858,-0.0197987504140482,0.045318872852149514,-1.343720900224774,200,166,0.6587301587301587,0.006163567857409355,0.018060687210083224,0.009252145829981684,5.399292767618974e-05,0.08449917123655465,-1.743265728780601
13,10,130,1,2,0,0,780,0.7692307692307693,-0.005644826356765793,0.007194111304810423,-2.143022847210998,200,52,0.4,0.0006889576657117956,0.001148262776186326,0.00031386123929700444,2.9844019499211322e-05,0.011758332405522463,-2.9399587136902676
14,1,14,1,0,0,0,13,0.07142857142857142,-0.0019458652913722251,0.48205325300321816,-0.31690498207663836,200,13,0.9285714285714286,0.03443237521451558,0.48205325300321816,0.48205325300321816,0.48205325300321816,0.48205325300321816,-0.31690498207663836
14,9,126,0,2,0,1,819,0.6428571428571429,-0.0015661721597142809,0.000109390287914034,-3.961021234607507,200,0,0.0,0.00011980217140744592,0.00011980217140744592,0.00010794662942221103,8.329682179837754e-05,0.00029820844540405197,-3.921535310312939
14,15,210,1,1,1,0,210,1.0714285714285714,-0.0009374670330637379,3.3917490308282555e-05,-4.469576290424401,200,7,0.03333333333333333,3.0413457743450198e-05,3.1462197665638135e-05,3.0447892650491324e-05,1.5234571201673934e-05,6.715285381727248e-05,-4.5022109447539
14,10,140,1,0,0,0,130,0.7142857142857143,-0.024907121097212364,0.11120934930182702,-0.953858700348271,200,108,0.7714285714285715,0.009300871416357406,0.04069131244656365,0.024725241537685985,1.0913955223031106e-05,0.13956515875908282,-1.3904983023042925
14,11,154,1,0,1,0,143,0.7857142857142857,-0.00035654904163584853,0.0030445090964757214,-2.516482724009423,200,105,0.6818181818181818,0.0008023346488328427,0.0025216231820460767,0.001475521455340534,3.239024209835197e-05,0.01107262773860747,-2.5983198115714035
13,10,130,0,1,0,1,130,0.7692307692307693,0.00043966004616153036,0.00011693994771205065,-3.932037104686976,200,0,0.0,0.00017058984667824706,0.00017058984667824706,0.00015714063998697837,9.817946735380747e-05,0.00040398577691368897,-3.768046821133519
13,1,13,0,2,0,1,78,0.07692307692307693,0.0007092361438302717,0.00016660592088808856,-3.7783095685754944,200,0,0.0,0.00015318284617279215,0.00015318284617279215,0.00011823586638129831,2.3618988075625073e-05,0.00036448765626787775,-3.81478986544499
14,11,154,0,0,1,0,143,0.7857142857142857,-0.007281750954060215,0.023307896631465694,-1.6324969166366154,200,88,0.5714285714285714,0.0038706686606019107,0.009031560208071126,0.009540907465761729,8.296568359681272e-07,0.02798413336566722,-2.044237218543028
13,1,13,1,2,0,0,78,0.07692307692307693,0.08300130825628824,0.4941406082143919,-0.30614945455269,200,12,0.9230769230769231,0.038010816016491686,0.4941406082143919,0.4941406082143919,0.4941406082143919,0.4941406082143919,-0.30614945455269
13,9,117,0,1,1,0,117,0.6923076923076923,-0.00046822392091093955,0.00011470375399544489,-3.9404223683861965,200,1,0.008547008547008548,0.0001376940270106141,0.00013888104448484353,0.0001252654348340498,9.604187235598813e-05,0.0003023837090243696,-3.857357025949998
13,19,247,1,0,1,1,228,1.4615384615384615,-0.000120983510524259,5.7219898873552816e-05,-4.2424529140717695,200,18,0.0728744939271255,5.8553322925093804e-05,6.315576752182606e-05,6.146276295124037e-05,3.9291797189967664e-05,0.00013838284202707276,-4.199586982582478
14,9,126,0,2,0,0,819,0.6428571428571429,0.00041836273708159566,0.001626185724205782,-2.788829855795099,200,13,0.10317460317460317,0.0002768674298616106,0.0003087194350669286,0.0001880246136725721,0.00011327643292232809,0.0030934799296869282,-3.510436029161783
13,13,169,0,0,1,0,156,1.0,0.0009259486263678029,0.006868703489297707,-2.163125231001824,200,78,0.46153846153846156,0.0020673247626381125,0.0038393174163279236,0.004421558688419011,4.823280724898015e-08,0.014186438254541493,-2.4157459810159505
13,6,78,1,2,1,0,468,0.46153846153846156,0.010147137906044578,0.013262741104920926,-1.8773667079286849,200,20,0.2564102564102564,0.0013130416807449956,0.0017658146741053387,5.1087558340182886e-05,1.2954224588052701e-05,0.02060005310365812,-2.7530548784690074
13,15,195,0,1,1,0,195,1.1538461538461537,0.0003117689995639979,0.00013863000675345713,-3.8581427556046743,200,1,0.005128205128205128,0.0001277091331726189,0.0001283674276735087,0.00012166239741932456,9.265882654383281e-05,0.0002720762676939969,-3.891545161440277
13,7,91,1,0,1,0,84,0.5384615384615384,0.023013600707371414,0.02633926887399924,-1.57939628436264,200,80,0.8791208791208791,0.0021220185534607636,0.017554880760448133,0.0071054130022720294,0.003915157322943334,0.04169913006476822,-1.7556021160850026
14,13,182,0,1,1,0,182,0.9285714285714286,-0.0008846369883219493,6.430837126521118e-05,-4.191732489631797,200,1,0.005494505494505495,6.447662171583892e-05,6.48328461452082e-05,6.0995901687523605e-05,4.6397954676531327e-05,0.0001430933232364001,-4.188204912562965
13,17,221,0,0,0,1,204,1.3076923076923077,-0.0010049876118226166,0.00018019895644939607,-3.744247728393477,200,0,0.0,0.00018867320184492414,0.00018867320184492414,0.00018012804245463542,9.338769310294291e-05,0.000691452442486441,-3.724289780372199
14,3,42,1,2,0,1,273,0.21428571428571427,0.0009730257633804529,0.0007848516534313577,-3.105212422470604,200,9,0.21428571428571427,0.001245424639004157,0.0015850859041871095,0.001013197178719715,7.072277865038358e-07,0.005076748988874768,-2.799947196093886
13,14,182,1,2,0,0,1092,1.0769230769230769,-4.284424706811875e-05,0.00010969024541841354,-3.959831991835655,200,25,0.13736263736263737,0.0001293550800401242,0.0001499530227216726,8.393698792127051e-05,3.5087885849934854e-05,0.0017638932600052381,-3.824044775398875
13,6,78,1,1,1,1,78,0.46153846153846156,0.0007235906871823153,5.41672385069226e-05,-4.266263304560028,200,20,0.2564102564102564,4.152560727422255e-05,5.584478219636827e-05,5.0395569865631356e-05,3.317771946140326e-05,0.00012621188286016742,-4.253017398540948
13,3,39,0,0,1,1,36,0.23076923076923078,0.0013231889883704119,0.00044469275931753436,-3.3519399418666502,200,6,0.15384615384615385,0.000506698898375072,0.0005988259708069034,0.0004604982108924964,0.00020609572449883814,0.001403999682940662,-3.222699372768626
13,8,104,1,2,0,0,624,0.6153846153846154,0.0012968919102193093,0.000225246260465105,-3.647342410439248,200,18,0.17307692307692307,0.0006177223806218255,0.0007470131114496492,0.00017389347117870217,4.910216804939725e-05,0.008219234524478307,-3.1266717754533295
13,2,26,1,0,1,1,24,0.15384615384615385,-2.0910702368866913e-19,3.891498301743481e-34,-18.0,200,15,0.5769230769230769,0.00019705520471713104,0.0004657668475132188,0.0004045442728860087,0.00018774237674810506,0.001038037979033532,-3.3318314270389267
14,9,126,1,0,0,1,117,0.6428571428571429,-0.00047416771825946113,1.0130946570914173e-05,-4.99434997504255,200,8,0.06349206349206349,1.811404791498403e-05,1.934211896006769e-05,1.7685169243883947e-05,5.16520733202663e-06,5.5231479237319974e-05,-4.713495949991623
14,4,56,0,2,1,1,364,0.2857142857142857,-1.573581090325008e-17,2.756565799388581e-32,-18.0,200,46,0.8214285714285714,0.01991299140940554,0.11151275189267103,0.10047509714200117,0.010787952847255531,0.21169020132536528,-0.9526754666072189
13,16,208,0,2,0,0,1248,1.2307692307692308,0.0015816668035085841,0.0001668233595247436,-3.777743137137191,200,12,0.057692307692307696,0.0001275735760261066,0.00013538420312974577,0.00013465696741751375,0.00010142973132196549,0.00026736404079472244,-3.868432006949357
13,8,104,0,2,0,1,624,0.6153846153846154,-4.980832901053306e-05,0.0002398144613199924,-3.620124631570335,200,0,0.0,0.00028446749280530107,0.00028446749280530107,0.000253931584113369,0.00016738613308909533,0.000671739673819136,-3.545967354934607
14,20,280,0,0,0,0,260,1.4285714285714286,-0.004733712603871434,0.07293595465684766,-1.1370583282025142,200,91,0.325,0.014818099374614516,0.021952739814243734,0.008991266408050395,5.6527179486262194e-08,0.145958942834307,-1.658511269865939
13,3,39,0,0,1,1,36,0.23076923076923078,0.001594159685291262,0.0006329797708955056,-3.1986101691751223,200,6,0.15384615384615385,0.0005718828853174243,0.0006758615917387741,0.0006288023558477953,0.00014916394771390739,0.00136337138917271,-3.1701422331982667
14,8,112,1,2,1,1,728,0.5714285714285714,6.109119252953234e-19,6.230445984465572e-34,-18.0,200,82,0.7321428571428571,0.002580242449277767,0.00963290514397033,0.009108744888615763,0.000698229470851982,0.02140631792340271,-2.016242716227184
13,3,39,1,1,0,0,39,0.23076923076923078,0.040414105132998666,0.308744121206809,-0.5104013030496867,200,35,0.8974358974358975,0.018280871312861005,0.1782384953003948,0.17590624257416576,0.05239737484643862,0.308744121206809,-0.7489984928298269
14,17,238,1,0,0,0,221,1.2142857142857142,0.022476884925534596,0.06306825639590602,-1.200189175477331,200,126,0.5294117647058824,0.007234187368397402,0.01537264815784448,0.0028948250381842884,6.116376846771399e-09,0.09098302685531538,-1.8132513126385432
13,20,260,1,0,0,1,240,1.5384615384615385,0.000528679064755341,5.7142542454663365e-05,-4.243040440371437,200,6,0.023076923076923078,5.336375182251968e-05,5.4624312889193386e-05,5.297828335846414e-05,2.101866833773484e-05,0.00012332540736743,-4.262614012910466
14,15,210,0,2,1,1,1365,1.0714285714285714,1.5464788737790114e-18,3.048558802280002e-34,-18.0,200,91,0.43333333333333335,0.0011241989546538038,0.0019838805082125948,0.0019181353151848507,5.551240495630787e-09,0.0072642593042842474,-2.702484489534014
13,20,260,1,2,0,1,1560,1.5384615384615385,-0.001595443497094187,6.17488621308653e-05,-4.209371040899704,200,17,0.06538461538461539,5.98133643195305e-05,6.399783836657583e-05,6.174886213086524e-05,4.199239705726342e-05,0.00015843787060735247,-4.193834694786775
14,20,280,1,2,1,1,1820,1.4285714285714286,-8.76712981726091e-19,1.3827315508441285e-34,-18.0,200,100,0.35714285714285715,3.594038621702037e-05,5.590726744869836e-05,4.7729823163999715e-05,2.1451002214969037e-07,0.0002794065332353161,-4.252531734014856
13,10,130,1,0,0,1,120,0.7692307692307693,-0.00040802258038569704,3.362960300412413e-05,-4.47327825948096,200,13,0.1,4.328138149677346e-05,4.8090423885303846e-05,4.6109515431945296e-05,1.1798655570590517e-05,0.0001125294942946844,-4.317941394890487
13,19,247,0,2,1,0,1482,1.4615384615384615,0.0007379694484861459,0.00012675201713749625,-3.897045120557047,200,12,0.048582995951417005,0.00011727965634366563,0.00012326840475270385,0.0001221696022760701,8.988327900980073e-05,0.0002470726845161272,-3.909148224295751
13,15,195,0,1,1,0,195,1.1538461538461537,-0.000589950074024282,0.00010942004382221538,-3.9609031156256074,200,1,0.005128205128205128,0.00012753582237841481,0.0001281932235246953,0.00012205360110975234,8.770604413583495e-05,0.0002830248109408444,-3.892134931631674
13,8,104,1,2,0,0,624,0.6153846153846154,0.0004763020053770936,6.561884728501429e-05,-4.182971403059307,200,29,0.27884615384615385,0.0034238017043482036,0.004747671696696177,5.93999660690939e-05,2.8126479590784107e-06,0.12600491164513694,-2.3235193203077724
14,17,238,1,2,0,0,1547,1.2142857142857142,0.00022452075692452577,3.866105119388476e-05,-4.412726341681056,200,19,0.07983193277310924,4.8545634453068285e-05,5.2757356163608456e-05,3.5101579977359726e-05,6.986662771207687e-06,0.0011897546630499254,-4.277716976437375
14,5,70,0,0,0,0,65,0.35714285714285715,0.0043785803196068444,0.1617510645579043,-0.7911528523587854,200,55,0.7857142857142857,0.022793592145778217,0.10637009668029836,0.10889428268457664,0.0016023603787015065,0.22548809255832533,-0.9731804460262264
13,8,104,1,1,0,1,104,0.6153846153846154,0.0006057067244968722,3.926862787974093e-05,-4.405954273536506,200,17,0.16346153846153846,5.851934311600511e-05,6.995415728809807e-05,6.713489307215946e-05,1.4354447447180703e-05,0.00020492299539535996,-4.155186470827183
13,18,234,1,2,1,0,1404,1.3846153846153846,0.0005519764498009892,5.408352982895914e-05,-4.266934971370936,200,22,0.09401709401709402,5.7554395687111154e-05,6.352702165464157e-05,6.025262155734118e-05,2.823666811789445e-05,0.00045858094519742596,-4.1970415052703585
14,5,70,0,1,0,1,70,0.35714285714285715,-0.0011797340318081785,0.0001462887401521824,-3.834789100244919,200,0,0.0,0.00012594026655308554,0.00012594026655308554,0.00010154391109033435,3.596710426029075e-05,0.0005535582326082325,-3.8998353918469486
13,20,260,0,2,0,1,1560,1.5384615384615385,0.000429476797121218,0.00013119993035006346,-3.8820663955136445,200,0,0.0,0.00012722208874213747,0.00012722208874213747,0.000122489943275308,8.853449423254678e-05,0.0002721100554323137,-3.8954374784204067
13,6,78,0,0,0,0,72,0.46153846153846156,0.0830854253492965,0.17019457880008151,-0.7690542775928336,200,57,0.7307692307692307,0.02341785489802282,0.08698060390694191,0.09702265699254964,0.00045680242910054695,0.2190084807331239,-1.0605775813505867
14,19,266,0,1,1,1,266,1.3571428571428572,2.709805615884048e-06,6.147260101205368e-05,-4.21131841073982,200,7,0.02631578947368421,6.0741667308017024e-05,6.238333399201749e-05,6.070961406354606e-05,4.418131891282099e-05,0.00013443309711302375,-4.204931418683656
14,11,154,0,1,1,0,154,0.7857142857142857,9.057233781699134e-05,6.836255267758518e-05,-4.165181728966353,200,1,0.006493506493506494,6.61659466044803e-05,6.659840377182983e-05,6.134051502750864e-05,4.494985134071319e-05,0.00014622849802484295,-4.176536179859636
14,2,28,1,0,0,0,26,0.14285714285714285,0.0,0.0,-18.0,200,28,1.0,5.069118196058026e-34,nan,nan,nan,6.803974214086278e-33,nan
13,9,117,1,0,0,1,108,0.6923076923076923,0.00017989731309227123,4.5855424511555425e-05,-4.338609281671449,200,14,0.11965811965811966,3.670759656056767e-05,4.1696978617343854e-05,3.812861708899937e-05,9.34843361846691e-06,0.000102957741243152,-4.379895413068313
13,13,169,0,2,1,0,1014,1.0,0.0002080614116454979,0.00023908660091699507,-3.621444762281838,200,12,0.07100591715976332,0.00013518953956979184,0.00014552249800824725,0.0001315287676562241,8.942820603848738e-05,0.0006810311219048598,-3.8370698588738876
13,10,130,1,2,0,1,780,0.7692307692307693,0.0009585509638247754,8.180655099778923e-05,-4.08721191700994,200,12,0.09230769230769231,0.00010987331370630957,0.00012104687103237492,9.812324204293509e-05,3.8985552245144166e-05,0.0006016462747611931,-3.917046432252291
14,19,266,1,0,0,1,247,1.3571428571428572,0.0004975130054836356,3.001397220078355e-05,-4.5226765240446,200,7,0.02631578947368421,2.1714906699237483e-05,2.2301796069487144e-05,2.1145789332377307e-05,9.359076417088662e-06,5.618617756067072e-05,-4.651660159747487
14,1,14,0,0,0,1,13,0.07142857142857142,0.0015344351582862923,0.00013796374618629895,-3.8602350215679913,200,0,0.0,4.574362593778836e-05,4.574362593778836e-05,3.8993347518107665e-05,1.0867125644647318e-05,0.00013796374618629895,-4.3396694133549785
13,19,247,0,2,0,1,1482,1.4615384615384615,-0.0005439843723034303,0.00013718996282936684,-3.862677661568604,200,0,0.0,0.00012971035949095136,0.00012971035949095136,0.00012305929621342867,9.748384404964944e-05,0.0002841742896865816,-3.8870253370224073
13,3,39,0,0,1,1,36,0.23076923076923078,7.799884219114456e-06,0.0004814201749055987,-3.3174757136734105,200,6,0.15384615384615385,0.0005167787282039797,0.0006107384969683395,0.0004950691974782863,0.00012044167877473134,0.001368592178722903,-3.2141447040519813
13,2,26,0,0,0,0,24,0.15384615384615385,0.005006925470731338,0.383781892256777,-0.4159155201645959,200,23,0.8846153846153846,0.03432344587748534,0.29746986427153965,0.37546798303891044,0.13315971751893155,0.383781892256777,-0.5265570247034883
13,10,130,0,2,0,1,780,0.7692307692307693,0.00013524343677790763,0.00017545947971960344,-3.7558231627652154,200,0,0.0,0.00018409537528959902,0.00018409537528959902,0.0001710431652856938,0.0001190600741843398,0.0003663712838103219,-3.7349571213897126
13,10,130,1,2,0,0,780,0.7692307692307693,0.0007359854204968502,0.0004789228267620621,-3.3197344628100827,200,31,0.23846153846153847,0.0004288507884885202,0.0005631373990253296,0.00016206439629643166,3.9585884938134884e-05,0.006120923620574482,-3.24938562937897
14,6,84,0,2,0,1,546,0.42857142857142855,-0.002166162434458056,0.00026989559200274303,-3.568804208383527,200,0,0.0,0.0003246553073915681,0.0003246553073915681,0.0002706815769956151,0.00019586303641844381,0.0008563467772349506,-3.488577492985186
13,10,130,0,2,1,0,780,0.7692307692307693,-0.0010640436490222452,0.0009586570995506465,-3.018336707118443,200,12,0.09230769230769231,0.00023175773415476196,0.00025532631728914456,0.00015380973764858732,0.00010514673175382467,0.0021634837100526117,-3.5929044187860395
13,4,52,1,2,1,1,312,0.3076923076923077,-6.717987711263307e-19,1.93606837368815e-32,-18.0,200,46,0.8846153846153846,0.014656796302979554,0.12702556795915615,0.13565834178560943,0.051568796630153145,0.1752548006934593,-0.8961088545875071
13,7,91,1,2,1,0,546,0.5384615384615384,0.005668183848518725,0.014572834137374646,-1.8364559780497356,200,45,0.4945054945054945,0.0009657949836552851,0.0019105944241876293,4.727696518507846e-05,1.678412213768826e-05,0.018156931717471375,-2.7188314940183385
14,15,210,1,2,0,0,1365,1.0714285714285714,-0.0018301290702482653,0.00038144426946940056,-3.418568905231874,200,43,0.20476190476190476,5.903306910026594e-05,7.423320066500507e-05,3.89941897457866e-05,1.4867855190285254e-05,0.0013611381641509652,-4.129401813848728
14,6,84,1,2,1,1,546,0.42857142857142855,9.279881211881301e-19,1.1668165444096685e-33,-18.0,200,68,0.8095238095238095,0.0018071640037429701,0.009487611019650592,0.0075145336301198126,0.0025166719526722443,0.01994987611813922,-2.022843129152902
13,16,208,0,2,1,0,1248,1.2307692307692308,0.00133754130838291,0.00015726759514899408,-3.803360754158464,200,12,0.057692307692307696,0.00011955433752940524,0.0001268739908475321,0.00012456224787156392,9.548425380663694e-05,0.000233822146247665,-3.89662739909614
13,7,91,0,2,1,1,546,0.5384615384615384,-5.029390870267111e-18,4.981994663754766e-33,-18.0,200,63,0.6923076923076923,0.012156408916316346,0.039508328978028126,0.043634103974750774,0.0007013197619770735,0.0984206459354237,-1.4033113386042673
13,15,195,1,1,0,0,195,1.1538461538461537,-0.00038335715276650807,0.024266290733759535,-1.6149966034362315,200,70,0.358974358974359,0.00446893277489388,0.006971535128834454,0.0011101028615328407,2.9263472112953728e-06,0.042949452260728355,-2.1566715799259315
14,1,14,0,2,0,1,91,0.07142857142857142,-0.00039306511993892035,5.56924571664704e-05,-4.254203620495988,200,0,0.0,7.313164781223814e-05,7.313164781223814e-05,6.490572304558269e-05,9.61491829089856e-06,0.00016021723495347517,-4.135894640883153
14,17,238,1,1,0,0,238,1.2142857142857142,2.297747042950382e-05,0.016118336043143357,-1.7926797940805863,200,70,0.29411764705882354,0.002114723192837165,0.002995857856519317,0.0008634911336599704,2.279729798959117e-06,0.025101045150327562,-2.523478796310945
14,17,238,0,0,1,1,221,1.2142857142857142,0.0008371377482913908,6.71124396926081e-05,-4.1731969732865455,200,7,0.029411764705882353,6.17616224172787e-05,6.363318673295381e-05,6.158313431485974e-05,4.541926958633289e-05,0.00013365953595795272,-4.196316326867786
13,18,234,0,1,0,1,234,1.3846153846153846,0.00031995371898460676,0.00020827619220886595,-3.681360370874368,200,0,0.0,0.00015709976060843478,0.00015709976060843478,0.00014851221944602703,8.533889128302342e-05,0.00034907291342229507,-3.8038244767456093
13,4,52,0,0,1,0,48,0.3076923076923077,-0.01629822547441667,0.24650932208617427,-0.6081666526381346,200,42,0.8076923076923077,0.024107341680801683,0.12535817674016875,0.12670286048579427,0.015959220441582943,0.24650932208617427,-0.9018473330474602
14,14,196,1,0,1,0,182,1.0,-0.001441957060707371,0.0014436691289790669,-2.840532330259428,200,104,0.5306122448979592,0.00022523044810214728,0.00047983878073935723,0.0004139086184534298,1.371024252722854e-06,0.0014687340862209119,-3.318904655116646
14,20,280,1,2,1,0,1820,1.4285714285714286,0.0005554768619929587,4.9137665240296e-05,-4.308585482722542,200,19,0.06785714285714285,2.8705047271047845e-05,3.07946867275609e-05,2.968138808275924e-05,1.2029481296803323e-05,0.0001533438789474755,-4.511524209602097
14,19,266,1,0,0,1,247,1.3571428571428572,0.00015964561447003278,3.115394223790867e-05,-4.506486989651972,200,15,0.05639097744360902,2.4590684769032866e-05,2.6060247603835623e-05,2.441976737177116e-05,1.1467477048289205e-05,6.946646503378739e-05,-4.584021462281582
13,15,195,1,2,0,0,1170,1.1538461538461537,-0.00017140257168584777,0.0004119622685443655,-3.3851425589993234,200,36,0.18461538461538463,7.804269906796368e-05,9.571274413995543e-05,7.278239923796592e-05,2.4731397222367514e-05,0.0005504280045352393,-4.019030232116887
13,16,208,1,1,0,0,208,1.2307692307692308,0.018770921665910285,0.0337077011530652,-1.4722708651171805,200,71,0.34134615384615385,0.00342925681060503,0.005206462894933184,0.00066937132169057,3.770842759525553e-06,0.03811184396834888,-2.283457222362351
13,6,78,1,1,1,1,78,0.46153846153846156,-0.0005504469179975887,4.549882859586767e-05,-4.34199978446156,200,20,0.2564102564102564,4.104662416200593e-05,5.520063249373211e-05,5.167611731310334e-05,2.07145130355102e-05,0.00011521727670337751,-4.258055946057685
13,14,182,0,2,0,0,1092,1.0769230769230769,-5.317114018759901e-05,0.00018535993178819268,-3.7319841390369035,200,12,0.06593406593406594,0.00014027919307431846,0.00015018125376191742,0.00014427584253554694,0.00010594781611050213,0.00038883225398773593,-3.8233842743615125
14,12,168,0,0,0,1,156,0.8571428571428571,0.0008545834346216795,7.596919925439024e-05,-4.119362451208358,200,0,0.0,8.57430477482217e-05,8.57430477482217e-05,7.91534012176589e-05,4.9576362319362285e-05,0.00021173994170026574,-4.066801083494963
14,6,84,1,1,0,0,84,0.42857142857142855,0.04456800764409576,0.16185181870593504,-0.7908824161284823,200,67,0.7976190476190477,0.009115639004355768,0.045041980962699096,0.027166808878853005,0.0004248979945403232,0.17703087405240145,-1.346382517307461
14,3,42,0,2,0,1,273,0.21428571428571427,-0.0002192893361548512,0.00021683017094515646,-3.6638802878009202,200,0,0.0,0.0006410804672216258,0.0006410804672216258,0.00037344602916663096,0.00021683017094515646,0.0016673967244242496,-3.193087455228411
14,6,84,0,2,1,0,546,0.42857142857142855,-0.008134361920879895,0.021521844306789776,-1.6671205146998287,200,13,0.15476190476190477,0.001340824121509266,0.0015863271296729347,0.00013402386210866225,7.998567678684534e-05,0.022084041670869175,-2.7996072483159966
14,7,98,1,2,1,1,637,0.5,3.1631262546935895e-19,2.7202930515021367e-33,-18.0,200,76,0.7755102040816326,0.003367856052605931,0.015002267870699144,0.0070261108474494365,0.0008699280442285791,0.04636055046429571,-1.8238430843255304
14,6,84,0,0,1,1,78,0.42857142857142855,-0.0007644559644542164,8.549974785155557e-05,-4.068035166053576,200,7,0.08333333333333333,0.00010461363972268454,0.00011412397060656495,0.00010342402303724482,7.279591353733032e-05,0.000234662629278102,-3.942623126758015
13,12,156,0,2,0,0,936,0.9230769230769231,-0.0022701849332678577,0.0007207016679178295,-3.142244472852905,200,12,0.07692307692307693,0.00019962203859617565,0.00021625720847919026,0.0001776481034824871,0.0001123709311934359,0.002421035459106754,-3.665029407328773
14,8,112,0,1,1,0,112,0.5714285714285714,-1.4233674252217138e-05,6.75804594893682e-05,-4.170178859719768,200,1,0.008928571428571428,7.038483676305518e-05,7.101893439155117e-05,6.433821405551838e-05,4.7893064312668876e-05,0.00014856283369132347,-4.148625848386715
14,7,98,0,1,0,0,98,0.5,0.02508165452617356,0.05613165516931252,-1.25079215143255,200,49,0.5,0.008309477932931525,0.016618955865863053,0.009825731682732087,1.8946106323691743e-06,0.07577279165976472,-1.7793962655061057
14,19,266,1,1,0,1,266,1.3571428571428572,-0.0005726765502415868,3.196142824908979e-05,-4.495373821759825,200,14,0.05263157894736842,2.523089576918622e-05,2.6632612200807676e-05,2.5305509924717583e-05,1.2214522540369132e-05,6.617716062181672e-05,-4.574586234659111
14,15,210,0,2,0,1,1365,1.0714285714285714,-0.00044524217168325506,6.129635532408934e-05,-4.212565347825693,200,0,0.0,6.687893627842293e-05,6.687893627842293e-05,6.214080671540856e-05,4.7465312918762097e-05,0.00014609361680097797,-4.174710643046388
14,2,28,0,2,0,0,182,0.14285714285714285,0.010914109756665697,0.2716375974632337,-0.5660101193666618,200,13,0.4642857142857143,0.018770604648691815,0.035038462010891384,2.7403464009713795e-05,1.066802879822623e-05,0.2716375974632337,-1.4554549651421496
14,4,56,1,1,1,1,56,0.2857142857142857,0.00048782710177435086,0.00023964987913178775,-3.620422785710002,200,22,0.39285714285714285,0.0001026719839972424,0.00016910679717192865,0.00010391608333061278,1.7899827518994325e-06,0.0006883993162406613,-3.7718389357793503
13,7,91,0,2,0,1,546,0.5384615384615384,0.0013405038107573433,0.00033353971639576096,-3.4768524448522715,200,0,0.0,0.0003064554832611836,0.0003064554832611836,0.0002646101667996005,0.00018656964263256788,0.0007080976733284389,-3.5136326036191954
13,11,143,0,1,0,0,143,0.8461538461538461,-0.016469697910663435,0.02184811509249661,-1.6605860250660285,200,42,0.2937062937062937,0.005080701532761624,0.0071934685067813085,0.0034071427260929966,3.176799644424325e-05,0.03133155059217823,-2.1430616534092417
13,9,117,1,0,1,1,108,0.6923076923076923,0.0005191653032474403,6.183178581433317e-05,-4.208788210106162,200,22,0.18803418803418803,4.863515420870153e-05,5.9898032025453485e-05,5.896127183635416e-05,2.3569206663520604e-05,0.0001147043869078831,-4.2225874463006114
14,11,154,1,2,1,0,1001,0.7857142857142857,0.00019018913306913344,2.9830517281853705e-05,-4.525339215605191,200,19,0.12337662337662338,0.00038072125611228957,0.0004343042477132784,2.8054121402097725e-05,1.3604543576577127e-05,0.009946632468188455,-3.362205922999235
14,11,154,0,0,1,1,143,0.7857142857142857,-0.0012390772722106246,6.943234705392094e-05,-4.158438153836947,200,7,0.045454545454545456,6.870272738770287e-05,7.197428583473633e-05,6.903327039207707e-05,5.1098200339740644e-05,0.00016156713542468153,-4.1428226357179865
14,17,238,0,2,0,0,1547,1.2142857142857142,0.0006143017508980845,8.405975078765916e-05,-4.075411901883578,200,13,0.0546218487394958,6.211470640508423e-05,6.57035561084891e-05,6.470557451272637e-05,4.575030931071639e-05,0.00014137824999225734,-4.18241112425302
13,13,169,0,0,1,1,156,1.0,0.00022960070337632796,0.00012667427435084132,-3.897311574870945,200,6,0.03550295857988166,0.00012655701872993223,0.0001312155592966782,0.0001277221683720878,8.792117238967239e-05,0.00028470842341888264,-3.8820146640759163
14,19,266,1,1,1,0,266,1.3571428571428572,0.0006776036336606757,2.766280351407967e-05,-4.558103807994036,200,16,0.06015037593984962,2.9171682113709485e-05,3.103866976898689e-05,3.0199006332744123e-05,1.5143604659168969e-05,7.169809527118477e-05,-4.508096899667974
13,4,52,1,0,1,0,48,0.3076923076923077,-0.02052692096342599,0.08122188328497827,-1.0903269447795998,200,43,0.8269230769230769,0.007899322046934793,0.045640527382289915,0.017586943684623213,0.010109836223278847,0.1073153525560861,-1.3406493458950353
14,15,210,0,0,0,0,195,1.0714285714285714,-0.004451035400724605,0.09025857696143047,-1.0445115179538096,200,91,0.43333333333333335,0.016512926353856375,0.029140458271511252,0.012936914569304639,2.9716597357390617e-10,0.15832530435794934,-1.5355036226681706
13,17,221,0,1,0,0,221,1.3076923076923077,0.004537956762639834,0.005950056995385029,-2.2254788741600793,200,42,0.19004524886877827,0.0017331254824238325,0.002139780623551212,0.0015148755478540193,1.8643167649436587e-05,0.007827566738626897,-2.6696307494848663
13,12,156,0,1,0,0,156,0.9230769230769231,-0.002076163781282786,0.01706908977906939,-1.7677896373191981,200,42,0.2692307692307692,0.003965049001483393,0.005425856528345696,0.0030338541915067283,1.7393149800001248e-05,0.021068806437362843,-2.265531694129815
