n_qubits,n_layers,n_params,ansatz_type,entangle_pattern,entangler_gate,cost_global,n_entanglers,depth_ratio,cost_weight_eff,cone_qubits,cone_frac,n_shared_params,n_structural,frac_structural,log_var,samples
5,8,40,1,1,0,0,40,1.6,1,5,0.85,8,0,0.0,-0.916571381447154,200
5,20,100,0,1,1,1,100,4.0,2,5,0.97,20,0,0.0,-0.8161997020490664,200
7,2,14,0,0,1,1,12,0.2857142857142857,4,7,0.7857142857142857,2,0,0.0,-0.507814441814637,200
3,12,36,1,2,1,1,36,4.0,1,3,0.9444444444444444,12,0,0.0,-0.8032331984208031,200
8,11,88,0,0,1,0,77,1.375,1,8,0.6818181818181818,11,0,0.0,-0.8881248923137868,200
4,13,52,1,1,0,0,52,3.25,1,4,0.9230769230769231,13,1,0.07692307692307693,-0.9394515125166799,200
6,7,42,0,1,0,0,42,1.1666666666666667,1,6,0.7857142857142857,7,0,0.0,-0.684567195877171,200
3,16,48,0,1,1,0,48,5.333333333333333,2,3,0.9791666666666666,16,0,0.0,-0.49252148079828295,200
7,6,42,0,0,0,1,36,0.8571428571428571,7,7,1.0,6,0,0.0,-0.8355475887808691,200
7,5,35,1,2,0,0,105,0.7142857142857143,1,7,0.8285714285714286,5,1,0.2,-0.8668252806767233,200
8,7,56,1,0,1,1,49,0.875,4,8,0.9285714285714286,7,0,0.0,-1.33008105220755,200
9,6,54,1,2,0,0,216,0.6666666666666666,1,9,0.8518518518518519,6,1,0.16666666666666666,-0.7358652884966314,200
8,11,88,0,0,1,1,77,1.375,4,8,0.9545454545454546,11,0,0.0,-1.2297970998773717,200
11,12,132,1,1,1,0,132,1.0909090909090908,10,11,0.9924242424242424,12,0,0.0,-2.5576377708624913,200
3,3,9,1,1,1,0,9,1.0,2,3,0.8888888888888888,3,0,0.0,-0.88660318556732,200
7,5,35,1,0,1,1,30,0.7142857142857143,4,7,0.9142857142857143,5,0,0.0,-1.418488392981949,200
7,1,7,1,0,1,0,6,0.14285714285714285,1,1,0.14285714285714285,1,0,0.0,-0.2860311477062413,200
2,18,36,0,2,1,0,18,9.0,1,2,0.9722222222222222,18,0,0.0,-0.35274195097111877,200
11,3,33,1,2,1,0,165,0.2727272727272727,1,11,0.696969696969697,3,1,0.3333333333333333,-0.6062965708011095,200
8,15,120,1,0,0,0,105,1.875,1,8,0.7666666666666667,15,0,0.0,-1.0154615394603137,200
5,11,55,0,1,1,0,55,2.2,4,5,0.9818181818181818,11,0,0.0,-0.8013082117717875,200
4,4,16,1,1,0,1,16,1.0,4,4,1.0,4,0,0.0,-0.5489040238340873,200
11,18,198,1,1,1,0,198,1.6363636363636365,10,11,0.9949494949494949,18,0,0.0,-2.5871263653395253,200
8,12,96,1,1,1,0,96,1.5,7,8,0.9895833333333334,12,0,0.0,-1.85763086247486,200
3,18,54,1,0,0,1,36,6.0,3,3,1.0,18,0,0.0,-0.7545654033950219,200
5,4,20,1,0,0,0,16,0.8,1,4,0.5,4,0,0.0,-0.5700909840728818,200
11,10,110,0,1,0,0,110,0.9090909090909091,1,11,0.7272727272727273,10,0,0.0,-0.8950164706954433,200
10,13,130,0,0,0,0,117,1.3,1,10,0.6538461538461539,13,0,0.0,-0.6340809521486203,200
6,10,60,1,0,0,0,50,1.6666666666666667,1,6,0.75,10,0,0.0,-0.8522852270256985,200
12,14,168,0,1,0,0,168,1.1666666666666667,1,12,0.7857142857142857,14,0,0.0,-1.0808496024410046,200
9,1,9,0,0,0,1,8,0.1111111111111111,9,9,1.0,1,0,0.0,-0.10050517240021199,200
2,9,18,1,2,0,1,9,4.5,2,2,1.0,9,1,0.1111111111111111,-0.6385613429465271,200
9,4,36,1,0,1,1,32,0.4444444444444444,5,9,0.8888888888888888,4,0,0.0,-1.5312853570058638,200
12,12,144,1,0,0,1,132,1.0,12,12,1.0,12,0,0.0,-3.0550868454517213,200
9,18,162,1,0,1,0,144,2.0,1,9,0.7777777777777778,18,0,0.0,-2.198251432788254,200
12,10,120,1,1,0,1,120,0.8333333333333334,12,12,1.0,10,0,0.0,-2.994976867189247,200
6,6,36,0,2,1,1,90,1.0,1,6,0.8611111111111112,6,0,0.0,-0.5432274819142873,200
12,16,192,0,2,1,0,1056,1.3333333333333333,1,12,0.9427083333333334,16,0,0.0,-1.6540096409343732,200
7,8,56,0,1,1,1,56,1.1428571428571428,3,7,0.9285714285714286,8,0,0.0,-1.1054035767517427,200
6,13,78,0,0,1,0,65,2.1666666666666665,1,6,0.8076923076923077,13,0,0.0,-0.8986781596466826,200
2,16,32,1,2,0,1,16,8.0,2,2,1.0,16,1,0.0625,-0.6371974805129675,200
10,10,100,1,1,0,1,100,1.0,10,10,1.0,10,0,0.0,-2.5006879671439677,200
2,2,4,0,0,0,0,2,1.0,1,2,0.75,2,0,0.0,-0.39746636257896484,200
7,16,112,0,2,0,1,336,2.2857142857142856,7,7,1.0,16,0,0.0,0.42308694287562854,200
9,11,99,1,2,0,1,396,1.2222222222222223,9,9,1.0,11,0,0.0,-1.7498903077859111,200
11,16,176,0,2,0,0,880,1.4545454545454546,1,11,0.9431818181818182,16,0,0.0,0.17829077092904455,200
9,20,180,0,2,1,1,720,2.2222222222222223,1,9,0.9555555555555556,20,0,0.0,-1.591387701967434,200
3,17,51,1,1,1,1,51,5.666666666666667,1,3,0.9607843137254902,17,1,0.058823529411764705,-0.7851663743705279,200
9,1,9,0,0,0,0,8,0.1111111111111111,1,1,0.1111111111111111,1,0,0.0,-0.30719250670623033,200
7,9,63,1,0,1,1,54,1.2857142857142858,4,7,0.9523809523809523,9,0,0.0,-1.6124077580205562,200
3,1,3,0,2,1,0,3,0.3333333333333333,1,1,0.3333333333333333,1,0,0.0,-0.30326854195045244,200
3,5,15,1,1,1,0,15,1.6666666666666667,2,3,0.9333333333333333,5,0,0.0,-0.7583806758659563,200
10,18,180,0,1,1,0,180,1.8,9,10,0.9944444444444445,18,0,0.0,-1.975848806491144,200
10,1,10,1,0,0,1,9,0.1,10,10,1.0,1,0,0.0,-0.12885034250101382,200
5,1,5,1,0,0,0,4,0.2,1,1,0.2,1,1,1.0,nan,200
9,17,153,0,1,0,1,153,1.8888888888888888,9,9,1.0,17,0,0.0,-0.022398908282715246,200
2,4,8,1,1,1,1,8,2.0,1,2,0.875,4,2,0.5,-0.31253892935135075,200
5,16,80,1,0,1,0,64,3.2,1,5,0.875,16,0,0.0,-1.2063887011477052,200
9,11,99,0,1,1,1,99,1.2222222222222223,4,9,0.9494949494949495,11,0,0.0,-1.5548379290348655,200
3,5,15,0,2,1,1,15,1.6666666666666667,1,3,0.8666666666666667,5,0,0.0,-0.4220595658724351,200
3,1,3,1,1,1,0,3,0.3333333333333333,2,2,0.6666666666666666,1,0,0.0,-0.3098801405111999,200
12,10,120,1,1,1,1,120,0.8333333333333334,6,12,0.95,10,0,0.0,-2.8645786545550522,200
3,5,15,0,2,1,0,15,1.6666666666666667,1,3,0.8666666666666667,5,0,0.0,-0.3786247045868286,200
12,1,12,0,2,1,0,66,0.08333333333333333,1,1,0.08333333333333333,1,0,0.0,-0.31211026079824183,200
12,20,240,1,1,0,1,240,1.6666666666666667,12,12,1.0,20,0,0.0,-2.8778315352804826,200
8,12,96,0,0,1,0,84,1.5,1,8,0.7083333333333334,12,0,0.0,-0.9715536756256969,200
3,18,54,1,2,1,1,54,6.0,1,3,0.9629629629629629,18,0,0.0,-0.8140912956862042,200
5,20,100,0,2,1,1,200,4.0,1,5,0.96,20,0,0.0,-0.8606825465985299,200
5,7,35,0,2,1,0,70,1.4,1,5,0.8857142857142857,7,0,0.0,-0.5973460545785594,200
12,14,168,0,0,1,1,154,1.1666666666666667,6,12,0.9642857142857143,14,0,0.0,-1.9839933435111745,200
4,20,80,0,0,1,1,60,5.0,2,4,0.975,20,0,0.0,-0.624669002354856,200
8,15,120,1,2,0,1,420,1.875,8,8,1.0,15,0,0.0,-1.764378524555381,200
5,14,70,1,2,0,1,140,2.8,5,5,1.0,14,0,0.0,-1.1377739341601063,200
8,1,8,0,2,1,0,28,0.125,1,1,0.125,1,0,0.0,-0.29344280504625464,200
8,14,112,1,1,0,0,112,1.75,1,8,0.8571428571428571,14,0,0.0,-1.3035772781718784,200
4,19,76,1,0,1,0,57,4.75,1,4,0.9210526315789473,19,1,0.05263157894736842,-0.972858639860749,200
3,13,39,1,2,0,0,39,4.333333333333333,1,3,0.9487179487179487,13,2,0.15384615384615385,-0.8298856684948632,200
5,20,100,0,1,1,0,100,4.0,4,5,0.99,20,0,0.0,-0.8046121607891403,200
2,9,18,1,2,0,1,9,4.5,2,2,1.0,9,0,0.0,-0.702121378889711,200
10,15,150,0,1,0,0,150,1.5,1,10,0.8333333333333334,15,0,0.0,-1.0515315612838216,200
6,16,96,1,0,1,0,80,2.6666666666666665,1,6,0.84375,16,1,0.0625,-1.4538824376608885,200
11,20,220,1,2,1,0,1100,1.8181818181818181,1,11,0.9545454545454546,20,0,0.0,-2.6483088323693376,200
5,2,10,1,0,1,0,8,0.4,1,2,0.3,2,1,0.5,-0.2556523863115321,200
8,20,160,1,1,1,0,160,2.5,7,8,0.99375,20,0,0.0,-1.8171852013991256,200
4,3,12,0,2,1,0,18,0.75,1,4,0.75,3,0,0.0,-0.34576415547040007,200
3,8,24,0,1,0,1,24,2.6666666666666665,3,3,1.0,8,0,0.0,0.056649147440196515,200
4,5,20,1,1,0,0,20,1.25,1,4,0.8,5,1,0.2,-0.7902335921731476,200
6,6,36,1,2,1,0,90,1.0,1,6,0.8611111111111112,6,0,0.0,-1.3019110012932935,200
12,18,216,0,2,0,0,1188,1.5,1,12,0.9490740740740741,18,0,0.0,0.1857396180451219,200
12,14,168,1,2,1,0,924,1.1666666666666667,1,12,0.9345238095238095,14,1,0.07142857142857142,-2.6428618612566996,200
8,10,80,1,0,0,1,70,1.25,8,8,1.0,10,0,0.0,-1.888478654863133,200
3,9,27,0,0,0,0,18,3.0,1,3,0.8888888888888888,9,0,0.0,-0.4169802866397803,200
6,4,24,1,0,1,1,20,0.6666666666666666,3,6,0.875,4,0,0.0,-1.2012786127827133,200
9,10,90,1,0,0,0,80,1.1111111111111112,1,9,0.6,10,0,0.0,-0.8780927798630559,200
10,15,150,0,0,1,1,135,1.5,5,10,0.9666666666666667,15,0,0.0,-1.750998074693203,200
3,6,18,0,2,0,1,18,2.0,3,3,1.0,6,0,0.0,0.07049567433383469,200
3,16,48,1,2,0,1,48,5.333333333333333,3,3,1.0,16,0,0.0,-0.7789669207811841,200
8,4,32,1,0,1,0,28,0.5,1,4,0.3125,4,1,0.25,-0.567336430567572,200
6,1,6,1,2,0,0,15,0.16666666666666666,1,1,0.16666666666666666,1,0,0.0,-0.2795472218773173,200
10,3,30,0,1,1,0,30,0.3,9,10,0.9666666666666667,3,0,0.0,-0.590178732283365,200
2,11,22,1,1,1,0,22,5.5,1,2,0.9545454545454546,11,0,0.0,-0.7363699170182174,200
6,17,102,0,1,1,1,102,2.8333333333333335,3,6,0.9705882352941176,17,0,0.0,-1.021233057599775,200
7,11,77,1,1,1,0,77,1.5714285714285714,6,7,0.987012987012987,11,0,0.0,-1.603714332144151,200
9,14,126,0,0,1,0,112,1.5555555555555556,1,9,0.7142857142857143,14,0,0.0,-1.1569062799478516,200
5,13,65,0,1,0,0,65,2.6,1,5,0.9076923076923077,13,0,0.0,-0.43635788731026803,200
5,12,60,1,2,1,0,120,2.4,1,5,0.9333333333333333,12,2,0.16666666666666666,-1.180582090529615,200
8,9,72,0,0,1,1,63,1.125,4,8,0.9444444444444444,9,0,0.0,-1.1120607917897887,200
4,12,48,0,0,1,1,36,3.0,2,4,0.9583333333333334,12,0,0.0,-0.6002451041635467,200
7,5,35,0,1,0,0,35,0.7142857142857143,1,7,0.6571428571428571,5,0,0.0,-0.6145038937119826,200
12,3,36,0,1,1,1,36,0.25,6,12,0.8333333333333334,3,0,0.0,-0.6025433427928503,200
7,8,56,0,2,1,1,168,1.1428571428571428,1,7,0.8928571428571429,8,0,0.0,-0.6467426146891642,200
4,11,44,0,2,0,1,66,2.75,4,4,1.0,11,0,0.0,0.17011726383945575,200
8,11,88,1,0,0,1,77,1.375,8,8,1.0,11,0,0.0,-1.8988343145742297,200
8,9,72,0,0,0,1,63,1.125,8,8,1.0,9,0,0.0,-0.8637093596291046,200
3,19,57,0,0,1,1,38,6.333333333333333,2,3,0.9824561403508771,19,0,0.0,-0.45640259967129415,200
2,20,40,1,0,1,0,20,10.0,1,2,0.975,20,0,0.0,-0.6783218654993401,200
7,18,126,1,1,0,0,126,2.5714285714285716,1,7,0.9047619047619048,18,0,0.0,-1.4806727191248692,200
10,4,40,0,0,1,1,36,0.4,5,10,0.875,4,0,0.0,-0.725249049831539,200
8,9,72,0,2,1,1,252,1.125,1,8,0.9027777777777778,9,0,0.0,-0.7244973697852917,200
8,6,48,0,1,1,1,48,0.75,4,8,0.9166666666666666,6,0,0.0,-0.9661792458424525,200
10,7,70,1,2,0,1,315,0.7,10,10,1.0,7,0,0.0,-1.5475929816818368,200
4,2,8,1,0,0,1,6,0.5,4,4,1.0,2,0,0.0,-0.5992855224696129,200
5,14,70,1,1,1,1,70,2.8,2,5,0.9571428571428572,14,0,0.0,-1.1594544539989682,200
9,14,126,0,2,0,0,504,1.5555555555555556,1,9,0.9365079365079365,14,0,0.0,0.12522675954429097,200
9,17,153,1,2,1,0,612,1.8888888888888888,1,9,0.9477124183006536,17,1,0.058823529411764705,-2.1124519137446494,200
2,13,26,0,0,1,1,13,6.5,1,2,0.9615384615384616,13,0,0.0,-0.34932093838750217,200
4,10,40,1,1,1,1,40,2.5,2,4,0.95,10,2,0.2,-1.040531617394284,200
8,10,80,0,0,0,1,70,1.25,8,8,1.0,10,0,0.0,-0.9837915370235825,200
2,10,20,0,2,1,1,10,5.0,1,2,0.95,10,0,0.0,-0.3594785292627802,200
9,17,153,1,2,0,1,612,1.8888888888888888,9,9,1.0,17,0,0.0,-2.01171353048767,200
4,5,20,0,0,1,0,15,1.25,1,4,0.7,5,0,0.0,-0.47600517450992463,200
8,17,136,0,0,1,1,119,2.125,4,8,0.9705882352941176,17,0,0.0,-1.415201131745736,200
4,5,20,0,1,1,0,20,1.25,3,4,0.95,5,0,0.0,-0.5294236640856987,200
10,17,170,1,0,1,0,153,1.7,1,10,0.7352941176470589,17,0,0.0,-2.3427395935190956,200
12,11,132,1,2,1,0,726,0.9166666666666666,1,12,0.9166666666666666,11,0,0.0,-2.477685896550593,200
8,9,72,0,1,0,0,72,1.125,1,8,0.7777777777777778,9,0,0.0,-0.856117843492792,200
12,18,216,1,2,1,0,1188,1.5,1,12,0.9490740740740741,18,0,0.0,-2.91714793689471,200
10,2,20,1,0,1,1,18,0.2,5,10,0.75,2,0,0.0,-0.7067477938747102,200
12,3,36,1,1,0,1,36,0.25,12,12,1.0,3,0,0.0,-1.340349827834411,200
9,12,108,0,2,0,1,432,1.3333333333333333,9,9,1.0,12,0,0.0,0.5243954558870746,200
2,8,16,1,0,0,1,8,4.0,2,2,1.0,8,0,0.0,-0.8739714910590379,200
5,2,10,1,2,0,0,20,0.4,1,5,0.6,2,0,0.0,-0.6253909036437773,200
3,3,9,1,1,0,0,9,1.0,1,3,0.7777777777777778,3,0,0.0,-0.708002044903273,200
8,3,24,1,1,0,0,24,0.375,1,5,0.375,3,0,0.0,-0.6042804612528005,200
7,2,14,1,1,0,1,14,0.2857142857142857,7,7,1.0,2,0,0.0,-0.7528726617461186,200
10,14,140,1,0,1,0,126,1.4,1,10,0.6785714285714286,14,0,0.0,-2.0535957029540093,200
7,17,119,1,2,1,1,357,2.4285714285714284,1,7,0.9495798319327731,17,1,0.058823529411764705,-1.6394281739672625,200
12,17,204,1,0,0,0,187,1.4166666666666667,1,12,0.6764705882352942,17,0,0.0,-0.9796715125242011,200
12,4,48,0,2,0,0,264,0.3333333333333333,1,12,0.7708333333333334,4,0,0.0,0.3903819516665323,200
3,7,21,1,2,0,1,21,2.3333333333333335,3,3,1.0,7,0,0.0,-0.8052160930701172,200
9,3,27,0,1,0,1,27,0.3333333333333333,9,9,1.0,3,0,0.0,-0.28689511544114227,200
5,18,90,0,0,0,1,72,3.6,5,5,1.0,18,0,0.0,-0.6195998223966379,200
10,3,30,1,2,0,1,135,0.3,10,10,1.0,3,0,0.0,-0.7731622493459378,200
5,7,35,1,1,1,0,35,1.4,4,5,0.9714285714285714,7,0,0.0,-1.1891044356060136,200
3,1,3,0,2,1,0,3,0.3333333333333333,1,1,0.3333333333333333,1,0,0.0,-0.3111947939004301,200
5,5,25,1,1,1,1,25,1.0,2,5,0.88,5,0,0.0,-1.4039469249649101,200
8,13,104,0,1,0,1,104,1.625,8,8,1.0,13,0,0.0,-0.25019262968578077,200
3,4,12,0,0,0,1,8,1.3333333333333333,3,3,1.0,4,0,0.0,-0.40411515241647233,200
12,13,156,0,2,1,1,858,1.0833333333333333,1,12,0.9294871794871795,13,0,0.0,-1.0578944067119098,200
3,16,48,1,2,0,1,48,5.333333333333333,3,3,1.0,16,0,0.0,-0.7482331047554777,200
3,8,24,1,0,0,0,16,2.6666666666666665,1,3,0.875,8,0,0.0,-0.7984983843370395,200
10,2,20,1,1,0,1,20,0.2,10,10,1.0,2,0,0.0,-0.7301489941374941,200
2,18,36,1,0,1,1,18,9.0,1,2,0.9722222222222222,18,1,0.05555555555555555,-0.6570058357226949,200
9,16,144,0,2,1,1,576,1.7777777777777777,1,9,0.9444444444444444,16,0,0.0,-1.3071449128652974,200
10,12,120,0,0,0,0,108,1.2,1,10,0.625,12,0,0.0,-0.5924494123692333,200
9,5,45,1,2,0,1,180,0.5555555555555556,9,9,1.0,5,0,0.0,-1.0626293857598996,200
6,10,60,1,2,0,0,150,1.6666666666666667,1,6,0.9166666666666666,10,0,0.0,-1.272020286200922,200
6,2,12,0,0,1,0,10,0.3333333333333333,1,2,0.25,2,0,0.0,-0.3238599034599328,200
9,20,180,1,0,1,0,160,2.2222222222222223,1,9,0.8,20,0,0.0,-2.202504029656355,200
10,11,110,0,0,0,1,99,1.1,10,10,1.0,11,0,0.0,-1.3498841745556192,200
4,19,76,1,2,0,1,114,4.75,4,4,1.0,19,0,0.0,-0.9185146438027278,200
3,17,51,1,0,0,1,34,5.666666666666667,3,3,1.0,17,1,0.058823529411764705,-0.7770197240091101,200
2,2,4,0,2,0,1,2,1.0,2,2,1.0,2,0,0.0,-0.0650678979504591,200
11,19,209,0,0,1,0,190,1.7272727272727273,1,11,0.7368421052631579,19,0,0.0,-1.6086283020713215,200
7,20,140,0,2,0,0,420,2.857142857142857,1,7,0.9571428571428572,20,0,0.0,0.05617465393051914,200
6,6,36,0,1,0,0,36,1.0,1,6,0.75,6,0,0.0,-0.681495129160863,200
5,10,50,1,2,0,1,100,2.0,5,5,1.0,10,0,0.0,-1.1027468290240832,200
6,10,60,0,0,0,0,50,1.6666666666666667,1,6,0.75,10,0,0.0,-0.583290198296657,200
8,10,80,0,2,1,1,280,1.25,1,8,0.9125,10,0,0.0,-0.8324893942391164,200
4,19,76,0,1,1,1,76,4.75,2,4,0.9736842105263158,19,0,0.0,-0.6015778659605965,200
6,17,102,0,1,0,0,102,2.8333333333333335,1,6,0.9117647058823529,17,0,0.0,-0.7466013888070688,200
10,16,160,0,2,1,0,720,1.6,1,10,0.94375,16,0,0.0,-1.4873117659606017,200
9,2,18,1,0,0,1,16,0.2222222222222222,9,9,1.0,2,0,0.0,-0.7366326572530847,200
12,6,72,1,0,1,1,66,0.5,6,12,0.9166666666666666,6,0,0.0,-2.5169532020813086,200
2,6,12,1,2,1,1,6,3.0,1,2,0.9166666666666666,6,0,0.0,-0.6736965188668301,200
12,8,96,1,1,0,1,96,0.6666666666666666,12,12,1.0,8,0,0.0,-3.2074229093181956,200
7,4,28,0,2,0,1,84,0.5714285714285714,7,7,1.0,4,0,0.0,0.4927681747981327,200
2,20,40,0,2,0,0,20,10.0,1,2,0.975,20,0,0.0,-0.27379502157976976,200
10,16,160,1,0,1,1,144,1.6,5,10,0.96875,16,0,0.0,-2.3610495742387108,200
6,14,84,1,1,0,0,84,2.3333333333333335,1,6,0.8928571428571429,14,0,0.0,-1.2582125634787262,200
12,8,96,0,2,1,0,528,0.6666666666666666,1,12,0.8854166666666666,8,0,0.0,-0.9089570465528909,200
2,13,26,0,0,0,0,13,6.5,1,2,0.9615384615384616,13,0,0.0,-0.30344034393395697,200
9,11,99,0,1,0,1,99,1.2222222222222223,9,9,1.0,11,0,0.0,-0.08839640213247625,200
4,6,24,0,2,1,0,36,1.5,1,4,0.875,6,0,0.0,-0.4637645082319145,200
7,6,42,1,0,0,0,36,0.8571428571428571,1,6,0.5,6,0,0.0,-0.7881398729291177,200
12,5,60,1,1,0,1,60,0.4166666666666667,12,12,1.0,5,0,0.0,-2.3609083867061837,200
11,5,55,0,1,1,1,55,0.45454545454545453,5,11,0.8909090909090909,5,0,0.0,-1.0378790707903995,200
8,10,80,1,2,1,1,280,1.25,1,8,0.9125,10,1,0.1,-1.5366590678342447,200
11,15,165,0,2,0,1,825,1.3636363636363635,11,11,1.0,15,0,0.0,0.6304042156680737,200
8,9,72,0,1,0,1,72,1.125,8,8,1.0,9,0,0.0,-0.24043092677223796,200
10,16,160,0,1,1,0,160,1.6,9,10,0.99375,16,0,0.0,-1.9572686447791536,200
10,7,70,1,0,0,0,63,0.7,1,7,0.4,7,1,0.14285714285714285,-0.859570854038098,200
7,7,49,0,0,1,1,42,1.0,4,7,0.9387755102040817,7,0,0.0,-0.8549465649588401,200
3,8,24,0,2,1,0,24,2.6666666666666665,1,3,0.9166666666666666,8,0,0.0,-0.4445203029999132,200
3,13,39,1,2,1,1,39,4.333333333333333,1,3,0.9487179487179487,13,0,0.0,-0.8754733405595991,200
5,8,40,1,1,0,1,40,1.6,5,5,1.0,8,0,0.0,-1.2029134302637357,200
5,20,100,1,2,1,0,200,4.0,1,5,0.96,20,0,0.0,-1.163877847041956,200
3,19,57,1,1,1,1,57,6.333333333333333,1,3,0.9649122807017544,19,1,0.05263157894736842,-0.8278715077169567,200
4,9,36,0,2,1,1,54,2.25,1,4,0.9166666666666666,9,0,0.0,-0.5835654150095927,200
8,12,96,0,1,0,0,96,1.5,1,8,0.8333333333333334,12,0,0.0,-0.977140060120364,200
3,18,54,0,1,0,1,54,6.0,3,3,1.0,18,0,0.0,0.09935635170819201,200
9,2,18,1,0,0,1,16,0.2222222222222222,9,9,1.0,2,0,0.0,-0.8101612690747325,200
10,3,30,1,1,1,1,30,0.3,5,10,0.8333333333333334,3,0,0.0,-1.2746069216355032,200
9,18,162,1,2,1,1,648,2.0,1,9,0.9506172839506173,18,0,0.0,-2.2231978589432946,200
10,4,40,1,0,0,1,36,0.4,10,10,1.0,4,0,0.0,-2.004515775726034,200
9,8,72,0,0,0,1,64,0.8888888888888888,9,9,1.0,8,0,0.0,-1.198262065326379,200
12,2,24,0,0,0,1,22,0.16666666666666666,12,12,1.0,2,0,0.0,-0.48652847467859806,200
10,20,200,1,2,1,1,900,2.0,1,10,0.955,20,0,0.0,-2.3748347785135016,200
11,18,198,1,0,1,0,180,1.6363636363636365,1,11,0.7222222222222222,18,0,0.0,-2.5651381847835255,200
5,11,55,0,1,1,0,55,2.2,4,5,0.9818181818181818,11,0,0.0,-0.7888625119958089,200
12,14,168,0,0,1,1,154,1.1666666666666667,6,12,0.9642857142857143,14,0,0.0,-1.922057919420747,200
9,12,108,0,1,1,1,108,1.3333333333333333,4,9,0.9537037037037037,12,0,0.0,-1.6266085952613778,200
10,1,10,1,0,0,0,9,0.1,1,1,0.1,1,1,1.0,nan,200
8,2,16,1,2,1,0,56,0.25,1,8,0.5625,2,0,0.0,-0.6141837145481317,200
9,6,54,1,0,0,1,48,0.6666666666666666,9,9,1.0,6,0,0.0,-2.251679506153033,200
8,3,24,0,1,1,0,24,0.375,7,8,0.9583333333333334,3,0,0.0,-0.619464881994359,200
12,8,96,0,1,1,1,96,0.6666666666666666,6,12,0.9375,8,0,0.0,-1.5311800743315704,200
7,8,56,1,2,1,0,168,1.1428571428571428,1,7,0.8928571428571429,8,0,0.0,-1.2319016909442515,200
6,6,36,0,1,0,1,36,1.0,6,6,1.0,6,0,0.0,-0.2575279144488138,200
9,13,117,1,1,0,0,117,1.4444444444444444,1,9,0.8290598290598291,13,2,0.15384615384615385,-1.127727501793644,200
7,14,98,1,0,0,1,84,2.0,7,7,1.0,14,0,0.0,-1.5747184849581846,200
2,9,18,1,2,1,0,9,4.5,1,2,0.9444444444444444,9,0,0.0,-0.6378719820383403,200
7,20,140,0,2,0,1,420,2.857142857142857,7,7,1.0,20,0,0.0,0.4143834143731167,200
2,18,36,1,2,0,0,18,9.0,1,2,0.9722222222222222,18,2,0.1111111111111111,-0.712110955511334,200
5,9,45,0,0,1,0,36,1.8,1,5,0.7777777777777778,9,0,0.0,-0.6908257542945034,200
10,12,120,1,1,1,0,120,1.2,9,10,0.9916666666666667,12,0,0.0,-2.31854537827903,200
12,17,204,1,2,1,1,1122,1.4166666666666667,1,12,0.946078431372549,17,0,0.0,-2.722935683794096,200
6,15,90,0,1,0,1,90,2.5,6,6,1.0,15,0,0.0,-0.2770444795209417,200
8,17,136,1,2,0,0,476,2.125,1,8,0.9485294117647058,17,0,0.0,-1.8105219244291273,200
3,1,3,0,2,0,1,3,0.3333333333333333,3,3,1.0,1,0,0.0,-0.23048943834128505,200
8,15,120,1,0,1,1,105,1.875,4,8,0.9666666666666667,15,0,0.0,-1.8285416140905213,200
5,18,90,0,2,0,1,180,3.6,5,5,1.0,18,0,0.0,0.30570469094144176,200
3,12,36,0,0,0,1,24,4.0,3,3,1.0,12,0,0.0,-0.34855198802417753,200
10,12,120,1,2,0,1,540,1.2,10,10,1.0,12,0,0.0,-1.9459448741530128,200
7,14,98,1,2,0,1,294,2.0,7,7,1.0,14,0,0.0,-1.5237765868972086,200
6,1,6,0,0,0,1,5,0.16666666666666666,6,6,1.0,1,0,0.0,-0.1917439552041487,200
9,13,117,0,0,0,1,104,1.4444444444444444,9,9,1.0,13,0,0.0,-1.2054909571038446,200
2,1,2,1,0,1,0,1,0.5,1,1,0.5,1,0,0.0,-0.30628145158257825,200
5,15,75,1,0,1,0,60,3.0,1,5,0.8666666666666667,15,1,0.06666666666666667,-1.2073699034520835,200
3,17,51,0,0,1,1,34,5.666666666666667,2,3,0.9803921568627451,17,0,0.0,-0.46372468124437016,200
7,3,21,1,1,0,0,21,0.42857142857142855,1,5,0.42857142857142855,3,0,0.0,-0.5668292867866902,200
3,7,21,0,0,0,0,14,2.3333333333333335,1,3,0.8571428571428571,7,0,0.0,-0.4439066441330444,200
10,2,20,0,0,0,0,18,0.2,1,2,0.15,2,0,0.0,-0.3803061619546073,200
3,6,18,1,2,1,1,18,2.0,1,3,0.8888888888888888,6,0,0.0,-0.789543339214846,200
3,14,42,0,1,1,1,42,4.666666666666667,1,3,0.9523809523809523,14,0,0.0,-0.48049075014285403,200
12,4,48,0,0,0,0,44,0.3333333333333333,1,4,0.20833333333333334,4,0,0.0,-0.44580882574778785,200
3,18,54,1,0,1,1,36,6.0,2,3,0.9814814814814815,18,0,0.0,-0.8941845024106985,200
7,14,98,0,0,1,0,84,2.0,1,7,0.7857142857142857,14,0,0.0,-1.0809823802168035,200
2,9,18,1,2,0,0,9,4.5,1,2,0.9444444444444444,9,0,0.0,-0.671870434898554,200
7,12,84,0,0,0,0,72,1.7142857142857142,1,7,0.75,12,0,0.0,-0.5951426641610545,200
10,17,170,1,2,0,0,765,1.7,1,10,0.9470588235294117,17,0,0.0,-2.022581875532287,200
6,1,6,1,1,0,1,6,0.16666666666666666,6,6,1.0,1,0,0.0,-0.24463855830551925,200
9,20,180,0,0,0,0,160,2.2222222222222223,1,9,0.8,20,0,0.0,-0.6771232837834076,200
11,9,99,1,0,1,0,90,0.8181818181818182,1,9,0.45454545454545453,9,1,0.1111111111111111,-1.1181330101769527,200
5,19,95,0,2,1,0,190,3.8,1,5,0.9578947368421052,19,0,0.0,-0.8257254716290597,200
3,16,48,1,1,1,1,48,5.333333333333333,1,3,0.9583333333333334,16,0,0.0,-0.8612236409503199,200
12,19,228,1,1,0,1,228,1.5833333333333333,12,12,1.0,19,0,0.0,-2.9087054763582083,200
5,1,5,1,0,1,0,4,0.2,1,1,0.2,1,0,0.0,-0.3110316289746104,200
6,6,36,1,2,0,0,90,1.0,1,6,0.8611111111111112,6,0,0.0,-1.023608181832916,200
12,4,48,1,1,1,0,48,0.3333333333333333,11,12,0.9791666666666666,4,0,0.0,-1.490979628623432,200
8,6,48,1,2,1,0,168,0.75,1,8,0.8541666666666666,6,0,0.0,-1.1716391727408717,200
4,20,80,1,0,1,1,60,5.0,2,4,0.975,20,0,0.0,-0.948451264708354,200
3,14,42,1,1,1,1,42,4.666666666666667,1,3,0.9523809523809523,14,0,0.0,-0.7999916941348514,200
8,11,88,0,1,0,0,88,1.375,1,8,0.8181818181818182,11,0,0.0,-0.9123529112319991,200
7,13,91,1,2,1,0,273,1.8571428571428572,1,7,0.9340659340659341,13,0,0.0,-1.639404509708505,200
7,3,21,1,0,1,1,18,0.42857142857142855,4,7,0.8571428571428571,3,0,0.0,-0.9850366618256838,200
12,3,36,1,2,1,1,198,0.25,1,12,0.6944444444444444,3,0,0.0,-0.9714355356709674,200
3,14,42,1,0,0,0,28,4.666666666666667,1,3,0.9285714285714286,14,0,0.0,-0.831218188316158,200
5,8,40,0,0,1,1,32,1.6,3,5,0.95,8,0,0.0,-0.6952727666146954,200
8,18,144,1,1,0,0,144,2.25,1,8,0.8888888888888888,18,0,0.0,-1.494031530134392,200
2,6,12,0,0,0,1,6,3.0,2,2,1.0,6,0,0.0,-0.1272510359579812,200
12,2,24,0,0,1,0,22,0.16666666666666666,1,2,0.125,2,0,0.0,-0.36953684748332205,200
10,7,70,0,2,0,0,315,0.7,1,10,0.8714285714285714,7,0,0.0,0.24152226766890336,200
7,17,119,1,0,0,1,102,2.4285714285714284,7,7,1.0,17,0,0.0,-1.6056949852680247,200
8,20,160,0,1,0,1,160,2.5,8,8,1.0,20,0,0.0,-0.23313207550484968,200
9,2,18,0,2,0,1,72,0.2222222222222222,9,9,1.0,2,0,0.0,0.7612486322355418,200
9,4,36,1,0,1,0,32,0.4444444444444444,1,4,0.2777777777777778,4,0,0.0,-1.1203026059759875,200
12,12,144,0,2,1,1,792,1.0,1,12,0.9236111111111112,12,0,0.0,-0.9933253483861098,200
8,14,112,1,1,0,0,112,1.75,1,8,0.8571428571428571,14,0,0.0,-1.3457012321156336,200
9,16,144,0,1,0,1,144,1.7777777777777777,9,9,1.0,16,0,0.0,-0.050500309718966,200
7,20,140,1,1,0,0,140,2.857142857142857,1,7,0.9142857142857143,20,0,0.0,-1.4809054016639047,200
5,13,65,0,0,1,0,52,2.6,1,5,0.8461538461538461,13,0,0.0,-0.7855391282142853,200
5,16,80,0,1,0,1,80,3.2,5,5,1.0,16,0,0.0,0.11476705795918703,200
10,10,100,1,0,0,1,90,1.0,10,10,1.0,10,0,0.0,-2.573186546420164,200
8,15,120,1,2,0,0,420,1.875,1,8,0.9416666666666667,15,0,0.0,-1.6777584682228228,200
11,12,132,0,0,1,1,120,1.0909090909090908,6,11,0.9621212121212122,12,0,0.0,-1.68653888062898,200
4,5,20,0,0,0,0,15,1.25,1,4,0.7,5,0,0.0,-0.4870199081148903,200
3,3,9,1,1,0,1,9,1.0,3,3,1.0,3,1,0.3333333333333333,-0.5114857672876484,200
2,10,20,0,2,0,1,10,5.0,2,2,1.0,10,0,0.0,-0.1286412721234078,200
6,1,6,1,1,0,1,6,0.16666666666666666,6,6,1.0,1,0,0.0,-0.14038525313528008,200
10,4,40,0,2,0,1,180,0.4,10,10,1.0,4,0,0.0,0.6878705941206277,200
5,13,65,0,2,1,0,130,2.6,1,5,0.9384615384615385,13,0,0.0,-0.7692992940441379,200
11,6,66,0,2,0,0,330,0.5454545454545454,1,11,0.8484848484848485,6,0,0.0,0.2052787769365474,200
7,19,133,0,2,0,0,399,2.7142857142857144,1,7,0.9548872180451128,19,0,0.0,0.047181579400839516,200
11,11,121,0,2,1,0,605,1.0,1,11,0.9173553719008265,11,0,0.0,-1.1076428219429921,200
12,5,60,0,1,0,1,60,0.4166666666666667,12,12,1.0,5,0,0.0,-0.3607448901338238,200
2,3,6,0,1,0,1,6,1.5,2,2,1.0,3,0,0.0,-0.34734590333735543,200
8,8,64,1,0,1,0,56,1.0,1,8,0.5625,8,6,0.75,-0.59960037657788,200
4,6,24,1,2,0,0,36,1.5,1,4,0.875,6,0,0.0,-0.8714377647418017,200
7,6,42,1,2,1,0,126,0.8571428571428571,1,7,0.8571428571428571,6,2,0.3333333333333333,-0.8002118519294343,200
12,5,60,1,2,1,0,330,0.4166666666666667,1,12,0.8166666666666667,5,1,0.2,-1.2033503418756333,200
3,11,33,0,1,0,0,33,3.6666666666666665,1,3,0.9393939393939394,11,0,0.0,-0.2190533209290885,200
3,12,36,0,1,1,0,36,4.0,2,3,0.9722222222222222,12,0,0.0,-0.4822592639793352,200
6,5,30,0,0,1,0,25,0.8333333333333334,1,5,0.5,5,0,0.0,-0.45173566066650106,200
9,17,153,1,0,1,1,136,1.8888888888888888,5,9,0.9738562091503268,17,0,0.0,-2.066120071535979,200
4,15,60,0,0,0,1,45,3.75,4,4,1.0,15,0,0.0,-0.3468913647790225,200
5,11,55,0,0,0,1,44,2.2,5,5,1.0,11,0,0.0,-0.6300942513040799,200
11,14,154,1,1,0,0,154,1.2727272727272727,1,11,0.8051948051948052,14,0,0.0,-1.375334317227286,200
3,7,21,1,2,1,1,21,2.3333333333333335,1,3,0.9047619047619048,7,1,0.14285714285714285,-0.8426885431752776,200
12,10,120,0,1,1,1,120,0.8333333333333334,6,12,0.95,10,0,0.0,-1.9324981614268453,200
3,18,54,0,1,1,1,54,6.0,1,3,0.9629629629629629,18,0,0.0,-0.4684368680047022,200
12,16,192,0,0,0,0,176,1.3333333333333333,1,12,0.65625,16,0,0.0,-0.6817616201193032,200
12,12,144,1,1,0,0,144,1.0,1,12,0.75,12,1,0.08333333333333333,-1.2337382196279145,200
3,1,3,0,1,1,1,3,0.3333333333333333,1,1,0.3333333333333333,1,0,0.0,-0.32928647210606043,200
9,7,63,0,2,1,1,252,0.7777777777777778,1,9,0.873015873015873,7,0,0.0,-0.5952922110135098,200
5,1,5,0,1,1,0,5,0.2,4,4,0.8,1,0,0.0,-0.22365847046195977,200
4,11,44,0,0,0,0,33,2.75,1,4,0.8636363636363636,11,0,0.0,-0.512656986633601,200
10,4,40,0,1,0,0,40,0.4,1,7,0.4,4,0,0.0,-0.5937228479357419,200
5,14,70,0,2,1,0,140,2.8,1,5,0.9428571428571428,14,0,0.0,-0.7820026100123743,200
10,12,120,0,1,0,1,120,1.2,10,10,1.0,12,0,0.0,-0.35000694724132064,200
4,20,80,1,0,0,0,60,5.0,1,4,0.925,20,2,0.1,-0.9935856096104828,200
3,10,30,0,1,0,0,30,3.3333333333333335,1,3,0.9333333333333333,10,0,0.0,-0.2190527997186159,200
3,19,57,0,0,1,1,38,6.333333333333333,2,3,0.9824561403508771,19,0,0.0,-0.4477668627430827,200
8,4,32,1,1,0,1,32,0.5,8,8,1.0,4,0,0.0,-1.6758818765193637,200
9,11,99,0,2,1,0,396,1.2222222222222223,1,9,0.9191919191919192,11,0,0.0,-1.0626502002747595,200
6,17,102,0,1,1,1,102,2.8333333333333335,3,6,0.9705882352941176,17,0,0.0,-1.026321215745096,200
9,5,45,0,2,1,1,180,0.5555555555555556,1,9,0.8222222222222222,5,0,0.0,-0.4627708983272846,200
3,13,39,0,1,1,1,39,4.333333333333333,1,3,0.9487179487179487,13,0,0.0,-0.46477424751772856,200
9,5,45,1,1,1,1,45,0.5555555555555556,4,9,0.8888888888888888,5,0,0.0,-1.682297188457505,200
3,10,30,1,0,0,0,20,3.3333333333333335,1,3,0.9,10,0,0.0,-0.8085162074984212,200
4,12,48,1,2,1,1,72,3.0,1,4,0.9375,12,1,0.08333333333333333,-0.9801778647509918,200
5,11,55,0,2,1,0,110,2.2,1,5,0.9272727272727272,11,0,0.0,-0.7191319610700794,200
10,19,190,1,0,0,1,171,1.9,10,10,1.0,19,0,0.0,-2.3633869109521957,200
6,20,120,0,0,1,1,100,3.3333333333333335,3,6,0.975,20,0,0.0,-1.004374708813089,200
6,16,96,0,2,0,1,240,2.6666666666666665,6,6,1.0,16,0,0.0,0.32212267125706573,200
7,19,133,0,1,1,0,133,2.7142857142857144,6,7,0.9924812030075187,19,0,0.0,-1.2403939067371843,200
10,12,120,0,0,0,1,108,1.2,10,10,1.0,12,0,0.0,-1.273914810166796,200
10,6,60,0,1,1,0,60,0.6,9,10,0.9833333333333333,6,0,0.0,-1.1547182655341979,200
2,18,36,0,1,0,0,36,9.0,1,2,0.9722222222222222,18,0,0.0,-0.32315693891288044,200
2,1,2,1,0,0,1,1,0.5,2,2,1.0,1,0,0.0,-0.2984866331899603,200
7,14,98,1,0,1,1,84,2.0,4,7,0.9693877551020408,14,0,0.0,-1.6330473703857886,200
2,4,8,0,2,0,1,4,2.0,2,2,1.0,4,0,0.0,-0.11265134839503314,200
8,13,104,1,2,0,1,364,1.625,8,8,1.0,13,0,0.0,-1.6852815914863573,200
11,1,11,1,2,1,1,55,0.09090909090909091,1,1,0.09090909090909091,1,1,1.0,nan,200
12,10,120,1,0,1,1,110,0.8333333333333334,6,12,0.95,10,0,0.0,-2.8183875992359293,200
9,10,90,0,2,0,1,360,1.1111111111111112,9,9,1.0,10,0,0.0,0.5682257275831679,200
10,12,120,1,2,1,0,540,1.2,1,10,0.925,12,0,0.0,-2.260874159882769,200
11,15,165,1,2,1,0,825,1.3636363636363635,1,11,0.9393939393939394,15,0,0.0,-2.6160143014860315,200
8,15,120,0,2,0,0,420,1.875,1,8,0.9416666666666667,15,0,0.0,0.05968011649003559,200
11,8,88,0,1,1,0,88,0.7272727272727273,10,11,0.9886363636363636,8,0,0.0,-1.5203598308763147,200
5,7,35,0,2,0,0,70,1.4,1,5,0.8857142857142857,7,0,0.0,-0.041446207990236725,200
2,5,10,0,1,0,1,10,2.5,2,2,1.0,5,0,0.0,-0.28982499682582047,200
7,20,140,0,0,0,1,120,2.857142857142857,7,7,1.0,20,0,0.0,-0.9518149205027974,200
3,9,27,1,0,0,1,18,3.0,3,3,1.0,9,0,0.0,-0.8400666471304158,200
12,19,228,1,1,1,1,228,1.5833333333333333,6,12,0.9736842105263158,19,0,0.0,-2.8829817664801394,200
6,5,30,0,1,1,1,30,0.8333333333333334,3,6,0.9,5,0,0.0,-0.6894993422948484,200
9,3,27,1,0,1,0,24,0.3333333333333333,1,3,0.2222222222222222,3,1,0.3333333333333333,-0.5746282370521726,200
2,13,26,1,0,0,1,13,6.5,2,2,1.0,13,0,0.0,-0.6713341916680905,200
12,6,72,0,1,0,0,72,0.5,1,11,0.5,6,0,0.0,-0.6542661145904547,200
6,11,66,1,0,0,1,55,1.8333333333333333,6,6,1.0,11,0,0.0,-1.4587025033527605,200
6,7,42,0,2,1,0,105,1.1666666666666667,1,6,0.8809523809523809,7,0,0.0,-0.6739676359753656,200
5,12,60,0,1,1,0,60,2.4,4,5,0.9833333333333333,12,0,0.0,-0.7759810791771887,200
8,7,56,0,0,1,0,49,0.875,1,7,0.5,7,0,0.0,-0.6440494853093921,200
4,6,24,0,2,1,1,36,1.5,1,4,0.875,6,0,0.0,-0.5205863265915466,200
4,15,60,0,2,1,0,90,3.75,1,4,0.95,15,0,0.0,-0.6076828428570635,200
10,5,50,1,0,1,0,45,0.5,1,5,0.3,5,3,0.6,-0.6230650719308737,200
3,7,21,1,0,0,0,14,2.3333333333333335,1,3,0.8571428571428571,7,0,0.0,-0.7429741697211826,200
9,6,54,0,1,0,0,54,0.6666666666666666,1,9,0.6296296296296297,6,0,0.0,-0.6824996515653984,200
10,19,190,0,0,1,0,171,1.9,1,10,0.7631578947368421,19,0,0.0,-1.5938949688120885,200
12,17,204,1,2,1,1,1122,1.4166666666666667,1,12,0.946078431372549,17,0,0.0,-2.9241267185245188,200
3,14,42,0,2,0,1,42,4.666666666666667,3,3,1.0,14,0,0.0,0.045616462894894176,200
2,8,16,1,2,1,0,8,4.0,1,2,0.9375,8,1,0.125,-0.7116234562352575,200
2,17,34,0,0,0,0,17,8.5,1,2,0.9705882352941176,17,0,0.0,-0.28068126784710506,200
5,19,95,0,1,0,0,95,3.8,1,5,0.9368421052631579,19,0,0.0,-0.39943210254854933,200
7,13,91,1,1,1,0,91,1.8571428571428572,6,7,0.989010989010989,13,0,0.0,-1.5769355042175353,200
11,7,77,0,1,1,1,77,0.6363636363636364,5,11,0.922077922077922,7,0,0.0,-1.327150782330503,200
5,19,95,0,1,1,0,95,3.8,4,5,0.9894736842105263,19,0,0.0,-0.8015278952259918,200
11,17,187,1,0,1,1,170,1.5454545454545454,6,11,0.9732620320855615,17,0,0.0,-2.597082504616332,200
6,1,6,0,2,1,0,15,0.16666666666666666,1,1,0.16666666666666666,1,0,0.0,-0.3495144329184847,200
5,14,70,1,1,1,0,70,2.8,4,5,0.9857142857142858,14,0,0.0,-1.118664957503325,200
3,9,27,0,2,0,1,27,3.0,3,3,1.0,9,0,0.0,0.0926186265654663,200
2,7,14,0,1,1,1,14,3.5,1,2,0.9285714285714286,7,0,0.0,-0.31563953065132433,200
10,9,90,0,0,0,0,81,0.9,1,9,0.5,9,0,0.0,-0.5703162055431825,200
9,3,27,0,1,0,0,27,0.3333333333333333,1,5,0.3333333333333333,3,0,0.0,-0.4881897685789244,200
11,16,176,1,0,0,1,160,1.4545454545454546,11,11,1.0,16,0,0.0,-2.7254717228813043,200
2,18,36,0,0,0,0,18,9.0,1,2,0.9722222222222222,18,0,0.0,-0.2778486418297266,200
7,16,112,0,0,0,1,96,2.2857142857142856,7,7,1.0,16,0,0.0,-0.9679223310317373,200
7,15,105,1,1,1,0,105,2.142857142857143,6,7,0.9904761904761905,15,0,0.0,-1.547831941863743,200
8,6,48,1,0,1,1,42,0.75,4,8,0.9166666666666666,6,0,0.0,-1.5553905520666624,200
8,12,96,1,2,1,0,336,1.5,1,8,0.9270833333333334,12,0,0.0,-1.8695002798907618,200
10,6,60,1,2,1,0,270,0.6,1,10,0.85,6,0,0.0,-1.8229277678605993,200
8,2,16,0,1,1,1,16,0.25,4,8,0.75,2,0,0.0,-0.47285585807334723,200
9,15,135,0,1,1,1,135,1.6666666666666667,4,9,0.9629629629629629,15,0,0.0,-1.7215656399377994,200
11,10,110,1,2,1,0,550,0.9090909090909091,1,11,0.9090909090909091,10,1,0.1,-2.284350032461604,200
2,17,34,0,1,0,1,34,8.5,2,2,1.0,17,0,0.0,-0.30093697409562287,200
3,13,39,0,2,1,1,39,4.333333333333333,1,3,0.9487179487179487,13,0,0.0,-0.47020612090517816,200
9,13,117,1,0,0,0,104,1.4444444444444444,1,9,0.6923076923076923,13,1,0.07692307692307693,-0.9924736616586525,200
3,10,30,0,2,1,1,30,3.3333333333333335,1,3,0.9333333333333333,10,0,0.0,-0.49212225307104707,200
12,2,24,1,1,1,0,24,0.16666666666666666,11,12,0.9583333333333334,2,0,0.0,-0.7755833805497692,200
5,14,70,0,0,0,1,56,2.8,5,5,1.0,14,0,0.0,-0.6719560704990102,200
4,11,44,0,1,1,0,44,2.75,3,4,0.9772727272727273,11,0,0.0,-0.5965755515349088,200
6,17,102,1,2,0,1,255,2.8333333333333335,6,6,1.0,17,0,0.0,-1.306794817568026,200
3,20,60,0,2,1,1,60,6.666666666666667,1,3,0.9666666666666667,20,0,0.0,-0.4613246051499198,200
3,10,30,0,0,1,0,20,3.3333333333333335,1,3,0.9,10,0,0.0,-0.47755506080326754,200
9,1,9,1,1,0,1,9,0.1111111111111111,9,9,1.0,1,0,0.0,-0.08954892606311608,200
6,19,114,0,1,0,0,114,3.1666666666666665,1,6,0.9210526315789473,19,0,0.0,-0.7484653187388716,200
8,19,152,0,0,1,0,133,2.375,1,8,0.8157894736842105,19,0,0.0,-1.4121569577999498,200
4,1,4,1,0,1,0,3,0.25,1,1,0.25,1,0,0.0,-0.30985620016735926,200
5,15,75,0,0,0,1,60,3.0,5,5,1.0,15,0,0.0,-0.6633773694239561,200
10,14,140,1,2,0,0,630,1.4,1,10,0.9357142857142857,14,1,0.07142857142857142,-2.0132017696420603,200
4,14,56,1,1,0,0,56,3.5,1,4,0.9285714285714286,14,2,0.14285714285714285,-0.9632486722929826,200
9,2,18,0,0,0,1,16,0.2222222222222222,9,9,1.0,2,0,0.0,-0.5352976791926609,200
5,20,100,1,0,1,0,80,4.0,1,5,0.9,20,0,0.0,-1.2097182159319362,200
8,4,32,1,0,1,0,28,0.5,1,4,0.3125,4,1,0.25,-0.8642643211823899,200
8,13,104,1,2,0,1,364,1.625,8,8,1.0,13,0,0.0,-1.6789016591883719,200
11,6,66,1,1,0,1,66,0.5454545454545454,11,11,1.0,6,0,0.0,-2.3783857629580387,200
11,8,88,1,0,0,0,80,0.7272727272727273,1,8,0.4090909090909091,8,1,0.125,-0.7816463094631521,200
4,12,48,1,2,0,0,72,3.0,1,4,0.9375,12,0,0.0,-0.9828644678826681,200
2,3,6,0,2,1,0,3,1.5,1,2,0.8333333333333334,3,0,0.0,-0.32820442017603657,200
3,9,27,0,0,0,1,18,3.0,3,3,1.0,9,0,0.0,-0.39880040642926073,200
10,3,30,0,1,0,0,30,0.3,1,5,0.3,3,0,0.0,-0.48801603473442284,200
4,1,4,1,0,1,1,3,0.25,2,2,0.5,1,1,1.0,nan,200
10,14,140,0,0,0,1,126,1.4,10,10,1.0,14,0,0.0,-1.3312197039496163,200
7,9,63,0,2,1,0,189,1.2857142857142858,1,7,0.9047619047619048,9,0,0.0,-0.8079194861864827,200
11,18,198,0,2,0,1,990,1.6363636363636365,11,11,1.0,18,0,0.0,0.6245528284410644,200
7,9,63,0,0,1,0,54,1.2857142857142858,1,7,0.6666666666666666,9,0,0.0,-0.7260313761682017,200
4,7,28,0,2,0,1,42,1.75,4,4,1.0,7,0,0.0,0.19537078274886707,200
9,7,63,1,2,1,1,252,0.7777777777777778,1,9,0.873015873015873,7,0,0.0,-1.3255334430431873,200
10,3,30,0,0,1,0,27,0.3,1,3,0.2,3,0,0.0,-0.368422897138436,200
12,20,240,0,0,0,1,220,1.6666666666666667,12,12,1.0,20,0,0.0,-1.7012940546416444,200
3,8,24,1,0,0,0,16,2.6666666666666665,1,3,0.875,8,0,0.0,-0.8313822637876291,200
5,15,75,0,2,1,1,150,3.0,1,5,0.9466666666666667,15,0,0.0,-0.8112107286810031,200
8,7,56,0,1,0,0,56,0.875,1,8,0.7142857142857143,7,0,0.0,-0.7261602747424735,200
10,20,200,0,2,0,1,900,2.0,10,10,1.0,20,0,0.0,0.5345472840778284,200
2,14,28,1,1,0,1,28,7.0,2,2,1.0,14,0,0.0,-0.8184538005866137,200
9,5,45,0,0,1,1,40,0.5555555555555556,5,9,0.9111111111111111,5,0,0.0,-0.8362641879373657,200
9,19,171,1,2,1,0,684,2.111111111111111,1,9,0.9532163742690059,19,1,0.05263157894736842,-2.106822759554453,200
7,5,35,1,2,1,0,105,0.7142857142857143,1,7,0.8285714285714286,5,1,0.2,-0.9444680493678544,200
12,2,24,0,0,1,1,22,0.16666666666666666,6,12,0.75,2,0,0.0,-0.6139069322235157,200
12,6,72,1,2,1,1,396,0.5,1,12,0.8472222222222222,6,0,0.0,-1.1897552031628502,200
12,9,108,0,1,1,1,108,0.75,6,12,0.9444444444444444,9,0,0.0,-1.7589705572403844,200
2,14,28,0,1,0,1,28,7.0,2,2,1.0,14,0,0.0,-0.2951572589468524,200
7,12,84,1,1,1,0,84,1.7142857142857142,6,7,0.9880952380952381,12,0,0.0,-1.602734852392175,200
8,12,96,1,2,1,0,336,1.5,1,8,0.9270833333333334,12,0,0.0,-1.7676316757892865,200
9,4,36,1,1,0,0,36,0.4444444444444444,1,7,0.4444444444444444,4,3,0.75,-0.2867086442774948,200
7,7,49,1,2,0,1,147,1.0,7,7,1.0,7,0,0.0,-1.1919524869385951,200
9,15,135,0,0,1,0,120,1.6666666666666667,1,9,0.7333333333333333,15,0,0.0,-1.212612290627524,200
11,1,11,1,2,1,0,55,0.09090909090909091,1,1,0.09090909090909091,1,0,0.0,-0.28710279017697693,200
3,15,45,1,1,0,0,45,5.0,1,3,0.9555555555555556,15,0,0.0,-0.7848443401515794,200
3,19,57,1,2,1,1,57,6.333333333333333,1,3,0.9649122807017544,19,2,0.10526315789473684,-0.8079403887458342,200
10,2,20,0,0,0,0,18,0.2,1,2,0.15,2,0,0.0,-0.38654391554828754,200
9,1,9,0,1,1,0,9,0.1111111111111111,8,8,0.8888888888888888,1,0,0.0,-0.06534782675009043,200
4,8,32,0,1,1,0,32,2.0,3,4,0.96875,8,0,0.0,-0.5885079507951252,200
5,7,35,0,0,0,1,28,1.4,5,5,1.0,7,0,0.0,-0.6460299434543758,200
11,18,198,1,0,1,0,180,1.6363636363636365,1,11,0.7222222222222222,18,0,0.0,-2.592124108535301,200
3,15,45,0,1,1,1,45,5.0,1,3,0.9555555555555556,15,0,0.0,-0.48677160050055385,200
12,20,240,1,1,0,0,240,1.6666666666666667,1,12,0.85,20,0,0.0,-1.6395291390206517,200
2,1,2,1,2,0,1,1,0.5,2,2,1.0,1,0,0.0,-0.29515165169886026,200
5,13,65,1,0,1,1,52,2.6,3,5,0.9692307692307692,13,1,0.07692307692307693,-1.1411012903712954,200
5,1,5,0,0,0,0,4,0.2,1,1,0.2,1,0,0.0,-0.2757588789964682,200
10,4,40,0,1,1,1,40,0.4,5,10,0.875,4,0,0.0,-0.7423189179650553,200
10,7,70,0,2,1,1,315,0.7,1,10,0.8714285714285714,7,0,0.0,-0.6082146879522782,200
9,13,117,1,1,1,1,117,1.4444444444444444,4,9,0.9572649572649573,13,0,0.0,-2.100733374088178,200
9,10,90,1,1,1,0,90,1.1111111111111112,8,9,0.9888888888888889,10,0,0.0,-2.078626183229344,200
4,1,4,1,0,1,1,3,0.25,2,2,0.5,1,0,0.0,-0.32175066557803106,200
3,5,15,1,2,1,0,15,1.6666666666666667,1,3,0.8666666666666667,5,0,0.0,-0.8556820629516413,200
8,4,32,0,1,1,0,32,0.5,7,8,0.96875,4,0,0.0,-0.7005989063673019,200
7,11,77,1,0,0,0,66,1.5714285714285714,1,7,0.7272727272727273,11,1,0.09090909090909091,-0.824179426486608,200
12,11,132,0,1,1,0,132,0.9166666666666666,11,12,0.9924242424242424,11,0,0.0,-2.0677327908481433,200
11,2,22,1,2,1,1,110,0.18181818181818182,1,11,0.5454545454545454,2,1,0.5,-0.3107436857761178,200
3,20,60,1,0,1,0,40,6.666666666666667,1,3,0.95,20,1,0.05,-0.80939150945319,200
7,19,133,1,0,1,0,114,2.7142857142857144,1,7,0.8421052631578947,19,0,0.0,-1.7033366538184262,200
8,7,56,1,0,1,0,49,0.875,1,7,0.5,7,5,0.7142857142857143,-0.620836654322988,200
8,9,72,1,2,1,1,252,1.125,1,8,0.9027777777777778,9,0,0.0,-1.428848686271643,200
11,5,55,1,1,1,0,55,0.45454545454545453,10,11,0.9818181818181818,5,0,0.0,-2.3853486368861114,200
8,7,56,0,1,1,1,56,0.875,4,8,0.9285714285714286,7,0,0.0,-1.1222323716792275,200
3,19,57,0,1,1,0,57,6.333333333333333,2,3,0.9824561403508771,19,0,0.0,-0.4627360284067495,200
7,3,21,1,2,0,0,63,0.42857142857142855,1,7,0.7142857142857143,3,0,0.0,-0.5565176111593734,200
2,20,40,0,0,0,1,20,10.0,2,2,1.0,20,0,0.0,-0.13745356446642112,200
8,16,128,1,0,0,0,112,2.0,1,8,0.78125,16,0,0.0,-1.088319440492991,200
4,20,80,0,1,1,0,80,5.0,3,4,0.9875,20,0,0.0,-0.6227382113992472,200
10,4,40,0,1,1,1,40,0.4,5,10,0.875,4,0,0.0,-0.832514722818436,200
10,3,30,1,2,0,0,135,0.3,1,10,0.7,3,0,0.0,-0.5637151631530654,200
4,5,20,0,0,0,1,15,1.25,4,4,1.0,5,0,0.0,-0.3186162745788281,200
6,17,102,1,0,1,0,85,2.8333333333333335,1,6,0.8529411764705882,17,0,0.0,-1.4737317740890739,200
5,12,60,0,1,0,0,60,2.4,1,5,0.9,12,0,0.0,-0.46522849955256734,200
11,20,220,0,2,1,0,1100,1.8181818181818181,1,11,0.9545454545454546,20,0,0.0,-1.8571981025633826,200
4,4,16,0,2,0,0,24,1.0,1,4,0.8125,4,0,0.0,-0.21131289562169378,200
5,20,100,1,0,0,1,80,4.0,5,5,1.0,20,0,0.0,-1.1755144437542182,200
8,20,160,1,1,0,1,160,2.5,8,8,1.0,20,0,0.0,-1.824333734153982,200
2,11,22,0,1,0,0,22,5.5,1,2,0.9545454545454546,11,0,0.0,-0.3296758702496911,200
5,16,80,1,0,0,0,64,3.2,1,5,0.875,16,0,0.0,-0.9071188711802965,200
7,17,119,0,2,0,1,357,2.4285714285714284,7,7,1.0,17,0,0.0,0.44368511195657345,200
4,1,4,1,2,0,1,6,0.25,4,4,1.0,1,0,0.0,-0.2855893804042393,200
6,12,72,1,0,1,0,60,2.0,1,6,0.7916666666666666,12,1,0.08333333333333333,-1.3095676622595394,200
4,10,40,0,1,0,0,40,2.5,1,4,0.9,10,0,0.0,-0.4693873572490178,200
3,11,33,0,0,0,0,22,3.6666666666666665,1,3,0.9090909090909091,11,0,0.0,-0.4223919587481381,200
6,10,60,0,2,1,1,150,1.6666666666666667,1,6,0.9166666666666666,10,0,0.0,-0.7784736343472314,200
5,17,85,0,2,0,0,170,3.4,1,5,0.9529411764705882,17,0,0.0,-0.09614699505344221,200
12,7,84,1,0,0,1,77,0.5833333333333334,12,12,1.0,7,0,0.0,-3.077480949165777,200
3,20,60,0,2,1,1,60,6.666666666666667,1,3,0.9666666666666667,20,0,0.0,-0.48228123253324917,200
8,3,24,0,2,0,1,84,0.375,8,8,1.0,3,0,0.0,0.5463991754986199,200
6,15,90,1,0,1,1,75,2.5,3,6,0.9666666666666667,15,0,0.0,-1.3520941699605624,200
4,1,4,1,1,1,0,4,0.25,3,3,0.75,1,0,0.0,-0.246983878145495,200
11,13,143,0,2,0,0,715,1.1818181818181819,1,11,0.9300699300699301,13,0,0.0,0.23684344151129777,200
11,10,110,1,1,0,1,110,0.9090909090909091,11,11,1.0,10,0,0.0,-2.741091963808858,200
9,10,90,0,2,1,1,360,1.1111111111111112,1,9,0.9111111111111111,10,0,0.0,-0.8183850570951139,200
9,2,18,0,1,1,0,18,0.2222222222222222,8,9,0.9444444444444444,2,0,0.0,-0.33447317898744994,200
11,11,121,0,0,0,0,110,1.0,1,11,0.5454545454545454,11,0,0.0,-0.5883455684190995,200
11,11,121,1,2,0,0,605,1.0,1,11,0.9173553719008265,11,0,0.0,-1.7429978217875035,200
12,11,132,1,1,1,0,132,0.9166666666666666,11,12,0.9924242424242424,11,0,0.0,-2.8268213557080655,200
11,15,165,1,1,0,0,165,1.3636363636363635,1,11,0.8181818181818182,15,1,0.06666666666666667,-1.406960845333609,200
11,17,187,0,0,0,0,170,1.5454545454545454,1,11,0.7058823529411765,17,0,0.0,-0.6793065832577971,200
2,1,2,0,1,0,0,2,0.5,1,1,0.5,1,0,0.0,-0.3022191535088154,200
10,1,10,0,2,0,1,45,0.1,10,10,1.0,1,0,0.0,-0.03531435588243181,200
12,18,216,1,1,0,1,216,1.5,12,12,1.0,18,0,0.0,-2.917998449767841,200
7,2,14,1,2,1,1,42,0.2857142857142857,1,7,0.5714285714285714,2,0,0.0,-0.6138337029149088,200
6,10,60,1,1,0,1,60,1.6666666666666667,6,6,1.0,10,0,0.0,-1.393031983538946,200
2,20,40,0,0,0,1,20,10.0,2,2,1.0,20,0,0.0,-0.12766353308063447,200
8,9,72,1,1,0,0,72,1.125,1,8,0.7777777777777778,9,1,0.1111111111111111,-1.0437674083521031,200
8,6,48,1,1,1,0,48,0.75,7,8,0.9791666666666666,6,0,0.0,-1.6709170164571525,200
10,17,170,1,1,0,1,170,1.7,10,10,1.0,17,0,0.0,-2.3820825880980725,200
3,15,45,0,0,1,1,30,5.0,2,3,0.9777777777777777,15,0,0.0,-0.4474292801260318,200
12,6,72,0,0,1,1,66,0.5,6,12,0.9166666666666666,6,0,0.0,-1.083482268629892,200
3,5,15,1,2,1,0,15,1.6666666666666667,1,3,0.8666666666666667,5,0,0.0,-0.9136931502446308,200
11,13,143,0,1,0,1,143,1.1818181818181819,11,11,1.0,13,0,0.0,-0.2644231208243522,200
5,16,80,0,1,0,0,80,3.2,1,5,0.925,16,0,0.0,-0.4343811382921159,200
5,6,30,0,2,1,1,60,1.2,1,5,0.8666666666666667,6,0,0.0,-0.5306737275013795,200
5,1,5,1,0,1,1,4,0.2,3,3,0.6,1,0,0.0,-0.319572063538854,200
10,8,80,1,2,0,1,360,0.8,10,10,1.0,8,0,0.0,-1.596917089782965,200
11,9,99,1,1,1,0,99,0.8181818181818182,10,11,0.98989898989899,9,0,0.0,-2.5480956662568794,200
3,13,39,1,0,1,1,26,4.333333333333333,2,3,0.9743589743589743,13,0,0.0,-0.7858133207409972,200
4,18,72,0,1,0,0,72,4.5,1,4,0.9444444444444444,18,0,0.0,-0.48354452227197986,200
3,18,54,1,1,0,0,54,6.0,1,3,0.9629629629629629,18,0,0.0,-0.7799109078078618,200
4,12,48,1,1,0,1,48,3.0,4,4,1.0,12,0,0.0,-0.9683298981308482,200
5,2,10,0,1,1,1,10,0.4,2,5,0.7,2,0,0.0,-0.5318532674776092,200
10,3,30,1,1,0,1,30,0.3,10,10,1.0,3,0,0.0,-1.6106074039752725,200
12,5,60,0,0,1,1,55,0.4166666666666667,6,12,0.9,5,0,0.0,-1.0000703352752172,200
9,20,180,1,2,1,1,720,2.2222222222222223,1,9,0.9555555555555556,20,1,0.05,-2.1732308271810346,200
12,2,24,0,0,0,0,22,0.16666666666666666,1,2,0.125,2,0,0.0,-0.4116366688813067,200
8,8,64,1,1,1,0,64,1.0,7,8,0.984375,8,0,0.0,-1.791048545445344,200
7,9,63,1,1,0,0,63,1.2857142857142858,1,7,0.8095238095238095,9,0,0.0,-1.102800585277005,200
5,19,95,1,2,0,1,190,3.8,5,5,1.0,19,0,0.0,-1.171156459520579,200
2,14,28,1,0,1,1,14,7.0,1,2,0.9642857142857143,14,0,0.0,-0.6733744520107282,200
6,16,96,1,2,0,1,240,2.6666666666666665,6,6,1.0,16,0,0.0,-1.3190781777378366,200
11,20,220,0,1,0,1,220,1.8181818181818181,11,11,1.0,20,0,0.0,-0.1745755179930438,200
4,13,52,0,1,1,1,52,3.25,2,4,0.9615384615384616,13,0,0.0,-0.6399568354842927,200
10,3,30,0,2,0,1,135,0.3,10,10,1.0,3,0,0.0,0.527048680568073,200
5,2,10,0,2,0,1,20,0.4,5,5,1.0,2,0,0.0,0.4711006453824451,200
8,18,144,0,0,0,1,126,2.25,8,8,1.0,18,0,0.0,-1.0403907963224623,200
3,3,9,1,2,0,0,9,1.0,1,3,0.7777777777777778,3,2,0.6666666666666666,-0.28993311493996893,200
10,12,120,0,0,0,1,108,1.2,10,10,1.0,12,0,0.0,-1.3072128133073797,200
10,4,40,0,0,1,1,36,0.4,5,10,0.875,4,0,0.0,-0.8045179253918882,200
2,2,4,0,2,1,1,2,1.0,1,2,0.75,2,0,0.0,-0.32579529667005835,200
2,14,28,0,1,1,1,28,7.0,1,2,0.9642857142857143,14,0,0.0,-0.3617313472500366,200
12,3,36,0,2,1,0,198,0.25,1,12,0.6944444444444444,3,0,0.0,-0.33988231827162924,200
2,3,6,0,0,1,0,3,1.5,1,2,0.8333333333333334,3,0,0.0,-0.3446622992824149,200
11,5,55,1,0,1,1,50,0.45454545454545453,6,11,0.9090909090909091,5,0,0.0,-1.768027897534613,200
9,15,135,1,1,1,0,135,1.6666666666666667,8,9,0.9925925925925926,15,0,0.0,-2.0654601645521637,200
9,9,81,1,0,0,1,72,1.0,9,9,1.0,9,0,0.0,-1.9925606174257022,200
3,13,39,0,2,1,0,39,4.333333333333333,1,3,0.9487179487179487,13,0,0.0,-0.4430267802460037,200
6,10,60,0,2,1,1,150,1.6666666666666667,1,6,0.9166666666666666,10,0,0.0,-0.7845673363775448,200
3,1,3,0,0,0,0,2,0.3333333333333333,1,1,0.3333333333333333,1,0,0.0,-0.3064054149366168,200
6,12,72,0,0,0,0,60,2.0,1,6,0.7916666666666666,12,0,0.0,-0.5807904832919348,200
6,14,84,0,2,1,0,210,2.3333333333333335,1,6,0.9404761904761905,14,0,0.0,-0.9488329846405094,200
3,5,15,0,0,0,0,10,1.6666666666666667,1,3,0.8,5,0,0.0,-0.4273536861837183,200
9,9,81,0,1,1,1,81,1.0,4,9,0.9382716049382716,9,0,0.0,-1.3792546245414574,200
12,20,240,1,1,0,0,240,1.6666666666666667,1,12,0.85,20,2,0.1,-1.492507140767755,200
8,9,72,0,2,0,0,252,1.125,1,8,0.9027777777777778,9,0,0.0,0.14945899584346076,200
11,15,165,0,1,1,1,165,1.3636363636363635,5,11,0.9636363636363636,15,0,0.0,-2.196372955272829,200
6,16,96,1,1,0,0,96,2.6666666666666665,1,6,0.90625,16,0,0.0,-1.3044081832544498,200
6,5,30,1,0,1,1,25,0.8333333333333334,3,6,0.9,5,0,0.0,-1.1316449209969863,200
7,1,7,1,2,1,0,21,0.14285714285714285,1,1,0.14285714285714285,1,0,0.0,-0.34158313626452375,200
5,15,75,1,1,0,1,75,3.0,5,5,1.0,15,0,0.0,-1.1739086583818898,200
11,6,66,1,1,1,0,66,0.5454545454545454,10,11,0.9848484848484849,6,0,0.0,-2.398129169739961,200
9,2,18,0,2,0,1,72,0.2222222222222222,9,9,1.0,2,0,0.0,0.8653441569891759,200
4,7,28,0,2,1,0,42,1.75,1,4,0.8928571428571429,7,0,0.0,-0.4883767284162325,200
4,2,8,1,0,1,0,6,0.5,1,2,0.375,2,1,0.5,-0.31169004950344376,200
6,10,60,0,0,1,0,50,1.6666666666666667,1,6,0.75,10,0,0.0,-0.7703604508963641,200
9,7,63,0,1,0,1,63,0.7777777777777778,9,9,1.0,7,0,0.0,-0.22932524804067866,200
10,5,50,1,2,1,0,225,0.5,1,10,0.82,5,0,0.0,-1.2697906919026365,200
6,12,72,1,2,0,1,180,2.0,6,6,1.0,12,0,0.0,-1.330070753543762,200
12,18,216,0,0,1,1,198,1.5,6,12,0.9722222222222222,18,0,0.0,-2.2927399907302286,200
12,13,156,1,0,0,1,143,1.0833333333333333,12,12,1.0,13,0,0.0,-2.963711498670805,200
12,18,216,1,1,1,1,216,1.5,6,12,0.9722222222222222,18,0,0.0,-2.87624418948158,200
6,7,42,1,0,1,1,35,1.1666666666666667,3,6,0.9285714285714286,7,0,0.0,-1.2567847272682706,200
10,9,90,0,2,0,1,405,0.9,10,10,1.0,9,0,0.0,0.5690100992954061,200
12,3,36,0,0,1,1,33,0.25,6,12,0.8333333333333334,3,0,0.0,-0.5792197286786746,200
8,5,40,1,1,1,0,40,0.625,7,8,0.975,5,0,0.0,-1.5961362122990295,200
11,10,110,0,2,0,0,550,0.9090909090909091,1,11,0.9090909090909091,10,0,0.0,0.24533928914721212,200
3,7,21,0,2,1,0,21,2.3333333333333335,1,3,0.9047619047619048,7,0,0.0,-0.4411747217000649,200
9,5,45,1,1,1,0,45,0.5555555555555556,8,9,0.9777777777777777,5,0,0.0,-1.6542390126065245,200
12,14,168,1,0,0,0,154,1.1666666666666667,1,12,0.6071428571428571,14,0,0.0,-0.9310009356959296,200
10,13,130,1,0,1,1,117,1.3,5,10,0.9615384615384616,13,0,0.0,-2.324556534204961,200
12,3,36,1,1,1,1,36,0.25,6,12,0.8333333333333334,3,0,0.0,-1.0868956569420265,200
11,9,99,0,1,0,0,99,0.8181818181818182,1,11,0.696969696969697,9,0,0.0,-0.8748566212987067,200
10,2,20,0,2,1,1,90,0.2,1,10,0.55,2,0,0.0,-0.34984327802359994,200
10,20,200,1,2,1,0,900,2.0,1,10,0.955,20,0,0.0,-2.3618865175459742,200
9,4,36,1,1,0,0,36,0.4444444444444444,1,7,0.4444444444444444,4,1,0.25,-0.755610468138424,200
10,4,40,0,2,0,1,180,0.4,10,10,1.0,4,0,0.0,0.6875556729105788,200
3,10,30,0,2,1,0,30,3.3333333333333335,1,3,0.9333333333333333,10,0,0.0,-0.4621581237463727,200
10,10,100,0,2,1,1,450,1.0,1,10,0.91,10,0,0.0,-0.806075224922249,200
7,20,140,1,1,0,1,140,2.857142857142857,7,7,1.0,20,0,0.0,-1.5755097196626535,200
7,8,56,0,1,0,1,56,1.1428571428571428,7,7,1.0,8,0,0.0,0.00661964911190209,200
7,8,56,0,2,1,1,168,1.1428571428571428,1,7,0.8928571428571429,8,0,0.0,-0.6961031209010928,200
4,8,32,1,1,1,0,32,2.0,3,4,0.96875,8,0,0.0,-0.9100505291576018,200
12,10,120,1,2,1,1,660,0.8333333333333334,1,12,0.9083333333333333,10,0,0.0,-1.7795097461184615,200
4,5,20,1,0,0,0,15,1.25,1,4,0.7,5,0,0.0,-0.7813148041436097,200
5,1,5,1,0,0,1,4,0.2,5,5,1.0,1,0,0.0,-0.2541273379036785,200
11,16,176,1,2,1,1,880,1.4545454545454546,1,11,0.9431818181818182,16,0,0.0,-2.5882419949235995,200
7,4,28,0,0,1,1,24,0.5714285714285714,4,7,0.8928571428571429,4,0,0.0,-0.6717062294646631,200
9,19,171,1,1,0,1,171,2.111111111111111,9,9,1.0,19,0,0.0,-2.0644701263038803,200
12,18,216,0,0,0,0,198,1.5,1,12,0.6944444444444444,18,0,0.0,-0.6730771657637148,200
6,19,114,0,2,0,0,285,3.1666666666666665,1,6,0.956140350877193,19,0,0.0,-0.055551346882719635,200
7,8,56,0,2,1,0,168,1.1428571428571428,1,7,0.8928571428571429,8,0,0.0,-0.750698926358641,200
4,12,48,0,1,1,1,48,3.0,2,4,0.9583333333333334,12,0,0.0,-0.6282725774651182,200
3,12,36,1,1,0,1,36,4.0,3,3,1.0,12,1,0.08333333333333333,-0.7549031910381279,200
9,3,27,1,2,0,1,108,0.3333333333333333,9,9,1.0,3,0,0.0,-0.9272326543113387,200
12,16,192,0,2,0,0,1056,1.3333333333333333,1,12,0.9427083333333334,16,0,0.0,0.22641207193619886,200
8,4,32,0,0,1,1,28,0.5,4,8,0.875,4,0,0.0,-0.686632957167661,200
5,15,75,1,2,0,1,150,3.0,5,5,1.0,15,0,0.0,-1.0793725453938552,200
10,20,200,0,1,1,1,200,2.0,5,10,0.975,20,0,0.0,-1.9965027640043993,200
8,2,16,1,1,0,0,16,0.25,1,3,0.25,2,1,0.5,-0.2680009090999535,200
4,7,28,1,1,0,1,28,1.75,4,4,1.0,7,0,0.0,-1.038914091807022,200
4,6,24,0,0,1,1,18,1.5,2,4,0.9166666666666666,6,0,0.0,-0.5294882239187172,200
12,16,192,1,0,0,0,176,1.3333333333333333,1,12,0.65625,16,0,0.0,-0.9802542318885143,200
4,4,16,1,1,1,0,16,1.0,3,4,0.9375,4,0,0.0,-0.8830587329417293,200
9,18,162,0,1,0,0,162,2.0,1,9,0.8765432098765432,18,0,0.0,-1.0886876840786837,200
11,9,99,0,1,1,0,99,0.8181818181818182,10,11,0.98989898989899,9,0,0.0,-1.6548574695687062,200
9,7,63,1,2,1,1,252,0.7777777777777778,1,9,0.873015873015873,7,1,0.14285714285714285,-1.203318159624751,200
3,18,54,1,0,1,1,36,6.0,2,3,0.9814814814814815,18,0,0.0,-0.7994642372808748,200
8,19,152,0,2,1,1,532,2.375,1,8,0.9539473684210527,19,0,0.0,-1.4028634926604144,200
11,15,165,0,2,0,0,825,1.3636363636363635,1,11,0.9393939393939394,15,0,0.0,0.1885139581835364,200
8,12,96,0,0,1,0,84,1.5,1,8,0.7083333333333334,12,0,0.0,-1.0096651270650416,200
9,12,108,0,2,0,0,432,1.3333333333333333,1,9,0.9259259259259259,12,0,0.0,0.15133428881182726,200
4,1,4,1,1,1,1,4,0.25,2,2,0.5,1,0,0.0,-0.2999114127814982,200
9,12,108,1,2,0,0,432,1.3333333333333333,1,9,0.9259259259259259,12,2,0.16666666666666666,-1.5300724775063281,200
3,9,27,1,0,0,0,18,3.0,1,3,0.8888888888888888,9,1,0.1111111111111111,-0.8066943533032681,200
4,4,16,0,2,1,1,24,1.0,1,4,0.8125,4,0,0.0,-0.3965678602246623,200
7,11,77,1,0,1,1,66,1.5714285714285714,4,7,0.961038961038961,11,0,0.0,-1.621725503338144,200
11,7,77,1,2,0,0,385,0.6363636363636364,1,11,0.8701298701298701,7,0,0.0,-1.2701527859887132,200
7,5,35,1,0,0,0,30,0.7142857142857143,1,5,0.42857142857142855,5,2,0.4,-0.5232296568097947,200
4,10,40,0,2,1,1,60,2.5,1,4,0.925,10,0,0.0,-0.6000745918811669,200
12,7,84,0,2,1,0,462,0.5833333333333334,1,12,0.8690476190476191,7,0,0.0,-0.7841327182876952,200
3,3,9,1,1,1,1,9,1.0,1,3,0.7777777777777778,3,1,0.3333333333333333,-0.6760134866157481,200
6,1,6,0,0,0,1,5,0.16666666666666666,6,6,1.0,1,0,0.0,-0.14364567440070877,200
4,16,64,1,2,0,1,96,4.0,4,4,1.0,16,0,0.0,-0.8998938310035315,200
2,6,12,0,1,0,0,12,3.0,1,2,0.9166666666666666,6,0,0.0,-0.28723802400637277,200
12,4,48,1,1,1,1,48,0.3333333333333333,6,12,0.875,4,0,0.0,-1.782697707772221,200
2,2,4,0,0,1,1,2,1.0,1,2,0.75,2,0,0.0,-0.33033480170274465,200
5,9,45,1,2,0,1,90,1.8,5,5,1.0,9,0,0.0,-1.0933669835777156,200
2,17,34,0,1,0,1,34,8.5,2,2,1.0,17,0,0.0,-0.3186954776932102,200
4,14,56,0,0,0,1,42,3.5,4,4,1.0,14,0,0.0,-0.36031149269231466,200
4,6,24,1,2,1,1,36,1.5,1,4,0.875,6,1,0.16666666666666666,-0.8780343911724127,200
5,18,90,1,1,0,1,90,3.6,5,5,1.0,18,0,0.0,-1.1675706017487364,200
5,7,35,0,1,1,0,35,1.4,4,5,0.9714285714285714,7,0,0.0,-0.6836364457562228,200
9,9,81,1,1,1,0,81,1.0,8,9,0.9876543209876543,9,0,0.0,-2.08096516283695,200
5,13,65,0,0,0,1,52,2.6,5,5,1.0,13,0,0.0,-0.6274681492448531,200
9,9,81,1,0,1,1,72,1.0,5,9,0.9506172839506173,9,0,0.0,-2.08054887787591,200
2,3,6,1,1,1,0,6,1.5,1,2,0.8333333333333334,3,1,0.3333333333333333,-0.289086830577371,200
9,11,99,0,1,0,1,99,1.2222222222222223,9,9,1.0,11,0,0.0,-0.11097902728803749,200
7,18,126,0,0,1,1,108,2.5714285714285716,4,7,0.9761904761904762,18,0,0.0,-1.2096373815924322,200
4,10,40,0,2,1,1,60,2.5,1,4,0.925,10,0,0.0,-0.6063661644667602,200
2,13,26,0,1,1,1,26,6.5,1,2,0.9615384615384616,13,0,0.0,-0.367099738800273,200
7,8,56,0,0,1,1,48,1.1428571428571428,4,7,0.9464285714285714,8,0,0.0,-1.0005039706297594,200
2,13,26,1,1,0,0,26,6.5,1,2,0.9615384615384616,13,1,0.07692307692307693,-0.6397549991432305,200
10,20,200,0,1,1,1,200,2.0,5,10,0.975,20,0,0.0,-1.9936112902056422,200
5,8,40,1,1,0,0,40,1.6,1,5,0.85,8,0,0.0,-1.0627825310986758,200
11,15,165,1,1,1,1,165,1.3636363636363635,5,11,0.9636363636363636,15,0,0.0,-2.6094949049872835,200
3,14,42,1,0,1,0,28,4.666666666666667,1,3,0.9285714285714286,14,1,0.07142857142857142,-0.7944204669935354,200
10,15,150,0,2,0,1,675,1.5,10,10,1.0,15,0,0.0,0.5335269439277814,200
3,9,27,0,0,1,0,18,3.0,1,3,0.8888888888888888,9,0,0.0,-0.4775989357211199,200
2,20,40,0,2,0,1,20,10.0,2,2,1.0,20,0,0.0,-0.1447768185804657,200
4,11,44,1,1,1,1,44,2.75,2,4,0.9545454545454546,11,0,0.0,-0.9694732434261564,200
2,1,2,0,1,0,1,2,0.5,2,2,1.0,1,0,0.0,-0.3073972055137345,200
12,6,72,0,2,0,0,396,0.5,1,12,0.8472222222222222,6,0,0.0,0.41927744899398955,200
2,7,14,0,2,1,0,7,3.5,1,2,0.9285714285714286,7,0,0.0,-0.34615289643128994,200
12,1,12,0,1,1,1,12,0.08333333333333333,6,6,0.5,1,0,0.0,-0.08738321742033096,200
10,18,180,1,2,0,1,810,1.8,10,10,1.0,18,0,0.0,-2.2624922870479227,200
3,17,51,0,1,1,1,51,5.666666666666667,1,3,0.9607843137254902,17,0,0.0,-0.4730128727026236,200
10,15,150,0,1,0,0,150,1.5,1,10,0.8333333333333334,15,0,0.0,-1.1051847802580155,200
10,14,140,0,2,1,0,630,1.4,1,10,0.9357142857142857,14,0,0.0,-1.3688318189852462,200
8,15,120,1,2,0,0,420,1.875,1,8,0.9416666666666667,15,3,0.2,-1.6790768913233387,200
5,16,80,0,1,0,1,80,3.2,5,5,1.0,16,0,0.0,0.09842631905093849,200
4,4,16,0,2,0,1,24,1.0,4,4,1.0,4,0,0.0,0.22322403275072447,200
11,20,220,1,2,1,0,1100,1.8181818181818181,1,11,0.9545454545454546,20,2,0.1,-2.575508703117174,200
11,4,44,0,0,0,0,40,0.36363636363636365,1,4,0.22727272727272727,4,0,0.0,-0.4846904306383045,200
8,9,72,0,0,1,0,63,1.125,1,8,0.6111111111111112,9,0,0.0,-0.7324070497735696,200
11,20,220,1,0,0,1,200,1.8181818181818181,11,11,1.0,20,0,0.0,-2.6344105724820857,200
11,10,110,1,1,0,0,110,0.9090909090909091,1,11,0.7272727272727273,10,0,0.0,-1.1802352470684225,200
11,14,154,0,2,0,1,770,1.2727272727272727,11,11,1.0,14,0,0.0,0.6058406804383379,200
12,20,240,1,2,0,0,1320,1.6666666666666667,1,12,0.9541666666666667,20,0,0.0,-2.6985071785325974,200
8,10,80,1,0,1,1,70,1.25,4,8,0.95,10,1,0.1,-1.7581873862567337,200
5,7,35,0,0,0,0,28,1.4,1,5,0.7142857142857143,7,0,0.0,-0.48234090269190594,200
12,4,48,1,1,0,1,48,0.3333333333333333,12,12,1.0,4,0,0.0,-2.225677247280914,200
3,15,45,1,0,1,1,30,5.0,2,3,0.9777777777777777,15,0,0.0,-0.7593533967425186,200
4,16,64,0,1,1,0,64,4.0,3,4,0.984375,16,0,0.0,-0.6187112787510765,200
9,8,72,0,0,0,0,64,0.8888888888888888,1,8,0.5,8,0,0.0,-0.5189700166233255,200
7,9,63,1,1,1,1,63,1.2857142857142858,3,7,0.9365079365079365,9,0,0.0,-1.5897021291382762,200
8,1,8,0,0,1,0,7,0.125,1,1,0.125,1,0,0.0,-0.29156289390418616,200
8,19,152,0,2,1,0,532,2.375,1,8,0.9539473684210527,19,0,0.0,-1.4044154960368718,200
6,9,54,0,2,1,0,135,1.5,1,6,0.9074074074074074,9,0,0.0,-0.7752589507376967,200
11,18,198,1,0,0,0,180,1.6363636363636365,1,11,0.7222222222222222,18,0,0.0,-0.9907302638691187,200
2,20,40,1,1,0,1,40,10.0,2,2,1.0,20,0,0.0,-0.8542806349352453,200
6,11,66,0,0,0,1,55,1.8333333333333333,6,6,1.0,11,0,0.0,-0.667914817905768,200
6,3,18,0,0,0,1,15,0.5,6,6,1.0,3,0,0.0,-0.5246678820794719,200
10,4,40,0,1,0,1,40,0.4,10,10,1.0,4,0,0.0,-0.3351353217537952,200
11,18,198,1,2,1,0,990,1.6363636363636365,1,11,0.9494949494949495,18,1,0.05555555555555555,-2.5611976618888397,200
7,14,98,1,1,0,0,98,2.0,1,7,0.8775510204081632,14,2,0.14285714285714285,-1.2459756864999803,200
11,19,209,1,0,1,1,190,1.7272727272727273,6,11,0.9760765550239234,19,0,0.0,-2.6222146149752006,200
5,17,85,1,2,0,0,170,3.4,1,5,0.9529411764705882,17,0,0.0,-1.1940014748726184,200
9,5,45,0,2,0,1,180,0.5555555555555556,9,9,1.0,5,0,0.0,0.5989929962888123,200
9,13,117,1,0,1,1,104,1.4444444444444444,5,9,0.9658119658119658,13,0,0.0,-2.0889846087478765,200
12,19,228,1,1,1,0,228,1.5833333333333333,11,12,0.9956140350877193,19,0,0.0,-2.8390932521773893,200
12,3,36,1,2,1,0,198,0.25,1,12,0.6944444444444444,3,2,0.6666666666666666,-0.310219241303695,200
11,3,33,1,0,0,1,30,0.2727272727272727,11,11,1.0,3,0,0.0,-1.5605732090976834,200
5,17,85,1,1,1,0,85,3.4,4,5,0.9882352941176471,17,0,0.0,-1.1698176987948679,200
7,10,70,0,0,0,0,60,1.4285714285714286,1,7,0.7,10,0,0.0,-0.5360011683466805,200
8,5,40,1,0,0,0,35,0.625,1,5,0.375,5,1,0.2,-0.6013151761384906,200
11,3,33,0,0,0,0,30,0.2727272727272727,1,3,0.18181818181818182,3,0,0.0,-0.4145425835820133,200
2,5,10,0,1,1,0,10,2.5,1,2,0.9,5,0,0.0,-0.3851569526632119,200
5,1,5,0,1,0,1,5,0.2,5,5,1.0,1,0,0.0,-0.15050435576383933,200
10,13,130,0,0,1,0,117,1.3,1,10,0.6538461538461539,13,0,0.0,-1.0758698627902754,200
2,4,8,1,1,1,1,8,2.0,1,2,0.875,4,0,0.0,-0.5516019106842622,200
5,16,80,1,2,0,1,160,3.2,5,5,1.0,16,0,0.0,-1.1388635738637525,200
7,4,28,1,2,1,1,84,0.5714285714285714,1,7,0.7857142857142857,4,1,0.25,-1.0089830282211605,200
9,15,135,1,0,0,0,120,1.6666666666666667,1,9,0.7333333333333333,15,0,0.0,-0.9939805756940389,200
6,18,108,1,0,0,1,90,3.0,6,6,1.0,18,0,0.0,-1.393504844406594,200
9,10,90,0,1,1,1,90,1.1111111111111112,4,9,0.9444444444444444,10,0,0.0,-1.4925830661272355,200
6,5,30,1,2,1,1,75,0.8333333333333334,1,6,0.8333333333333334,5,1,0.2,-0.848749480373268,200
9,20,180,1,0,0,1,160,2.2222222222222223,9,9,1.0,20,0,0.0,-2.172195428732991,200
4,4,16,0,2,0,0,24,1.0,1,4,0.8125,4,0,0.0,-0.25007305525448303,200
2,15,30,0,2,0,0,15,7.5,1,2,0.9666666666666667,15,0,0.0,-0.32649366595758306,200
2,19,38,0,1,1,1,38,9.5,1,2,0.9736842105263158,19,0,0.0,-0.36004956336886196,200
11,9,99,0,0,1,0,90,0.8181818181818182,1,9,0.45454545454545453,9,0,0.0,-0.7344204465496877,200
6,20,120,0,1,0,1,120,3.3333333333333335,6,6,1.0,20,0,0.0,-0.26337131196660674,200
5,7,35,1,2,0,0,70,1.4,1,5,0.8857142857142857,7,0,0.0,-1.12322022221966,200
5,13,65,0,2,0,1,130,2.6,5,5,1.0,13,0,0.0,0.2514780979796849,200
2,2,4,0,2,1,1,2,1.0,1,2,0.75,2,0,0.0,-0.38451214342184625,200
2,19,38,0,2,0,0,19,9.5,1,2,0.9736842105263158,19,0,0.0,-0.2770455886683664,200
5,11,55,1,2,1,1,110,2.2,1,5,0.9272727272727272,11,1,0.09090909090909091,-1.2264189770302794,200
6,17,102,0,0,1,1,85,2.8333333333333335,3,6,0.9705882352941176,17,0,0.0,-1.001476972963513,200
11,16,176,0,1,1,1,176,1.4545454545454546,5,11,0.9659090909090909,16,0,0.0,-2.2195403443589314,200
5,9,45,1,0,0,1,36,1.8,5,5,1.0,9,0,0.0,-1.1810150858805522,200
4,20,80,1,1,0,1,80,5.0,4,4,1.0,20,0,0.0,-1.0070771447153162,200
11,18,198,0,1,0,0,198,1.6363636363636365,1,11,0.8484848484848485,18,0,0.0,-1.3185273461005933,200
10,20,200,0,0,0,1,180,2.0,10,10,1.0,20,0,0.0,-1.4298140069125844,200
11,14,154,0,1,1,0,154,1.2727272727272727,10,11,0.9935064935064936,14,0,0.0,-2.0830786598706146,200
12,17,204,0,1,1,0,204,1.4166666666666667,11,12,0.9950980392156863,17,0,0.0,-2.450668817455125,200
2,4,8,0,2,0,1,4,2.0,2,2,1.0,4,0,0.0,-0.10472516357763438,200
11,5,55,1,2,0,0,275,0.45454545454545453,1,11,0.8181818181818182,5,1,0.2,-0.9890882510947704,200
2,12,24,0,2,1,1,12,6.0,1,2,0.9583333333333334,12,0,0.0,-0.339284072169809,200
7,19,133,0,0,0,1,114,2.7142857142857144,7,7,1.0,19,0,0.0,-1.0060636410896098,200
3,14,42,1,2,0,1,42,4.666666666666667,3,3,1.0,14,0,0.0,-0.7780714456606722,200
8,6,48,1,0,0,0,42,0.75,1,6,0.4375,6,0,0.0,-0.8310147253806531,200
4,2,8,0,2,0,1,12,0.5,4,4,1.0,2,0,0.0,0.33534168656954444,200
5,14,70,0,0,1,1,56,2.8,3,5,0.9714285714285714,14,0,0.0,-0.7818007286451338,200
8,5,40,0,1,0,0,40,0.625,1,8,0.6,5,0,0.0,-0.6121714835684433,200
10,13,130,0,1,1,1,130,1.3,5,10,0.9615384615384616,13,0,0.0,-1.89376288184683,200
2,9,18,0,0,0,0,9,4.5,1,2,0.9444444444444444,9,0,0.0,-0.3027295883412447,200
8,7,56,0,2,1,0,196,0.875,1,8,0.875,7,0,0.0,-0.7011271055462648,200
6,2,12,1,1,1,0,12,0.3333333333333333,5,6,0.9166666666666666,2,0,0.0,-0.523641385176518,200
6,18,108,1,0,0,0,90,3.0,1,6,0.8611111111111112,18,0,0.0,-1.1013330716338952,200
9,14,126,1,2,1,0,504,1.5555555555555556,1,9,0.9365079365079365,14,3,0.21428571428571427,-1.8951044546453801,200
8,10,80,1,0,0,0,70,1.25,1,8,0.65,10,0,0.0,-0.8595655590470901,200
4,19,76,0,0,1,0,57,4.75,1,4,0.9210526315789473,19,0,0.0,-0.6674983544689599,200
11,10,110,0,2,0,1,550,0.9090909090909091,11,11,1.0,10,0,0.0,0.6253389493358745,200
12,17,204,1,2,1,0,1122,1.4166666666666667,1,12,0.946078431372549,17,0,0.0,-2.821989478877655,200
8,14,112,1,2,1,1,392,1.75,1,8,0.9375,14,0,0.0,-1.895838788049567,200
8,15,120,0,2,0,1,420,1.875,8,8,1.0,15,0,0.0,0.4364705484036067,200
7,6,42,1,2,1,1,126,0.8571428571428571,1,7,0.8571428571428571,6,1,0.16666666666666666,-0.8835254309083677,200
3,4,12,0,1,1,1,12,1.3333333333333333,1,3,0.8333333333333334,4,0,0.0,-0.47945306019829337,200
4,12,48,1,2,0,1,72,3.0,4,4,1.0,12,0,0.0,-0.934604833255025,200
9,4,36,1,1,1,1,36,0.4444444444444444,4,9,0.8611111111111112,4,0,0.0,-1.195338284035096,200
2,17,34,1,1,1,1,34,8.5,1,2,0.9705882352941176,17,0,0.0,-0.6879381480486803,200
8,1,8,0,2,1,0,28,0.125,1,1,0.125,1,0,0.0,-0.3097642679603487,200
12,20,240,1,0,0,1,220,1.6666666666666667,12,12,1.0,20,0,0.0,-2.918091399350411,200
7,4,28,0,2,1,0,84,0.5714285714285714,1,7,0.7857142857142857,4,0,0.0,-0.5159949318631927,200
6,2,12,1,1,1,0,12,0.3333333333333333,5,6,0.9166666666666666,2,0,0.0,-0.740994374018371,200
7,3,21,0,1,0,1,21,0.42857142857142855,7,7,1.0,3,0,0.0,-0.18588857696699956,200
6,17,102,0,0,1,1,85,2.8333333333333335,3,6,0.9705882352941176,17,0,0.0,-1.012009172272282,200
9,2,18,0,1,0,1,18,0.2222222222222222,9,9,1.0,2,0,0.0,-0.19173681782528038,200
2,2,4,1,2,0,0,2,1.0,1,2,0.75,2,0,0.0,-0.32228287486004603,200
12,9,108,1,1,0,0,108,0.75,1,12,0.6666666666666666,9,0,0.0,-1.0921833514843573,200
12,17,204,0,2,0,0,1122,1.4166666666666667,1,12,0.946078431372549,17,0,0.0,0.18511946643438523,200
7,7,49,1,0,1,1,42,1.0,4,7,0.9387755102040817,7,0,0.0,-1.4797090730496416,200
12,2,24,0,2,1,1,132,0.16666666666666666,1,12,0.5416666666666666,2,0,0.0,-0.3475367461943918,200
11,18,198,1,0,0,1,180,1.6363636363636365,11,11,1.0,18,0,0.0,-2.6679051998298444,200
12,2,24,1,2,1,1,132,0.16666666666666666,1,12,0.5416666666666666,2,0,0.0,-0.5845800912715948,200
9,18,162,1,1,0,1,162,2.0,9,9,1.0,18,0,0.0,-2.0447451333350015,200
3,17,51,1,2,1,1,51,5.666666666666667,1,3,0.9607843137254902,17,0,0.0,-0.8304090541201886,200
7,9,63,1,1,1,1,63,1.2857142857142858,3,7,0.9365079365079365,9,0,0.0,-1.6461447706070467,200
10,18,180,1,1,0,0,180,1.8,1,10,0.8611111111111112,18,0,0.0,-1.393801830320095,200
5,4,20,0,0,1,0,16,0.8,1,4,0.5,4,0,0.0,-0.4297488536005367,200
4,1,4,1,2,0,1,6,0.25,4,4,1.0,1,0,0.0,-0.2711679809239001,200
6,2,12,0,0,0,0,10,0.3333333333333333,1,2,0.25,2,0,0.0,-0.390510776317967,200
7,11,77,1,1,0,0,77,1.5714285714285714,1,7,0.8441558441558441,11,1,0.09090909090909091,-1.2383174314641643,200
8,5,40,1,0,0,0,35,0.625,1,5,0.375,5,1,0.2,-0.364357209987719,200
11,19,209,0,2,1,1,1045,1.7272727272727273,1,11,0.9521531100478469,19,0,0.0,-1.638489911780666,200
10,14,140,1,0,0,0,126,1.4,1,10,0.6785714285714286,14,1,0.07142857142857142,-0.9076660330571896,200
3,19,57,1,2,0,1,57,6.333333333333333,3,3,1.0,19,0,0.0,-0.7330739342330236,200
6,5,30,1,0,1,1,25,0.8333333333333334,3,6,0.9,5,0,0.0,-1.1525474073163542,200
3,8,24,1,0,1,0,16,2.6666666666666665,1,3,0.875,8,1,0.125,-0.7463790387823493,200
11,7,77,1,2,1,1,385,0.6363636363636364,1,11,0.8701298701298701,7,1,0.14285714285714285,-1.0047617413253092,200
7,19,133,0,0,0,1,114,2.7142857142857144,7,7,1.0,19,0,0.0,-0.9758886557111275,200
11,9,99,0,0,0,0,90,0.8181818181818182,1,9,0.45454545454545453,9,0,0.0,-0.5577960082306067,200
4,10,40,1,1,0,1,40,2.5,4,4,1.0,10,0,0.0,-0.9626516177300957,200
4,1,4,1,2,0,0,6,0.25,1,1,0.25,1,0,0.0,-0.30783219619280083,200
3,12,36,0,2,0,1,36,4.0,3,3,1.0,12,0,0.0,0.04958710940330127,200
5,13,65,1,1,0,0,65,2.6,1,5,0.9076923076923077,13,2,0.15384615384615385,-1.115100249004622,200
4,15,60,1,0,0,0,45,3.75,1,4,0.9,15,1,0.06666666666666667,-0.9521334757924274,200
9,5,45,1,2,0,1,180,0.5555555555555556,9,9,1.0,5,0,0.0,-1.3791476645587504,200
2,16,32,1,2,0,0,16,8.0,1,2,0.96875,16,0,0.0,-0.6595678750392567,200
11,15,165,0,0,0,1,150,1.3636363636363635,11,11,1.0,15,0,0.0,-1.5596522705565898,200
4,18,72,0,2,1,1,108,4.5,1,4,0.9583333333333334,18,0,0.0,-0.6326974072356722,200
10,20,200,1,1,0,0,200,2.0,1,10,0.875,20,0,0.0,-1.478675712495654,200
10,18,180,0,2,1,1,810,1.8,1,10,0.95,18,0,0.0,-1.5523406758952707,200
5,15,75,1,0,0,1,60,3.0,5,5,1.0,15,0,0.0,-1.1843265523756674,200
12,6,72,0,1,1,1,72,0.5,6,12,0.9166666666666666,6,0,0.0,-1.2760791155882316,200
7,3,21,1,2,0,0,63,0.42857142857142855,1,7,0.7142857142857143,3,2,0.6666666666666666,-0.2667591739012721,200
3,3,9,0,2,0,0,9,1.0,1,3,0.7777777777777778,3,0,0.0,-0.22083004639577836,200
8,16,128,0,2,0,1,448,2.0,8,8,1.0,16,0,0.0,0.46073521331424033,200
11,10,110,0,1,1,0,110,0.9090909090909091,10,11,0.990909090909091,10,0,0.0,-1.719153814972339,200
6,12,72,0,0,1,1,60,2.0,3,6,0.9583333333333334,12,0,0.0,-0.9663025482499328,200
5,4,20,1,1,1,1,20,0.8,2,5,0.85,4,1,0.25,-0.964298786871182,200
8,1,8,0,2,1,1,28,0.125,1,1,0.125,1,0,0.0,-0.28785371340000254,200
2,7,14,1,2,1,0,7,3.5,1,2,0.9285714285714286,7,0,0.0,-0.8633702143454282,200
12,8,96,0,2,0,1,528,0.6666666666666666,12,12,1.0,8,0,0.0,0.6665214227657262,200
10,15,150,0,2,1,0,675,1.5,1,10,0.94,15,0,0.0,-1.4112991646021391,200
9,3,27,1,0,1,1,24,0.3333333333333333,5,9,0.8518518518518519,3,0,0.0,-1.139275125988829,200
5,6,30,0,1,0,0,30,1.2,1,5,0.8,6,0,0.0,-0.5695637674909247,200
12,20,240,1,0,1,1,220,1.6666666666666667,6,12,0.975,20,0,0.0,-2.8590177597370854,200
12,16,192,0,1,1,0,192,1.3333333333333333,11,12,0.9947916666666666,16,0,0.0,-2.4167324288172467,200
11,10,110,1,2,1,1,550,0.9090909090909091,1,11,0.9090909090909091,10,0,0.0,-1.752289966270386,200
6,16,96,0,0,0,1,80,2.6666666666666665,6,6,1.0,16,0,0.0,-0.5831949819847303,200
5,3,15,0,2,1,0,30,0.6,1,5,0.7333333333333333,3,0,0.0,-0.4238890047591188,200
10,9,90,0,2,0,1,405,0.9,10,10,1.0,9,0,0.0,0.5631766203641076,200
3,19,57,0,2,1,1,57,6.333333333333333,1,3,0.9649122807017544,19,0,0.0,-0.48023078162728244,200
6,7,42,1,0,1,1,35,1.1666666666666667,3,6,0.9285714285714286,7,0,0.0,-1.3219194345026473,200
6,9,54,1,0,0,0,45,1.5,1,6,0.7222222222222222,9,0,0.0,-0.869729340094035,200
4,1,4,0,1,0,0,4,0.25,1,1,0.25,1,0,0.0,-0.3471845084852256,200
12,15,180,0,2,0,1,990,1.25,12,12,1.0,15,0,0.0,0.6221153296081923,200
12,14,168,0,2,1,0,924,1.1666666666666667,1,12,0.9345238095238095,14,0,0.0,-1.4936021567609443,200
8,8,64,0,2,1,1,224,1.0,1,8,0.890625,8,0,0.0,-0.6721961636422729,200
8,12,96,0,0,0,1,84,1.5,8,8,1.0,12,0,0.0,-1.0011277806124395,200
11,2,22,1,1,0,0,22,0.18181818181818182,1,3,0.18181818181818182,2,1,0.5,-0.31534180615429475,200
6,7,42,1,0,0,1,35,1.1666666666666667,6,6,1.0,7,0,0.0,-1.3229672323310047,200
12,1,12,1,2,0,1,66,0.08333333333333333,12,12,1.0,1,0,0.0,-0.10236745243201593,200
10,2,20,0,2,0,1,90,0.2,10,10,1.0,2,0,0.0,0.9224745120930512,200
9,11,99,0,1,1,0,99,1.2222222222222223,8,9,0.98989898989899,11,0,0.0,-1.5216317080843862,200
6,19,114,0,2,1,1,285,3.1666666666666665,1,6,0.956140350877193,19,0,0.0,-1.0569231638047505,200
10,16,160,0,1,1,0,160,1.6,9,10,0.99375,16,0,0.0,-1.9725127765752475,200
8,16,128,1,0,1,0,112,2.0,1,8,0.78125,16,0,0.0,-1.9579149814696828,200
8,1,8,0,1,0,0,8,0.125,1,1,0.125,1,0,0.0,-0.3569354058799576,200
7,20,140,1,0,1,0,120,2.857142857142857,1,7,0.85,20,0,0.0,-1.7318218116996986,200
6,1,6,1,1,1,1,6,0.16666666666666666,3,3,0.5,1,0,0.0,-0.29632620559533307,200
12,10,120,1,0,1,1,110,0.8333333333333334,6,12,0.95,10,0,0.0,-2.7766342037465335,200
10,18,180,1,0,0,0,162,1.8,1,10,0.75,18,1,0.05555555555555555,-1.035060289787027,200
2,11,22,1,0,1,1,11,5.5,1,2,0.9545454545454546,11,0,0.0,-0.7141711750846361,200
10,2,20,1,1,1,1,20,0.2,5,10,0.75,2,0,0.0,-0.7813929323462073,200
12,4,48,0,1,0,0,48,0.3333333333333333,1,7,0.3333333333333333,4,0,0.0,-0.5581170955344128,200
3,1,3,0,2,1,0,3,0.3333333333333333,1,1,0.3333333333333333,1,0,0.0,-0.2967159097155982,200
10,3,30,0,1,1,0,30,0.3,9,10,0.9666666666666667,3,0,0.0,-0.6328715088112294,200
4,11,44,1,1,0,0,44,2.75,1,4,0.9090909090909091,11,0,0.0,-0.9605870511938377,200
2,9,18,0,1,0,1,18,4.5,2,2,1.0,9,0,0.0,-0.30915185456272476,200
9,1,9,0,2,1,0,36,0.1111111111111111,1,1,0.1111111111111111,1,0,0.0,-0.3278604831778532,200
9,17,153,1,0,1,0,136,1.8888888888888888,1,9,0.7647058823529411,17,1,0.058823529411764705,-2.1505481620901814,200
5,6,30,0,1,1,0,30,1.2,4,5,0.9666666666666667,6,0,0.0,-0.6658197572175674,200
12,10,120,0,1,1,0,120,0.8333333333333334,11,12,0.9916666666666667,10,0,0.0,-1.9039477099143294,200
6,14,84,0,2,0,1,210,2.3333333333333335,6,6,1.0,14,0,0.0,0.3607827941579349,200
12,15,180,0,0,0,0,165,1.25,1,12,0.6333333333333333,15,0,0.0,-0.6413517117595566,200
12,19,228,0,0,1,0,209,1.5833333333333333,1,12,0.7105263157894737,19,0,0.0,-1.6320128181423184,200
3,4,12,0,0,1,1,8,1.3333333333333333,2,3,0.9166666666666666,4,0,0.0,-0.39078454021388176,200
3,5,15,0,1,1,0,15,1.6666666666666667,2,3,0.9333333333333333,5,0,0.0,-0.42124069802525405,200
4,20,80,0,1,1,1,80,5.0,2,4,0.975,20,0,0.0,-0.6492866801841788,200
12,17,204,0,2,1,1,1122,1.4166666666666667,1,12,0.946078431372549,17,0,0.0,-1.4639977290584296,200
11,13,143,1,0,0,1,130,1.1818181818181819,11,11,1.0,13,0,0.0,-2.695112768855678,200
4,19,76,1,1,0,1,76,4.75,4,4,1.0,19,0,0.0,-0.9727096797249483,200
8,5,40,0,1,1,0,40,0.625,7,8,0.975,5,0,0.0,-0.8792989404067542,200
8,4,32,0,0,1,1,28,0.5,4,8,0.875,4,0,0.0,-0.7123895884948103,200
10,18,180,1,2,1,0,810,1.8,1,10,0.95,18,0,0.0,-2.377675424649325,200
5,2,10,0,2,0,1,20,0.4,5,5,1.0,2,0,0.0,0.4887928790314391,200
7,17,119,1,1,1,1,119,2.4285714285714284,3,7,0.9663865546218487,17,0,0.0,-1.5966785349426147,200
4,13,52,1,2,0,1,78,3.25,4,4,1.0,13,0,0.0,-0.9108132245621303,200
11,15,165,1,2,0,1,825,1.3636363636363635,11,11,1.0,15,0,0.0,-2.392349585949192,200
12,12,144,0,1,0,1,144,1.0,12,12,1.0,12,0,0.0,-0.3563285209251841,200
6,17,102,0,2,0,1,255,2.8333333333333335,6,6,1.0,17,0,0.0,0.30636801786354817,200
7,20,140,1,1,1,1,140,2.857142857142857,3,7,0.9714285714285714,20,0,0.0,-1.618264224874393,200
3,8,24,0,1,1,1,24,2.6666666666666665,1,3,0.9166666666666666,8,0,0.0,-0.471952579719491,200
9,20,180,0,0,0,1,160,2.2222222222222223,9,9,1.0,20,0,0.0,-1.4132983777851964,200
3,5,15,0,2,1,0,15,1.6666666666666667,1,3,0.8666666666666667,5,0,0.0,-0.40461929118197937,200
7,6,42,0,2,1,0,126,0.8571428571428571,1,7,0.8571428571428571,6,0,0.0,-0.6384916894240749,200
4,3,12,1,2,1,1,18,0.75,1,4,0.75,3,0,0.0,-0.9037573396376294,200
8,1,8,0,2,1,0,28,0.125,1,1,0.125,1,0,0.0,-0.3355858145497747,200
10,9,90,1,2,1,0,405,0.9,1,10,0.9,9,0,0.0,-2.1644752548345467,200
11,15,165,1,1,1,1,165,1.3636363636363635,5,11,0.9636363636363636,15,0,0.0,-2.594415918753081,200
2,5,10,0,1,1,0,10,2.5,1,2,0.9,5,0,0.0,-0.3540774356716153,200
3,16,48,1,2,0,1,48,5.333333333333333,3,3,1.0,16,0,0.0,-0.7603874701345981,200
6,8,48,1,1,1,0,48,1.3333333333333333,5,6,0.9791666666666666,8,0,0.0,-1.3743941324232922,200
12,12,144,0,0,0,1,132,1.0,12,12,1.0,12,0,0.0,-1.4891068876874507,200
8,7,56,1,1,1,0,56,0.875,7,8,0.9821428571428571,7,0,0.0,-1.7710008891890638,200
11,9,99,0,1,1,1,99,0.8181818181818182,5,11,0.9393939393939394,9,0,0.0,-1.7173816816187346,200
8,7,56,1,2,1,0,196,0.875,1,8,0.875,7,1,0.14285714285714285,-1.2632489437609313,200
10,6,60,0,1,1,0,60,0.6,9,10,0.9833333333333333,6,0,0.0,-1.1051243046677006,200
8,1,8,1,2,0,0,28,0.125,1,1,0.125,1,0,0.0,-0.27886301366907207,200
7,17,119,0,1,1,1,119,2.4285714285714284,3,7,0.9663865546218487,17,0,0.0,-1.2375752296588225,200
3,5,15,0,2,1,1,15,1.6666666666666667,1,3,0.8666666666666667,5,0,0.0,-0.39389933890629764,200
4,10,40,1,2,1,0,60,2.5,1,4,0.925,10,0,0.0,-0.9133661653522948,200
7,1,7,0,2,0,0,21,0.14285714285714285,1,1,0.14285714285714285,1,0,0.0,-0.3131190881404992,200
12,15,180,1,1,1,1,180,1.25,6,12,0.9666666666666667,15,0,0.0,-2.869275808148034,200
10,19,190,0,1,1,1,190,1.9,5,10,0.9736842105263158,19,0,0.0,-1.9881268390078055,200
11,19,209,0,1,0,0,209,1.7272727272727273,1,11,0.8564593301435407,19,0,0.0,-1.18674564920268,200
2,17,34,1,2,1,0,17,8.5,1,2,0.9705882352941176,17,1,0.058823529411764705,-0.7115635307797641,200
10,15,150,0,0,1,0,135,1.5,1,10,0.7,15,0,0.0,-1.2569731712934684,200
7,11,77,1,0,1,0,66,1.5714285714285714,1,7,0.7272727272727273,11,0,0.0,-1.5490712050524662,200
3,2,6,0,2,1,0,6,0.6666666666666666,1,3,0.6666666666666666,2,0,0.0,-0.30377184309687283,200
9,4,36,1,1,1,0,36,0.4444444444444444,8,9,0.9722222222222222,4,0,0.0,-1.48117241207821,200
4,12,48,0,1,1,1,48,3.0,2,4,0.9583333333333334,12,0,0.0,-0.6400844880495258,200
2,1,2,0,1,1,1,2,0.5,1,1,0.5,1,0,0.0,-0.34206891567775927,200
12,7,84,1,1,1,0,84,0.5833333333333334,11,12,0.9880952380952381,7,0,0.0,-2.8068585393051366,200
10,19,190,1,0,1,0,171,1.9,1,10,0.7631578947368421,19,1,0.05263157894736842,-2.3711881041269547,200
4,14,56,1,1,1,1,56,3.5,2,4,0.9642857142857143,14,0,0.0,-0.962196918822524,200
10,10,100,1,2,1,1,450,1.0,1,10,0.91,10,0,0.0,-1.9009052951106917,200
3,11,33,1,2,1,0,33,3.6666666666666665,1,3,0.9393939393939394,11,0,0.0,-0.7875252316030759,200
3,10,30,0,2,0,1,30,3.3333333333333335,3,3,1.0,10,0,0.0,0.06045149298651152,200
6,20,120,0,2,1,1,300,3.3333333333333335,1,6,0.9583333333333334,20,0,0.0,-1.0691327519581055,200
4,8,32,1,0,1,1,24,2.0,2,4,0.9375,8,0,0.0,-1.0329182973308038,200
6,19,114,1,1,0,0,114,3.1666666666666665,1,6,0.9210526315789473,19,1,0.05263157894736842,-1.3376923714191598,200
9,13,117,0,2,0,0,468,1.4444444444444444,1,9,0.9316239316239316,13,0,0.0,0.11985468712360497,200
4,1,4,1,0,0,1,3,0.25,4,4,1.0,1,0,0.0,-0.15589576306482067,200
10,18,180,0,1,1,0,180,1.8,9,10,0.9944444444444445,18,0,0.0,-1.948277037708341,200
7,20,140,0,2,0,1,420,2.857142857142857,7,7,1.0,20,0,0.0,0.43102075483489616,200
5,12,60,0,2,0,1,120,2.4,5,5,1.0,12,0,0.0,0.2701020721159656,200
6,9,54,1,0,1,1,45,1.5,3,6,0.9444444444444444,9,0,0.0,-1.2798935639600113,200
12,4,48,0,0,1,1,44,0.3333333333333333,6,12,0.875,4,0,0.0,-0.824579090687485,200
9,18,162,0,1,1,0,162,2.0,8,9,0.9938271604938271,18,0,0.0,-1.7328835536253209,200
6,14,84,1,1,0,0,84,2.3333333333333335,1,6,0.8928571428571429,14,2,0.14285714285714285,-1.2225421827892518,200
8,3,24,0,2,0,1,84,0.375,8,8,1.0,3,0,0.0,0.4028707275334522,200
9,15,135,1,2,1,0,540,1.6666666666666667,1,9,0.9407407407407408,15,1,0.06666666666666667,-2.073425481125573,200
8,8,64,0,2,1,0,224,1.0,1,8,0.890625,8,0,0.0,-0.8009623554040183,200
9,14,126,1,1,1,0,126,1.5555555555555556,8,9,0.9920634920634921,14,0,0.0,-2.074350856438254,200
6,20,120,0,2,1,1,300,3.3333333333333335,1,6,0.9583333333333334,20,0,0.0,-1.0631774724776228,200
10,18,180,0,0,0,1,162,1.8,10,10,1.0,18,0,0.0,-1.3690328497954627,200
12,3,36,1,0,1,1,33,0.25,6,12,0.8333333333333334,3,0,0.0,-1.2562543607260759,200
11,10,110,1,0,0,1,100,0.9090909090909091,11,11,1.0,10,0,0.0,-2.6852320698875825,200
5,11,55,1,0,0,0,44,2.2,1,5,0.8181818181818182,11,0,0.0,-0.948115119357185,200
3,19,57,1,0,0,1,38,6.333333333333333,3,3,1.0,19,0,0.0,-0.7891240745968362,200
7,10,70,1,0,1,1,60,1.4285714285714286,4,7,0.9571428571428572,10,0,0.0,-1.5636583336366208,200
8,10,80,1,2,0,1,280,1.25,8,8,1.0,10,0,0.0,-1.565497468871775,200
11,9,99,0,2,0,1,495,0.8181818181818182,11,11,1.0,9,0,0.0,0.639114288641941,200
3,13,39,0,0,0,0,26,4.333333333333333,1,3,0.9230769230769231,13,0,0.0,-0.4429302003543526,200
7,1,7,1,0,0,0,6,0.14285714285714285,1,1,0.14285714285714285,1,0,0.0,-0.3024539439442176,200
8,9,72,1,2,0,0,252,1.125,1,8,0.9027777777777778,9,0,0.0,-1.3515809718768084,200
3,16,48,0,2,1,1,48,5.333333333333333,1,3,0.9583333333333334,16,0,0.0,-0.4678133130879446,200
3,13,39,0,1,0,1,39,4.333333333333333,3,3,1.0,13,0,0.0,0.051261915747227965,200
9,7,63,1,1,1,1,63,0.7777777777777778,4,9,0.9206349206349206,7,0,0.0,-1.6840848050322996,200
4,13,52,0,0,1,1,39,3.25,2,4,0.9615384615384616,13,0,0.0,-0.6150909634675392,200
12,4,48,1,1,1,0,48,0.3333333333333333,11,12,0.9791666666666666,4,0,0.0,-1.7890791771107695,200
9,4,36,1,2,0,1,144,0.4444444444444444,9,9,1.0,4,0,0.0,-1.0156876483017874,200
10,8,80,1,0,1,0,72,0.8,1,8,0.45,8,0,0.0,-1.3638037271677785,200
2,12,24,0,0,0,0,12,6.0,1,2,0.9583333333333334,12,0,0.0,-0.31260670843154853,200
7,4,28,0,0,0,1,24,0.5714285714285714,7,7,1.0,4,0,0.0,-0.7090989459577566,200
7,17,119,1,1,1,0,119,2.4285714285714284,6,7,0.9915966386554622,17,0,0.0,-1.5988062698532142,200
5,11,55,1,2,0,1,110,2.2,5,5,1.0,11,0,0.0,-1.1322378025533542,200
5,12,60,0,0,0,0,48,2.4,1,5,0.8333333333333334,12,0,0.0,-0.5584534761498887,200
4,4,16,1,1,1,0,16,1.0,3,4,0.9375,4,0,0.0,-0.8326527173305746,200
12,20,240,1,2,0,0,1320,1.6666666666666667,1,12,0.9541666666666667,20,0,0.0,-2.772034149073198,200
8,19,152,0,0,1,1,133,2.375,4,8,0.9736842105263158,19,0,0.0,-1.4550910064288212,200
3,3,9,0,0,0,0,6,1.0,1,3,0.6666666666666666,3,0,0.0,-0.441501442909695,200
9,18,162,1,0,1,1,144,2.0,5,9,0.9753086419753086,18,0,0.0,-2.1110249467502586,200
7,20,140,1,0,1,0,120,2.857142857142857,1,7,0.85,20,0,0.0,-1.6790532279036698,200
11,4,44,0,2,0,0,220,0.36363636363636365,1,11,0.7727272727272727,4,0,0.0,0.1945584280060272,200
3,6,18,1,2,1,0,18,2.0,1,3,0.8888888888888888,6,1,0.16666666666666666,-0.7796746379211958,200
6,1,6,0,0,0,1,5,0.16666666666666666,6,6,1.0,1,0,0.0,-0.1254753134054764,200
5,8,40,0,2,0,1,80,1.6,5,5,1.0,8,0,0.0,0.31643528580657315,200
11,12,132,0,1,0,0,132,1.0909090909090908,1,11,0.7727272727272727,12,0,0.0,-0.9579858073990271,200
5,11,55,1,1,1,0,55,2.2,4,5,0.9818181818181818,11,0,0.0,-1.177554342095116,200
9,15,135,1,2,1,0,540,1.6666666666666667,1,9,0.9407407407407408,15,0,0.0,-2.1614112676376673,200
8,11,88,0,1,1,0,88,1.375,7,8,0.9886363636363636,11,0,0.0,-1.3888904710022536,200
4,20,80,1,1,0,0,80,5.0,1,4,0.95,20,0,0.0,-1.0025585996311173,200
10,8,80,0,2,1,0,360,0.8,1,10,0.8875,8,0,0.0,-0.8387114750444923,200
12,16,192,1,1,1,1,192,1.3333333333333333,6,12,0.96875,16,0,0.0,-2.8745277577797093,200
11,13,143,1,1,0,1,143,1.1818181818181819,11,11,1.0,13,0,0.0,-2.642077304025313,200
10,14,140,0,1,1,1,140,1.4,5,10,0.9642857142857143,14,0,0.0,-1.9492193560621947,200
11,6,66,0,2,0,0,330,0.5454545454545454,1,11,0.8484848484848485,6,0,0.0,0.23110496489731833,200
11,4,44,0,1,1,1,44,0.36363636363636365,5,11,0.8636363636363636,4,0,0.0,-0.8346955626934799,200
5,18,90,0,2,0,0,180,3.6,1,5,0.9555555555555556,18,0,0.0,-0.07578777431500701,200
7,20,140,0,0,1,0,120,2.857142857142857,1,7,0.85,20,0,0.0,-1.2456305430132024,200
10,12,120,0,1,0,0,120,1.2,1,10,0.7916666666666666,12,0,0.0,-0.9467913859858872,200
10,9,90,0,1,1,1,90,0.9,5,10,0.9444444444444444,9,0,0.0,-1.6035499572959628,200
8,15,120,0,0,0,1,105,1.875,8,8,1.0,15,0,0.0,-1.0294843913469345,200
9,12,108,1,1,1,0,108,1.3333333333333333,8,9,0.9907407407407407,12,0,0.0,-2.10042511341611,200
12,14,168,1,0,1,1,154,1.1666666666666667,6,12,0.9642857142857143,14,0,0.0,-2.865704447432412,200
4,1,4,0,0,1,1,3,0.25,2,2,0.5,1,0,0.0,-0.2929384322547655,200
7,14,98,0,0,0,0,84,2.0,1,7,0.7857142857142857,14,0,0.0,-0.6195261713628192,200
6,19,114,1,0,0,0,95,3.1666666666666665,1,6,0.868421052631579,19,0,0.0,-1.1024514762974473,200
4,6,24,1,2,0,0,36,1.5,1,4,0.875,6,0,0.0,-0.8859973414729191,200
9,18,162,0,1,1,1,162,2.0,4,9,0.9691358024691358,18,0,0.0,-1.7413729023299003,200
4,13,52,0,2,0,0,78,3.25,1,4,0.9423076923076923,13,0,0.0,-0.16021636609690912,200
11,10,110,1,1,0,1,110,0.9090909090909091,11,11,1.0,10,0,0.0,-2.7135482940618245,200
2,3,6,0,0,0,1,3,1.5,2,2,1.0,3,0,0.0,-0.1618940781107509,200
4,7,28,1,0,1,0,21,1.75,1,4,0.7857142857142857,7,0,0.0,-0.9398140318533603,200
10,8,80,0,2,1,1,360,0.8,1,10,0.8875,8,0,0.0,-0.6766604266540962,200
10,19,190,0,2,1,0,855,1.9,1,10,0.9526315789473684,19,0,0.0,-1.7055705615080234,200
5,19,95,1,0,0,1,76,3.8,5,5,1.0,19,0,0.0,-1.165237297419638,200
7,11,77,0,2,1,0,231,1.5714285714285714,1,7,0.922077922077922,11,0,0.0,-0.9513149033011239,200
4,2,8,0,0,0,0,6,0.5,1,2,0.375,2,0,0.0,-0.4221457243318554,200
2,17,34,1,0,1,1,17,8.5,1,2,0.9705882352941176,17,0,0.0,-0.6627073271684646,200
3,7,21,1,2,1,1,21,2.3333333333333335,1,3,0.9047619047619048,7,0,0.0,-0.837012909147962,200
7,5,35,1,0,0,1,30,0.7142857142857143,7,7,1.0,5,0,0.0,-1.8058813934556743,200
2,20,40,1,1,1,1,40,10.0,1,2,0.975,20,0,0.0,-0.6792495320054273,200
7,6,42,0,0,0,0,36,0.8571428571428571,1,6,0.5,6,0,0.0,-0.4801136246618994,200
3,17,51,0,0,1,0,34,5.666666666666667,1,3,0.9411764705882353,17,0,0.0,-0.4642005108849868,200
6,13,78,1,0,0,1,65,2.1666666666666665,6,6,1.0,13,0,0.0,-1.5243064597417835,200
4,12,48,0,1,0,1,48,3.0,4,4,1.0,12,0,0.0,-0.17492477739920667,200
10,3,30,0,0,1,1,27,0.3,5,10,0.8333333333333334,3,0,0.0,-0.5696729826558888,200
5,10,50,1,1,1,1,50,2.0,2,5,0.94,10,0,0.0,-1.1822015243892539,200
9,4,36,1,0,0,0,32,0.4444444444444444,1,4,0.2777777777777778,4,0,0.0,-0.6062902332255565,200
7,15,105,0,1,1,0,105,2.142857142857143,6,7,0.9904761904761905,15,0,0.0,-1.2274670348898185,200
5,4,20,1,2,1,0,40,0.8,1,5,0.8,4,0,0.0,-0.9714726184889427,200
4,19,76,1,2,0,1,114,4.75,4,4,1.0,19,0,0.0,-0.8915461270480777,200
5,11,55,0,2,1,0,110,2.2,1,5,0.9272727272727272,11,0,0.0,-0.7371336589563928,200
4,20,80,0,0,0,0,60,5.0,1,4,0.925,20,0,0.0,-0.5025488275146407,200
3,18,54,1,0,1,0,36,6.0,1,3,0.9444444444444444,18,0,0.0,-0.8141798999729428,200
5,17,85,0,0,1,1,68,3.4,3,5,0.9764705882352941,17,0,0.0,-0.8024181435258513,200
2,16,32,1,1,1,1,32,8.0,1,2,0.96875,16,2,0.125,-0.6616037979501247,200
3,20,60,1,2,1,1,60,6.666666666666667,1,3,0.9666666666666667,20,0,0.0,-0.8035149748847039,200
5,11,55,1,2,1,0,110,2.2,1,5,0.9272727272727272,11,1,0.09090909090909091,-1.2065245129221314,200
5,1,5,1,2,0,0,10,0.2,1,1,0.2,1,0,0.0,-0.33037124060069994,200
7,6,42,1,2,1,0,126,0.8571428571428571,1,7,0.8571428571428571,6,2,0.3333333333333333,-0.8601777605707636,200
5,6,30,1,2,1,0,60,1.2,1,5,0.8666666666666667,6,0,0.0,-1.129037868320756,200
10,2,20,1,2,0,0,90,0.2,1,10,0.55,2,0,0.0,-0.5513180133109715,200
10,5,50,1,2,1,0,225,0.5,1,10,0.82,5,1,0.2,-0.8885094174864119,200
3,18,54,0,2,0,1,54,6.0,3,3,1.0,18,0,0.0,0.07944368064620266,200
8,18,144,1,2,1,1,504,2.25,1,8,0.9513888888888888,18,2,0.1111111111111111,-1.9017577613762118,200
6,17,102,1,1,1,1,102,2.8333333333333335,3,6,0.9705882352941176,17,0,0.0,-1.3732594948611359,200
8,9,72,0,0,1,1,63,1.125,4,8,0.9444444444444444,9,0,0.0,-1.1212366565077234,200
8,6,48,1,0,1,1,42,0.75,4,8,0.9166666666666666,6,0,0.0,-1.5634656112136291,200
11,13,143,1,1,1,0,143,1.1818181818181819,10,11,0.993006993006993,13,0,0.0,-2.5610354728308606,200
9,6,54,0,0,0,0,48,0.6666666666666666,1,6,0.3888888888888889,6,0,0.0,-0.4803085837722834,200
6,6,36,0,2,0,1,90,1.0,6,6,1.0,6,0,0.0,0.35908390926517936,200
10,16,160,0,0,0,1,144,1.6,10,10,1.0,16,0,0.0,-1.2636236560634866,200
4,8,32,1,0,0,1,24,2.0,4,4,1.0,8,0,0.0,-1.1499261941793986,200
11,20,220,1,0,0,1,200,1.8181818181818181,11,11,1.0,20,0,0.0,-2.6479986912757987,200
7,17,119,1,2,0,0,357,2.4285714285714284,1,7,0.9495798319327731,17,1,0.058823529411764705,-1.589774990038569,200
6,12,72,1,0,0,0,60,2.0,1,6,0.7916666666666666,12,0,0.0,-1.093748049845022,200
3,4,12,0,1,0,1,12,1.3333333333333333,3,3,1.0,4,0,0.0,0.09102254450330627,200
6,5,30,0,2,0,1,75,0.8333333333333334,6,6,1.0,5,0,0.0,0.3430067547359545,200
4,1,4,0,0,0,1,3,0.25,4,4,1.0,1,0,0.0,-0.2046650825132696,200
2,8,16,0,2,1,1,8,4.0,1,2,0.9375,8,0,0.0,-0.33876294953792563,200
2,19,38,0,0,1,0,19,9.5,1,2,0.9736842105263158,19,0,0.0,-0.34035276076192156,200
3,16,48,1,1,0,1,48,5.333333333333333,3,3,1.0,16,0,0.0,-0.7434286958548421,200
12,4,48,1,1,0,1,48,0.3333333333333333,12,12,1.0,4,0,0.0,-1.7699228948881924,200
11,14,154,0,0,0,0,140,1.2727272727272727,1,11,0.6428571428571429,14,0,0.0,-0.6113041438049702,200
7,11,77,1,0,1,0,66,1.5714285714285714,1,7,0.7272727272727273,11,0,0.0,-1.5578057923663688,200
11,6,66,1,1,1,0,66,0.5454545454545454,10,11,0.9848484848484849,6,0,0.0,-2.3983175587276357,200
4,12,48,0,2,0,1,72,3.0,4,4,1.0,12,0,0.0,0.1232429744621106,200
7,14,98,1,0,0,0,84,2.0,1,7,0.7857142857142857,14,0,0.0,-0.9317049643556129,200
12,7,84,1,1,0,1,84,0.5833333333333334,12,12,1.0,7,0,0.0,-3.2037115972151544,200
5,2,10,1,1,1,0,10,0.4,4,5,0.9,2,0,0.0,-0.7045644398468333,200
3,5,15,1,2,0,0,15,1.6666666666666667,1,3,0.8666666666666667,5,1,0.2,-0.7348276307171322,200
6,5,30,0,1,1,0,30,0.8333333333333334,5,6,0.9666666666666667,5,0,0.0,-0.7720040461261203,200
7,2,14,1,1,1,0,14,0.2857142857142857,6,7,0.9285714285714286,2,0,0.0,-0.6643652892553475,200
11,13,143,1,1,1,0,143,1.1818181818181819,10,11,0.993006993006993,13,0,0.0,-2.6038713004979317,200
5,5,25,0,0,1,0,20,1.0,1,5,0.6,5,0,0.0,-0.48850539165920887,200
12,3,36,1,1,1,0,36,0.25,11,12,0.9722222222222222,3,0,0.0,-1.294185786386584,200
3,11,33,0,2,1,0,33,3.6666666666666665,1,3,0.9393939393939394,11,0,0.0,-0.4389564967984906,200
11,2,22,1,1,0,1,22,0.18181818181818182,11,11,1.0,2,0,0.0,-0.7479662882839809,200
7,10,70,1,0,1,1,60,1.4285714285714286,4,7,0.9571428571428572,10,0,0.0,-1.604018440568344,200
4,12,48,0,2,0,1,72,3.0,4,4,1.0,12,0,0.0,0.18593883200752395,200
9,1,9,0,0,1,1,8,0.1111111111111111,5,5,0.5555555555555556,1,0,0.0,-0.2856306274283685,200
3,5,15,1,1,1,1,15,1.6666666666666667,1,3,0.8666666666666667,5,1,0.2,-0.48994017809451784,200
6,10,60,0,1,0,0,60,1.6666666666666667,1,6,0.85,10,0,0.0,-0.7394866582119459,200
4,20,80,1,1,1,0,80,5.0,3,4,0.9875,20,0,0.0,-0.9266946027814232,200
8,3,24,0,2,1,1,84,0.375,1,8,0.7083333333333334,3,0,0.0,-0.3572584159949721,200
7,10,70,1,2,1,1,210,1.4285714285714286,1,7,0.9142857142857143,10,0,0.0,-1.5978629444101464,200
2,9,18,1,0,0,0,9,4.5,1,2,0.9444444444444444,9,0,0.0,-0.6934497542415913,200
4,8,32,1,1,0,0,32,2.0,1,4,0.875,8,0,0.0,-0.9678916171998276,200
4,13,52,1,1,0,0,52,3.25,1,4,0.9230769230769231,13,0,0.0,-0.9377676031626312,200
10,12,120,1,0,1,1,108,1.2,5,10,0.9583333333333334,12,0,0.0,-2.344851458290096,200
9,4,36,1,1,0,0,36,0.4444444444444444,1,7,0.4444444444444444,4,0,0.0,-0.59337814548585,200
3,11,33,1,0,1,1,22,3.6666666666666665,2,3,0.9696969696969697,11,0,0.0,-0.8172228929184797,200
5,4,20,1,2,1,1,40,0.8,1,5,0.8,4,0,0.0,-0.9335609397648496,200
8,5,40,1,2,1,0,140,0.625,1,8,0.825,5,0,0.0,-1.240667103296244,200
5,4,20,0,0,1,1,16,0.8,3,5,0.9,4,0,0.0,-0.5571874401454197,200
2,18,36,1,0,1,0,18,9.0,1,2,0.9722222222222222,18,1,0.05555555555555555,-0.6664986093419818,200
5,1,5,1,2,0,0,10,0.2,1,1,0.2,1,0,0.0,-0.2974781545361073,200
7,7,49,0,1,0,1,49,1.0,7,7,1.0,7,0,0.0,-0.02305880714888131,200
7,8,56,1,0,1,0,48,1.1428571428571428,1,7,0.625,8,0,0.0,-1.5199906195707389,200
9,5,45,1,2,0,1,180,0.5555555555555556,9,9,1.0,5,0,0.0,-1.452678515023424,200
7,13,91,0,1,1,1,91,1.8571428571428572,3,7,0.9560439560439561,13,0,0.0,-1.2114930245529605,200
8,15,120,0,2,1,0,420,1.875,1,8,0.9416666666666667,15,0,0.0,-1.2462455226044762,200
7,7,49,0,0,0,1,42,1.0,7,7,1.0,7,0,0.0,-0.9499864922815365,200
8,5,40,0,0,1,0,35,0.625,1,5,0.375,5,0,0.0,-0.4631895918293561,200
4,12,48,0,1,1,0,48,3.0,3,4,0.9791666666666666,12,0,0.0,-0.5796480453663705,200
8,15,120,0,1,0,0,120,1.875,1,8,0.8666666666666667,15,0,0.0,-0.9124225463653738,200
6,14,84,1,2,1,0,210,2.3333333333333335,1,6,0.9404761904761905,14,1,0.07142857142857142,-1.3897131846180413,200
6,20,120,0,1,1,0,120,3.3333333333333335,5,6,0.9916666666666667,20,0,0.0,-1.0086994208852207,200
12,16,192,1,1,0,1,192,1.3333333333333333,12,12,1.0,16,0,0.0,-2.9760512902366996,200
6,11,66,0,1,0,0,66,1.8333333333333333,1,6,0.8636363636363636,11,0,0.0,-0.7083469251887572,200
11,13,143,0,2,1,0,715,1.1818181818181819,1,11,0.9300699300699301,13,0,0.0,-1.3497311170455148,200
4,9,36,0,0,1,1,27,2.25,2,4,0.9444444444444444,9,0,0.0,-0.5902665456731708,200
4,1,4,1,1,0,0,4,0.25,1,1,0.25,1,1,1.0,nan,200
3,5,15,0,1,1,0,15,1.6666666666666667,2,3,0.9333333333333333,5,0,0.0,-0.44458360914334594,200
9,16,144,0,1,1,1,144,1.7777777777777777,4,9,0.9652777777777778,16,0,0.0,-1.707848507053228,200
4,19,76,1,2,0,0,114,4.75,1,4,0.9605263157894737,19,1,0.05263157894736842,-0.9998246192573879,200
4,2,8,0,0,0,1,6,0.5,4,4,1.0,2,0,0.0,-0.4091020261988345,200
4,6,24,1,2,0,1,36,1.5,4,4,1.0,6,0,0.0,-0.9509379294383703,200
8,8,64,0,2,1,0,224,1.0,1,8,0.890625,8,0,0.0,-0.7880699957137343,200
2,16,32,1,2,0,1,16,8.0,2,2,1.0,16,0,0.0,-0.698748939259317,200
8,9,72,1,0,0,0,63,1.125,1,8,0.6111111111111112,9,0,0.0,-0.8352235212147155,200
5,11,55,1,0,1,0,44,2.2,1,5,0.8181818181818182,11,1,0.09090909090909091,-1.2506985156231027,200
9,3,27,1,1,1,0,27,0.3333333333333333,8,9,0.9629629629629629,3,0,0.0,-1.160841461334472,200
5,18,90,1,2,1,1,180,3.6,1,5,0.9555555555555556,18,0,0.0,-1.2020706232346663,200
5,13,65,0,0,1,1,52,2.6,3,5,0.9692307692307692,13,0,0.0,-0.7591015228580132,200
10,13,130,1,0,0,0,117,1.3,1,10,0.6538461538461539,13,0,0.0,-0.9045428683986496,200
12,11,132,0,1,0,0,132,0.9166666666666666,1,12,0.7272727272727273,11,0,0.0,-1.0351118963086958,200
8,3,24,1,0,1,1,21,0.375,4,8,0.8333333333333334,3,0,0.0,-0.9110326671343039,200
4,11,44,1,1,0,0,44,2.75,1,4,0.9090909090909091,11,0,0.0,-0.9762424399445908,200
6,16,96,0,1,0,1,96,2.6666666666666665,6,6,1.0,16,0,0.0,-0.2696961413083303,200
12,13,156,1,1,1,0,156,1.0833333333333333,11,12,0.9935897435897436,13,0,0.0,-2.8341362850755427,200
11,7,77,1,0,0,1,70,0.6363636363636364,11,11,1.0,7,0,0.0,-3.0037382314016945,200
5,13,65,0,1,0,0,65,2.6,1,5,0.9076923076923077,13,0,0.0,-0.4568407148865407,200
11,6,66,0,0,0,0,60,0.5454545454545454,1,6,0.3181818181818182,6,0,0.0,-0.476461740375269,200
9,2,18,0,1,0,1,18,0.2222222222222222,9,9,1.0,2,0,0.0,-0.15150575165754174,200
4,5,20,1,0,1,1,15,1.25,2,4,0.9,5,0,0.0,-0.9107856558337523,200
4,5,20,1,1,0,0,20,1.25,1,4,0.8,5,0,0.0,-0.6906983780932728,200
9,14,126,1,1,0,1,126,1.5555555555555556,9,9,1.0,14,0,0.0,-2.033534205768077,200
9,13,117,0,1,1,1,117,1.4444444444444444,4,9,0.9572649572649573,13,0,0.0,-1.6140982544254128,200
12,17,204,1,2,0,0,1122,1.4166666666666667,1,12,0.946078431372549,17,0,0.0,-2.585846655153235,200
6,4,24,1,0,1,1,20,0.6666666666666666,3,6,0.875,4,0,0.0,-1.106021956609803,200
2,20,40,0,0,1,0,20,10.0,1,2,0.975,20,0,0.0,-0.3664536145320032,200
10,4,40,1,2,0,1,180,0.4,10,10,1.0,4,0,0.0,-0.8844437420544904,200
9,1,9,1,1,1,1,9,0.1111111111111111,4,4,0.4444444444444444,1,0,0.0,-0.1765175090558875,200
10,19,190,1,2,1,0,855,1.9,1,10,0.9526315789473684,19,0,0.0,-2.3531902742563227,200
2,9,18,0,2,1,1,9,4.5,1,2,0.9444444444444444,9,0,0.0,-0.3769278967843066,200
3,6,18,0,0,0,1,12,2.0,3,3,1.0,6,0,0.0,-0.3558369114455344,200
10,15,150,0,1,0,0,150,1.5,1,10,0.8333333333333334,15,0,0.0,-1.0718987615767792,200
9,18,162,1,1,1,1,162,2.0,4,9,0.9691358024691358,18,0,0.0,-2.077627373840839,200
2,13,26,0,2,0,0,13,6.5,1,2,0.9615384615384616,13,0,0.0,-0.31634626699026225,200
7,7,49,1,0,0,1,42,1.0,7,7,1.0,7,0,0.0,-1.811836936222373,200
10,10,100,0,1,0,0,100,1.0,1,10,0.75,10,0,0.0,-0.854587730328472,200
10,15,150,0,0,0,1,135,1.5,10,10,1.0,15,0,0.0,-1.380220467337267,200
6,8,48,0,0,0,0,40,1.3333333333333333,1,6,0.6875,8,0,0.0,-0.5656290158460732,200
2,15,30,0,0,1,0,15,7.5,1,2,0.9666666666666667,15,0,0.0,-0.3721681338881311,200
8,15,120,1,0,1,1,105,1.875,4,8,0.9666666666666667,15,0,0.0,-1.8497698328023382,200
8,5,40,0,0,1,1,35,0.625,4,8,0.9,5,0,0.0,-0.7937514698820144,200
11,16,176,0,0,0,0,160,1.4545454545454546,1,11,0.6875,16,0,0.0,-0.6734685687988698,200
2,9,18,0,0,0,0,9,4.5,1,2,0.9444444444444444,9,0,0.0,-0.2896668202080747,200
10,20,200,0,0,0,1,180,2.0,10,10,1.0,20,0,0.0,-1.3563638231615938,200
6,8,48,1,2,1,1,120,1.3333333333333333,1,6,0.8958333333333334,8,0,0.0,-1.3131028014316684,200
7,13,91,1,0,1,1,78,1.8571428571428572,4,7,0.967032967032967,13,0,0.0,-1.6111260699852836,200
8,19,152,1,1,0,1,152,2.375,8,8,1.0,19,0,0.0,-1.8354507381099863,200
7,15,105,1,1,0,1,105,2.142857142857143,7,7,1.0,15,0,0.0,-1.7028738259550933,200
4,16,64,0,0,0,0,48,4.0,1,4,0.90625,16,0,0.0,-0.49945104325627515,200
2,11,22,1,1,1,1,22,5.5,1,2,0.9545454545454546,11,0,0.0,-0.7036701274473126,200
4,8,32,0,2,0,1,48,2.0,4,4,1.0,8,0,0.0,0.14440127623348215,200
12,12,144,1,1,1,1,144,1.0,6,12,0.9583333333333334,12,0,0.0,-2.8666893782236618,200
12,7,84,1,1,1,1,84,0.5833333333333334,6,12,0.9285714285714286,7,0,0.0,-2.878011131622438,200
10,19,190,0,0,1,1,171,1.9,5,10,0.9736842105263158,19,0,0.0,-1.9224850501358748,200
10,19,190,0,1,1,1,190,1.9,5,10,0.9736842105263158,19,0,0.0,-1.9924978770714095,200
10,16,160,0,0,0,0,144,1.6,1,10,0.71875,16,0,0.0,-0.6301955037751049,200
6,5,30,0,2,1,0,75,0.8333333333333334,1,6,0.8333333333333334,5,0,0.0,-0.5346029273366681,200
4,20,80,1,2,0,1,120,5.0,4,4,1.0,20,0,0.0,-0.8995336848860084,200
11,15,165,0,1,1,0,165,1.3636363636363635,10,11,0.9939393939393939,15,0,0.0,-2.1752047363534306,200
9,18,162,0,2,0,1,648,2.0,9,9,1.0,18,0,0.0,0.5273712177401922,200
9,16,144,0,0,0,0,128,1.7777777777777777,1,9,0.75,16,0,0.0,-0.6334822944559968,200
6,14,84,1,2,1,0,210,2.3333333333333335,1,6,0.9404761904761905,14,0,0.0,-1.3820223261073996,200
4,17,68,1,0,1,0,51,4.25,1,4,0.9117647058823529,17,0,0.0,-0.9795648493074742,200
5,11,55,1,2,0,1,110,2.2,5,5,1.0,11,0,0.0,-1.1319717810664534,200
4,12,48,1,0,0,1,36,3.0,4,4,1.0,12,0,0.0,-0.9790140008598895,200
8,3,24,0,0,1,1,21,0.375,4,8,0.8333333333333334,3,0,0.0,-0.5231602025751925,200
6,6,36,0,2,1,0,90,1.0,1,6,0.8611111111111112,6,0,0.0,-0.571806369654349,200
12,7,84,0,1,0,1,84,0.5833333333333334,12,12,1.0,7,0,0.0,-0.43323035442549085,200
3,15,45,1,1,1,1,45,5.0,1,3,0.9555555555555556,15,0,0.0,-0.8063744078786305,200
3,14,42,0,2,0,0,42,4.666666666666667,1,3,0.9523809523809523,14,0,0.0,-0.19292732338488813,200
4,16,64,1,0,0,1,48,4.0,4,4,1.0,16,0,0.0,-0.9607506986484097,200
7,1,7,0,2,0,0,21,0.14285714285714285,1,1,0.14285714285714285,1,0,0.0,-0.30387148339089376,200
10,16,160,1,1,1,1,160,1.6,5,10,0.96875,16,0,0.0,-2.336624389394907,200
6,19,114,0,0,0,1,95,3.1666666666666665,6,6,1.0,19,0,0.0,-0.605914687502382,200
4,8,32,0,0,1,1,24,2.0,2,4,0.9375,8,0,0.0,-0.5523786512280553,200
2,12,24,1,0,0,0,12,6.0,1,2,0.9583333333333334,12,0,0.0,-0.716090088136508,200
3,2,6,1,1,0,1,6,0.6666666666666666,3,3,1.0,2,0,0.0,-0.7294543289820785,200
7,12,84,1,1,1,1,84,1.7142857142857142,3,7,0.9523809523809523,12,0,0.0,-1.6380317904807886,200
9,6,54,1,0,0,1,48,0.6666666666666666,9,9,1.0,6,0,0.0,-2.2359330897415775,200
6,6,36,1,1,1,0,36,1.0,5,6,0.9722222222222222,6,0,0.0,-1.4185986737024658,200
8,4,32,0,0,0,0,28,0.5,1,4,0.3125,4,0,0.0,-0.48030108988096676,200
8,10,80,1,1,0,0,80,1.25,1,8,0.8,10,0,0.0,-1.0542911601420206,200
11,9,99,0,1,0,0,99,0.8181818181818182,1,11,0.696969696969697,9,0,0.0,-0.784133771454448,200
2,1,2,1,2,0,1,1,0.5,2,2,1.0,1,0,0.0,-0.2813314967021761,200
11,9,99,1,0,0,0,90,0.8181818181818182,1,9,0.45454545454545453,9,2,0.2222222222222222,-0.6841362523706694,200
11,6,66,1,2,0,0,330,0.5454545454545454,1,11,0.8484848484848485,6,0,0.0,-1.0851729889453565,200
5,16,80,0,1,1,1,80,3.2,2,5,0.9625,16,0,0.0,-0.8165429499621507,200
5,10,50,1,0,1,1,40,2.0,3,5,0.96,10,0,0.0,-1.2056261519845897,200
12,11,132,0,2,1,0,726,0.9166666666666666,1,12,0.9166666666666666,11,0,0.0,-1.1549726386505696,200
12,14,168,0,1,0,1,168,1.1666666666666667,12,12,1.0,14,0,0.0,-0.41157173796326807,200
7,3,21,0,2,0,0,63,0.42857142857142855,1,7,0.7142857142857143,3,0,0.0,0.10041761775886185,200
12,12,144,1,2,0,1,792,1.0,12,12,1.0,12,0,0.0,-2.2826423888140575,200
9,17,153,1,0,0,0,136,1.8888888888888888,1,9,0.7647058823529411,17,0,0.0,-1.067703275639415,200
2,16,32,0,0,0,1,16,8.0,2,2,1.0,16,0,0.0,-0.13131797686116808,200
8,17,136,1,1,0,1,136,2.125,8,8,1.0,17,0,0.0,-1.8490329481119399,200
6,19,114,1,2,0,0,285,3.1666666666666665,1,6,0.956140350877193,19,0,0.0,-1.3910503408476602,200
11,17,187,0,2,1,0,935,1.5454545454545454,1,11,0.946524064171123,17,0,0.0,-1.6375983158277392,200
9,5,45,0,2,0,1,180,0.5555555555555556,9,9,1.0,5,0,0.0,0.6352112930437975,200
8,8,64,0,0,1,0,56,1.0,1,8,0.5625,8,0,0.0,-0.6652607520068294,200
2,9,18,0,2,1,0,9,4.5,1,2,0.9444444444444444,9,0,0.0,-0.3533561377710964,200
8,8,64,0,0,0,0,56,1.0,1,8,0.5625,8,0,0.0,-0.5366337995370979,200
6,16,96,0,1,1,1,96,2.6666666666666665,3,6,0.96875,16,0,0.0,-1.02637098412916,200
12,3,36,0,2,1,1,198,0.25,1,12,0.6944444444444444,3,0,0.0,-0.38479286716299593,200
6,7,42,0,2,0,1,105,1.1666666666666667,6,6,1.0,7,0,0.0,0.3150457230952664,200
3,10,30,0,2,0,1,30,3.3333333333333335,3,3,1.0,10,0,0.0,0.04734799870018207,200
4,15,60,0,0,1,1,45,3.75,2,4,0.9666666666666667,15,0,0.0,-0.6410550687422598,200
12,20,240,1,0,0,0,220,1.6666666666666667,1,12,0.725,20,0,0.0,-1.0471280364346955,200
5,2,10,1,0,1,0,8,0.4,1,2,0.3,2,1,0.5,-0.3320437883885278,200
6,11,66,0,0,1,1,55,1.8333333333333333,3,6,0.9545454545454546,11,0,0.0,-0.936987108910471,200
9,5,45,1,1,0,0,45,0.5555555555555556,1,9,0.5555555555555556,5,0,0.0,-0.8207091722780462,200
3,17,51,0,0,1,0,34,5.666666666666667,1,3,0.9411764705882353,17,0,0.0,-0.48629164608781394,200
11,6,66,1,2,1,0,330,0.5454545454545454,1,11,0.8484848484848485,6,5,0.8333333333333334,-0.3011296842519418,200
5,17,85,1,1,1,0,85,3.4,4,5,0.9882352941176471,17,0,0.0,-1.0993936490399943,200
5,9,45,1,2,1,1,90,1.8,1,5,0.9111111111111111,9,0,0.0,-1.1620262932102137,200
4,16,64,0,0,0,0,48,4.0,1,4,0.90625,16,0,0.0,-0.49864145452177094,200
10,19,190,1,2,1,1,855,1.9,1,10,0.9526315789473684,19,1,0.05263157894736842,-2.468713806774768,200
12,8,96,0,0,0,0,88,0.6666666666666666,1,8,0.375,8,0,0.0,-0.5423199649695434,200
4,12,48,0,1,1,1,48,3.0,2,4,0.9583333333333334,12,0,0.0,-0.6179513990201805,200
7,9,63,1,1,1,0,63,1.2857142857142858,6,7,0.9841269841269841,9,0,0.0,-1.619831875045862,200
5,5,25,0,2,1,0,50,1.0,1,5,0.84,5,0,0.0,-0.4718117023290731,200
7,2,14,1,1,1,0,14,0.2857142857142857,6,7,0.9285714285714286,2,0,0.0,-0.7305669218104688,200
7,20,140,0,2,0,1,420,2.857142857142857,7,7,1.0,20,0,0.0,0.4191601775121975,200
10,17,170,1,1,1,1,170,1.7,5,10,0.9705882352941176,17,0,0.0,-2.3134980467020503,200
9,14,126,1,2,1,1,504,1.5555555555555556,1,9,0.9365079365079365,14,1,0.07142857142857142,-2.1318906305498357,200
11,1,11,1,1,1,0,11,0.09090909090909091,10,10,0.9090909090909091,1,0,0.0,-0.06415890133161095,200
12,12,144,1,1,1,0,144,1.0,11,12,0.9930555555555556,12,0,0.0,-2.816287274267482,200
10,2,20,1,0,0,0,18,0.2,1,2,0.15,2,1,0.5,-0.2863089423339996,200
10,13,130,1,0,1,0,117,1.3,1,10,0.6538461538461539,13,0,0.0,-1.893940325479963,200
11,10,110,1,1,1,1,110,0.9090909090909091,5,11,0.9454545454545454,10,0,0.0,-2.636788985949483,200
11,16,176,0,1,1,0,176,1.4545454545454546,10,11,0.9943181818181818,16,0,0.0,-2.175551931766884,200
10,12,120,1,1,1,1,120,1.2,5,10,0.9583333333333334,12,0,0.0,-2.364603906874374,200
5,1,5,0,0,0,0,4,0.2,1,1,0.2,1,0,0.0,-0.29675013767258845,200
8,20,160,1,1,1,1,160,2.5,4,8,0.975,20,0,0.0,-1.8247032864453079,200
8,18,144,0,0,0,1,126,2.25,8,8,1.0,18,0,0.0,-1.0119370506563519,200
10,12,120,1,1,0,1,120,1.2,10,10,1.0,12,0,0.0,-2.43023184560215,200
10,4,40,0,0,1,1,36,0.4,5,10,0.875,4,0,0.0,-0.8075551452618542,200
11,16,176,0,2,1,0,880,1.4545454545454546,1,11,0.9431818181818182,16,0,0.0,-1.5857545090820453,200
7,13,91,0,1,1,1,91,1.8571428571428572,3,7,0.9560439560439561,13,0,0.0,-1.249915782128441,200
3,14,42,1,0,0,0,28,4.666666666666667,1,3,0.9285714285714286,14,2,0.14285714285714285,-0.8389783534788384,200
8,12,96,0,2,0,1,336,1.5,8,8,1.0,12,0,0.0,0.45455687501603065,200
6,1,6,0,1,0,1,6,0.16666666666666666,6,6,1.0,1,0,0.0,-0.14987574423256841,200
3,20,60,0,2,1,0,60,6.666666666666667,1,3,0.9666666666666667,20,0,0.0,-0.47251606981565397,200
12,6,72,0,0,1,1,66,0.5,6,12,0.9166666666666666,6,0,0.0,-1.1489531217140458,200
7,10,70,1,1,0,1,70,1.4285714285714286,7,7,1.0,10,0,0.0,-1.680473574049098,200
5,11,55,1,2,0,0,110,2.2,1,5,0.9272727272727272,11,3,0.2727272727272727,-0.9710556455184914,200
5,14,70,0,0,1,0,56,2.8,1,5,0.8571428571428571,14,0,0.0,-0.7828068957644102,200
7,4,28,1,1,1,0,28,0.5714285714285714,6,7,0.9642857142857143,4,0,0.0,-1.579692541787142,200
11,20,220,0,0,0,0,200,1.8181818181818181,1,11,0.75,20,0,0.0,-0.7003800260787524,200
2,12,24,1,2,0,1,12,6.0,2,2,1.0,12,0,0.0,-0.6273731158831699,200
9,9,81,0,1,1,1,81,1.0,4,9,0.9382716049382716,9,0,0.0,-1.391627434183557,200
12,17,204,1,0,0,0,187,1.4166666666666667,1,12,0.6764705882352942,17,0,0.0,-1.0372464699346262,200
11,20,220,0,1,0,1,220,1.8181818181818181,11,11,1.0,20,0,0.0,-0.16646932304941728,200
3,10,30,1,2,0,0,30,3.3333333333333335,1,3,0.9333333333333333,10,0,0.0,-0.8162860505052668,200
8,17,136,1,0,1,1,119,2.125,4,8,0.9705882352941176,17,0,0.0,-1.8556858899377846,200
4,12,48,1,2,1,0,72,3.0,1,4,0.9375,12,1,0.08333333333333333,-0.9723943047905494,200
7,19,133,0,1,0,1,133,2.7142857142857144,7,7,1.0,19,0,0.0,0.06724934108432004,200
12,10,120,0,2,0,1,660,0.8333333333333334,12,12,1.0,10,0,0.0,0.642617277111912,200
2,14,28,1,2,0,1,14,7.0,2,2,1.0,14,1,0.07142857142857142,-0.6769366995706585,200
10,11,110,0,1,1,0,110,1.1,9,10,0.990909090909091,11,0,0.0,-1.6885891384793141,200
6,5,30,1,2,1,1,75,0.8333333333333334,1,6,0.8333333333333334,5,0,0.0,-1.055496827237405,200
3,16,48,0,1,1,0,48,5.333333333333333,2,3,0.9791666666666666,16,0,0.0,-0.47603188504557986,200
5,5,25,0,2,1,1,50,1.0,1,5,0.84,5,0,0.0,-0.46502214070098036,200
3,4,12,1,1,0,0,12,1.3333333333333333,1,3,0.8333333333333334,4,0,0.0,-0.6892264590959203,200
12,1,12,1,0,0,1,11,0.08333333333333333,12,12,1.0,1,0,0.0,-0.08447621315788244,200
6,10,60,1,0,1,0,50,1.6666666666666667,1,6,0.75,10,1,0.1,-1.4937956799441494,200
10,3,30,0,2,0,0,135,0.3,1,10,0.7,3,0,0.0,0.49103136282019727,200
10,11,110,1,0,0,1,99,1.1,10,10,1.0,11,0,0.0,-2.3651928831129396,200
10,8,80,1,1,0,1,80,0.8,10,10,1.0,8,0,0.0,-2.428629146380367,200
12,17,204,1,0,0,0,187,1.4166666666666667,1,12,0.6764705882352942,17,1,0.058823529411764705,-1.0475695388196133,200
12,7,84,1,2,1,1,462,0.5833333333333334,1,12,0.8690476190476191,7,1,0.14285714285714285,-1.6679657184782184,200
5,13,65,0,1,0,1,65,2.6,5,5,1.0,13,0,0.0,0.11896403899581483,200
11,10,110,0,2,0,0,550,0.9090909090909091,1,11,0.9090909090909091,10,0,0.0,0.25063132643883024,200
9,9,81,1,0,1,1,72,1.0,5,9,0.9506172839506173,9,0,0.0,-2.1147920266483755,200
9,14,126,0,1,0,1,126,1.5555555555555556,9,9,1.0,14,0,0.0,-0.06483921316472553,200
3,18,54,1,1,1,1,54,6.0,1,3,0.9629629629629629,18,0,0.0,-0.7793196656063254,200
9,10,90,1,1,0,1,90,1.1111111111111112,9,9,1.0,10,0,0.0,-2.158650362197124,200
3,15,45,1,1,1,0,45,5.0,2,3,0.9777777777777777,15,0,0.0,-0.7807973761134845,200
3,3,9,1,1,1,1,9,1.0,1,3,0.7777777777777778,3,0,0.0,-1.0453616549043447,200
12,19,228,0,2,0,0,1254,1.5833333333333333,1,12,0.9517543859649122,19,0,0.0,0.21423027574050688,200
6,17,102,1,0,1,0,85,2.8333333333333335,1,6,0.8529411764705882,17,0,0.0,-1.4597870166722242,200
11,16,176,1,2,1,1,880,1.4545454545454546,1,11,0.9431818181818182,16,1,0.0625,-2.7324949176452447,200
4,18,72,0,1,1,0,72,4.5,3,4,0.9861111111111112,18,0,0.0,-0.6340359234256485,200
7,16,112,1,1,0,0,112,2.2857142857142856,1,7,0.8928571428571429,16,0,0.0,-1.4136481403491081,200
7,16,112,1,0,0,0,96,2.2857142857142856,1,7,0.8125,16,1,0.0625,-1.098858340885147,200
12,2,24,1,0,0,1,22,0.16666666666666666,12,12,1.0,2,0,0.0,-0.7192337831971064,200
11,3,33,1,1,1,1,33,0.2727272727272727,5,11,0.8181818181818182,3,0,0.0,-1.3298896676865883,200
11,20,220,0,1,0,1,220,1.8181818181818181,11,11,1.0,20,0,0.0,-0.11305149147597593,200
6,8,48,1,0,1,1,40,1.3333333333333333,3,6,0.9375,8,0,0.0,-1.2412679304889356,200
4,12,48,0,0,0,1,36,3.0,4,4,1.0,12,0,0.0,-0.33846434519288726,200
2,20,40,0,2,1,1,20,10.0,1,2,0.975,20,0,0.0,-0.3289134222211671,200
7,10,70,0,1,0,0,70,1.4285714285714286,1,7,0.8285714285714286,10,0,0.0,-0.7810427118296793,200
12,9,108,0,1,0,1,108,0.75,12,12,1.0,9,0,0.0,-0.41738267540205365,200
4,7,28,0,0,0,0,21,1.75,1,4,0.7857142857142857,7,0,0.0,-0.47238235106034887,200
2,11,22,0,0,0,1,11,5.5,2,2,1.0,11,0,0.0,-0.14462259469592606,200
10,12,120,1,0,0,1,108,1.2,10,10,1.0,12,0,0.0,-2.569669227562531,200
7,8,56,0,0,0,0,48,1.1428571428571428,1,7,0.625,8,0,0.0,-0.5475386996177599,200
7,20,140,1,2,1,1,420,2.857142857142857,1,7,0.9571428571428572,20,0,0.0,-1.6784125853902943,200
8,16,128,0,2,0,1,448,2.0,8,8,1.0,16,0,0.0,0.43744758570313313,200
10,10,100,1,0,1,1,90,1.0,5,10,0.95,10,0,0.0,-2.387692504976282,200
10,1,10,0,1,1,0,10,0.1,9,9,0.9,1,0,0.0,-0.025371105863351565,200
9,11,99,0,2,1,1,396,1.2222222222222223,1,9,0.9191919191919192,11,0,0.0,-0.8823864061340824,200
5,1,5,1,2,0,0,10,0.2,1,1,0.2,1,0,0.0,-0.2826049537210407,200
12,4,48,1,0,1,1,44,0.3333333333333333,6,12,0.875,4,0,0.0,-1.903534300568982,200
8,14,112,1,0,1,1,98,1.75,4,8,0.9642857142857143,14,0,0.0,-1.83562621461548,200
7,5,35,0,1,1,0,35,0.7142857142857143,6,7,0.9714285714285714,5,0,0.0,-0.7918252017746642,200
11,15,165,1,2,1,0,825,1.3636363636363635,1,11,0.9393939393939394,15,0,0.0,-2.2379789935195777,200
3,2,6,0,2,1,1,6,0.6666666666666666,1,3,0.6666666666666666,2,0,0.0,-0.3221972135192294,200
4,6,24,0,0,1,0,18,1.5,1,4,0.75,6,0,0.0,-0.5008835121347686,200
9,1,9,0,2,1,1,36,0.1111111111111111,1,1,0.1111111111111111,1,0,0.0,-0.3168839929286401,200
9,6,54,1,2,1,1,216,0.6666666666666666,1,9,0.8518518518518519,6,0,0.0,-1.2444134838958114,200
7,6,42,1,2,1,1,126,0.8571428571428571,1,7,0.8571428571428571,6,0,0.0,-1.1011027781191733,200
11,8,88,0,2,1,0,440,0.7272727272727273,1,11,0.8863636363636364,8,0,0.0,-0.8210552403849467,200
4,18,72,1,1,1,1,72,4.5,2,4,0.9722222222222222,18,0,0.0,-0.9764409603547654,200
5,12,60,1,1,0,1,60,2.4,5,5,1.0,12,0,0.0,-1.1645885925821784,200
2,13,26,1,1,0,1,26,6.5,2,2,1.0,13,0,0.0,-0.7886652799198818,200
7,16,112,0,2,1,0,336,2.2857142857142856,1,7,0.9464285714285714,16,0,0.0,-1.1296972109762244,200
7,15,105,1,1,0,0,105,2.142857142857143,1,7,0.8857142857142857,15,2,0.13333333333333333,-1.2957734553474003,200
11,17,187,1,1,1,0,187,1.5454545454545454,10,11,0.9946524064171123,17,0,0.0,-2.5773883319532946,200
10,11,110,0,0,1,0,99,1.1,1,10,0.5909090909090909,11,0,0.0,-0.891915572080209,200
12,7,84,1,2,1,1,462,0.5833333333333334,1,12,0.8690476190476191,7,0,0.0,-1.02169591281381,200
10,14,140,0,2,1,0,630,1.4,1,10,0.9357142857142857,14,0,0.0,-1.394155519119564,200
8,4,32,0,1,0,1,32,0.5,8,8,1.0,4,0,0.0,-0.26140572387966354,200
9,17,153,1,2,1,0,612,1.8888888888888888,1,9,0.9477124183006536,17,0,0.0,-2.1357272851508884,200
2,8,16,1,0,0,0,8,4.0,1,2,0.9375,8,1,0.125,-0.6503865033790437,200
7,2,14,0,2,1,1,42,0.2857142857142857,1,7,0.5714285714285714,2,0,0.0,-0.3483716448050532,200
5,7,35,0,2,0,0,70,1.4,1,5,0.8857142857142857,7,0,0.0,-0.01390539724781708,200
12,12,144,1,0,0,1,132,1.0,12,12,1.0,12,0,0.0,-2.970688923802279,200
4,2,8,0,1,0,1,8,0.5,4,4,1.0,2,0,0.0,-0.15659855576769488,200
7,11,77,0,1,0,0,77,1.5714285714285714,1,7,0.8441558441558441,11,0,0.0,-0.8102284153446255,200
10,2,20,1,0,1,0,18,0.2,1,2,0.15,2,1,0.5,-0.3348202118258068,200
5,13,65,0,2,0,0,130,2.6,1,5,0.9384615384615385,13,0,0.0,-0.07532877825765298,200
7,15,105,1,2,0,1,315,2.142857142857143,7,7,1.0,15,0,0.0,-1.5311629022471267,200
11,6,66,0,0,1,0,60,0.5454545454545454,1,6,0.3181818181818182,6,0,0.0,-0.5662668216633522,200
7,6,42,1,1,0,1,42,0.8571428571428571,7,7,1.0,6,0,0.0,-1.69786188641379,200
5,20,100,0,0,1,0,80,4.0,1,5,0.9,20,0,0.0,-0.8498428066996121,200
12,7,84,1,1,1,0,84,0.5833333333333334,11,12,0.9880952380952381,7,0,0.0,-2.9100382155406708,200
9,15,135,1,0,0,1,120,1.6666666666666667,9,9,1.0,15,0,0.0,-2.138771385352632,200
3,3,9,1,1,1,0,9,1.0,2,3,0.8888888888888888,3,1,0.3333333333333333,-0.624997133882484,200
3,4,12,1,2,0,0,12,1.3333333333333333,1,3,0.8333333333333334,4,0,0.0,-0.7175294101521723,200
3,17,51,1,1,0,1,51,5.666666666666667,3,3,1.0,17,0,0.0,-0.7622699692845543,200
4,4,16,0,0,1,0,12,1.0,1,4,0.625,4,0,0.0,-0.43753141104379706,200
9,19,171,1,1,0,1,171,2.111111111111111,9,9,1.0,19,0,0.0,-2.0629309966470215,200
3,18,54,1,1,1,1,54,6.0,1,3,0.9629629629629629,18,0,0.0,-0.812119132726253,200
6,11,66,0,1,1,1,66,1.8333333333333333,3,6,0.9545454545454546,11,0,0.0,-0.9815365721294305,200
8,9,72,0,1,1,0,72,1.125,7,8,0.9861111111111112,9,0,0.0,-1.2694704729221316,200
12,12,144,1,2,0,0,792,1.0,1,12,0.9236111111111112,12,1,0.08333333333333333,-1.680104935552599,200
3,11,33,0,0,1,0,22,3.6666666666666665,1,3,0.9090909090909091,11,0,0.0,-0.5111264798165767,200
3,16,48,1,2,1,1,48,5.333333333333333,1,3,0.9583333333333334,16,0,0.0,-0.8706958395411637,200
3,15,45,1,0,0,0,30,5.0,1,3,0.9333333333333333,15,0,0.0,-0.8635211839676235,200
10,15,150,0,0,1,0,135,1.5,1,10,0.7,15,0,0.0,-1.2594644562535324,200
6,11,66,1,1,1,1,66,1.8333333333333333,3,6,0.9545454545454546,11,0,0.0,-1.3589125907689512,200
5,11,55,0,2,1,1,110,2.2,1,5,0.9272727272727272,11,0,0.0,-0.7294887271885753,200
10,20,200,0,2,1,0,900,2.0,1,10,0.955,20,0,0.0,-1.7507213170272233,200
5,8,40,1,2,0,1,80,1.6,5,5,1.0,8,0,0.0,-1.0986193589624964,200
5,4,20,0,2,1,0,40,0.8,1,5,0.8,4,0,0.0,-0.41594557733823573,200
7,13,91,0,2,1,0,273,1.8571428571428572,1,7,0.9340659340659341,13,0,0.0,-1.0238955455652796,200
12,9,108,0,2,1,1,594,0.75,1,12,0.8981481481481481,9,0,0.0,-0.7568246038483397,200
4,3,12,1,1,0,0,12,0.75,1,4,0.6666666666666666,3,0,0.0,-0.5517879290737983,200
5,15,75,0,0,1,1,60,3.0,3,5,0.9733333333333334,15,0,0.0,-0.786467122848366,200
7,4,28,0,0,1,1,24,0.5714285714285714,4,7,0.8928571428571429,4,0,0.0,-0.7311677386950947,200
11,18,198,0,0,1,1,180,1.6363636363636365,6,11,0.9747474747474747,18,0,0.0,-2.0350773348181352,200
5,5,25,1,1,0,1,25,1.0,5,5,1.0,5,0,0.0,-1.2453827830507849,200
10,16,160,0,0,1,0,144,1.6,1,10,0.71875,16,0,0.0,-1.3192747978421548,200
10,13,130,0,0,0,0,117,1.3,1,10,0.6538461538461539,13,0,0.0,-0.6757848401234577,200
10,12,120,1,2,1,1,540,1.2,1,10,0.925,12,0,0.0,-1.963793984404729,200
9,2,18,0,1,0,0,18,0.2222222222222222,1,3,0.2222222222222222,2,0,0.0,-0.4742253539032836,200
9,3,27,0,1,0,0,27,0.3333333333333333,1,5,0.3333333333333333,3,0,0.0,-0.5641523797209912,200
7,8,56,0,0,0,0,48,1.1428571428571428,1,7,0.625,8,0,0.0,-0.5529094035787797,200
8,15,120,0,2,0,1,420,1.875,8,8,1.0,15,0,0.0,0.4364779041334349,200
8,1,8,1,1,0,1,8,0.125,8,8,1.0,1,0,0.0,-0.12319345808551856,200
3,19,57,0,2,0,1,57,6.333333333333333,3,3,1.0,19,0,0.0,0.08104821754555905,200
10,19,190,1,2,0,0,855,1.9,1,10,0.9526315789473684,19,0,0.0,-2.2140552747038593,200
6,13,78,1,0,0,1,65,2.1666666666666665,6,6,1.0,13,0,0.0,-1.454849572607,200
3,15,45,1,0,0,1,30,5.0,3,3,1.0,15,0,0.0,-0.8578046383356407,200
4,18,72,0,0,1,0,54,4.5,1,4,0.9166666666666666,18,0,0.0,-0.6430397820822642,200
5,7,35,1,0,0,0,28,1.4,1,5,0.7142857142857143,7,2,0.2857142857142857,-0.6233536679544188,200
3,18,54,0,1,1,1,54,6.0,1,3,0.9629629629629629,18,0,0.0,-0.48420215298945646,200
10,5,50,1,1,0,1,50,0.5,10,10,1.0,5,0,0.0,-2.3596228086692195,200
9,1,9,0,1,1,1,9,0.1111111111111111,4,4,0.4444444444444444,1,0,0.0,-0.16065644342075291,200
3,1,3,0,2,1,0,3,0.3333333333333333,1,1,0.3333333333333333,1,0,0.0,-0.3162559959037039,200
9,14,126,1,0,0,1,112,1.5555555555555556,9,9,1.0,14,0,0.0,-2.1598296939395327,200
12,8,96,0,1,0,1,96,0.6666666666666666,12,12,1.0,8,0,0.0,-0.4083584134902794,200
6,13,78,0,0,0,0,65,2.1666666666666665,1,6,0.8076923076923077,13,0,0.0,-0.6140490657435104,200
8,19,152,1,2,1,1,532,2.375,1,8,0.9539473684210527,19,0,0.0,-1.906968920956045,200
7,15,105,1,2,0,1,315,2.142857142857143,7,7,1.0,15,0,0.0,-1.5246089765333564,200
8,15,120,0,0,0,1,105,1.875,8,8,1.0,15,0,0.0,-0.9863512550603519,200
5,7,35,0,2,1,0,70,1.4,1,5,0.8857142857142857,7,0,0.0,-0.5784976780479473,200
5,10,50,1,1,0,0,50,2.0,1,5,0.88,10,0,0.0,-1.0730724560096638,200
5,11,55,0,1,1,0,55,2.2,4,5,0.9818181818181818,11,0,0.0,-0.7724013684362636,200
2,2,4,1,1,1,0,4,1.0,1,2,0.75,2,0,0.0,-0.6179589790466608,200
11,5,55,1,1,1,1,55,0.45454545454545453,5,11,0.8909090909090909,5,0,0.0,-1.9120862416855777,200
11,20,220,0,0,0,1,200,1.8181818181818181,11,11,1.0,20,0,0.0,-1.6762503653861782,200
9,14,126,1,2,1,1,504,1.5555555555555556,1,9,0.9365079365079365,14,0,0.0,-1.9536334497311718,200
6,12,72,0,2,1,0,180,2.0,1,6,0.9305555555555556,12,0,0.0,-0.9059652957654791,200
7,15,105,1,0,1,1,90,2.142857142857143,4,7,0.9714285714285714,15,0,0.0,-1.5814279804518492,200
11,4,44,1,2,0,1,220,0.36363636363636365,11,11,1.0,4,0,0.0,-0.9577549913642717,200
5,6,30,1,0,0,0,24,1.2,1,5,0.6666666666666666,6,1,0.16666666666666666,-0.8335880684534135,200
11,17,187,0,2,0,1,935,1.5454545454545454,11,11,1.0,17,0,0.0,0.64162556280183,200
6,12,72,1,1,1,1,72,2.0,3,6,0.9583333333333334,12,0,0.0,-1.3905876423783037,200
7,9,63,0,1,1,1,63,1.2857142857142858,3,7,0.9365079365079365,9,0,0.0,-1.1326433685619126,200
12,17,204,0,2,1,0,1122,1.4166666666666667,1,12,0.946078431372549,17,0,0.0,-1.7286237413659327,200
12,15,180,1,2,1,1,990,1.25,1,12,0.9388888888888889,15,0,0.0,-2.8315867593067194,200
7,18,126,0,2,1,0,378,2.5714285714285716,1,7,0.9523809523809523,18,0,0.0,-1.2141387654644407,200
2,16,32,0,0,0,1,16,8.0,2,2,1.0,16,0,0.0,-0.13722592048637486,200
7,9,63,0,2,0,0,189,1.2857142857142858,1,7,0.9047619047619048,9,0,0.0,0.02907918387064161,200
7,5,35,0,2,1,1,105,0.7142857142857143,1,7,0.8285714285714286,5,0,0.0,-0.4843754462975741,200
12,14,168,1,0,1,1,154,1.1666666666666667,6,12,0.9642857142857143,14,0,0.0,-2.870047934642526,200
10,19,190,1,0,1,1,171,1.9,5,10,0.9736842105263158,19,0,0.0,-2.3506218227223643,200
8,20,160,0,0,0,1,140,2.5,8,8,1.0,20,0,0.0,-0.9881008888683664,200
8,7,56,0,2,1,1,196,0.875,1,8,0.875,7,0,0.0,-0.6169123322092043,200
7,9,63,1,2,0,0,189,1.2857142857142858,1,7,0.9047619047619048,9,0,0.0,-1.297928853922947,200
10,17,170,0,0,0,0,153,1.7,1,10,0.7352941176470589,17,0,0.0,-0.6439999417983223,200
8,1,8,0,0,0,0,7,0.125,1,1,0.125,1,0,0.0,-0.33316262883364833,200
9,5,45,0,2,0,1,180,0.5555555555555556,9,9,1.0,5,0,0.0,0.5793351520028902,200
10,4,40,0,1,1,1,40,0.4,5,10,0.875,4,0,0.0,-0.8074605758424465,200
5,19,95,1,1,0,0,95,3.8,1,5,0.9368421052631579,19,0,0.0,-1.2044463255281455,200
11,20,220,1,1,0,0,220,1.8181818181818181,1,11,0.8636363636363636,20,0,0.0,-1.6577224730969131,200
10,15,150,0,1,1,0,150,1.5,9,10,0.9933333333333333,15,0,0.0,-1.939254763852637,200
10,13,130,1,0,1,0,117,1.3,1,10,0.6538461538461539,13,0,0.0,-2.005454876945014,200
8,16,128,0,0,0,1,112,2.0,8,8,1.0,16,0,0.0,-0.9716739050909922,200
5,11,55,0,2,0,1,110,2.2,5,5,1.0,11,0,0.0,0.2814811115079081,200
10,5,50,1,1,0,1,50,0.5,10,10,1.0,5,0,0.0,-2.389452702243629,200
5,19,95,1,2,0,1,190,3.8,5,5,1.0,19,0,0.0,-1.1074418381010946,200
12,13,156,0,0,1,1,143,1.0833333333333333,6,12,0.9615384615384616,13,0,0.0,-1.937436028070687,200
4,3,12,0,1,1,1,12,0.75,2,4,0.8333333333333334,3,0,0.0,-0.4908085629444729,200
7,13,91,1,0,0,0,78,1.8571428571428572,1,7,0.7692307692307693,13,0,0.0,-0.9680624641308103,200
12,17,204,0,0,0,1,187,1.4166666666666667,12,12,1.0,17,0,0.0,-1.5851090314851126,200
2,5,10,1,1,0,0,10,2.5,1,2,0.9,5,4,0.8,-0.31904064564546925,200
10,2,20,0,0,0,1,18,0.2,10,10,1.0,2,0,0.0,-0.5378742460240085,200
10,5,50,1,0,1,1,45,0.5,5,10,0.9,5,0,0.0,-1.6719616657856942,200
8,12,96,1,1,0,1,96,1.5,8,8,1.0,12,0,0.0,-1.8689743653922752,200
5,17,85,0,0,1,0,68,3.4,1,5,0.8823529411764706,17,0,0.0,-0.8433394889666581,200
6,1,6,0,1,0,0,6,0.16666666666666666,1,1,0.16666666666666666,1,0,0.0,-0.2850183308651495,200
3,4,12,1,1,0,0,12,1.3333333333333333,1,3,0.8333333333333334,4,0,0.0,-0.7253301813678148,200
6,10,60,1,0,1,1,50,1.6666666666666667,3,6,0.95,10,0,0.0,-1.3726234562152138,200
2,10,20,0,2,0,1,10,5.0,2,2,1.0,10,0,0.0,-0.13047553379266083,200
2,14,28,0,2,1,0,14,7.0,1,2,0.9642857142857143,14,0,0.0,-0.3171480136880535,200
10,10,100,1,0,0,1,90,1.0,10,10,1.0,10,0,0.0,-2.4429910283039558,200
9,14,126,0,0,1,1,112,1.5555555555555556,5,9,0.9682539682539683,14,0,0.0,-1.5901203645877993,200
7,15,105,1,1,1,0,105,2.142857142857143,6,7,0.9904761904761905,15,0,0.0,-1.5597366949411717,200
3,5,15,1,1,1,1,15,1.6666666666666667,1,3,0.8666666666666667,5,1,0.2,-0.6237563373437466,200
3,12,36,0,1,1,0,36,4.0,2,3,0.9722222222222222,12,0,0.0,-0.4616948734149176,200
8,1,8,0,2,1,1,28,0.125,1,1,0.125,1,0,0.0,-0.29341939278764,200
7,11,77,1,1,0,1,77,1.5714285714285714,7,7,1.0,11,0,0.0,-1.747297312722269,200
8,10,80,0,0,1,1,70,1.25,4,8,0.95,10,0,0.0,-1.2115377631720898,200
8,16,128,1,2,0,0,448,2.0,1,8,0.9453125,16,0,0.0,-1.7311218475994867,200
10,5,50,1,2,0,0,225,0.5,1,10,0.82,5,0,0.0,-1.0046316659174057,200
2,7,14,1,2,1,0,7,3.5,1,2,0.9285714285714286,7,0,0.0,-0.6739167645187392,200
5,5,25,0,2,1,0,50,1.0,1,5,0.84,5,0,0.0,-0.4904686273181714,200
8,9,72,1,2,1,0,252,1.125,1,8,0.9027777777777778,9,0,0.0,-1.5982905583534017,200
4,12,48,0,1,1,1,48,3.0,2,4,0.9583333333333334,12,0,0.0,-0.6130560407693388,200
6,19,114,0,1,0,1,114,3.1666666666666665,6,6,1.0,19,0,0.0,-0.28580455241345887,200
9,2,18,0,2,1,0,72,0.2222222222222222,1,9,0.5555555555555556,2,0,0.0,-0.2905591262833589,200
6,4,24,1,0,0,1,20,0.6666666666666666,6,6,1.0,4,0,0.0,-1.407780635972848,200
8,6,48,1,1,1,1,48,0.75,4,8,0.9166666666666666,6,0,0.0,-1.790693626529271,200
5,4,20,0,2,0,0,40,0.8,1,5,0.8,4,0,0.0,-0.10518355947874612,200
4,4,16,1,0,1,0,12,1.0,1,4,0.625,4,0,0.0,-0.885171032440189,200
4,9,36,0,2,0,1,54,2.25,4,4,1.0,9,0,0.0,0.1758430916184313,200
9,6,54,0,2,0,0,216,0.6666666666666666,1,9,0.8518518518518519,6,0,0.0,0.07872163586051846,200
6,19,114,1,2,0,0,285,3.1666666666666665,1,6,0.956140350877193,19,0,0.0,-1.3798560561528896,200
9,13,117,1,0,1,1,104,1.4444444444444444,5,9,0.9658119658119658,13,0,0.0,-2.086419148787852,200
8,11,88,0,1,0,1,88,1.375,8,8,1.0,11,0,0.0,-0.28486849750940224,200
4,19,76,1,1,0,1,76,4.75,4,4,1.0,19,0,0.0,-0.972810444782796,200
5,12,60,1,2,0,1,120,2.4,5,5,1.0,12,0,0.0,-1.1860967042053991,200
9,13,117,0,0,1,1,104,1.4444444444444444,5,9,0.9658119658119658,13,0,0.0,-1.5073069389393186,200
8,17,136,0,0,1,0,119,2.125,1,8,0.7941176470588235,17,0,0.0,-1.2999399605121276,200
5,18,90,1,0,0,0,72,3.6,1,5,0.8888888888888888,18,0,0.0,-1.0630559946143863,200
6,14,84,0,1,1,0,84,2.3333333333333335,5,6,0.9880952380952381,14,0,0.0,-1.0146998728322532,200
11,9,99,1,2,1,0,495,0.8181818181818182,1,11,0.898989898989899,9,3,0.3333333333333333,-1.087159537751052,200
12,2,24,0,0,0,0,22,0.16666666666666666,1,2,0.125,2,0,0.0,-0.40219014537927233,200
12,3,36,0,2,0,0,198,0.25,1,12,0.6944444444444444,3,0,0.0,0.5958182172281052,200
4,19,76,1,0,0,0,57,4.75,1,4,0.9210526315789473,19,5,0.2631578947368421,-0.9166677024738299,200
5,10,50,0,1,0,0,50,2.0,1,5,0.88,10,0,0.0,-0.4645571034114663,200
10,20,200,0,0,0,1,180,2.0,10,10,1.0,20,0,0.0,-1.3427111806961614,200
11,1,11,0,0,0,0,10,0.09090909090909091,1,1,0.09090909090909091,1,0,0.0,-0.28459544262612063,200
5,5,25,1,0,1,0,20,1.0,1,5,0.6,5,1,0.2,-0.8656389430432546,200
6,15,90,1,2,0,1,225,2.5,6,6,1.0,15,0,0.0,-1.3055951234067933,200
6,2,12,1,2,0,1,30,0.3333333333333333,6,6,1.0,2,0,0.0,-0.6495778352083531,200
10,14,140,1,2,1,0,630,1.4,1,10,0.9357142857142857,14,0,0.0,-2.389645119373143,200
7,14,98,1,1,1,0,98,2.0,6,7,0.9897959183673469,14,0,0.0,-1.5757844302122177,200
10,9,90,1,1,0,0,90,0.9,1,10,0.7222222222222222,9,0,0.0,-0.9722501505256974,200
2,10,20,1,2,0,1,10,5.0,2,2,1.0,10,0,0.0,-0.6300184204487905,200
7,8,56,0,0,1,0,48,1.1428571428571428,1,7,0.625,8,0,0.0,-0.6795056344065721,200
7,7,49,1,0,0,1,42,1.0,7,7,1.0,7,0,0.0,-1.7755526005080806,200
5,12,60,1,2,1,1,120,2.4,1,5,0.9333333333333333,12,0,0.0,-1.1897339752561358,200
5,17,85,0,0,1,1,68,3.4,3,5,0.9764705882352941,17,0,0.0,-0.8101764849526234,200
4,7,28,0,2,0,1,42,1.75,4,4,1.0,7,0,0.0,0.1748615757258195,200
11,1,11,1,1,1,0,11,0.09090909090909091,10,10,0.9090909090909091,1,0,0.0,-0.13863513096413974,200
7,10,70,1,2,1,1,210,1.4285714285714286,1,7,0.9142857142857143,10,0,0.0,-1.6543930333940011,200
7,19,133,1,0,1,0,114,2.7142857142857144,1,7,0.8421052631578947,19,1,0.05263157894736842,-1.7089069531307313,200
2,11,22,1,0,0,1,11,5.5,2,2,1.0,11,0,0.0,-0.6409472513980341,200
11,2,22,0,2,1,0,110,0.18181818181818182,1,11,0.5454545454545454,2,0,0.0,-0.1977358384967467,200
6,20,120,1,1,1,1,120,3.3333333333333335,3,6,0.975,20,0,0.0,-1.3599980905015059,200
3,15,45,0,0,0,1,30,5.0,3,3,1.0,15,0,0.0,-0.3728905043656632,200
7,2,14,0,2,1,1,42,0.2857142857142857,1,7,0.5714285714285714,2,0,0.0,-0.3418479525528463,200
2,6,12,0,1,0,0,12,3.0,1,2,0.9166666666666666,6,0,0.0,-0.26340986276608663,200
9,14,126,1,0,1,1,112,1.5555555555555556,5,9,0.9682539682539683,14,0,0.0,-2.0879373242914903,200
7,1,7,1,1,0,0,7,0.14285714285714285,1,1,0.14285714285714285,1,1,1.0,nan,200
2,11,22,1,0,0,0,11,5.5,1,2,0.9545454545454546,11,0,0.0,-0.6482361299682351,200
2,3,6,0,2,0,0,3,1.5,1,2,0.8333333333333334,3,0,0.0,-0.33472475263239615,200
8,16,128,1,2,0,0,448,2.0,1,8,0.9453125,16,0,0.0,-1.7261794826917456,200
10,10,100,1,2,0,0,450,1.0,1,10,0.91,10,1,0.1,-1.6586985155970266,200
4,16,64,1,2,0,0,96,4.0,1,4,0.953125,16,0,0.0,-0.9981663612181194,200
3,9,27,0,0,1,1,18,3.0,2,3,0.9629629629629629,9,0,0.0,-0.4605628396891388,200
6,4,24,0,2,1,0,60,0.6666666666666666,1,6,0.7916666666666666,4,0,0.0,-0.46877557694921645,200
9,13,117,0,1,0,0,117,1.4444444444444444,1,9,0.8290598290598291,13,0,0.0,-1.0804866331381902,200
9,4,36,1,0,0,1,32,0.4444444444444444,9,9,1.0,4,0,0.0,-1.6660026956978,200
2,16,32,1,2,1,0,16,8.0,1,2,0.96875,16,1,0.0625,-0.7631889133899958,200
7,13,91,1,0,0,1,78,1.8571428571428572,7,7,1.0,13,0,0.0,-1.6161602748329897,200
3,18,54,0,2,0,0,54,6.0,1,3,0.9629629629629629,18,0,0.0,-0.2195210404764589,200
6,10,60,0,1,1,1,60,1.6666666666666667,3,6,0.95,10,0,0.0,-0.960989441676581,200
3,11,33,0,0,0,0,22,3.6666666666666665,1,3,0.9090909090909091,11,0,0.0,-0.4259489796718837,200
6,9,54,1,1,0,0,54,1.5,1,6,0.8333333333333334,9,0,0.0,-0.9405804126538632,200
11,16,176,0,1,0,1,176,1.4545454545454546,11,11,1.0,16,0,0.0,-0.18873988037306158,200
3,19,57,1,0,0,1,38,6.333333333333333,3,3,1.0,19,0,0.0,-0.7881332390928542,200
11,8,88,1,1,1,1,88,0.7272727272727273,5,11,0.9318181818181818,8,0,0.0,-2.6117423475386774,200
12,1,12,1,1,0,1,12,0.08333333333333333,12,12,1.0,1,0,0.0,-0.17662953007969143,200
2,6,12,1,0,1,1,6,3.0,1,2,0.9166666666666666,6,1,0.16666666666666666,-0.5976892544784124,200
7,2,14,0,2,1,0,42,0.2857142857142857,1,7,0.5714285714285714,2,0,0.0,-0.28551025939752084,200
11,15,165,0,0,1,1,150,1.3636363636363635,6,11,0.9696969696969697,15,0,0.0,-1.8392848905886978,200
7,5,35,1,1,1,1,35,0.7142857142857143,3,7,0.8857142857142857,5,0,0.0,-1.5585164924691501,200
4,17,68,0,0,1,0,51,4.25,1,4,0.9117647058823529,17,0,0.0,-0.648028288229283,200
6,16,96,1,1,1,0,96,2.6666666666666665,5,6,0.9895833333333334,16,0,0.0,-1.352493224160625,200
8,5,40,0,0,1,0,35,0.625,1,5,0.375,5,0,0.0,-0.4979988150889356,200
9,3,27,0,1,1,1,27,0.3333333333333333,4,9,0.8148148148148148,3,0,0.0,-0.581176811204623,200
12,11,132,0,2,0,0,726,0.9166666666666666,1,12,0.9166666666666666,11,0,0.0,0.24850371807313912,200
5,6,30,0,0,1,0,24,1.2,1,5,0.6666666666666666,6,0,0.0,-0.5659545616778605,200
11,13,143,0,0,0,1,130,1.1818181818181819,11,11,1.0,13,0,0.0,-1.3923298980374397,200
5,14,70,1,2,1,1,140,2.8,1,5,0.9428571428571428,14,0,0.0,-1.3145823447665046,200
5,3,15,1,0,1,0,12,0.6,1,3,0.4,3,0,0.0,-0.5681817662606213,200
8,2,16,0,1,1,1,16,0.25,4,8,0.75,2,0,0.0,-0.5352489624480881,200
2,11,22,0,0,1,1,11,5.5,1,2,0.9545454545454546,11,0,0.0,-0.35284328350820726,200
6,19,114,0,2,1,1,285,3.1666666666666665,1,6,0.956140350877193,19,0,0.0,-1.0522974191109356,200
8,8,64,1,2,1,1,224,1.0,1,8,0.890625,8,0,0.0,-1.2830779887944939,200
10,9,90,1,0,1,0,81,0.9,1,9,0.5,9,1,0.1111111111111111,-1.333158474552854,200
7,12,84,1,2,1,0,252,1.7142857142857142,1,7,0.9285714285714286,12,2,0.16666666666666666,-1.5791662320761215,200
9,1,9,0,0,0,0,8,0.1111111111111111,1,1,0.1111111111111111,1,0,0.0,-0.31988527778047515,200
5,14,70,1,1,0,1,70,2.8,5,5,1.0,14,0,0.0,-1.1967963564368205,200
10,3,30,1,1,1,0,30,0.3,9,10,0.9666666666666667,3,0,0.0,-1.2784332509860623,200
3,14,42,0,2,0,1,42,4.666666666666667,3,3,1.0,14,0,0.0,0.11012317494868838,200
9,4,36,1,2,0,0,144,0.4444444444444444,1,9,0.7777777777777778,4,0,0.0,-0.6440643561996113,200
6,8,48,1,0,0,0,40,1.3333333333333333,1,6,0.6875,8,1,0.125,-0.7990135484162718,200
6,8,48,1,2,0,1,120,1.3333333333333333,6,6,1.0,8,0,0.0,-1.223905935963747,200
7,15,105,0,2,0,1,315,2.142857142857143,7,7,1.0,15,0,0.0,0.40331761151660667,200
2,18,36,1,1,0,0,36,9.0,1,2,0.9722222222222222,18,0,0.0,-0.6588822762668277,200
8,18,144,0,0,1,0,126,2.25,1,8,0.8055555555555556,18,0,0.0,-1.3786484218709645,200
12,13,156,1,0,0,0,143,1.0833333333333333,1,12,0.5769230769230769,13,1,0.07692307692307693,-0.9540403103344356,200
4,2,8,1,0,0,1,6,0.5,4,4,1.0,2,0,0.0,-0.5433274911997511,200
2,3,6,1,2,0,1,3,1.5,2,2,1.0,3,0,0.0,-0.5738229640774921,200
5,19,95,0,1,1,1,95,3.8,2,5,0.968421052631579,19,0,0.0,-0.8014345868490833,200
2,16,32,1,0,0,1,16,8.0,2,2,1.0,16,1,0.0625,-0.6807312806637371,200
4,10,40,1,2,1,0,60,2.5,1,4,0.925,10,0,0.0,-0.9789478431054772,200
6,14,84,0,0,1,0,70,2.3333333333333335,1,6,0.8214285714285714,14,0,0.0,-0.9528476215076945,200
12,11,132,1,2,1,1,726,0.9166666666666666,1,12,0.9166666666666666,11,1,0.09090909090909091,-1.7189731782273294,200
7,6,42,1,2,0,0,126,0.8571428571428571,1,7,0.8571428571428571,6,0,0.0,-1.2193478928441566,200
4,4,16,1,1,1,1,16,1.0,2,4,0.875,4,0,0.0,-0.9567882500226765,200
10,4,40,1,1,0,1,40,0.4,10,10,1.0,4,0,0.0,-2.0071722403988885,200
7,14,98,1,2,1,1,294,2.0,1,7,0.9387755102040817,14,1,0.07142857142857142,-1.6495591267401812,200
4,17,68,1,1,1,1,68,4.25,2,4,0.9705882352941176,17,0,0.0,-0.9458262196912338,200
10,10,100,0,0,0,1,90,1.0,10,10,1.0,10,0,0.0,-1.2804370575695108,200
9,6,54,1,2,0,0,216,0.6666666666666666,1,9,0.8518518518518519,6,0,0.0,-1.1576030370747212,200
10,1,10,0,0,1,0,9,0.1,1,1,0.1,1,0,0.0,-0.31356800578155336,200
3,13,39,1,1,1,1,39,4.333333333333333,1,3,0.9487179487179487,13,0,0.0,-0.7799488022818897,200
3,15,45,0,1,1,1,45,5.0,1,3,0.9555555555555556,15,0,0.0,-0.4789361904140327,200
7,1,7,0,0,1,1,6,0.14285714285714285,4,4,0.5714285714285714,1,0,0.0,-0.1794700391051401,200
12,20,240,0,0,1,1,220,1.6666666666666667,6,12,0.975,20,0,0.0,-2.4070913307131963,200
8,18,144,0,2,0,1,504,2.25,8,8,1.0,18,0,0.0,0.44223557169154704,200
2,7,14,0,0,0,0,7,3.5,1,2,0.9285714285714286,7,0,0.0,-0.3101902826272152,200
4,3,12,1,0,1,1,9,0.75,2,4,0.8333333333333334,3,0,0.0,-0.8436820005220024,200
8,10,80,0,2,1,0,280,1.25,1,8,0.9125,10,0,0.0,-0.9352660693308273,200
7,19,133,0,2,1,1,399,2.7142857142857144,1,7,0.9548872180451128,19,0,0.0,-1.2497816411882945,200
5,18,90,0,0,0,1,72,3.6,5,5,1.0,18,0,0.0,-0.6272397893647501,200
2,20,40,1,0,0,0,20,10.0,1,2,0.975,20,0,0.0,-0.7235029477387173,200
11,13,143,0,0,0,0,130,1.1818181818181819,1,11,0.6153846153846154,13,0,0.0,-0.6307328034272193,200
5,9,45,0,2,1,0,90,1.8,1,5,0.9111111111111111,9,0,0.0,-0.6541159744870881,200
11,3,33,0,1,0,1,33,0.2727272727272727,11,11,1.0,3,0,0.0,-0.22298831267528968,200
4,18,72,0,2,0,0,108,4.5,1,4,0.9583333333333334,18,0,0.0,-0.1519023531429353,200
5,1,5,1,1,1,0,5,0.2,4,4,0.8,1,0,0.0,-0.22660961346623287,200
7,8,56,1,1,0,1,56,1.1428571428571428,7,7,1.0,8,0,0.0,-1.6660573997554275,200
7,15,105,1,0,0,1,90,2.142857142857143,7,7,1.0,15,0,0.0,-1.6930929297953126,200
8,15,120,1,0,0,1,105,1.875,8,8,1.0,15,0,0.0,-1.8879510345069002,200
10,2,20,1,1,0,1,20,0.2,10,10,1.0,2,0,0.0,-0.7346527750153055,200
2,14,28,1,1,1,0,28,7.0,1,2,0.9642857142857143,14,1,0.07142857142857142,-0.7224960421709489,200
6,11,66,0,1,0,1,66,1.8333333333333333,6,6,1.0,11,0,0.0,-0.2946391754773891,200
3,20,60,0,2,0,1,60,6.666666666666667,3,3,1.0,20,0,0.0,0.0746623360493548,200
6,9,54,0,0,0,0,45,1.5,1,6,0.7222222222222222,9,0,0.0,-0.565720678377405,200
9,18,162,1,1,1,1,162,2.0,4,9,0.9691358024691358,18,0,0.0,-2.0962484655893516,200
11,10,110,0,0,1,0,100,0.9090909090909091,1,10,0.5,10,0,0.0,-0.8058867763877642,200
11,10,110,1,0,0,1,100,0.9090909090909091,11,11,1.0,10,0,0.0,-2.795937165082894,200
3,12,36,0,1,1,1,36,4.0,1,3,0.9444444444444444,12,0,0.0,-0.4960076398344029,200
7,5,35,0,0,0,0,30,0.7142857142857143,1,5,0.42857142857142855,5,0,0.0,-0.45994039708758533,200
6,4,24,1,0,0,0,20,0.6666666666666666,1,4,0.4166666666666667,4,3,0.75,-0.3088276332139682,200
10,1,10,0,0,1,1,9,0.1,5,5,0.5,1,0,0.0,-0.143447138738412,200
5,1,5,0,0,0,1,4,0.2,5,5,1.0,1,0,0.0,-0.1402043804878603,200
5,3,15,0,0,0,1,12,0.6,5,5,1.0,3,0,0.0,-0.5281323499723051,200
4,4,16,0,0,0,0,12,1.0,1,4,0.625,4,0,0.0,-0.42942883972125057,200
2,2,4,0,1,0,1,4,1.0,2,2,1.0,2,0,0.0,-0.32893259536886954,200
4,15,60,1,0,1,1,45,3.75,2,4,0.9666666666666667,15,0,0.0,-0.9660570485213488,200
7,12,84,1,2,0,1,252,1.7142857142857142,7,7,1.0,12,0,0.0,-1.4774931026410139,200
4,10,40,0,1,1,1,40,2.5,2,4,0.95,10,0,0.0,-0.6008101676416732,200
12,19,228,0,1,0,0,228,1.5833333333333333,1,12,0.8421052631578947,19,0,0.0,-1.304958153380676,200
2,16,32,1,2,1,0,16,8.0,1,2,0.96875,16,1,0.0625,-0.7673768245184012,200
7,16,112,0,1,0,1,112,2.2857142857142856,7,7,1.0,16,0,0.0,0.018807808412158296,200
8,7,56,0,2,0,1,196,0.875,8,8,1.0,7,0,0.0,0.5041811770799975,200
4,12,48,0,0,1,1,36,3.0,2,4,0.9583333333333334,12,0,0.0,-0.5996107840867583,200
4,13,52,1,1,0,0,52,3.25,1,4,0.9230769230769231,13,0,0.0,-1.0153421779968816,200
6,8,48,0,1,0,1,48,1.3333333333333333,6,6,1.0,8,0,0.0,-0.27588104113576656,200
10,11,110,1,0,0,0,99,1.1,1,10,0.5909090909090909,11,0,0.0,-0.959836141654842,200
11,4,44,1,1,0,1,44,0.36363636363636365,11,11,1.0,4,0,0.0,-2.1505920451719853,200
12,16,192,1,0,0,0,176,1.3333333333333333,1,12,0.65625,16,1,0.0625,-0.8799970137073957,200
7,15,105,0,2,0,0,315,2.142857142857143,1,7,0.9428571428571428,15,0,0.0,0.00918728432616577,200
12,19,228,0,2,1,0,1254,1.5833333333333333,1,12,0.9517543859649122,19,0,0.0,-1.856366006874913,200
8,12,96,0,1,1,1,96,1.5,4,8,0.9583333333333334,12,0,0.0,-1.4329224399002891,200
4,14,56,0,2,0,1,84,3.5,4,4,1.0,14,0,0.0,0.13013694745500043,200
10,15,150,0,2,1,0,675,1.5,1,10,0.94,15,0,0.0,-1.4216484164210508,200
9,14,126,1,0,0,1,112,1.5555555555555556,9,9,1.0,14,0,0.0,-2.1779567276052822,200
12,12,144,1,1,0,1,144,1.0,12,12,1.0,12,0,0.0,-2.930012959819361,200
10,8,80,0,2,0,1,360,0.8,10,10,1.0,8,0,0.0,0.5822149072371059,200
9,12,108,1,1,1,0,108,1.3333333333333333,8,9,0.9907407407407407,12,0,0.0,-2.07990842393536,200
4,14,56,0,0,0,0,42,3.5,1,4,0.8928571428571429,14,0,0.0,-0.4896082034718502,200
5,1,5,0,1,0,0,5,0.2,1,1,0.2,1,0,0.0,-0.3153475114671863,200
9,4,36,1,0,0,1,32,0.4444444444444444,9,9,1.0,4,0,0.0,-1.682716435549243,200
12,1,12,1,0,1,1,11,0.08333333333333333,6,6,0.5,1,0,0.0,-0.25965354169867033,200
5,4,20,1,2,0,0,40,0.8,1,5,0.8,4,0,0.0,-0.7750424719426681,200
5,10,50,1,0,0,0,40,2.0,1,5,0.8,10,0,0.0,-0.8910386572071993,200
4,16,64,1,1,0,1,64,4.0,4,4,1.0,16,0,0.0,-0.9671838624555964,200
3,7,21,1,0,0,0,14,2.3333333333333335,1,3,0.8571428571428571,7,0,0.0,-0.7389434857060241,200
5,6,30,1,1,0,1,30,1.2,5,5,1.0,6,0,0.0,-1.1771471994639107,200
2,9,18,1,1,1,0,18,4.5,1,2,0.9444444444444444,9,1,0.1111111111111111,-0.7071406377456191,200
9,18,162,1,0,0,0,144,2.0,1,9,0.7777777777777778,18,2,0.1111111111111111,-1.0986231946787526,200
6,12,72,1,2,1,1,180,2.0,1,6,0.9305555555555556,12,0,0.0,-1.4291224201013724,200
3,18,54,1,0,1,1,36,6.0,2,3,0.9814814814814815,18,0,0.0,-0.7991951234904663,200
4,12,48,1,0,1,1,36,3.0,2,4,0.9583333333333334,12,1,0.08333333333333333,-0.9685131184877016,200
8,5,40,1,2,1,0,140,0.625,1,8,0.825,5,0,0.0,-1.26870132915409,200
7,14,98,0,2,0,1,294,2.0,7,7,1.0,14,0,0.0,0.46236539823293904,200
10,15,150,0,2,0,0,675,1.5,1,10,0.94,15,0,0.0,0.1445849409151804,200
10,8,80,1,2,0,0,360,0.8,1,10,0.8875,8,1,0.125,-1.1856093529249072,200
4,9,36,0,1,0,0,36,2.25,1,4,0.8888888888888888,9,0,0.0,-0.4694530544576663,200
9,9,81,1,0,0,0,72,1.0,1,9,0.5555555555555556,9,0,0.0,-0.8015859545435773,200
3,12,36,0,2,1,1,36,4.0,1,3,0.9444444444444444,12,0,0.0,-0.5063531845287625,200
7,9,63,0,2,0,1,189,1.2857142857142858,7,7,1.0,9,0,0.0,0.41827601827787075,200
2,9,18,0,1,0,0,18,4.5,1,2,0.9444444444444444,9,0,0.0,-0.3012191593364045,200
2,16,32,0,2,0,0,16,8.0,1,2,0.96875,16,0,0.0,-0.28235941704606365,200
7,18,126,1,1,0,1,126,2.5714285714285716,7,7,1.0,18,0,0.0,-1.6064419481179029,200
7,16,112,0,0,1,1,96,2.2857142857142856,4,7,0.9732142857142857,16,0,0.0,-1.1833277645515554,200
9,3,27,1,2,1,1,108,0.3333333333333333,1,9,0.7037037037037037,3,0,0.0,-0.6472555296429293,200
6,19,114,0,1,0,0,114,3.1666666666666665,1,6,0.9210526315789473,19,0,0.0,-0.7377197769789606,200
11,1,11,1,2,1,0,55,0.09090909090909091,1,1,0.09090909090909091,1,1,1.0,nan,200
7,7,49,0,2,0,1,147,1.0,7,7,1.0,7,0,0.0,0.41730802674634215,200
11,6,66,0,0,0,1,60,0.5454545454545454,11,11,1.0,6,0,0.0,-1.1461145915581086,200
10,13,130,0,1,0,1,130,1.3,10,10,1.0,13,0,0.0,-0.3335659492178054,200
11,14,154,1,0,1,0,140,1.2727272727272727,1,11,0.6428571428571429,14,3,0.21428571428571427,-1.950911500410777,200
3,20,60,0,2,0,0,60,6.666666666666667,1,3,0.9666666666666667,20,0,0.0,-0.17514789011965914,200
3,15,45,1,1,1,1,45,5.0,1,3,0.9555555555555556,15,1,0.06666666666666667,-0.7901276460659034,200
5,4,20,0,2,1,1,40,0.8,1,5,0.8,4,0,0.0,-0.4295811463155968,200
2,18,36,0,0,1,0,18,9.0,1,2,0.9722222222222222,18,0,0.0,-0.3432910329110884,200
8,14,112,0,2,1,1,392,1.75,1,8,0.9375,14,0,0.0,-1.1465530406027318,200
9,20,180,0,1,0,0,180,2.2222222222222223,1,9,0.8888888888888888,20,0,0.0,-1.120735979477549,200
12,15,180,1,0,0,1,165,1.25,12,12,1.0,15,0,0.0,-2.952676269349783,200
6,9,54,0,0,0,0,45,1.5,1,6,0.7222222222222222,9,0,0.0,-0.5583523513789526,200
3,16,48,0,1,0,0,48,5.333333333333333,1,3,0.9583333333333334,16,0,0.0,-0.19137771545260288,200
4,18,72,0,1,0,0,72,4.5,1,4,0.9444444444444444,18,0,0.0,-0.49174508011837753,200
5,7,35,1,0,1,1,28,1.4,3,5,0.9428571428571428,7,0,0.0,-1.0688495665363638,200
7,14,98,1,1,1,0,98,2.0,6,7,0.9897959183673469,14,0,0.0,-1.5829291655416293,200
10,14,140,0,1,1,1,140,1.4,5,10,0.9642857142857143,14,0,0.0,-1.9402643820864338,200
10,11,110,1,1,0,1,110,1.1,10,10,1.0,11,0,0.0,-2.379842473338594,200
11,18,198,1,1,0,0,198,1.6363636363636365,1,11,0.8484848484848485,18,0,0.0,-1.5959620915010284,200
4,12,48,0,2,0,0,72,3.0,1,4,0.9375,12,0,0.0,-0.13404905800643716,200
2,3,6,0,1,1,1,6,1.5,1,2,0.8333333333333334,3,0,0.0,-0.36073422212066175,200
9,10,90,1,0,0,0,80,1.1111111111111112,1,9,0.6,10,0,0.0,-0.9409477234657698,200
10,20,200,1,1,0,0,200,2.0,1,10,0.875,20,0,0.0,-1.5754400797195642,200
12,14,168,1,2,1,1,924,1.1666666666666667,1,12,0.9345238095238095,14,0,0.0,-2.0665292570578027,200
4,5,20,1,1,1,0,20,1.25,3,4,0.95,5,0,0.0,-0.9031694279467062,200
10,4,40,1,0,0,0,36,0.4,1,4,0.25,4,3,0.75,-0.33612683611086136,200
12,13,156,0,0,0,0,143,1.0833333333333333,1,12,0.5769230769230769,13,0,0.0,-0.6484455728372975,200
4,10,40,1,1,1,0,40,2.5,3,4,0.975,10,0,0.0,-0.9100431718361309,200
3,5,15,1,1,1,0,15,1.6666666666666667,2,3,0.9333333333333333,5,0,0.0,-0.74974882599843,200
10,4,40,0,0,0,1,36,0.4,10,10,1.0,4,0,0.0,-0.8590230725842045,200
5,8,40,1,1,1,0,40,1.6,4,5,0.975,8,0,0.0,-1.1028008552674773,200
6,6,36,1,1,0,0,36,1.0,1,6,0.75,6,0,0.0,-0.9107703658268839,200
5,8,40,0,1,1,0,40,1.6,4,5,0.975,8,0,0.0,-0.7566903700265015,200
3,2,6,1,2,1,1,6,0.6666666666666666,1,3,0.6666666666666666,2,0,0.0,-0.6075703613841212,200
8,10,80,1,1,1,1,80,1.25,4,8,0.95,10,0,0.0,-1.8235911639558706,200
5,2,10,1,2,1,0,20,0.4,1,5,0.6,2,1,0.5,-0.313054390255286,200
12,3,36,1,1,1,1,36,0.25,6,12,0.8333333333333334,3,0,0.0,-1.1431459795215728,200
11,7,77,1,0,0,1,70,0.6363636363636364,11,11,1.0,7,0,0.0,-2.907810349994182,200
3,4,12,0,0,1,0,8,1.3333333333333333,1,3,0.75,4,0,0.0,-0.4052270368365821,200
9,6,54,0,2,0,1,216,0.6666666666666666,9,9,1.0,6,0,0.0,0.5850182345159729,200
5,18,90,1,0,0,0,72,3.6,1,5,0.8888888888888888,18,0,0.0,-1.0287862930837062,200
12,18,216,1,1,0,0,216,1.5,1,12,0.8333333333333334,18,0,0.0,-1.3939046091625522,200
9,12,108,1,1,0,0,108,1.3333333333333333,1,9,0.8148148148148148,12,0,0.0,-1.348041708426379,200
8,9,72,0,0,1,1,63,1.125,4,8,0.9444444444444444,9,0,0.0,-1.0958732616188949,200
10,16,160,0,1,0,0,160,1.6,1,10,0.84375,16,0,0.0,-1.1111894168517276,200
2,7,14,1,2,1,1,7,3.5,1,2,0.9285714285714286,7,0,0.0,-0.6629745008779977,200
7,5,35,1,1,1,0,35,0.7142857142857143,6,7,0.9714285714285714,5,0,0.0,-1.8458149800435157,200
11,14,154,0,2,0,0,770,1.2727272727272727,1,11,0.935064935064935,14,0,0.0,0.2482719446914591,200
7,9,63,1,0,1,1,54,1.2857142857142858,4,7,0.9523809523809523,9,0,0.0,-1.6163986260297163,200
11,14,154,1,1,0,0,154,1.2727272727272727,1,11,0.8051948051948052,14,1,0.07142857142857142,-1.082729493947042,200
8,6,48,1,0,0,0,42,0.75,1,6,0.4375,6,0,0.0,-0.6035694548410195,200
7,4,28,1,2,1,1,84,0.5714285714285714,1,7,0.7857142857142857,4,0,0.0,-1.1289153750955556,200
9,20,180,0,1,0,0,180,2.2222222222222223,1,9,0.8888888888888888,20,0,0.0,-1.0223137351871898,200
12,10,120,1,1,1,1,120,0.8333333333333334,6,12,0.95,10,0,0.0,-2.8900292560336682,200
12,4,48,1,1,1,1,48,0.3333333333333333,6,12,0.875,4,0,0.0,-1.6459001102408488,200
3,19,57,1,0,0,1,38,6.333333333333333,3,3,1.0,19,0,0.0,-0.798956140548013,200
10,14,140,1,1,1,0,140,1.4,9,10,0.9928571428571429,14,0,0.0,-2.2935185369361024,200
12,12,144,1,0,0,1,132,1.0,12,12,1.0,12,0,0.0,-2.936817280006175,200
5,9,45,1,0,1,1,36,1.8,3,5,0.9555555555555556,9,0,0.0,-1.1452504995629806,200
7,20,140,0,2,0,0,420,2.857142857142857,1,7,0.9571428571428572,20,0,0.0,0.0160651361872248,200
11,10,110,1,1,1,1,110,0.9090909090909091,5,11,0.9454545454545454,10,0,0.0,-2.603487286258755,200
9,13,117,1,0,0,0,104,1.4444444444444444,1,9,0.6923076923076923,13,0,0.0,-0.9429569842104095,200
5,5,25,1,0,0,0,20,1.0,1,5,0.6,5,0,0.0,-0.8304480072676681,200
9,7,63,0,1,0,0,63,0.7777777777777778,1,9,0.6825396825396826,7,0,0.0,-0.725253099633929,200
6,17,102,1,0,0,1,85,2.8333333333333335,6,6,1.0,17,0,0.0,-1.4198915372807013,200
3,4,12,1,2,1,1,12,1.3333333333333333,1,3,0.8333333333333334,4,0,0.0,-0.87405072557983,200
2,14,28,0,0,0,1,14,7.0,2,2,1.0,14,0,0.0,-0.1154288631618451,200
3,2,6,1,2,1,1,6,0.6666666666666666,1,3,0.6666666666666666,2,0,0.0,-0.6418836395844744,200
6,8,48,1,2,1,1,120,1.3333333333333333,1,6,0.8958333333333334,8,0,0.0,-1.1493064943755131,200
11,3,33,0,1,1,1,33,0.2727272727272727,5,11,0.8181818181818182,3,0,0.0,-0.582171161498964,200
11,1,11,0,0,1,0,10,0.09090909090909091,1,1,0.09090909090909091,1,0,0.0,-0.3099606672283573,200
5,2,10,1,1,0,1,10,0.4,5,5,1.0,2,0,0.0,-0.723640624240973,200
10,19,190,1,1,0,1,190,1.9,10,10,1.0,19,0,0.0,-2.3802865601013194,200
11,18,198,1,0,0,0,180,1.6363636363636365,1,11,0.7222222222222222,18,1,0.05555555555555555,-1.1492631826789563,200
5,3,15,0,1,0,0,15,0.6,1,5,0.6,3,0,0.0,-0.5062667342732173,200
11,10,110,0,2,1,1,550,0.9090909090909091,1,11,0.9090909090909091,10,0,0.0,-0.831903995225193,200
6,8,48,0,1,0,0,48,1.3333333333333333,1,6,0.8125,8,0,0.0,-0.6787129741477799,200
8,4,32,0,2,1,0,112,0.5,1,8,0.78125,4,0,0.0,-0.4761116780776563,200
11,5,55,1,1,0,1,55,0.45454545454545453,11,11,1.0,5,0,0.0,-2.4634247940590734,200
9,5,45,1,2,1,1,180,0.5555555555555556,1,9,0.8222222222222222,5,1,0.2,-0.7242943344840047,200
12,11,132,1,1,0,0,132,0.9166666666666666,1,12,0.7272727272727273,11,0,0.0,-1.1561286757503138,200
8,15,120,0,0,1,0,105,1.875,1,8,0.7666666666666667,15,0,0.0,-1.215181971390213,200
9,6,54,1,1,1,0,54,0.6666666666666666,8,9,0.9814814814814815,6,0,0.0,-2.018384565038513,200
2,18,36,1,2,1,0,18,9.0,1,2,0.9722222222222222,18,2,0.1111111111111111,-0.6763473070174791,200
5,3,15,1,1,0,1,15,0.6,5,5,1.0,3,0,0.0,-1.021656390032984,200
7,7,49,0,2,1,1,147,1.0,1,7,0.8775510204081632,7,0,0.0,-0.6281881827630141,200
11,19,209,1,2,0,1,1045,1.7272727272727273,11,11,1.0,19,0,0.0,-2.5236164369996392,200
2,13,26,0,0,0,0,13,6.5,1,2,0.9615384615384616,13,0,0.0,-0.2805746570007649,200
5,4,20,1,1,0,0,20,0.8,1,5,0.7,4,2,0.5,-0.6153163391695321,200
9,2,18,1,1,0,1,18,0.2222222222222222,9,9,1.0,2,0,0.0,-0.698993539140901,200
11,12,132,0,2,1,1,660,1.0909090909090908,1,11,0.9242424242424242,12,0,0.0,-0.9834288632148493,200
9,14,126,1,1,1,0,126,1.5555555555555556,8,9,0.9920634920634921,14,0,0.0,-2.097201051440115,200
12,19,228,1,1,0,0,228,1.5833333333333333,1,12,0.8421052631578947,19,0,0.0,-1.6360085752348894,200
10,2,20,1,1,0,0,20,0.2,1,3,0.2,2,1,0.5,-0.26544049226177213,200
4,20,80,1,2,0,1,120,5.0,4,4,1.0,20,0,0.0,-0.9683230829839445,200
8,4,32,1,2,1,1,112,0.5,1,8,0.78125,4,1,0.25,-0.7160913737564226,200
8,1,8,0,0,0,1,7,0.125,8,8,1.0,1,0,0.0,-0.1634980605549772,200
11,13,143,1,2,0,1,715,1.1818181818181819,11,11,1.0,13,0,0.0,-2.2482039736220414,200
10,12,120,1,0,1,0,108,1.2,1,10,0.625,12,2,0.16666666666666666,-1.4948681031780924,200
8,8,64,0,0,1,1,56,1.0,4,8,0.9375,8,0,0.0,-1.073656501812607,200
9,18,162,1,1,0,0,162,2.0,1,9,0.8765432098765432,18,0,0.0,-1.4594460691642857,200
4,7,28,1,1,0,1,28,1.75,4,4,1.0,7,0,0.0,-1.0200331311872326,200
3,20,60,0,2,1,0,60,6.666666666666667,1,3,0.9666666666666667,20,0,0.0,-0.4694792152160486,200
7,1,7,0,0,1,1,6,0.14285714285714285,4,4,0.5714285714285714,1,0,0.0,-0.19839352198748778,200
3,19,57,0,1,1,1,57,6.333333333333333,1,3,0.9649122807017544,19,0,0.0,-0.46160135138463865,200
6,14,84,0,2,1,1,210,2.3333333333333335,1,6,0.9404761904761905,14,0,0.0,-0.964052632090085,200
12,15,180,1,0,0,1,165,1.25,12,12,1.0,15,0,0.0,-2.9698567279245784,200
5,14,70,0,2,1,1,140,2.8,1,5,0.9428571428571428,14,0,0.0,-0.7984232475243933,200
6,9,54,1,0,0,1,45,1.5,6,6,1.0,9,0,0.0,-1.3802388648464425,200
2,5,10,0,2,0,0,5,2.5,1,2,0.9,5,0,0.0,-0.30900399059125533,200
9,11,99,1,1,1,1,99,1.2222222222222223,4,9,0.9494949494949495,11,0,0.0,-2.1203972543466656,200
8,9,72,0,0,0,0,63,1.125,1,8,0.6111111111111112,9,0,0.0,-0.5567182423880676,200
3,10,30,1,0,0,0,20,3.3333333333333335,1,3,0.9,10,0,0.0,-0.7830658233337854,200
7,14,98,1,1,0,1,98,2.0,7,7,1.0,14,0,0.0,-1.5941189546489787,200
3,11,33,0,1,1,1,33,3.6666666666666665,1,3,0.9393939393939394,11,0,0.0,-0.4747394746197994,200
12,14,168,0,1,0,0,168,1.1666666666666667,1,12,0.7857142857142857,14,0,0.0,-1.0653935643437145,200
12,7,84,0,1,0,0,84,0.5833333333333334,1,12,0.5714285714285714,7,0,0.0,-0.7481439149979592,200
7,20,140,1,0,1,0,120,2.857142857142857,1,7,0.85,20,0,0.0,-1.6830481658012713,200
8,1,8,0,0,0,1,7,0.125,8,8,1.0,1,0,0.0,-0.04318620186383194,200
12,3,36,0,1,1,1,36,0.25,6,12,0.8333333333333334,3,0,0.0,-0.6140918101115218,200
12,6,72,0,2,0,1,396,0.5,12,12,1.0,6,0,0.0,0.6838812456446475,200
3,19,57,1,1,1,1,57,6.333333333333333,1,3,0.9649122807017544,19,1,0.05263157894736842,-0.7690520723464094,200
7,13,91,1,1,0,1,91,1.8571428571428572,7,7,1.0,13,0,0.0,-1.6131340553815947,200
2,3,6,0,1,0,0,6,1.5,1,2,0.8333333333333334,3,0,0.0,-0.2799364829215928,200
3,3,9,1,0,0,1,6,1.0,3,3,1.0,3,0,0.0,-0.6948866376939163,200
5,16,80,0,0,0,1,64,3.2,5,5,1.0,16,0,0.0,-0.6542254791318061,200
8,2,16,1,0,1,0,14,0.25,1,2,0.1875,2,0,0.0,-0.6034281029456723,200
3,13,39,0,1,1,1,39,4.333333333333333,1,3,0.9487179487179487,13,0,0.0,-0.4744091820473124,200
9,18,162,0,2,0,0,648,2.0,1,9,0.9506172839506173,18,0,0.0,0.14958956021782108,200
5,12,60,0,1,0,0,60,2.4,1,5,0.9,12,0,0.0,-0.4967658526634548,200
10,20,200,0,1,0,0,200,2.0,1,10,0.875,20,0,0.0,-1.1739142736269694,200
6,12,72,1,2,0,1,180,2.0,6,6,1.0,12,0,0.0,-1.3283916587418811,200
10,19,190,1,2,0,0,855,1.9,1,10,0.9526315789473684,19,2,0.10526315789473684,-2.19663334032659,200
2,8,16,0,0,1,1,8,4.0,1,2,0.9375,8,0,0.0,-0.3500718202463078,200
9,15,135,0,0,0,1,120,1.6666666666666667,9,9,1.0,15,0,0.0,-1.293182784004701,200
12,18,216,1,2,1,1,1188,1.5,1,12,0.9490740740740741,18,0,0.0,-2.786168566254594,200
4,3,12,0,0,0,1,9,0.75,4,4,1.0,3,0,0.0,-0.3830919790182562,200
12,17,204,1,2,1,1,1122,1.4166666666666667,1,12,0.946078431372549,17,0,0.0,-2.7488005671464815,200
6,3,18,1,1,0,1,18,0.5,6,6,1.0,3,0,0.0,-1.194742903002701,200
9,8,72,1,1,1,1,72,0.8888888888888888,4,9,0.9305555555555556,8,0,0.0,-2.0991358853647553,200
8,6,48,0,1,1,0,48,0.75,7,8,0.9791666666666666,6,0,0.0,-0.943678807326773,200
9,19,171,0,0,0,0,152,2.111111111111111,1,9,0.7894736842105263,19,0,0.0,-0.695103541352653,200
12,1,12,0,1,1,0,12,0.08333333333333333,11,11,0.9166666666666666,1,0,0.0,-0.01817365488993179,200
7,15,105,0,1,1,1,105,2.142857142857143,3,7,0.9619047619047619,15,0,0.0,-1.2379702244617212,200
7,15,105,1,1,1,0,105,2.142857142857143,6,7,0.9904761904761905,15,0,0.0,-1.5841710523631387,200
11,4,44,1,1,0,1,44,0.36363636363636365,11,11,1.0,4,0,0.0,-2.1025224766887645,200
8,5,40,1,0,1,1,35,0.625,4,8,0.9,5,0,0.0,-1.5296933558912935,200
2,6,12,1,1,0,1,12,3.0,2,2,1.0,6,0,0.0,-0.9078435288569929,200
3,16,48,0,2,1,0,48,5.333333333333333,1,3,0.9583333333333334,16,0,0.0,-0.4466949515172396,200
9,13,117,0,2,0,0,468,1.4444444444444444,1,9,0.9316239316239316,13,0,0.0,0.13977638534113698,200
9,11,99,0,2,0,1,396,1.2222222222222223,9,9,1.0,11,0,0.0,0.5264873150041915,200
11,9,99,0,0,1,0,90,0.8181818181818182,1,9,0.45454545454545453,9,0,0.0,-0.7465592209145587,200
5,7,35,0,1,0,0,35,1.4,1,5,0.8285714285714286,7,0,0.0,-0.46698073193785195,200
9,4,36,0,1,1,1,36,0.4444444444444444,4,9,0.8611111111111112,4,0,0.0,-0.8409583461173346,200
8,16,128,0,2,0,1,448,2.0,8,8,1.0,16,0,0.0,0.44952914470570765,200
2,17,34,1,1,1,1,34,8.5,1,2,0.9705882352941176,17,1,0.058823529411764705,-0.6652406601659865,200
12,7,84,1,0,1,0,77,0.5833333333333334,1,7,0.3333333333333333,7,0,0.0,-1.5100407422644215,200
9,17,153,1,0,0,1,136,1.8888888888888888,9,9,1.0,17,0,0.0,-2.180401822293527,200
2,17,34,1,0,0,0,17,8.5,1,2,0.9705882352941176,17,0,0.0,-0.7621613227241164,200
6,10,60,1,2,0,1,150,1.6666666666666667,6,6,1.0,10,0,0.0,-1.3078122224907929,200
10,2,20,0,0,0,0,18,0.2,1,2,0.15,2,0,0.0,-0.3989936196053933,200
7,1,7,1,0,0,1,6,0.14285714285714285,7,7,1.0,1,0,0.0,-0.18530818240282218,200
5,9,45,0,2,1,1,90,1.8,1,5,0.9111111111111111,9,0,0.0,-0.6758959456701099,200
11,20,220,0,1,0,0,220,1.8181818181818181,1,11,0.8636363636363636,20,0,0.0,-1.2732924413057574,200
4,9,36,1,2,0,0,54,2.25,1,4,0.9166666666666666,9,2,0.2222222222222222,-0.8419415161493201,200
7,16,112,0,0,1,0,96,2.2857142857142856,1,7,0.8125,16,0,0.0,-1.1541237124416714,200
5,16,80,1,2,0,1,160,3.2,5,5,1.0,16,0,0.0,-1.1711591852559544,200
10,3,30,1,2,0,1,135,0.3,10,10,1.0,3,0,0.0,-0.755129892109901,200
7,11,77,0,0,1,1,66,1.5714285714285714,4,7,0.961038961038961,11,0,0.0,-1.100560570240575,200
8,5,40,0,0,0,0,35,0.625,1,5,0.375,5,0,0.0,-0.4899871606020753,200
12,15,180,0,1,1,0,180,1.25,11,12,0.9944444444444445,15,0,0.0,-2.3425741404447997,200
2,3,6,1,2,0,0,3,1.5,1,2,0.8333333333333334,3,3,1.0,nan,200
10,10,100,1,2,0,0,450,1.0,1,10,0.91,10,1,0.1,-1.491245151716047,200
6,13,78,1,1,1,0,78,2.1666666666666665,5,6,0.9871794871794872,13,0,0.0,-1.3794242659410374,200
9,7,63,0,1,0,1,63,0.7777777777777778,9,9,1.0,7,0,0.0,-0.1969204177115608,200
11,7,77,0,0,1,0,70,0.6363636363636364,1,7,0.36363636363636365,7,0,0.0,-0.6031544522702992,200
2,1,2,1,1,0,0,2,0.5,1,1,0.5,1,0,0.0,-0.3151999993049995,200
10,12,120,1,0,1,0,108,1.2,1,10,0.625,12,1,0.08333333333333333,-1.9495962479274813,200
4,7,28,0,2,1,0,42,1.75,1,4,0.8928571428571429,7,0,0.0,-0.5105657750100975,200
11,10,110,0,1,0,0,110,0.9090909090909091,1,11,0.7272727272727273,10,0,0.0,-0.9267135394927813,200
7,20,140,0,1,1,1,140,2.857142857142857,3,7,0.9714285714285714,20,0,0.0,-1.2631529836587254,200
8,5,40,1,2,0,0,140,0.625,1,8,0.825,5,2,0.4,-0.46153343924173457,200
5,10,50,0,1,0,1,50,2.0,5,5,1.0,10,0,0.0,0.10159559517660134,200
3,20,60,0,2,1,0,60,6.666666666666667,1,3,0.9666666666666667,20,0,0.0,-0.4876194235023938,200
3,8,24,0,2,1,0,24,2.6666666666666665,1,3,0.9166666666666666,8,0,0.0,-0.4675209482825037,200
10,4,40,0,2,0,0,180,0.4,1,10,0.775,4,0,0.0,0.28238332964685037,200
12,5,60,0,2,1,1,330,0.4166666666666667,1,12,0.8166666666666667,5,0,0.0,-0.491478245905627,200
9,16,144,0,0,1,0,128,1.7777777777777777,1,9,0.75,16,0,0.0,-1.3031782419046782,200
9,16,144,0,0,1,1,128,1.7777777777777777,5,9,0.9722222222222222,16,0,0.0,-1.6087075950409233,200
6,17,102,1,1,0,1,102,2.8333333333333335,6,6,1.0,17,0,0.0,-1.3556941574617831,200
12,2,24,0,0,0,0,22,0.16666666666666666,1,2,0.125,2,0,0.0,-0.37567447848087354,200
4,6,24,1,0,0,0,18,1.5,1,4,0.75,6,3,0.5,-0.7286995781963787,200
6,17,102,0,1,1,1,102,2.8333333333333335,3,6,0.9705882352941176,17,0,0.0,-1.0269210321858255,200
8,13,104,0,0,0,0,91,1.625,1,8,0.7307692307692307,13,0,0.0,-0.6403428080531536,200
7,17,119,0,1,0,0,119,2.4285714285714284,1,7,0.8991596638655462,17,0,0.0,-0.8017943852998011,200
6,17,102,1,0,1,1,85,2.8333333333333335,3,6,0.9705882352941176,17,0,0.0,-1.3487198761547916,200
8,19,152,1,2,1,1,532,2.375,1,8,0.9539473684210527,19,0,0.0,-1.97916306275216,200
8,14,112,1,1,0,1,112,1.75,8,8,1.0,14,0,0.0,-1.853514345554376,200
3,12,36,1,0,1,1,24,4.0,2,3,0.9722222222222222,12,0,0.0,-0.7877694711962305,200
6,17,102,0,0,0,1,85,2.8333333333333335,6,6,1.0,17,0,0.0,-0.6092591019540221,200
7,17,119,0,0,0,0,102,2.4285714285714284,1,7,0.8235294117647058,17,0,0.0,-0.6279354860612935,200
8,7,56,1,0,0,0,49,0.875,1,7,0.5,7,0,0.0,-0.7703318132547313,200
6,6,36,0,0,0,1,30,1.0,6,6,1.0,6,0,0.0,-0.6234392611826127,200
7,4,28,0,0,1,1,24,0.5714285714285714,4,7,0.8928571428571429,4,0,0.0,-0.6767638689307784,200
12,12,144,0,0,1,1,132,1.0,6,12,0.9583333333333334,12,0,0.0,-1.8428169535388135,200
2,4,8,0,1,0,0,8,2.0,1,2,0.875,4,0,0.0,-0.3233391654912697,200
3,5,15,1,1,0,0,15,1.6666666666666667,1,3,0.8666666666666667,5,0,0.0,-0.8693375072474772,200
6,12,72,0,2,1,0,180,2.0,1,6,0.9305555555555556,12,0,0.0,-0.8905006289652391,200
2,19,38,1,1,1,1,38,9.5,1,2,0.9736842105263158,19,1,0.05263157894736842,-0.6466504529150922,200
8,11,88,0,2,0,0,308,1.375,1,8,0.9204545454545454,11,0,0.0,0.07404850860006683,200
3,6,18,0,2,0,1,18,2.0,3,3,1.0,6,0,0.0,0.08318734971002026,200
10,16,160,0,2,1,1,720,1.6,1,10,0.94375,16,0,0.0,-1.3327739574386621,200
7,3,21,0,0,1,1,18,0.42857142857142855,4,7,0.8571428571428571,3,0,0.0,-0.5091642281855919,200
12,12,144,0,0,1,1,132,1.0,6,12,0.9583333333333334,12,0,0.0,-1.7525344070723614,200
5,11,55,1,1,1,1,55,2.2,2,5,0.9454545454545454,11,0,0.0,-1.1333695462364046,200
4,3,12,0,1,0,1,12,0.75,4,4,1.0,3,0,0.0,-0.20790600398192197,200
6,13,78,1,0,1,1,65,2.1666666666666665,3,6,0.9615384615384616,13,0,0.0,-1.344781724220761,200
10,9,90,0,0,0,0,81,0.9,1,9,0.5,9,0,0.0,-0.5804366623575603,200
12,5,60,1,1,1,1,60,0.4166666666666667,6,12,0.9,5,0,0.0,-2.1275087542611,200
2,14,28,1,2,0,0,14,7.0,1,2,0.9642857142857143,14,0,0.0,-0.7381568167577051,200
4,5,20,1,0,1,1,15,1.25,2,4,0.9,5,1,0.2,-0.7665516329905513,200
6,8,48,0,0,0,1,40,1.3333333333333333,6,6,1.0,8,0,0.0,-0.5991892998287708,200
4,2,8,1,2,1,1,12,0.5,1,4,0.625,2,0,0.0,-0.594622649958,200
5,11,55,0,1,0,0,55,2.2,1,5,0.8909090909090909,11,0,0.0,-0.5113350797937256,200
12,3,36,1,0,1,0,33,0.25,1,3,0.16666666666666666,3,3,1.0,nan,200
10,1,10,0,1,1,0,10,0.1,9,9,0.9,1,0,0.0,-0.0159498292803593,200
12,11,132,1,0,1,1,121,0.9166666666666666,6,12,0.9545454545454546,11,0,0.0,-2.7661985930855937,200
6,8,48,1,1,0,0,48,1.3333333333333333,1,6,0.8125,8,0,0.0,-0.935345498857832,200
2,7,14,1,0,0,1,7,3.5,2,2,1.0,7,0,0.0,-0.6308645667207897,200
8,7,56,0,2,0,1,196,0.875,8,8,1.0,7,0,0.0,0.44726001532464893,200
11,7,77,0,1,1,1,77,0.6363636363636364,5,11,0.922077922077922,7,0,0.0,-1.429062833603575,200
6,3,18,1,2,0,1,45,0.5,6,6,1.0,3,0,0.0,-0.5761914732252906,200
12,2,24,1,1,0,1,24,0.16666666666666666,12,12,1.0,2,0,0.0,-0.6635693066346693,200
4,11,44,0,2,1,1,66,2.75,1,4,0.9318181818181818,11,0,0.0,-0.5884674311584106,200
10,13,130,0,1,1,0,130,1.3,9,10,0.9923076923076923,13,0,0.0,-1.8572506568144471,200
12,17,204,1,2,0,0,1122,1.4166666666666667,1,12,0.946078431372549,17,0,0.0,-2.544615594360007,200
4,16,64,1,1,0,1,64,4.0,4,4,1.0,16,0,0.0,-0.9931335963024792,200
9,1,9,1,2,0,1,36,0.1111111111111111,9,9,1.0,1,0,0.0,-0.13135774327096536,200
12,6,72,0,1,1,0,72,0.5,11,12,0.9861111111111112,6,0,0.0,-1.2098366636591942,200
4,9,36,1,0,0,1,27,2.25,4,4,1.0,9,0,0.0,-0.9804475365006285,200
4,19,76,1,1,1,1,76,4.75,2,4,0.9736842105263158,19,0,0.0,-0.9583351785381293,200
11,8,88,1,1,0,1,88,0.7272727272727273,11,11,1.0,8,0,0.0,-2.6591459148530276,200
10,17,170,1,1,0,1,170,1.7,10,10,1.0,17,0,0.0,-2.3758372555349343,200
11,4,44,1,2,1,1,220,0.36363636363636365,1,11,0.7727272727272727,4,0,0.0,-0.8610070756157794,200
4,18,72,0,2,0,1,108,4.5,4,4,1.0,18,0,0.0,0.15679379925510636,200
2,4,8,1,2,0,1,4,2.0,2,2,1.0,4,0,0.0,-0.7768044296054726,200
4,3,12,1,0,1,0,9,0.75,1,3,0.5,3,0,0.0,-0.5085331974022358,200
6,7,42,0,1,1,1,42,1.1666666666666667,3,6,0.9285714285714286,7,0,0.0,-0.857923615587355,200
11,17,187,1,0,1,0,170,1.5454545454545454,1,11,0.7058823529411765,17,2,0.11764705882352941,-2.051226641809773,200
11,5,55,1,0,1,0,50,0.45454545454545453,1,5,0.2727272727272727,5,0,0.0,-0.8591276316208494,200
4,14,56,1,2,1,1,84,3.5,1,4,0.9464285714285714,14,0,0.0,-1.0002016735874482,200
5,6,30,0,0,0,0,24,1.2,1,5,0.6666666666666666,6,0,0.0,-0.48576360360600307,200
9,12,108,1,2,1,0,432,1.3333333333333333,1,9,0.9259259259259259,12,0,0.0,-2.076925968832081,200
12,19,228,1,1,0,1,228,1.5833333333333333,12,12,1.0,19,0,0.0,-2.877821529343311,200
11,9,99,0,0,1,0,90,0.8181818181818182,1,9,0.45454545454545453,9,0,0.0,-0.7354972106539707,200
10,8,80,0,0,0,1,72,0.8,10,10,1.0,8,0,0.0,-1.2772353019543494,200
8,19,152,1,1,0,1,152,2.375,8,8,1.0,19,0,0.0,-1.8175307070535467,200
10,17,170,1,1,1,1,170,1.7,5,10,0.9705882352941176,17,0,0.0,-2.3209703173721588,200
8,12,96,0,2,1,1,336,1.5,1,8,0.9270833333333334,12,0,0.0,-0.9970334118843963,200
4,4,16,1,2,0,1,24,1.0,4,4,1.0,4,0,0.0,-0.7701122218957109,200
8,2,16,0,1,1,0,16,0.25,7,8,0.9375,2,0,0.0,-0.3651837730084962,200
4,8,32,1,2,1,0,48,2.0,1,4,0.90625,8,1,0.125,-0.944092469718143,200
12,20,240,1,2,1,1,1320,1.6666666666666667,1,12,0.9541666666666667,20,1,0.05,-2.957410183466696,200
9,14,126,1,1,0,0,126,1.5555555555555556,1,9,0.8412698412698413,14,1,0.07142857142857142,-1.4062243809915353,200
9,8,72,1,0,1,1,64,0.8888888888888888,5,9,0.9444444444444444,8,0,0.0,-2.025668890187251,200
7,2,14,1,2,0,1,42,0.2857142857142857,7,7,1.0,2,0,0.0,-0.8287472647453604,200
6,11,66,0,2,0,0,165,1.8333333333333333,1,6,0.9242424242424242,11,0,0.0,-0.0019518905959957234,200
10,5,50,0,2,0,1,225,0.5,10,10,1.0,5,0,0.0,0.6256808641562228,200
11,11,121,0,2,0,0,605,1.0,1,11,0.9173553719008265,11,0,0.0,0.26108476142197556,200
6,3,18,0,2,1,1,45,0.5,1,6,0.7222222222222222,3,0,0.0,-0.3659072972656009,200
6,12,72,1,2,1,0,180,2.0,1,6,0.9305555555555556,12,0,0.0,-1.3498764727402686,200
10,14,140,0,2,1,1,630,1.4,1,10,0.9357142857142857,14,0,0.0,-1.1559778295363954,200
2,12,24,0,1,1,1,24,6.0,1,2,0.9583333333333334,12,0,0.0,-0.33829004379334904,200
4,8,32,1,2,0,0,48,2.0,1,4,0.90625,8,1,0.125,-1.0040739410050177,200
9,20,180,0,2,1,1,720,2.2222222222222223,1,9,0.9555555555555556,20,0,0.0,-1.600087283088959,200
8,5,40,0,0,0,0,35,0.625,1,5,0.375,5,0,0.0,-0.4973995147420518,200
8,20,160,1,2,0,1,560,2.5,8,8,1.0,20,0,0.0,-1.7787293771142723,200
5,7,35,0,1,1,0,35,1.4,4,5,0.9714285714285714,7,0,0.0,-0.7012172504047661,200
8,2,16,1,2,0,0,56,0.25,1,8,0.5625,2,0,0.0,-0.5277655586268167,200
11,12,132,1,0,0,0,120,1.0909090909090908,1,11,0.5833333333333334,12,3,0.25,-0.8604263576046861,200
7,15,105,1,0,0,1,90,2.142857142857143,7,7,1.0,15,0,0.0,-1.6102590312724958,200
11,4,44,0,1,1,0,44,0.36363636363636365,10,11,0.9772727272727273,4,0,0.0,-0.7791884261366808,200
2,11,22,0,2,0,1,11,5.5,2,2,1.0,11,0,0.0,-0.14751484059852718,200
6,5,30,0,0,1,1,25,0.8333333333333334,3,6,0.9,5,0,0.0,-0.6231805623398687,200
9,12,108,1,1,0,0,108,1.3333333333333333,1,9,0.8148148148148148,12,1,0.08333333333333333,-1.2293286364462077,200
12,19,228,1,2,0,1,1254,1.5833333333333333,12,12,1.0,19,0,0.0,-2.6876193476011454,200
2,6,12,0,0,0,1,6,3.0,2,2,1.0,6,0,0.0,-0.15565064558165767,200
8,16,128,0,0,1,1,112,2.0,4,8,0.96875,16,0,0.0,-1.4288304117106494,200
7,16,112,1,2,1,0,336,2.2857142857142856,1,7,0.9464285714285714,16,1,0.0625,-1.626779785591184,200
4,11,44,0,0,1,1,33,2.75,2,4,0.9545454545454546,11,0,0.0,-0.5688149435718585,200
11,8,88,1,0,1,0,80,0.7272727272727273,1,8,0.4090909090909091,8,0,0.0,-1.153433400696084,200
12,6,72,1,0,0,0,66,0.5,1,6,0.2916666666666667,6,0,0.0,-0.753477951268679,200
11,17,187,1,1,0,1,187,1.5454545454545454,11,11,1.0,17,0,0.0,-2.6590559458803247,200
7,18,126,1,0,1,0,108,2.5714285714285716,1,7,0.8333333333333334,18,0,0.0,-1.6630593446532567,200
6,14,84,0,2,1,0,210,2.3333333333333335,1,6,0.9404761904761905,14,0,0.0,-0.9520198684026147,200
5,9,45,1,2,0,1,90,1.8,5,5,1.0,9,0,0.0,-1.032284919791652,200
12,17,204,1,1,1,0,204,1.4166666666666667,11,12,0.9950980392156863,17,0,0.0,-2.8495693920453036,200
9,10,90,1,0,0,0,80,1.1111111111111112,1,9,0.6,10,0,0.0,-0.8987726825751551,200
7,9,63,1,1,0,0,63,1.2857142857142858,1,7,0.8095238095238095,9,0,0.0,-0.9362496746545473,200
9,5,45,1,0,1,0,40,0.5555555555555556,1,5,0.3333333333333333,5,0,0.0,-1.0631930213430116,200
2,8,16,0,0,1,0,8,4.0,1,2,0.9375,8,0,0.0,-0.3407875000157239,200
7,14,98,1,2,1,0,294,2.0,1,7,0.9387755102040817,14,0,0.0,-1.64919000819438,200
5,3,15,0,1,1,1,15,0.6,2,5,0.8,3,0,0.0,-0.477864575134653,200
5,14,70,1,1,0,0,70,2.8,1,5,0.9142857142857143,14,0,0.0,-1.1569011872416521,200
5,3,15,0,1,0,1,15,0.6,5,5,1.0,3,0,0.0,0.0406463557830404,200
11,6,66,1,0,0,0,60,0.5454545454545454,1,6,0.3181818181818182,6,0,0.0,-0.7581621017538981,200
6,1,6,0,2,1,1,15,0.16666666666666666,1,1,0.16666666666666666,1,0,0.0,-0.2927319545396675,200
4,19,76,0,0,0,1,57,4.75,4,4,1.0,19,0,0.0,-0.32307847777583704,200
3,15,45,0,2,1,1,45,5.0,1,3,0.9555555555555556,15,0,0.0,-0.46246460637911285,200
10,19,190,1,0,1,0,171,1.9,1,10,0.7631578947368421,19,0,0.0,-2.4353280520787477,200
12,20,240,0,2,0,1,1320,1.6666666666666667,12,12,1.0,20,0,0.0,0.6219535332336251,200
12,17,204,0,1,1,0,204,1.4166666666666667,11,12,0.9950980392156863,17,0,0.0,-2.4566096479478476,200
3,17,51,0,0,1,1,34,5.666666666666667,2,3,0.9803921568627451,17,0,0.0,-0.47166943973635816,200
11,14,154,0,2,1,0,770,1.2727272727272727,1,11,0.935064935064935,14,0,0.0,-1.4056344205832914,200
12,15,180,1,1,0,0,180,1.25,1,12,0.8,15,2,0.13333333333333333,-1.4023492256182308,200
3,7,21,0,0,0,0,14,2.3333333333333335,1,3,0.8571428571428571,7,0,0.0,-0.39689678853121924,200
6,9,54,1,1,0,1,54,1.5,6,6,1.0,9,0,0.0,-1.487396582337741,200
5,3,15,1,2,0,0,30,0.6,1,5,0.7333333333333333,3,1,0.3333333333333333,-0.5922786961909485,200
5,13,65,1,1,0,0,65,2.6,1,5,0.9076923076923077,13,0,0.0,-1.1670134002268395,200
12,13,156,1,1,0,0,156,1.0833333333333333,1,12,0.7692307692307693,13,1,0.07692307692307693,-1.2390824665797862,200
12,16,192,1,2,1,0,1056,1.3333333333333333,1,12,0.9427083333333334,16,0,0.0,-2.868834260978505,200
8,17,136,1,0,1,1,119,2.125,4,8,0.9705882352941176,17,0,0.0,-1.8518491796720693,200
7,20,140,0,1,1,1,140,2.857142857142857,3,7,0.9714285714285714,20,0,0.0,-1.2636921147178808,200
5,19,95,0,0,0,0,76,3.8,1,5,0.8947368421052632,19,0,0.0,-0.5708661640732356,200
7,15,105,1,1,0,1,105,2.142857142857143,7,7,1.0,15,0,0.0,-1.6505857600719374,200
11,14,154,0,1,1,0,154,1.2727272727272727,10,11,0.9935064935064936,14,0,0.0,-2.1053561554505436,200
2,8,16,0,1,1,1,16,4.0,1,2,0.9375,8,0,0.0,-0.35580662994452533,200
10,19,190,0,2,0,1,855,1.9,10,10,1.0,19,0,0.0,0.5336072568006313,200
7,5,35,1,2,0,1,105,0.7142857142857143,7,7,1.0,5,0,0.0,-1.0768040729884298,200
12,13,156,1,1,0,1,156,1.0833333333333333,12,12,1.0,13,0,0.0,-2.9209712369114014,200
7,17,119,1,0,1,1,102,2.4285714285714284,4,7,0.9747899159663865,17,0,0.0,-1.6058485525836965,200
3,7,21,0,1,1,0,21,2.3333333333333335,2,3,0.9523809523809523,7,0,0.0,-0.42905535900073394,200
2,17,34,1,1,0,0,34,8.5,1,2,0.9705882352941176,17,1,0.058823529411764705,-0.6381368555153011,200
3,18,54,0,2,1,0,54,6.0,1,3,0.9629629629629629,18,0,0.0,-0.4621890262848226,200
8,10,80,1,0,1,1,70,1.25,4,8,0.95,10,0,0.0,-1.7804569090671798,200
12,1,12,0,2,1,0,66,0.08333333333333333,1,1,0.08333333333333333,1,0,0.0,-0.3029398884565446,200
11,13,143,1,2,0,0,715,1.1818181818181819,1,11,0.9300699300699301,13,1,0.07692307692307693,-1.9080317707855512,200
4,8,32,0,0,0,1,24,2.0,4,4,1.0,8,0,0.0,-0.34087137087809327,200
2,20,40,1,0,0,0,20,10.0,1,2,0.975,20,0,0.0,-0.7154500862757045,200
8,1,8,0,0,0,0,7,0.125,1,1,0.125,1,0,0.0,-0.2857924878904681,200
11,1,11,1,1,1,0,11,0.09090909090909091,10,10,0.9090909090909091,1,0,0.0,-0.20816091907477086,200
11,9,99,0,0,1,0,90,0.8181818181818182,1,9,0.45454545454545453,9,0,0.0,-0.7508070493732935,200
2,12,24,1,2,0,1,12,6.0,2,2,1.0,12,0,0.0,-0.6457401125866414,200
12,8,96,1,1,0,0,96,0.6666666666666666,1,12,0.625,8,0,0.0,-1.0496051334753957,200
4,20,80,0,1,1,1,80,5.0,2,4,0.975,20,0,0.0,-0.6117953379940533,200
10,17,170,0,2,0,1,765,1.7,10,10,1.0,17,0,0.0,0.5528156913827865,200
8,19,152,0,1,1,1,152,2.375,4,8,0.9736842105263158,19,0,0.0,-1.511125539407707,200
9,3,27,1,1,0,1,27,0.3333333333333333,9,9,1.0,3,0,0.0,-1.231499356649627,200
9,15,135,0,1,0,1,135,1.6666666666666667,9,9,1.0,15,0,0.0,-0.12117302449010475,200
6,20,120,0,1,0,1,120,3.3333333333333335,6,6,1.0,20,0,0.0,-0.2654803216203984,200
10,17,170,0,1,1,0,170,1.7,9,10,0.9941176470588236,17,0,0.0,-1.958576431885206,200
5,10,50,1,2,1,0,100,2.0,1,5,0.92,10,1,0.1,-1.212383327795241,200
2,14,28,0,1,0,0,28,7.0,1,2,0.9642857142857143,14,0,0.0,-0.28838133952457357,200
11,9,99,1,2,0,0,495,0.8181818181818182,1,11,0.898989898989899,9,0,0.0,-1.5645190936197975,200
12,3,36,1,0,0,1,33,0.25,12,12,1.0,3,0,0.0,-1.444045105384901,200
4,7,28,1,0,1,0,21,1.75,1,4,0.7857142857142857,7,5,0.7142857142857143,-0.6217772274170986,200
8,11,88,0,2,0,1,308,1.375,8,8,1.0,11,0,0.0,0.4675788908315687,200
9,2,18,0,2,0,1,72,0.2222222222222222,9,9,1.0,2,0,0.0,0.7906004146216173,200
10,1,10,0,2,0,0,45,0.1,1,1,0.1,1,0,0.0,-0.29050494200339705,200
5,6,30,1,2,0,1,60,1.2,5,5,1.0,6,0,0.0,-0.962726235857337,200
9,4,36,1,0,1,1,32,0.4444444444444444,5,9,0.8888888888888888,4,0,0.0,-1.5587142397380478,200
5,10,50,1,1,1,0,50,2.0,4,5,0.98,10,0,0.0,-1.120536438312625,200
3,19,57,0,1,0,0,57,6.333333333333333,1,3,0.9649122807017544,19,0,0.0,-0.1968984344832447,200
4,3,12,1,2,1,0,18,0.75,1,4,0.75,3,1,0.3333333333333333,-0.6257122770154312,200
5,12,60,0,0,0,0,48,2.4,1,5,0.8333333333333334,12,0,0.0,-0.5401729387916117,200
8,10,80,0,1,1,0,80,1.25,7,8,0.9875,10,0,0.0,-1.3369000796533974,200
10,17,170,0,2,0,1,765,1.7,10,10,1.0,17,0,0.0,0.5587254436068735,200
12,13,156,1,2,1,0,858,1.0833333333333333,1,12,0.9294871794871795,13,1,0.07692307692307693,-2.806236785009489,200
5,3,15,0,2,1,0,30,0.6,1,5,0.7333333333333333,3,0,0.0,-0.35586647183393333,200
7,19,133,0,1,1,0,133,2.7142857142857144,6,7,0.9924812030075187,19,0,0.0,-1.2487029590884773,200
5,6,30,1,0,0,1,24,1.2,5,5,1.0,6,0,0.0,-1.5028435179272623,200
5,6,30,1,1,1,0,30,1.2,4,5,0.9666666666666667,6,0,0.0,-1.049386945782851,200
9,8,72,1,2,0,1,288,0.8888888888888888,9,9,1.0,8,0,0.0,-1.4095065816114773,200
2,6,12,0,2,0,1,6,3.0,2,2,1.0,6,0,0.0,-0.13638388470290225,200
2,17,34,1,0,1,0,17,8.5,1,2,0.9705882352941176,17,1,0.058823529411764705,-0.7001392846365221,200
9,3,27,1,2,1,1,108,0.3333333333333333,1,9,0.7037037037037037,3,0,0.0,-0.5893358202301415,200
9,3,27,1,2,0,0,108,0.3333333333333333,1,9,0.7037037037037037,3,1,0.3333333333333333,-0.6189819092178285,200
6,13,78,0,1,1,0,78,2.1666666666666665,5,6,0.9871794871794872,13,0,0.0,-0.972661967952203,200
12,15,180,0,1,0,1,180,1.25,12,12,1.0,15,0,0.0,-0.4486556028970531,200
3,8,24,0,0,0,1,16,2.6666666666666665,3,3,1.0,8,0,0.0,-0.3887794664715107,200
12,17,204,0,1,0,1,204,1.4166666666666667,12,12,1.0,17,0,0.0,-0.3837268767498425,200
10,18,180,0,0,0,0,162,1.8,1,10,0.75,18,0,0.0,-0.6612640295743736,200
2,7,14,1,2,1,0,7,3.5,1,2,0.9285714285714286,7,0,0.0,-0.6502625748122766,200
6,16,96,0,2,0,1,240,2.6666666666666665,6,6,1.0,16,0,0.0,0.3283566758467782,200
7,1,7,0,1,1,0,7,0.14285714285714285,6,6,0.8571428571428571,1,0,0.0,-0.1276171501772375,200
4,8,32,0,0,0,0,24,2.0,1,4,0.8125,8,0,0.0,-0.5126043887200497,200
3,11,33,0,2,1,0,33,3.6666666666666665,1,3,0.9393939393939394,11,0,0.0,-0.4769482987192071,200
9,14,126,0,2,1,1,504,1.5555555555555556,1,9,0.9365079365079365,14,0,0.0,-1.1555303136313133,200
11,9,99,1,2,0,0,495,0.8181818181818182,1,11,0.898989898989899,9,1,0.1111111111111111,-1.4007325232464012,200
9,20,180,1,2,1,1,720,2.2222222222222223,1,9,0.9555555555555556,20,1,0.05,-2.139539239115028,200
4,18,72,0,1,0,1,72,4.5,4,4,1.0,18,0,0.0,-0.21049854547173433,200
3,11,33,0,1,1,0,33,3.6666666666666665,2,3,0.9696969696969697,11,0,0.0,-0.4441730556171161,200
11,20,220,0,0,0,1,200,1.8181818181818181,11,11,1.0,20,0,0.0,-1.6798887682813402,200
3,1,3,1,0,0,1,2,0.3333333333333333,3,3,1.0,1,0,0.0,-0.27437647557693456,200
4,13,52,0,0,1,1,39,3.25,2,4,0.9615384615384616,13,0,0.0,-0.5960049350055011,200
12,13,156,0,2,0,1,858,1.0833333333333333,12,12,1.0,13,0,0.0,0.6221603366603908,200
9,2,18,1,2,0,0,72,0.2222222222222222,1,9,0.5555555555555556,2,0,0.0,-0.5272898443913505,200
12,9,108,0,1,1,1,108,0.75,6,12,0.9444444444444444,9,0,0.0,-1.6956399537352196,200
5,14,70,1,0,1,0,56,2.8,1,5,0.8571428571428571,14,2,0.14285714285714285,-1.2446172586110866,200
8,4,32,0,1,1,0,32,0.5,7,8,0.96875,4,0,0.0,-0.7079524345226641,200
9,4,36,0,1,1,0,36,0.4444444444444444,8,9,0.9722222222222222,4,0,0.0,-0.6733862938015185,200
7,4,28,1,1,1,1,28,0.5714285714285714,3,7,0.8571428571428571,4,0,0.0,-1.5239422948691295,200
4,14,56,0,0,1,0,42,3.5,1,4,0.8928571428571429,14,0,0.0,-0.6461819992467059,200
9,20,180,0,1,1,0,180,2.2222222222222223,8,9,0.9944444444444445,20,0,0.0,-1.739891674662894,200
7,7,49,1,2,0,1,147,1.0,7,7,1.0,7,0,0.0,-1.1943529817046021,200
3,8,24,1,1,0,1,24,2.6666666666666665,3,3,1.0,8,0,0.0,-0.8133731565892364,200
7,5,35,1,0,1,1,30,0.7142857142857143,4,7,0.9142857142857143,5,0,0.0,-1.469001821628448,200
5,14,70,0,0,1,1,56,2.8,3,5,0.9714285714285714,14,0,0.0,-0.7789162638928534,200
10,12,120,1,1,0,1,120,1.2,10,10,1.0,12,0,0.0,-2.399409676099758,200
3,20,60,0,1,0,1,60,6.666666666666667,3,3,1.0,20,0,0.0,0.08503754655199823,200
5,8,40,1,2,0,0,80,1.6,1,5,0.9,8,1,0.125,-1.050047615737548,200
4,14,56,0,2,0,1,84,3.5,4,4,1.0,14,0,0.0,0.14910603812600762,200
9,6,54,1,2,1,1,216,0.6666666666666666,1,9,0.8518518518518519,6,1,0.16666666666666666,-1.100867154494961,200
7,14,98,0,1,1,1,98,2.0,3,7,0.9591836734693877,14,0,0.0,-1.2385078474023672,200
6,4,24,1,1,0,0,24,0.6666666666666666,1,6,0.625,4,3,0.75,-0.2838808694321813,200
9,19,171,1,0,1,0,152,2.111111111111111,1,9,0.7894736842105263,19,2,0.10526315789473684,-2.159515174847693,200
4,17,68,0,2,0,0,102,4.25,1,4,0.9558823529411765,17,0,0.0,-0.15230107722309963,200
5,8,40,0,2,1,1,80,1.6,1,5,0.9,8,0,0.0,-0.6494707561778534,200
4,17,68,0,2,0,0,102,4.25,1,4,0.9558823529411765,17,0,0.0,-0.171225120717666,200
8,3,24,1,1,0,0,24,0.375,1,5,0.375,3,1,0.3333333333333333,-0.41192772447520265,200
9,6,54,0,1,1,0,54,0.6666666666666666,8,9,0.9814814814814815,6,0,0.0,-1.0295774154826576,200
9,2,18,1,1,1,0,18,0.2222222222222222,8,9,0.9444444444444444,2,0,0.0,-0.7822643856391124,200
3,13,39,1,1,1,0,39,4.333333333333333,2,3,0.9743589743589743,13,0,0.0,-0.8261810831120647,200
5,7,35,0,1,0,1,35,1.4,5,5,1.0,7,0,0.0,0.12535553617791934,200
3,6,18,1,1,0,0,18,2.0,1,3,0.8888888888888888,6,0,0.0,-0.7228651972377302,200
6,19,114,1,2,0,1,285,3.1666666666666665,6,6,1.0,19,0,0.0,-1.3313449784026468,200
3,5,15,0,0,0,1,10,1.6666666666666667,3,3,1.0,5,0,0.0,-0.39363405562967957,200
12,19,228,1,1,1,0,228,1.5833333333333333,11,12,0.9956140350877193,19,0,0.0,-2.8295494290828764,200
3,14,42,1,2,1,1,42,4.666666666666667,1,3,0.9523809523809523,14,0,0.0,-0.8416666382897032,200
3,10,30,1,2,0,0,30,3.3333333333333335,1,3,0.9333333333333333,10,0,0.0,-0.8142785022776805,200
4,7,28,0,1,0,0,28,1.75,1,4,0.8571428571428571,7,0,0.0,-0.42980143654927816,200
4,1,4,0,2,0,1,6,0.25,4,4,1.0,1,0,0.0,-0.1877685584657471,200
10,4,40,1,2,0,1,180,0.4,10,10,1.0,4,0,0.0,-0.7455692078148737,200
2,2,4,0,0,0,1,2,1.0,2,2,1.0,2,0,0.0,-0.08929179722002237,200
2,14,28,0,0,0,0,14,7.0,1,2,0.9642857142857143,14,0,0.0,-0.2957715087234434,200
4,7,28,1,0,0,1,21,1.75,4,4,1.0,7,0,0.0,-1.1220612146937403,200
10,15,150,1,1,0,1,150,1.5,10,10,1.0,15,0,0.0,-2.35758248950331,200
2,12,24,1,2,0,1,12,6.0,2,2,1.0,12,0,0.0,-0.6843267049678208,200
7,11,77,1,1,0,0,77,1.5714285714285714,1,7,0.8441558441558441,11,0,0.0,-1.1783687538705614,200
10,9,90,0,1,1,1,90,0.9,5,10,0.9444444444444444,9,0,0.0,-1.502339632794951,200
3,3,9,1,1,1,0,9,1.0,2,3,0.8888888888888888,3,0,0.0,-0.9914368440552737,200
9,16,144,1,0,1,0,128,1.7777777777777777,1,9,0.75,16,0,0.0,-1.8972765981719582,200
9,19,171,1,1,0,1,171,2.111111111111111,9,9,1.0,19,0,0.0,-2.0932957033710773,200
5,13,65,0,1,1,0,65,2.6,4,5,0.9846153846153847,13,0,0.0,-0.7907293896519855,200
8,14,112,0,1,0,1,112,1.75,8,8,1.0,14,0,0.0,-0.2853205354317786,200
11,10,110,1,1,1,0,110,0.9090909090909091,10,11,0.990909090909091,10,0,0.0,-2.581254714857404,200
10,4,40,0,0,1,1,36,0.4,5,10,0.875,4,0,0.0,-0.7491048227347171,200
11,20,220,1,1,1,1,220,1.8181818181818181,5,11,0.9727272727272728,20,0,0.0,-2.585795377485371,200
5,10,50,1,2,1,0,100,2.0,1,5,0.92,10,1,0.1,-1.1246939833080725,200
5,18,90,1,0,0,0,72,3.6,1,5,0.8888888888888888,18,0,0.0,-1.0104931740325114,200
2,19,38,0,0,1,1,19,9.5,1,2,0.9736842105263158,19,0,0.0,-0.30538282837566655,200
9,20,180,1,0,0,0,160,2.2222222222222223,1,9,0.8,20,1,0.05,-1.0208010121062772,200
4,16,64,0,1,0,0,64,4.0,1,4,0.9375,16,0,0.0,-0.47036396968444905,200
5,9,45,0,2,1,0,90,1.8,1,5,0.9111111111111111,9,0,0.0,-0.6549851956481224,200
6,15,90,0,1,0,0,90,2.5,1,6,0.9,15,0,0.0,-0.7398161899202922,200
12,2,24,1,1,1,0,24,0.16666666666666666,11,12,0.9583333333333334,2,0,0.0,-0.7169907251309193,200
8,3,24,0,0,0,1,21,0.375,8,8,1.0,3,0,0.0,-0.6347388271603255,200
3,1,3,0,0,0,0,2,0.3333333333333333,1,1,0.3333333333333333,1,0,0.0,-0.31819590423890237,200
11,8,88,1,2,1,1,440,0.7272727272727273,1,11,0.8863636363636364,8,1,0.125,-1.6272952883870135,200
3,13,39,1,0,0,1,26,4.333333333333333,3,3,1.0,13,0,0.0,-0.9039079706281675,200
10,8,80,0,2,0,0,360,0.8,1,10,0.8875,8,0,0.0,0.2623632834861905,200
5,4,20,0,0,0,0,16,0.8,1,4,0.5,4,0,0.0,-0.4640761158777883,200
11,11,121,1,2,1,1,605,1.0,1,11,0.9173553719008265,11,0,0.0,-2.2214328098401834,200
12,7,84,1,0,1,0,77,0.5833333333333334,1,7,0.3333333333333333,7,2,0.2857142857142857,-1.1224636728428694,200
12,5,60,1,2,1,0,330,0.4166666666666667,1,12,0.8166666666666667,5,0,0.0,-1.1456516808094381,200
2,15,30,0,2,1,0,15,7.5,1,2,0.9666666666666667,15,0,0.0,-0.318207959264653,200
2,17,34,0,0,0,0,17,8.5,1,2,0.9705882352941176,17,0,0.0,-0.2876343982830369,200
12,9,108,1,1,0,0,108,0.75,1,12,0.6666666666666666,9,0,0.0,-1.0891958735148033,200
11,9,99,0,0,1,0,90,0.8181818181818182,1,9,0.45454545454545453,9,0,0.0,-0.7532583323460892,200
8,1,8,0,0,1,0,7,0.125,1,1,0.125,1,0,0.0,-0.3210531309122216,200
3,17,51,0,1,1,1,51,5.666666666666667,1,3,0.9607843137254902,17,0,0.0,-0.5028374378421406,200
5,13,65,0,0,0,0,52,2.6,1,5,0.8461538461538461,13,0,0.0,-0.5617231053287622,200
8,7,56,0,2,0,0,196,0.875,1,8,0.875,7,0,0.0,0.1220836862781361,200
2,13,26,1,1,0,0,26,6.5,1,2,0.9615384615384616,13,0,0.0,-0.6400596646635853,200
11,4,44,1,2,0,1,220,0.36363636363636365,11,11,1.0,4,0,0.0,-0.927605708135052,200
6,13,78,1,1,0,0,78,2.1666666666666665,1,6,0.8846153846153846,13,1,0.07692307692307693,-1.1389093551472695,200
3,10,30,0,1,1,0,30,3.3333333333333335,2,3,0.9666666666666667,10,0,0.0,-0.4201727008308725,200
6,6,36,1,1,0,1,36,1.0,6,6,1.0,6,0,0.0,-1.3838545539773348,200
5,15,75,1,2,1,0,150,3.0,1,5,0.9466666666666667,15,3,0.2,-1.2204290783833955,200
4,8,32,1,1,1,0,32,2.0,3,4,0.96875,8,0,0.0,-0.9749455128058062,200
12,18,216,0,2,0,1,1188,1.5,12,12,1.0,18,0,0.0,0.625725107125024,200
6,3,18,1,2,1,0,45,0.5,1,6,0.7222222222222222,3,0,0.0,-0.926104673515799,200
9,1,9,1,1,1,0,9,0.1111111111111111,8,8,0.8888888888888888,1,0,0.0,-0.11034564753707848,200
10,14,140,1,1,1,1,140,1.4,5,10,0.9642857142857143,14,0,0.0,-2.3615962754558555,200
4,20,80,1,0,0,1,60,5.0,4,4,1.0,20,1,0.05,-1.025772862536726,200
3,18,54,1,0,1,1,36,6.0,2,3,0.9814814814814815,18,0,0.0,-0.7647605630442373,200
4,12,48,0,2,0,0,72,3.0,1,4,0.9375,12,0,0.0,-0.16232791070313377,200
7,11,77,1,1,0,0,77,1.5714285714285714,1,7,0.8441558441558441,11,2,0.18181818181818182,-1.0232333862540284,200
4,19,76,1,2,0,0,114,4.75,1,4,0.9605263157894737,19,2,0.10526315789473684,-1.0039032107238337,200
5,19,95,0,0,1,0,76,3.8,1,5,0.8947368421052632,19,0,0.0,-0.8580336711932741,200
5,9,45,1,0,0,0,36,1.8,1,5,0.7777777777777778,9,0,0.0,-0.8684911966602946,200
5,19,95,1,1,0,1,95,3.8,5,5,1.0,19,0,0.0,-1.1190032318085221,200
10,20,200,0,1,1,1,200,2.0,5,10,0.975,20,0,0.0,-2.0006996250425964,200
4,6,24,0,1,0,0,24,1.5,1,4,0.8333333333333334,6,0,0.0,-0.47471096851961725,200
12,3,36,0,0,1,0,33,0.25,1,3,0.16666666666666666,3,0,0.0,-0.3268775523533177,200
4,7,28,0,1,1,0,28,1.75,3,4,0.9642857142857143,7,0,0.0,-0.5666208168295331,200
9,19,171,1,2,0,1,684,2.111111111111111,9,9,1.0,19,0,0.0,-1.9926056594394066,200
6,5,30,1,1,0,1,30,0.8333333333333334,6,6,1.0,5,0,0.0,-1.3000238915917575,200
7,10,70,0,1,0,0,70,1.4285714285714286,1,7,0.8285714285714286,10,0,0.0,-0.7845600461506944,200
12,7,84,0,0,0,1,77,0.5833333333333334,12,12,1.0,7,0,0.0,-1.1757566258558645,200
2,11,22,1,2,1,1,11,5.5,1,2,0.9545454545454546,11,1,0.09090909090909091,-0.6565417651224892,200
9,12,108,0,0,0,0,96,1.3333333333333333,1,9,0.6666666666666666,12,0,0.0,-0.5955668548950598,200
4,16,64,1,0,1,0,48,4.0,1,4,0.90625,16,2,0.125,-1.0062300538737072,200
12,2,24,0,1,1,1,24,0.16666666666666666,6,12,0.75,2,0,0.0,-0.5329407157245553,200
11,10,110,0,2,1,1,550,0.9090909090909091,1,11,0.9090909090909091,10,0,0.0,-0.823540689167712,200
2,5,10,1,0,0,1,5,2.5,2,2,1.0,5,1,0.2,-0.7677838857989098,200
2,7,14,1,2,1,0,7,3.5,1,2,0.9285714285714286,7,0,0.0,-0.7274179087960249,200
3,7,21,1,1,0,0,21,2.3333333333333335,1,3,0.9047619047619048,7,1,0.14285714285714285,-0.705091066661519,200
2,12,24,0,1,0,1,24,6.0,2,2,1.0,12,0,0.0,-0.3018040622876705,200
4,8,32,0,0,0,1,24,2.0,4,4,1.0,8,0,0.0,-0.32107942649054516,200
11,10,110,0,0,0,1,100,0.9090909090909091,11,11,1.0,10,0,0.0,-1.4359298563851008,200
5,17,85,1,1,0,0,85,3.4,1,5,0.9294117647058824,17,0,0.0,-1.2466536331103855,200
5,2,10,1,2,1,0,20,0.4,1,5,0.6,2,1,0.5,-0.3087729938913663,200
10,12,120,1,1,0,1,120,1.2,10,10,1.0,12,0,0.0,-2.463590296455116,200
3,5,15,1,0,1,1,10,1.6666666666666667,2,3,0.9333333333333333,5,0,0.0,-0.7825716935195814,200
10,20,200,1,2,0,1,900,2.0,10,10,1.0,20,0,0.0,-2.2617893333590424,200
6,16,96,1,1,1,1,96,2.6666666666666665,3,6,0.96875,16,0,0.0,-1.3411220376791524,200
6,5,30,1,0,0,0,25,0.8333333333333334,1,5,0.5,5,2,0.4,-0.5435783789413234,200
11,17,187,0,2,1,0,935,1.5454545454545454,1,11,0.946524064171123,17,0,0.0,-1.6681118310067495,200
3,3,9,0,0,1,1,6,1.0,2,3,0.8888888888888888,3,0,0.0,-0.3891738642840689,200
3,19,57,0,0,0,0,38,6.333333333333333,1,3,0.9473684210526315,19,0,0.0,-0.4409506645710908,200
11,20,220,0,1,0,0,220,1.8181818181818181,1,11,0.8636363636363636,20,0,0.0,-1.2313997013778855,200
8,15,120,0,2,0,0,420,1.875,1,8,0.9416666666666667,15,0,0.0,0.04710808414863437,200
7,7,49,1,1,1,1,49,1.0,3,7,0.9183673469387755,7,0,0.0,-1.6592788964148335,200
9,1,9,1,1,1,0,9,0.1111111111111111,8,8,0.8888888888888888,1,0,0.0,-0.2408988318271649,200
4,10,40,1,1,0,1,40,2.5,4,4,1.0,10,0,0.0,-0.9447325331086174,200
12,11,132,1,1,0,1,132,0.9166666666666666,12,12,1.0,11,0,0.0,-2.9749500196733183,200
5,3,15,1,0,0,0,12,0.6,1,3,0.4,3,0,0.0,-0.3850420286606653,200
11,10,110,1,2,0,0,550,0.9090909090909091,1,11,0.9090909090909091,10,0,0.0,-1.4317930778250274,200
7,2,14,0,0,0,1,12,0.2857142857142857,7,7,1.0,2,0,0.0,-0.45363016988957866,200
9,7,63,1,1,1,1,63,0.7777777777777778,4,9,0.9206349206349206,7,0,0.0,-1.9261157541946305,200
12,13,156,1,1,1,1,156,1.0833333333333333,6,12,0.9615384615384616,13,0,0.0,-2.851022739837674,200
3,19,57,1,2,1,0,57,6.333333333333333,1,3,0.9649122807017544,19,0,0.0,-0.8442471456109252,200
4,18,72,1,1,0,0,72,4.5,1,4,0.9444444444444444,18,1,0.05555555555555555,-0.977332799125517,200
11,19,209,1,1,0,1,209,1.7272727272727273,11,11,1.0,19,0,0.0,-2.6550109441097973,200
3,19,57,0,0,0,1,38,6.333333333333333,3,3,1.0,19,0,0.0,-0.3903757528225604,200
9,20,180,0,1,0,1,180,2.2222222222222223,9,9,1.0,20,0,0.0,-0.03511553182229371,200
10,10,100,1,1,0,1,100,1.0,10,10,1.0,10,0,0.0,-2.4876971205864065,200
3,6,18,0,1,1,1,18,2.0,1,3,0.8888888888888888,6,0,0.0,-0.44410261123010936,200
3,16,48,0,0,0,1,32,5.333333333333333,3,3,1.0,16,0,0.0,-0.36834624951933315,200
7,9,63,1,0,0,1,54,1.2857142857142858,7,7,1.0,9,0,0.0,-1.7463038939568416,200
2,2,4,1,0,1,1,2,1.0,1,2,0.75,2,1,0.5,-0.3003153233002557,200
2,8,16,1,2,0,0,8,4.0,1,2,0.9375,8,0,0.0,-0.7517901781718107,200
8,19,152,1,2,0,0,532,2.375,1,8,0.9539473684210527,19,1,0.05263157894736842,-1.768125739964919,200
5,13,65,1,1,1,0,65,2.6,4,5,0.9846153846153847,13,0,0.0,-1.1859810397670572,200
6,1,6,1,0,0,0,5,0.16666666666666666,1,1,0.16666666666666666,1,1,1.0,nan,200
4,5,20,1,2,0,0,30,1.25,1,4,0.85,5,1,0.2,-0.7333992410469554,200
10,1,10,1,1,0,0,10,0.1,1,1,0.1,1,0,0.0,-0.27345060264240556,200
5,3,15,0,0,1,0,12,0.6,1,3,0.4,3,0,0.0,-0.3974395838479741,200
10,20,200,1,1,1,1,200,2.0,5,10,0.975,20,0,0.0,-2.3467167240122904,200
7,10,70,1,1,0,0,70,1.4285714285714286,1,7,0.8285714285714286,10,1,0.1,-1.0128329882707572,200
2,18,36,1,1,1,0,36,9.0,1,2,0.9722222222222222,18,1,0.05555555555555555,-0.6990631103488851,200
2,14,28,0,1,1,1,28,7.0,1,2,0.9642857142857143,14,0,0.0,-0.33998019323697454,200
4,9,36,1,1,1,0,36,2.25,3,4,0.9722222222222222,9,0,0.0,-0.973649789421878,200
8,5,40,0,0,1,1,35,0.625,4,8,0.9,5,0,0.0,-0.786494043940291,200
4,20,80,1,1,1,0,80,5.0,3,4,0.9875,20,0,0.0,-0.9277654359736572,200
12,6,72,0,2,1,1,396,0.5,1,12,0.8472222222222222,6,0,0.0,-0.5430353841377787,200
5,20,100,1,0,0,1,80,4.0,5,5,1.0,20,0,0.0,-1.1610861237872407,200
12,11,132,1,2,1,1,726,0.9166666666666666,1,12,0.9166666666666666,11,0,0.0,-1.803152859454607,200
12,10,120,1,1,1,0,120,0.8333333333333334,11,12,0.9916666666666667,10,0,0.0,-2.8259651705017674,200
3,19,57,0,2,0,0,57,6.333333333333333,1,3,0.9649122807017544,19,0,0.0,-0.2175708503436604,200
8,16,128,1,2,0,0,448,2.0,1,8,0.9453125,16,0,0.0,-1.738560329287888,200
4,17,68,1,0,1,0,51,4.25,1,4,0.9117647058823529,17,0,0.0,-1.0401995361970064,200
10,4,40,0,0,0,0,36,0.4,1,4,0.25,4,0,0.0,-0.4454050711206482,200
7,1,7,0,2,1,0,21,0.14285714285714285,1,1,0.14285714285714285,1,0,0.0,-0.30217108589851066,200
4,16,64,1,1,1,0,64,4.0,3,4,0.984375,16,0,0.0,-0.915302840384476,200
6,10,60,1,0,0,0,50,1.6666666666666667,1,6,0.75,10,1,0.1,-0.9485498736541078,200
8,7,56,0,0,0,1,49,0.875,8,8,1.0,7,0,0.0,-0.9320945555619914,200
9,12,108,0,2,0,1,432,1.3333333333333333,9,9,1.0,12,0,0.0,0.5460455453696774,200
2,6,12,0,1,0,1,12,3.0,2,2,1.0,6,0,0.0,-0.3162159509252535,200
2,17,34,0,2,1,1,17,8.5,1,2,0.9705882352941176,17,0,0.0,-0.3707941412475919,200
10,8,80,0,1,1,0,80,0.8,9,10,0.9875,8,0,0.0,-1.3641061051100294,200
7,4,28,0,1,1,1,28,0.5714285714285714,3,7,0.8571428571428571,4,0,0.0,-0.706578719255639,200
9,6,54,0,1,1,1,54,0.6666666666666666,4,9,0.9074074074074074,6,0,0.0,-1.0644381783602108,200
9,4,36,1,2,1,0,144,0.4444444444444444,1,9,0.7777777777777778,4,0,0.0,-1.0158013668811292,200
9,9,81,1,1,1,1,81,1.0,4,9,0.9382716049382716,9,0,0.0,-2.085055773591256,200
4,19,76,0,1,1,1,76,4.75,2,4,0.9736842105263158,19,0,0.0,-0.6276349172793471,200
9,11,99,1,1,0,1,99,1.2222222222222223,9,9,1.0,11,0,0.0,-2.1996469849289952,200
12,5,60,0,1,0,1,60,0.4166666666666667,12,12,1.0,5,0,0.0,-0.43093102922971027,200
12,13,156,1,1,1,1,156,1.0833333333333333,6,12,0.9615384615384616,13,0,0.0,-2.866961559559156,200
4,13,52,1,1,1,0,52,3.25,3,4,0.9807692307692307,13,1,0.07692307692307693,-0.9657527971623292,200
4,7,28,0,1,1,0,28,1.75,3,4,0.9642857142857143,7,0,0.0,-0.613775725880879,200
7,20,140,0,2,0,1,420,2.857142857142857,7,7,1.0,20,0,0.0,0.40932428913689006,200
5,13,65,0,1,0,0,65,2.6,1,5,0.9076923076923077,13,0,0.0,-0.4338294163889877,200
2,14,28,1,2,0,1,14,7.0,2,2,1.0,14,0,0.0,-0.6820848881829965,200
11,17,187,0,1,0,0,187,1.5454545454545454,1,11,0.839572192513369,17,0,0.0,-1.1304591472203203,200
3,20,60,1,0,1,1,40,6.666666666666667,2,3,0.9833333333333333,20,1,0.05,-0.7951815556207137,200
12,14,168,1,2,0,0,924,1.1666666666666667,1,12,0.9345238095238095,14,0,0.0,-1.934782217204268,200
9,16,144,1,2,1,1,576,1.7777777777777777,1,9,0.9444444444444444,16,1,0.0625,-2.142200189620768,200
11,14,154,0,1,1,1,154,1.2727272727272727,5,11,0.961038961038961,14,0,0.0,-2.11945732345841,200
11,5,55,1,1,0,0,55,0.45454545454545453,1,9,0.45454545454545453,5,0,0.0,-0.8945550081921371,200
9,16,144,1,2,1,0,576,1.7777777777777777,1,9,0.9444444444444444,16,0,0.0,-2.1672272832233697,200
4,4,16,1,0,1,0,12,1.0,1,4,0.625,4,1,0.25,-0.9101480967264701,200
12,18,216,0,1,1,0,216,1.5,11,12,0.9953703703703703,18,0,0.0,-2.454849952606363,200
11,13,143,1,1,1,1,143,1.1818181818181819,5,11,0.958041958041958,13,0,0.0,-2.6009937609583753,200
3,15,45,1,1,0,0,45,5.0,1,3,0.9555555555555556,15,0,0.0,-0.7650892024926884,200
7,16,112,0,2,1,1,336,2.2857142857142856,1,7,0.9464285714285714,16,0,0.0,-1.143069341023433,200
10,17,170,1,1,1,0,170,1.7,9,10,0.9941176470588236,17,0,0.0,-2.3097483973351913,200
9,16,144,0,1,0,0,144,1.7777777777777777,1,9,0.8611111111111112,16,0,0.0,-1.1154785732640005,200
10,1,10,1,0,1,1,9,0.1,5,5,0.5,1,0,0.0,-0.1809374656350632,200
5,4,20,0,0,1,1,16,0.8,3,5,0.9,4,0,0.0,-0.561575703954081,200
7,2,14,1,1,0,0,14,0.2857142857142857,1,3,0.2857142857142857,2,0,0.0,-0.5833366477835408,200
11,16,176,0,1,0,1,176,1.4545454545454546,11,11,1.0,16,0,0.0,-0.20122313567247227,200
5,17,85,0,1,0,0,85,3.4,1,5,0.9294117647058824,17,0,0.0,-0.35603602181951777,200
3,18,54,0,1,1,1,54,6.0,1,3,0.9629629629629629,18,0,0.0,-0.4635164819817639,200
9,13,117,0,0,0,0,104,1.4444444444444444,1,9,0.6923076923076923,13,0,0.0,-0.6353650694263052,200
4,8,32,1,0,1,1,24,2.0,2,4,0.9375,8,0,0.0,-0.9999363677964682,200
10,5,50,1,1,1,0,50,0.5,9,10,0.98,5,0,0.0,-1.9093446680396096,200
2,8,16,1,0,1,0,8,4.0,1,2,0.9375,8,1,0.125,-0.7185317725647163,200
9,7,63,1,0,0,1,56,0.7777777777777778,9,9,1.0,7,0,0.0,-2.1262641532279107,200
9,3,27,1,1,0,0,27,0.3333333333333333,1,5,0.3333333333333333,3,1,0.3333333333333333,-0.6223541786057989,200
11,3,33,1,1,0,1,33,0.2727272727272727,11,11,1.0,3,0,0.0,-1.3719183747409407,200
6,17,102,1,0,0,1,85,2.8333333333333335,6,6,1.0,17,0,0.0,-1.370540017295084,200
5,8,40,1,0,0,0,32,1.6,1,5,0.75,8,0,0.0,-0.8139929778287819,200
3,8,24,1,1,0,1,24,2.6666666666666665,3,3,1.0,8,0,0.0,-0.8128950974854915,200
3,4,12,0,0,1,0,8,1.3333333333333333,1,3,0.75,4,0,0.0,-0.436894798031092,200
12,4,48,1,0,0,1,44,0.3333333333333333,12,12,1.0,4,0,0.0,-2.1345731207559315,200
7,7,49,0,2,0,1,147,1.0,7,7,1.0,7,0,0.0,0.4435160704419588,200
3,13,39,1,2,0,0,39,4.333333333333333,1,3,0.9487179487179487,13,0,0.0,-0.8244275064625733,200
8,1,8,0,2,1,1,28,0.125,1,1,0.125,1,0,0.0,-0.314266558282578,200
10,10,100,0,2,0,1,450,1.0,10,10,1.0,10,0,0.0,0.5371633267305254,200
3,14,42,0,2,0,1,42,4.666666666666667,3,3,1.0,14,0,0.0,0.08411277095015458,200
9,8,72,0,1,1,1,72,0.8888888888888888,4,9,0.9305555555555556,8,0,0.0,-1.2407159437669644,200
3,15,45,1,1,1,0,45,5.0,2,3,0.9777777777777777,15,1,0.06666666666666667,-0.7528414494970119,200
10,13,130,0,1,0,1,130,1.3,10,10,1.0,13,0,0.0,-0.38168211002763935,200
9,7,63,1,1,0,0,63,0.7777777777777778,1,9,0.6825396825396826,7,1,0.14285714285714285,-0.8687924712935611,200
11,8,88,0,1,0,0,88,0.7272727272727273,1,11,0.6590909090909091,8,0,0.0,-0.7998485662760153,200
10,4,40,0,0,1,0,36,0.4,1,4,0.25,4,0,0.0,-0.428470326027299,200
8,18,144,0,0,1,1,126,2.25,4,8,0.9722222222222222,18,0,0.0,-1.484912254369221,200
8,2,16,1,2,1,0,56,0.25,1,8,0.5625,2,2,1.0,nan,200
7,14,98,0,1,0,0,98,2.0,1,7,0.8775510204081632,14,0,0.0,-0.7361321917843219,200
6,1,6,1,1,1,1,6,0.16666666666666666,3,3,0.5,1,0,0.0,-0.2867081829821913,200
3,12,36,0,0,1,1,24,4.0,2,3,0.9722222222222222,12,0,0.0,-0.4491698371320012,200
2,11,22,1,1,0,1,22,5.5,2,2,1.0,11,2,0.18181818181818182,-0.8238176494894373,200
2,4,8,0,0,0,1,4,2.0,2,2,1.0,4,0,0.0,-0.10923465616090193,200
3,4,12,0,2,0,1,12,1.3333333333333333,3,3,1.0,4,0,0.0,0.07630601905674766,200
6,10,60,0,0,0,0,50,1.6666666666666667,1,6,0.75,10,0,0.0,-0.5823461545204494,200
3,3,9,1,0,1,0,6,1.0,1,3,0.6666666666666666,3,0,0.0,-0.5785182778745861,200
2,14,28,0,0,0,1,14,7.0,2,2,1.0,14,0,0.0,-0.08580175819850469,200
2,14,28,1,2,1,1,14,7.0,1,2,0.9642857142857143,14,0,0.0,-0.7012409831746795,200
2,3,6,0,0,1,1,3,1.5,1,2,0.8333333333333334,3,0,0.0,-0.31816650843698147,200
3,18,54,1,1,0,0,54,6.0,1,3,0.9629629629629629,18,0,0.0,-0.7551037477643087,200
7,18,126,1,1,0,1,126,2.5714285714285716,7,7,1.0,18,0,0.0,-1.6146202587978091,200
6,10,60,0,0,1,1,50,1.6666666666666667,3,6,0.95,10,0,0.0,-0.9000897661819699,200
8,11,88,1,2,1,0,308,1.375,1,8,0.9204545454545454,11,0,0.0,-1.8354170500142877,200
10,7,70,0,2,0,1,315,0.7,10,10,1.0,7,0,0.0,0.5259204210144733,200
3,11,33,1,2,1,1,33,3.6666666666666665,1,3,0.9393939393939394,11,1,0.09090909090909091,-0.8853203378199939,200
4,5,20,1,1,1,0,20,1.25,3,4,0.95,5,0,0.0,-1.0538155168991445,200
3,15,45,1,1,0,0,45,5.0,1,3,0.9555555555555556,15,0,0.0,-0.7992301364305084,200
5,4,20,0,1,1,1,20,0.8,2,5,0.85,4,0,0.0,-0.5774939892700696,200
3,1,3,0,0,0,0,2,0.3333333333333333,1,1,0.3333333333333333,1,0,0.0,-0.3022164730143501,200
4,6,24,0,0,0,0,18,1.5,1,4,0.75,6,0,0.0,-0.4988124996618324,200
9,1,9,0,2,1,1,36,0.1111111111111111,1,1,0.1111111111111111,1,0,0.0,-0.2889007870433847,200
12,11,132,1,2,1,1,726,0.9166666666666666,1,12,0.9166666666666666,11,0,0.0,-2.0024507663825677,200
4,2,8,1,1,1,0,8,0.5,3,4,0.875,2,0,0.0,-0.5115785762337967,200
12,16,192,0,2,1,0,1056,1.3333333333333333,1,12,0.9427083333333334,16,0,0.0,-1.6427588538852327,200
8,7,56,1,2,1,0,196,0.875,1,8,0.875,7,0,0.0,-1.3224321271756672,200
8,17,136,0,2,1,1,476,2.125,1,8,0.9485294117647058,17,0,0.0,-1.339140652346612,200
2,10,20,0,2,1,0,10,5.0,1,2,0.95,10,0,0.0,-0.3252050029945906,200
5,1,5,0,2,0,0,10,0.2,1,1,0.2,1,0,0.0,-0.29678885790755416,200
3,14,42,1,1,1,1,42,4.666666666666667,1,3,0.9523809523809523,14,0,0.0,-0.7953226609478677,200
7,4,28,0,2,1,0,84,0.5714285714285714,1,7,0.7857142857142857,4,0,0.0,-0.49503374681894835,200
6,9,54,0,0,1,0,45,1.5,1,6,0.7222222222222222,9,0,0.0,-0.7303407523642006,200
11,6,66,0,1,0,1,66,0.5454545454545454,11,11,1.0,6,0,0.0,-0.3307354509476908,200
12,19,228,1,2,0,0,1254,1.5833333333333333,1,12,0.9517543859649122,19,1,0.05263157894736842,-2.5362921293892993,200
7,19,133,1,2,0,0,399,2.7142857142857144,1,7,0.9548872180451128,19,0,0.0,-1.616444262574905,200
10,9,90,0,2,0,0,405,0.9,1,10,0.9,9,0,0.0,0.17645405857899668,200
11,16,176,0,1,1,1,176,1.4545454545454546,5,11,0.9659090909090909,16,0,0.0,-2.1984531685597695,200
6,20,120,1,0,0,1,100,3.3333333333333335,6,6,1.0,20,0,0.0,-1.38679659303575,200
4,3,12,1,1,1,1,12,0.75,2,4,0.8333333333333334,3,0,0.0,-0.782535173464942,200
10,12,120,0,0,0,1,108,1.2,10,10,1.0,12,0,0.0,-1.3602998032787357,200
10,12,120,0,0,1,0,108,1.2,1,10,0.625,12,0,0.0,-0.9871610419713454,200
7,6,42,1,0,1,1,36,0.8571428571428571,4,7,0.9285714285714286,6,0,0.0,-1.4907109512511312,200
5,8,40,0,0,0,0,32,1.6,1,5,0.75,8,0,0.0,-0.5252636904821096,200
8,2,16,1,0,1,0,14,0.25,1,2,0.1875,2,0,0.0,-0.5868402692627798,200
10,17,170,1,0,1,1,153,1.7,5,10,0.9705882352941176,17,0,0.0,-2.352331826721606,200
2,6,12,0,1,0,1,12,3.0,2,2,1.0,6,0,0.0,-0.3013578823892645,200
4,1,4,1,0,1,0,3,0.25,1,1,0.25,1,1,1.0,nan,200
12,16,192,1,0,1,0,176,1.3333333333333333,1,12,0.65625,16,1,0.0625,-2.328832582581716,200
4,19,76,1,0,1,1,57,4.75,2,4,0.9736842105263158,19,0,0.0,-0.9813984665209597,200
10,13,130,0,0,1,1,117,1.3,5,10,0.9615384615384616,13,0,0.0,-1.6475376190612971,200
3,14,42,0,0,0,1,28,4.666666666666667,3,3,1.0,14,0,0.0,-0.39378453524449947,200
5,5,25,1,2,0,1,50,1.0,5,5,1.0,5,0,0.0,-0.9490685574646481,200
10,12,120,0,2,1,1,540,1.2,1,10,0.925,12,0,0.0,-0.9859920159374445,200
8,10,80,1,1,1,0,80,1.25,7,8,0.9875,10,0,0.0,-1.8541154178109693,200
5,20,100,0,1,1,1,100,4.0,2,5,0.97,20,0,0.0,-0.8385033986320045,200
5,13,65,1,2,1,1,130,2.6,1,5,0.9384615384615385,13,0,0.0,-1.200403947455436,200
12,5,60,1,2,0,1,330,0.4166666666666667,12,12,1.0,5,0,0.0,-1.2052330503367994,200
9,20,180,1,2,1,1,720,2.2222222222222223,1,9,0.9555555555555556,20,1,0.05,-2.183067834815925,200
10,20,200,1,1,1,1,200,2.0,5,10,0.975,20,0,0.0,-2.3292306928401074,200
8,2,16,0,1,1,0,16,0.25,7,8,0.9375,2,0,0.0,-0.3117407717732951,200
7,18,126,0,2,1,1,378,2.5714285714285716,1,7,0.9523809523809523,18,0,0.0,-1.2028292816933803,200
7,8,56,0,0,0,1,48,1.1428571428571428,7,7,1.0,8,0,0.0,-0.9442687439502806,200
3,13,39,0,0,0,1,26,4.333333333333333,3,3,1.0,13,0,0.0,-0.40237801767971304,200
5,14,70,1,0,0,0,56,2.8,1,5,0.8571428571428571,14,2,0.14285714285714285,-0.9509943409450401,200
3,10,30,1,1,0,1,30,3.3333333333333335,3,3,1.0,10,0,0.0,-0.7920468408542309,200
10,12,120,0,0,0,1,108,1.2,10,10,1.0,12,0,0.0,-1.3372365302295297,200
6,4,24,0,2,1,0,60,0.6666666666666666,1,6,0.7916666666666666,4,0,0.0,-0.4472583616845056,200
10,13,130,0,1,1,0,130,1.3,9,10,0.9923076923076923,13,0,0.0,-1.8714768908369621,200
11,1,11,1,2,0,1,55,0.09090909090909091,11,11,1.0,1,0,0.0,-0.14354297408481387,200
2,3,6,1,2,1,0,3,1.5,1,2,0.8333333333333334,3,3,1.0,nan,200
11,3,33,1,1,1,1,33,0.2727272727272727,5,11,0.8181818181818182,3,0,0.0,-1.2139681650963545,200
3,14,42,1,0,1,1,28,4.666666666666667,2,3,0.9761904761904762,14,0,0.0,-0.8050313334578311,200
12,16,192,0,2,0,0,1056,1.3333333333333333,1,12,0.9427083333333334,16,0,0.0,0.23804671680492645,200
9,15,135,1,2,0,1,540,1.6666666666666667,9,9,1.0,15,0,0.0,-1.9164208581043303,200
8,2,16,1,2,0,0,56,0.25,1,8,0.5625,2,0,0.0,-0.6289753406597791,200
10,13,130,0,2,0,0,585,1.3,1,10,0.9307692307692308,13,0,0.0,0.1545833365440174,200
12,11,132,1,2,0,0,726,0.9166666666666666,1,12,0.9166666666666666,11,0,0.0,-1.6556127293215426,200
9,15,135,1,1,0,0,135,1.6666666666666667,1,9,0.8518518518518519,15,0,0.0,-1.333574886802968,200
7,9,63,1,0,0,0,54,1.2857142857142858,1,7,0.6666666666666666,9,0,0.0,-0.8533967719366843,200
6,18,108,1,0,0,0,90,3.0,1,6,0.8611111111111112,18,0,0.0,-1.0989879285085937,200
2,5,10,0,0,0,1,5,2.5,2,2,1.0,5,0,0.0,-0.14088263139329285,200
5,10,50,0,2,0,1,100,2.0,5,5,1.0,10,0,0.0,0.29066952201091206,200
9,17,153,0,2,1,0,612,1.8888888888888888,1,9,0.9477124183006536,17,0,0.0,-1.512263804642818,200
9,3,27,1,2,0,0,108,0.3333333333333333,1,9,0.7037037037037037,3,0,0.0,-0.5774488186582057,200
3,18,54,1,0,1,1,36,6.0,2,3,0.9814814814814815,18,0,0.0,-0.8014998836262727,200
8,14,112,1,0,0,0,98,1.75,1,8,0.75,14,2,0.14285714285714285,-0.9727411366617805,200
7,5,35,0,1,0,0,35,0.7142857142857143,1,7,0.6571428571428571,5,0,0.0,-0.6449891008163137,200
8,6,48,1,1,0,1,48,0.75,8,8,1.0,6,0,0.0,-1.9124378091181693,200
7,11,77,0,2,0,0,231,1.5714285714285714,1,7,0.922077922077922,11,0,0.0,0.0757773212090351,200
10,5,50,0,1,0,0,50,0.5,1,9,0.5,5,0,0.0,-0.6295062468678859,200
2,7,14,0,2,0,0,7,3.5,1,2,0.9285714285714286,7,0,0.0,-0.3304051112195923,200
4,2,8,1,2,0,0,12,0.5,1,4,0.625,2,2,1.0,nan,200
12,16,192,1,1,0,1,192,1.3333333333333333,12,12,1.0,16,0,0.0,-2.937016371079174,200
10,9,90,0,1,0,0,90,0.9,1,10,0.7222222222222222,9,0,0.0,-0.8469942962671688,200
7,12,84,0,1,1,1,84,1.7142857142857142,3,7,0.9523809523809523,12,0,0.0,-1.2170453834679644,200
2,6,12,0,1,0,1,12,3.0,2,2,1.0,6,0,0.0,-0.3179899337322569,200
8,1,8,0,2,0,1,28,0.125,8,8,1.0,1,0,0.0,-0.032262238015684806,200
6,1,6,0,0,1,1,5,0.16666666666666666,3,3,0.5,1,0,0.0,-0.23205386665329403,200
11,13,143,1,2,0,1,715,1.1818181818181819,11,11,1.0,13,0,0.0,-2.332562710613404,200
6,4,24,0,0,1,1,20,0.6666666666666666,3,6,0.875,4,0,0.0,-0.6426240701523054,200
5,6,30,0,1,1,1,30,1.2,2,5,0.9,6,0,0.0,-0.6228243333277441,200
9,18,162,0,0,1,0,144,2.0,1,9,0.7777777777777778,18,0,0.0,-1.4444482778863115,200
2,18,36,1,2,0,0,18,9.0,1,2,0.9722222222222222,18,1,0.05555555555555555,-0.6958687114143912,200
10,12,120,1,1,0,1,120,1.2,10,10,1.0,12,0,0.0,-2.383244559776859,200
4,5,20,1,2,1,1,30,1.25,1,4,0.85,5,0,0.0,-0.9841188498608399,200
5,14,70,1,1,1,0,70,2.8,4,5,0.9857142857142858,14,0,0.0,-1.1732174620104678,200
7,14,98,0,2,1,0,294,2.0,1,7,0.9387755102040817,14,0,0.0,-1.062618632367304,200
12,17,204,1,1,0,1,204,1.4166666666666667,12,12,1.0,17,0,0.0,-2.939821019014727,200
12,13,156,1,0,1,0,143,1.0833333333333333,1,12,0.5769230769230769,13,0,0.0,-1.9714493618745454,200
9,15,135,0,2,1,1,540,1.6666666666666667,1,9,0.9407407407407408,15,0,0.0,-1.2659266035132068,200
5,6,30,0,1,1,0,30,1.2,4,5,0.9666666666666667,6,0,0.0,-0.6470376010814641,200
10,13,130,1,2,1,0,585,1.3,1,10,0.9307692307692308,13,0,0.0,-2.0782172716429885,200
4,8,32,0,2,0,0,48,2.0,1,4,0.90625,8,0,0.0,-0.17096001050511186,200
7,18,126,1,0,0,1,108,2.5714285714285716,7,7,1.0,18,0,0.0,-1.608184120754351,200
11,4,44,1,0,1,0,40,0.36363636363636365,1,4,0.22727272727272727,4,2,0.5,-0.6119496076542134,200
9,18,162,0,2,1,1,648,2.0,1,9,0.9506172839506173,18,0,0.0,-1.4757985881244773,200
10,7,70,1,1,0,1,70,0.7,10,10,1.0,7,0,0.0,-2.366568754085301,200
8,2,16,1,0,0,1,14,0.25,8,8,1.0,2,0,0.0,-0.7236378807491144,200
8,20,160,0,2,1,1,560,2.5,1,8,0.95625,20,0,0.0,-1.4518607844172926,200
11,5,55,1,2,0,0,275,0.45454545454545453,1,11,0.8181818181818182,5,1,0.2,-0.8529529207138383,200
12,1,12,0,1,1,1,12,0.08333333333333333,6,6,0.5,1,0,0.0,-0.10201515236983143,200
2,5,10,0,2,0,1,5,2.5,2,2,1.0,5,0,0.0,-0.1381049193041634,200
9,2,18,1,0,0,0,16,0.2222222222222222,1,2,0.16666666666666666,2,0,0.0,-0.6270750824746368,200
9,19,171,1,2,0,0,684,2.111111111111111,1,9,0.9532163742690059,19,0,0.0,-2.0401333869320655,200
9,5,45,1,0,0,0,40,0.5555555555555556,1,5,0.3333333333333333,5,1,0.2,-0.7000181085721656,200
12,1,12,0,0,0,0,11,0.08333333333333333,1,1,0.08333333333333333,1,0,0.0,-0.35333358556715305,200
12,6,72,1,2,0,1,396,0.5,12,12,1.0,6,0,0.0,-1.5131958367236469,200
6,8,48,1,0,0,1,40,1.3333333333333333,6,6,1.0,8,0,0.0,-1.425640933208945,200
9,1,9,0,2,0,1,36,0.1111111111111111,9,9,1.0,1,0,0.0,-0.0522858592559803,200
10,3,30,1,0,1,1,27,0.3,5,10,0.8333333333333334,3,0,0.0,-1.0687531465223317,200
7,4,28,0,2,1,1,84,0.5714285714285714,1,7,0.7857142857142857,4,0,0.0,-0.4140856753023661,200
9,10,90,0,0,0,1,80,1.1111111111111112,9,9,1.0,10,0,0.0,-1.2331300212902214,200
9,20,180,1,1,1,1,180,2.2222222222222223,4,9,0.9722222222222222,20,0,0.0,-2.0792399827860923,200
12,14,168,1,0,0,0,154,1.1666666666666667,1,12,0.6071428571428571,14,0,0.0,-1.0515803234871595,200
4,14,56,1,0,1,1,42,3.5,2,4,0.9642857142857143,14,0,0.0,-0.984009540516492,200
6,13,78,1,2,0,0,195,2.1666666666666665,1,6,0.9358974358974359,13,0,0.0,-1.3719530841043757,200
6,6,36,0,1,1,1,36,1.0,3,6,0.9166666666666666,6,0,0.0,-0.8043394013474384,200
6,13,78,0,2,0,0,195,2.1666666666666665,1,6,0.9358974358974359,13,0,0.0,-0.009883943086152822,200
10,3,30,0,1,1,1,30,0.3,5,10,0.8333333333333334,3,0,0.0,-0.5606692901188248,200
8,14,112,1,2,1,0,392,1.75,1,8,0.9375,14,1,0.07142857142857142,-1.8229556974379126,200
11,15,165,1,1,1,1,165,1.3636363636363635,5,11,0.9636363636363636,15,0,0.0,-2.62322393651096,200
9,14,126,0,0,1,0,112,1.5555555555555556,1,9,0.7142857142857143,14,0,0.0,-1.1997112806218202,200
5,17,85,1,0,0,0,68,3.4,1,5,0.8823529411764706,17,0,0.0,-0.9659189707856527,200
5,7,35,0,2,1,0,70,1.4,1,5,0.8857142857142857,7,0,0.0,-0.5565838432355288,200
10,6,60,0,2,0,0,270,0.6,1,10,0.85,6,0,0.0,0.2398537872758042,200
2,17,34,0,0,0,1,17,8.5,2,2,1.0,17,0,0.0,-0.12054201512347754,200
5,16,80,0,2,1,0,160,3.2,1,5,0.95,16,0,0.0,-0.808809752752871,200
5,9,45,1,1,1,0,45,1.8,4,5,0.9777777777777777,9,0,0.0,-1.1859208230644043,200
2,5,10,0,2,1,0,5,2.5,1,2,0.9,5,0,0.0,-0.3353792032968699,200
11,2,22,1,0,1,0,20,0.18181818181818182,1,2,0.13636363636363635,2,1,0.5,-0.25480484452741115,200
3,6,18,0,1,1,0,18,2.0,2,3,0.9444444444444444,6,0,0.0,-0.4487522623973659,200
6,7,42,1,0,0,0,35,1.1666666666666667,1,6,0.6428571428571429,7,1,0.14285714285714285,-0.8289893520664023,200
2,6,12,1,2,0,0,6,3.0,1,2,0.9166666666666666,6,0,0.0,-0.6251049342819776,200
3,17,51,1,2,0,0,51,5.666666666666667,1,3,0.9607843137254902,17,0,0.0,-0.7893869960230506,200
4,18,72,1,2,1,0,108,4.5,1,4,0.9583333333333334,18,0,0.0,-0.9785512263547891,200
7,8,56,1,1,0,0,56,1.1428571428571428,1,7,0.7857142857142857,8,0,0.0,-0.9366607851953953,200
7,4,28,1,1,1,0,28,0.5714285714285714,6,7,0.9642857142857143,4,0,0.0,-1.2649716537382976,200
10,15,150,0,2,1,1,675,1.5,1,10,0.94,15,0,0.0,-1.3007118122238552,200
11,3,33,0,0,0,1,30,0.2727272727272727,11,11,1.0,3,0,0.0,-0.725664276097734,200
2,8,16,0,1,0,0,16,4.0,1,2,0.9375,8,0,0.0,-0.2892309073468774,200
5,11,55,0,0,0,0,44,2.2,1,5,0.8181818181818182,11,0,0.0,-0.547343160687495,200
2,6,12,1,1,1,1,12,3.0,1,2,0.9166666666666666,6,1,0.16666666666666666,-0.6358996411330834,200
6,2,12,1,0,0,0,10,0.3333333333333333,1,2,0.25,2,1,0.5,-0.29809537665074026,200
2,18,36,0,1,0,1,36,9.0,2,2,1.0,18,0,0.0,-0.2904709974854335,200
10,8,80,1,2,1,0,360,0.8,1,10,0.8875,8,0,0.0,-1.640272133811945,200
2,10,20,1,1,1,0,20,5.0,1,2,0.95,10,0,0.0,-0.6857643204888306,200
10,6,60,0,0,0,1,54,0.6,10,10,1.0,6,0,0.0,-1.113994133922415,200
2,2,4,0,0,0,1,2,1.0,2,2,1.0,2,0,0.0,-0.09065353561171546,200
2,19,38,1,0,0,1,19,9.5,2,2,1.0,19,0,0.0,-0.6745363046187233,200
8,11,88,0,1,1,1,88,1.375,4,8,0.9545454545454546,11,0,0.0,-1.3647091763015957,200
6,13,78,1,2,1,0,195,2.1666666666666665,1,6,0.9358974358974359,13,0,0.0,-1.3852587323872843,200
8,14,112,1,2,1,0,392,1.75,1,8,0.9375,14,0,0.0,-1.7726007301067586,200
10,10,100,1,2,0,0,450,1.0,1,10,0.91,10,0,0.0,-1.4726884482242808,200
11,9,99,1,0,1,0,90,0.8181818181818182,1,9,0.45454545454545453,9,0,0.0,-1.6808925900821934,200
11,2,22,1,2,0,1,110,0.18181818181818182,11,11,1.0,2,0,0.0,-0.20188549873408684,200
2,7,14,0,1,0,1,14,3.5,2,2,1.0,7,0,0.0,-0.32391663974825075,200
7,16,112,1,2,1,1,336,2.2857142857142856,1,7,0.9464285714285714,16,0,0.0,-1.6749658240228023,200
6,19,114,0,2,1,1,285,3.1666666666666665,1,6,0.956140350877193,19,0,0.0,-1.0550490302894675,200
5,7,35,1,1,0,0,35,1.4,1,5,0.8285714285714286,7,0,0.0,-0.9186235669482296,200
11,10,110,0,2,1,1,550,0.9090909090909091,1,11,0.9090909090909091,10,0,0.0,-0.8422625147088082,200
11,18,198,1,2,1,1,990,1.6363636363636365,1,11,0.9494949494949495,18,1,0.05555555555555555,-2.675889026333743,200
8,8,64,0,0,0,0,56,1.0,1,8,0.5625,8,0,0.0,-0.5349908450224038,200
4,17,68,0,0,0,0,51,4.25,1,4,0.9117647058823529,17,0,0.0,-0.5235669975515587,200
5,9,45,0,0,0,0,36,1.8,1,5,0.7777777777777778,9,0,0.0,-0.5368718922385025,200
6,12,72,0,1,1,1,72,2.0,3,6,0.9583333333333334,12,0,0.0,-1.0128329100382252,200
3,12,36,1,0,0,0,24,4.0,1,3,0.9166666666666666,12,0,0.0,-0.8861984675822756,200
8,5,40,0,2,0,0,140,0.625,1,8,0.825,5,0,0.0,0.14843284259762635,200
12,16,192,0,0,0,1,176,1.3333333333333333,12,12,1.0,16,0,0.0,-1.5442665723415119,200
8,5,40,0,2,0,0,140,0.625,1,8,0.825,5,0,0.0,0.22380901521144958,200
4,9,36,0,2,0,1,54,2.25,4,4,1.0,9,0,0.0,0.17848199318229893,200
2,16,32,1,1,0,0,32,8.0,1,2,0.96875,16,0,0.0,-0.6309765095997641,200
8,10,80,1,1,0,0,80,1.25,1,8,0.8,10,1,0.1,-1.0611251156603978,200
12,10,120,1,2,1,0,660,0.8333333333333334,1,12,0.9083333333333333,10,0,0.0,-2.556312169098502,200
3,7,21,1,1,1,1,21,2.3333333333333335,1,3,0.9047619047619048,7,0,0.0,-0.7801368302423705,200
4,5,20,1,2,0,0,30,1.25,1,4,0.85,5,0,0.0,-0.7191350756106989,200
5,18,90,0,2,0,0,180,3.6,1,5,0.9555555555555556,18,0,0.0,-0.05734353678197804,200
6,14,84,1,2,1,1,210,2.3333333333333335,1,6,0.9404761904761905,14,0,0.0,-1.484509386845201,200
4,2,8,1,0,1,1,6,0.5,2,4,0.75,2,1,0.5,-0.2713084455492111,200
6,7,42,1,0,1,1,35,1.1666666666666667,3,6,0.9285714285714286,7,0,0.0,-1.2566571090633623,200
7,14,98,1,1,1,1,98,2.0,3,7,0.9591836734693877,14,0,0.0,-1.5975871814085472,200
9,7,63,1,2,0,0,252,0.7777777777777778,1,9,0.873015873015873,7,2,0.2857142857142857,-1.0157846279783382,200
8,8,64,0,0,1,1,56,1.0,4,8,0.9375,8,0,0.0,-1.033997681591309,200
3,7,21,0,1,0,1,21,2.3333333333333335,3,3,1.0,7,0,0.0,0.0710449547018023,200
10,4,40,0,2,1,0,180,0.4,1,10,0.775,4,0,0.0,-0.5235769374541074,200
10,12,120,1,1,0,1,120,1.2,10,10,1.0,12,0,0.0,-2.4306456049181158,200
4,19,76,1,1,1,0,76,4.75,3,4,0.9868421052631579,19,0,0.0,-0.9142952212510078,200
12,15,180,1,0,0,0,165,1.25,1,12,0.6333333333333333,15,0,0.0,-0.9299906792212259,200
7,5,35,0,1,0,1,35,0.7142857142857143,7,7,1.0,5,0,0.0,-0.052412338347084746,200
11,1,11,0,1,0,1,11,0.09090909090909091,11,11,1.0,1,0,0.0,0.028116483178619645,200
11,12,132,0,2,1,1,660,1.0909090909090908,1,11,0.9242424242424242,12,0,0.0,-0.9909676316759254,200
6,10,60,1,1,1,1,60,1.6666666666666667,3,6,0.95,10,0,0.0,-1.339822751406302,200
5,6,30,1,1,1,1,30,1.2,2,5,0.9,6,0,0.0,-1.2301127609426736,200
4,10,40,1,1,1,0,40,2.5,3,4,0.975,10,0,0.0,-0.8886915551580601,200
2,7,14,1,0,1,0,7,3.5,1,2,0.9285714285714286,7,4,0.5714285714285714,-0.5384951385756891,200
12,3,36,1,2,0,0,198,0.25,1,12,0.6944444444444444,3,0,0.0,-0.5914278715509617,200
10,9,90,0,0,1,0,81,0.9,1,9,0.5,9,0,0.0,-0.7441276671103109,200
3,16,48,1,2,0,1,48,5.333333333333333,3,3,1.0,16,1,0.0625,-0.7317457898056409,200
8,10,80,0,0,1,0,70,1.25,1,8,0.65,10,0,0.0,-0.8393546877097862,200
5,7,35,0,2,0,0,70,1.4,1,5,0.8857142857142857,7,0,0.0,-0.08305194364964519,200
4,12,48,1,0,0,1,36,3.0,4,4,1.0,12,0,0.0,-0.9336840297776744,200
5,18,90,0,2,0,1,180,3.6,5,5,1.0,18,0,0.0,0.29761035190016916,200
5,1,5,1,0,1,1,4,0.2,3,3,0.6,1,0,0.0,-0.254346524187113,200
4,5,20,0,1,0,1,20,1.25,4,4,1.0,5,0,0.0,-0.15790453595659762,200
9,9,81,0,0,1,1,72,1.0,5,9,0.9506172839506173,9,0,0.0,-1.2496047701167687,200
7,5,35,0,0,1,0,30,0.7142857142857143,1,5,0.42857142857142855,5,0,0.0,-0.47536359392002436,200
4,16,64,0,0,1,0,48,4.0,1,4,0.90625,16,0,0.0,-0.6469578148517735,200
5,15,75,0,0,1,1,60,3.0,3,5,0.9733333333333334,15,0,0.0,-0.7823723369853758,200
12,13,156,1,0,1,1,143,1.0833333333333333,6,12,0.9615384615384616,13,0,0.0,-2.9002076148277234,200
3,19,57,1,2,0,0,57,6.333333333333333,1,3,0.9649122807017544,19,0,0.0,-0.7647600897712988,200
3,1,3,1,2,0,0,3,0.3333333333333333,1,1,0.3333333333333333,1,0,0.0,-0.28376832211058256,200
6,6,36,1,2,1,0,90,1.0,1,6,0.8611111111111112,6,0,0.0,-1.4591930784292706,200
2,19,38,1,2,0,1,19,9.5,2,2,1.0,19,1,0.05263157894736842,-0.6719347508220102,200
5,3,15,0,0,0,1,12,0.6,5,5,1.0,3,0,0.0,-0.4982954947882413,200
6,13,78,1,0,1,0,65,2.1666666666666665,1,6,0.8076923076923077,13,0,0.0,-1.428361269500758,200
5,3,15,1,0,0,0,12,0.6,1,3,0.4,3,0,0.0,-0.6122573433854109,200
11,8,88,1,2,0,1,440,0.7272727272727273,11,11,1.0,8,0,0.0,-1.708355677097754,200
12,8,96,1,1,0,0,96,0.6666666666666666,1,12,0.625,8,1,0.125,-1.023256312514632,200
3,14,42,0,2,1,0,42,4.666666666666667,1,3,0.9523809523809523,14,0,0.0,-0.4825344444455614,200
11,13,143,1,2,0,1,715,1.1818181818181819,11,11,1.0,13,0,0.0,-2.319635290645165,200
5,10,50,0,2,1,1,100,2.0,1,5,0.92,10,0,0.0,-0.7085265788641902,200
11,16,176,1,2,1,0,880,1.4545454545454546,1,11,0.9431818181818182,16,0,0.0,-2.624703370503374,200
12,12,144,1,0,0,1,132,1.0,12,12,1.0,12,0,0.0,-3.070833655282896,200
6,9,54,0,1,0,0,54,1.5,1,6,0.8333333333333334,9,0,0.0,-0.7433952012262258,200
11,5,55,1,1,0,0,55,0.45454545454545453,1,9,0.45454545454545453,5,2,0.4,-0.8198300227322128,200
5,10,50,1,2,0,0,100,2.0,1,5,0.92,10,0,0.0,-1.1118351371165909,200
3,2,6,1,1,1,1,6,0.6666666666666666,1,3,0.6666666666666666,2,2,1.0,nan,200
5,17,85,0,2,0,1,170,3.4,5,5,1.0,17,0,0.0,0.26474260740927025,200
10,1,10,0,1,0,1,10,0.1,10,10,1.0,1,0,0.0,-0.03163206569936472,200
8,1,8,1,2,1,0,28,0.125,1,1,0.125,1,1,1.0,nan,200
6,13,78,1,1,0,1,78,2.1666666666666665,6,6,1.0,13,0,0.0,-1.3984302557152932,200
4,2,8,1,2,1,1,12,0.5,1,4,0.625,2,1,0.5,-0.33958913359085136,200
6,3,18,1,2,0,0,45,0.5,1,6,0.7222222222222222,3,2,0.6666666666666666,-0.3093684360906922,200
8,14,112,1,1,0,0,112,1.75,1,8,0.8571428571428571,14,0,0.0,-1.2710998227353465,200
12,10,120,1,1,0,1,120,0.8333333333333334,12,12,1.0,10,0,0.0,-2.9296661162184976,200
2,15,30,0,0,1,0,15,7.5,1,2,0.9666666666666667,15,0,0.0,-0.3168064506456451,200
12,20,240,1,1,1,1,240,1.6666666666666667,6,12,0.975,20,0,0.0,-2.8577438117993403,200
4,20,80,1,1,0,0,80,5.0,1,4,0.95,20,1,0.05,-0.996808315968405,200
3,8,24,0,2,0,0,24,2.6666666666666665,1,3,0.9166666666666666,8,0,0.0,-0.20316726283171171,200
11,11,121,0,1,1,0,121,1.0,10,11,0.9917355371900827,11,0,0.0,-1.901009865254857,200
11,6,66,1,1,0,1,66,0.5454545454545454,11,11,1.0,6,0,0.0,-2.5341800216212174,200
8,12,96,1,2,0,1,336,1.5,8,8,1.0,12,0,0.0,-1.6654981229953327,200
5,2,10,1,1,0,0,10,0.4,1,3,0.4,2,0,0.0,-0.6355624364277099,200
3,18,54,1,2,1,1,54,6.0,1,3,0.9629629629629629,18,0,0.0,-0.7978604638783459,200
12,7,84,0,1,0,0,84,0.5833333333333334,1,12,0.5714285714285714,7,0,0.0,-0.7387825872016016,200
11,17,187,1,0,1,1,170,1.5454545454545454,6,11,0.9732620320855615,17,0,0.0,-2.6304156764130115,200
2,10,20,0,1,0,1,20,5.0,2,2,1.0,10,0,0.0,-0.2680835557738422,200
11,10,110,1,0,0,1,100,0.9090909090909091,11,11,1.0,10,0,0.0,-2.7751331586037207,200
3,13,39,1,2,1,1,39,4.333333333333333,1,3,0.9487179487179487,13,0,0.0,-0.8376036194678651,200
5,11,55,0,2,0,1,110,2.2,5,5,1.0,11,0,0.0,0.29744045811181624,200
9,1,9,1,1,1,1,9,0.1111111111111111,4,4,0.4444444444444444,1,0,0.0,-0.2745331331489588,200
9,7,63,0,2,1,1,252,0.7777777777777778,1,9,0.873015873015873,7,0,0.0,-0.5892245291713482,200
5,2,10,0,1,0,1,10,0.4,5,5,1.0,2,0,0.0,-0.24130405709932365,200
7,9,63,0,0,0,0,54,1.2857142857142858,1,7,0.6666666666666666,9,0,0.0,-0.5694887171272865,200
6,2,12,1,1,1,1,12,0.3333333333333333,3,6,0.75,2,1,0.5,-0.2542419454933527,200
8,3,24,0,2,0,0,84,0.375,1,8,0.7083333333333334,3,0,0.0,0.3509038930026911,200
11,14,154,0,2,1,0,770,1.2727272727272727,1,11,0.935064935064935,14,0,0.0,-1.3836292142785436,200
3,19,57,0,0,0,0,38,6.333333333333333,1,3,0.9473684210526315,19,0,0.0,-0.4482513463557318,200
2,4,8,1,2,1,1,4,2.0,1,2,0.875,4,0,0.0,-0.8192051425810482,200
11,5,55,1,1,1,1,55,0.45454545454545453,5,11,0.8909090909090909,5,0,0.0,-2.0101385766419826,200
3,6,18,1,2,0,1,18,2.0,3,3,1.0,6,1,0.16666666666666666,-0.6916136967834805,200
5,9,45,0,1,1,0,45,1.8,4,5,0.9777777777777777,9,0,0.0,-0.7172799766855396,200
3,16,48,0,2,0,1,48,5.333333333333333,3,3,1.0,16,0,0.0,0.052213373467017814,200
4,10,40,0,0,1,1,30,2.5,2,4,0.95,10,0,0.0,-0.6269850421416637,200
7,10,70,0,0,0,0,60,1.4285714285714286,1,7,0.7,10,0,0.0,-0.5663903018843044,200
6,18,108,0,0,1,0,90,3.0,1,6,0.8611111111111112,18,0,0.0,-1.0470033471721658,200
12,5,60,1,1,1,0,60,0.4166666666666667,11,12,0.9833333333333333,5,0,0.0,-2.6113125094977225,200
4,20,80,0,0,0,1,60,5.0,4,4,1.0,20,0,0.0,-0.33734053445249074,200
9,20,180,1,2,1,0,720,2.2222222222222223,1,9,0.9555555555555556,20,0,0.0,-2.0903282698838526,200
4,9,36,1,1,0,0,36,2.25,1,4,0.8888888888888888,9,2,0.2222222222222222,-0.9850181006230995,200
8,2,16,0,0,1,0,14,0.25,1,2,0.1875,2,0,0.0,-0.31216312743007113,200
2,18,36,0,0,0,0,18,9.0,1,2,0.9722222222222222,18,0,0.0,-0.29221259993192,200
3,14,42,1,2,1,1,42,4.666666666666667,1,3,0.9523809523809523,14,1,0.07142857142857142,-0.7550019836994614,200
11,15,165,0,0,1,1,150,1.3636363636363635,6,11,0.9696969696969697,15,0,0.0,-1.8252772042319156,200
6,1,6,1,2,0,0,15,0.16666666666666666,1,1,0.16666666666666666,1,0,0.0,-0.3140689660546903,200
9,3,27,1,0,1,1,24,0.3333333333333333,5,9,0.8518518518518519,3,0,0.0,-1.0261381861316758,200
4,18,72,0,2,1,1,108,4.5,1,4,0.9583333333333334,18,0,0.0,-0.6339838340316538,200
8,16,128,1,1,1,1,128,2.0,4,8,0.96875,16,0,0.0,-1.837821811428054,200
12,3,36,0,1,1,1,36,0.25,6,12,0.8333333333333334,3,0,0.0,-0.5801291680467576,200
12,1,12,0,0,0,0,11,0.08333333333333333,1,1,0.08333333333333333,1,0,0.0,-0.33029093458898023,200
7,20,140,0,1,1,0,140,2.857142857142857,6,7,0.9928571428571429,20,0,0.0,-1.239409202189384,200
8,19,152,0,2,0,1,532,2.375,8,8,1.0,19,0,0.0,0.441075057951426,200
3,3,9,0,1,1,1,9,1.0,1,3,0.7777777777777778,3,0,0.0,-0.46447951008068433,200
9,9,81,0,2,1,0,324,1.0,1,9,0.9012345679012346,9,0,0.0,-0.896324046723653,200
9,3,27,1,0,0,0,24,0.3333333333333333,1,3,0.2222222222222222,3,3,1.0,nan,200
9,3,27,0,2,1,1,108,0.3333333333333333,1,9,0.7037037037037037,3,0,0.0,-0.406001213507648,200
6,6,36,1,1,1,0,36,1.0,5,6,0.9722222222222222,6,0,0.0,-1.2703671770822045,200
7,15,105,1,1,1,0,105,2.142857142857143,6,7,0.9904761904761905,15,0,0.0,-1.5686309751581917,200
6,18,108,1,2,0,1,270,3.0,6,6,1.0,18,0,0.0,-1.3778440012457658,200
11,6,66,1,1,0,1,66,0.5454545454545454,11,11,1.0,6,0,0.0,-2.5687893072402304,200
9,13,117,1,2,1,1,468,1.4444444444444444,1,9,0.9316239316239316,13,1,0.07692307692307693,-1.9699308112230038,200
7,6,42,0,1,0,0,42,0.8571428571428571,1,7,0.7142857142857143,6,0,0.0,-0.7565800118280133,200
12,19,228,1,0,1,0,209,1.5833333333333333,1,12,0.7105263157894737,19,0,0.0,-2.9565589402550287,200
10,7,70,0,0,1,0,63,0.7,1,7,0.4,7,0,0.0,-0.5724362761154854,200
4,8,32,1,0,1,1,24,2.0,2,4,0.9375,8,0,0.0,-1.0127646214837864,200
5,11,55,0,0,1,1,44,2.2,3,5,0.9636363636363636,11,0,0.0,-0.7525876158026058,200
4,9,36,1,0,1,1,27,2.25,2,4,0.9444444444444444,9,0,0.0,-0.970598390694822,200
4,13,52,0,0,0,1,39,3.25,4,4,1.0,13,0,0.0,-0.3350313406221882,200
10,3,30,0,2,0,1,135,0.3,10,10,1.0,3,0,0.0,0.6807148500764062,200
2,8,16,0,0,1,1,8,4.0,1,2,0.9375,8,0,0.0,-0.35773849459245954,200
6,16,96,1,2,1,1,240,2.6666666666666665,1,6,0.9479166666666666,16,0,0.0,-1.4228300283186608,200
12,18,216,1,2,0,0,1188,1.5,1,12,0.9490740740740741,18,0,0.0,-2.600939576548113,200
11,1,11,0,1,0,1,11,0.09090909090909091,11,11,1.0,1,0,0.0,0.0007435772658026198,200
5,5,25,1,1,0,1,25,1.0,5,5,1.0,5,0,0.0,-1.2159707416384171,200
9,4,36,0,0,1,0,32,0.4444444444444444,1,4,0.2777777777777778,4,0,0.0,-0.3883399571860745,200
2,1,2,1,1,0,0,2,0.5,1,1,0.5,1,0,0.0,-0.2954068923789769,200
6,1,6,1,1,1,0,6,0.16666666666666666,5,5,0.8333333333333334,1,0,0.0,-0.24406351217074806,200
3,2,6,1,1,1,1,6,0.6666666666666666,1,3,0.6666666666666666,2,0,0.0,-0.6838611475980676,200
4,6,24,1,1,0,0,24,1.5,1,4,0.8333333333333334,6,1,0.16666666666666666,-0.7658877155566419,200
6,13,78,0,1,0,1,78,2.1666666666666665,6,6,1.0,13,0,0.0,-0.29006468638124255,200
8,9,72,0,2,0,0,252,1.125,1,8,0.9027777777777778,9,0,0.0,0.16559438027863907,200
11,2,22,0,1,1,0,22,0.18181818181818182,10,11,0.9545454545454546,2,0,0.0,-0.3064537641694043,200
12,14,168,1,0,0,1,154,1.1666666666666667,12,12,1.0,14,0,0.0,-2.9172553813693423,200
10,1,10,0,0,0,0,9,0.1,1,1,0.1,1,0,0.0,-0.3138854855239275,200
5,16,80,1,1,0,0,80,3.2,1,5,0.925,16,0,0.0,-1.1893258722842825,200
6,7,42,1,2,1,0,105,1.1666666666666667,1,6,0.8809523809523809,7,0,0.0,-1.2790836258151361,200
12,6,72,1,2,1,0,396,0.5,1,12,0.8472222222222222,6,1,0.16666666666666666,-1.5034689501123144,200
3,3,9,0,0,1,1,6,1.0,2,3,0.8888888888888888,3,0,0.0,-0.37984807571391077,200
11,11,121,1,0,1,1,110,1.0,6,11,0.9586776859504132,11,0,0.0,-2.607173721598839,200
2,12,24,0,1,0,1,24,6.0,2,2,1.0,12,0,0.0,-0.3365845070149911,200
2,1,2,1,1,0,1,2,0.5,2,2,1.0,1,0,0.0,-0.33192420250613935,200
3,7,21,0,0,1,1,14,2.3333333333333335,2,3,0.9523809523809523,7,0,0.0,-0.4609169307413607,200
6,1,6,0,1,1,0,6,0.16666666666666666,5,5,0.8333333333333334,1,0,0.0,-0.21441146227203303,200
4,16,64,1,1,1,1,64,4.0,2,4,0.96875,16,0,0.0,-0.9403533914831936,200
9,4,36,1,2,0,0,144,0.4444444444444444,1,9,0.7777777777777778,4,2,0.5,-0.47733722766399117,200
3,15,45,1,2,0,0,45,5.0,1,3,0.9555555555555556,15,2,0.13333333333333333,-0.8451046692051964,200
5,15,75,0,0,1,0,60,3.0,1,5,0.8666666666666667,15,0,0.0,-0.808550545438832,200
8,2,16,0,1,1,0,16,0.25,7,8,0.9375,2,0,0.0,-0.2840474720659515,200
4,13,52,1,0,0,0,39,3.25,1,4,0.8846153846153846,13,0,0.0,-0.8971827206440184,200
7,7,49,0,2,0,1,147,1.0,7,7,1.0,7,0,0.0,0.4395817915545047,200
7,10,70,1,1,1,0,70,1.4285714285714286,6,7,0.9857142857142858,10,0,0.0,-1.5564336082056764,200
8,9,72,0,0,1,0,63,1.125,1,8,0.6111111111111112,9,0,0.0,-0.7171429637894423,200
8,18,144,1,2,1,0,504,2.25,1,8,0.9513888888888888,18,1,0.05555555555555555,-1.8706265972360694,200
7,3,21,1,1,1,0,21,0.42857142857142855,6,7,0.9523809523809523,3,0,0.0,-1.2069128155982225,200
2,14,28,0,1,0,0,28,7.0,1,2,0.9642857142857143,14,0,0.0,-0.2832732745763643,200
9,10,90,0,2,0,1,360,1.1111111111111112,9,9,1.0,10,0,0.0,0.562168229731664,200
7,18,126,0,2,0,1,378,2.5714285714285716,7,7,1.0,18,0,0.0,0.4366533595825167,200
4,15,60,0,2,0,1,90,3.75,4,4,1.0,15,0,0.0,0.1349483336909985,200
7,10,70,1,2,0,0,210,1.4285714285714286,1,7,0.9142857142857143,10,2,0.2,-1.1831314375088897,200
10,6,60,0,1,0,1,60,0.6,10,10,1.0,6,0,0.0,-0.3385299102348758,200
7,10,70,0,0,0,0,60,1.4285714285714286,1,7,0.7,10,0,0.0,-0.6113947435804391,200
7,9,63,0,2,0,0,189,1.2857142857142858,1,7,0.9047619047619048,9,0,0.0,0.03570730267605822,200
6,18,108,0,0,0,0,90,3.0,1,6,0.8611111111111112,18,0,0.0,-0.5986353967326613,200
3,12,36,1,1,1,1,36,4.0,1,3,0.9444444444444444,12,1,0.08333333333333333,-0.8161741947447675,200
10,1,10,0,1,1,0,10,0.1,9,9,0.9,1,0,0.0,-0.06025180497490483,200
2,2,4,1,2,1,1,2,1.0,1,2,0.75,2,1,0.5,-0.30124014591269677,200
12,10,120,1,0,1,0,110,0.8333333333333334,1,10,0.4583333333333333,10,3,0.3,-1.3823430211440428,200
11,19,209,1,2,0,0,1045,1.7272727272727273,1,11,0.9521531100478469,19,0,0.0,-2.452984647026762,200
4,7,28,1,1,0,1,28,1.75,4,4,1.0,7,0,0.0,-0.9508623424429047,200
6,20,120,0,0,0,0,100,3.3333333333333335,1,6,0.875,20,0,0.0,-0.5999327990095468,200
12,2,24,1,2,0,0,132,0.16666666666666666,1,12,0.5416666666666666,2,1,0.5,-0.31928608582881096,200
9,3,27,0,0,0,0,24,0.3333333333333333,1,3,0.2222222222222222,3,0,0.0,-0.43415608333798694,200
9,15,135,1,0,0,0,120,1.6666666666666667,1,9,0.7333333333333333,15,4,0.26666666666666666,-0.8530922267168785,200
10,3,30,0,2,0,1,135,0.3,10,10,1.0,3,0,0.0,0.6656152192623848,200
5,13,65,0,0,0,1,52,2.6,5,5,1.0,13,0,0.0,-0.6443145333596022,200
3,20,60,0,2,1,0,60,6.666666666666667,1,3,0.9666666666666667,20,0,0.0,-0.45550409766091365,200
8,18,144,1,1,1,1,144,2.25,4,8,0.9722222222222222,18,0,0.0,-1.8525875479032374,200
10,4,40,0,1,1,1,40,0.4,5,10,0.875,4,0,0.0,-0.8341923771765626,200
8,18,144,1,1,1,1,144,2.25,4,8,0.9722222222222222,18,0,0.0,-1.8045989450382591,200
8,5,40,1,2,0,1,140,0.625,8,8,1.0,5,0,0.0,-1.4514459625264577,200
11,4,44,1,2,0,1,220,0.36363636363636365,11,11,1.0,4,0,0.0,-1.1068134227014017,200
3,11,33,1,0,1,1,22,3.6666666666666665,2,3,0.9696969696969697,11,0,0.0,-0.7887519819988897,200
2,5,10,0,0,1,0,5,2.5,1,2,0.9,5,0,0.0,-0.3226840068675272,200
3,17,51,0,1,1,1,51,5.666666666666667,1,3,0.9607843137254902,17,0,0.0,-0.49322074875064303,200
4,18,72,0,0,0,1,54,4.5,4,4,1.0,18,0,0.0,-0.33735900591831675,200
11,3,33,0,1,0,0,33,0.2727272727272727,1,5,0.2727272727272727,3,0,0.0,-0.5196211526035232,200
6,10,60,0,0,0,1,50,1.6666666666666667,6,6,1.0,10,0,0.0,-0.6383576689775111,200
7,14,98,0,0,0,1,84,2.0,7,7,1.0,14,0,0.0,-1.0058467637042245,200
9,10,90,1,0,1,1,80,1.1111111111111112,5,9,0.9555555555555556,10,0,0.0,-2.0379263915770807,200
9,20,180,0,0,1,0,160,2.2222222222222223,1,9,0.8,20,0,0.0,-1.6039017178642774,200
9,12,108,1,2,0,1,432,1.3333333333333333,9,9,1.0,12,0,0.0,-1.8928565772365404,200
5,6,30,0,0,1,1,24,1.2,3,5,0.9333333333333333,6,0,0.0,-0.610024722999282,200
6,4,24,1,0,1,0,20,0.6666666666666666,1,4,0.4166666666666667,4,1,0.25,-0.5726282909608627,200
5,17,85,0,2,0,1,170,3.4,5,5,1.0,17,0,0.0,0.275582144132579,200
5,14,70,0,0,0,0,56,2.8,1,5,0.8571428571428571,14,0,0.0,-0.5666411778144009,200
4,6,24,0,2,0,0,36,1.5,1,4,0.875,6,0,0.0,-0.1478921196238725,200
12,12,144,0,1,1,1,144,1.0,6,12,0.9583333333333334,12,0,0.0,-2.1238497330791595,200
8,4,32,0,0,0,1,28,0.5,8,8,1.0,4,0,0.0,-0.7558649540579112,200
10,7,70,0,2,1,1,315,0.7,1,10,0.8714285714285714,7,0,0.0,-0.6130623734093722,200
3,16,48,1,2,0,1,48,5.333333333333333,3,3,1.0,16,0,0.0,-0.7837400873615217,200
7,18,126,1,2,1,1,378,2.5714285714285716,1,7,0.9523809523809523,18,1,0.05555555555555555,-1.6386697936884063,200
5,7,35,0,2,0,0,70,1.4,1,5,0.8857142857142857,7,0,0.0,-0.03950282223699624,200
8,7,56,0,0,1,1,49,0.875,4,8,0.9285714285714286,7,0,0.0,-0.9855957538864438,200
9,20,180,0,1,1,1,180,2.2222222222222223,4,9,0.9722222222222222,20,0,0.0,-1.7187290626648781,200
12,8,96,1,2,0,1,528,0.6666666666666666,12,12,1.0,8,0,0.0,-1.832385145221319,200
2,4,8,0,1,1,0,8,2.0,1,2,0.875,4,0,0.0,-0.3399768400450463,200
10,20,200,0,2,1,0,900,2.0,1,10,0.955,20,0,0.0,-1.7661900981400414,200
2,13,26,1,2,1,0,13,6.5,1,2,0.9615384615384616,13,0,0.0,-0.7014961153179359,200
10,16,160,0,0,0,0,144,1.6,1,10,0.71875,16,0,0.0,-0.6494371506265117,200
7,9,63,0,2,1,0,189,1.2857142857142858,1,7,0.9047619047619048,9,0,0.0,-0.7990209499119361,200
11,13,143,1,0,0,1,130,1.1818181818181819,11,11,1.0,13,0,0.0,-2.7036466386045674,200
9,10,90,1,1,1,0,90,1.1111111111111112,8,9,0.9888888888888889,10,0,0.0,-2.0478223771563977,200
12,16,192,0,0,1,1,176,1.3333333333333333,6,12,0.96875,16,0,0.0,-2.0913751115826216,200
8,8,64,1,1,0,0,64,1.0,1,8,0.75,8,2,0.25,-0.7801375793137069,200
3,6,18,0,1,1,1,18,2.0,1,3,0.8888888888888888,6,0,0.0,-0.4648972001836897,200
11,13,143,1,0,0,1,130,1.1818181818181819,11,11,1.0,13,0,0.0,-2.799478978511175,200
4,12,48,0,1,1,0,48,3.0,3,4,0.9791666666666666,12,0,0.0,-0.6309503521025254,200
8,12,96,0,0,1,0,84,1.5,1,8,0.7083333333333334,12,0,0.0,-1.013639935918051,200
12,1,12,0,2,0,0,66,0.08333333333333333,1,1,0.08333333333333333,1,0,0.0,-0.3599247540650204,200
11,16,176,1,0,1,0,160,1.4545454545454546,1,11,0.6875,16,0,0.0,-2.2798747704244353,200
9,7,63,0,1,1,0,63,0.7777777777777778,8,9,0.9841269841269841,7,0,0.0,-1.1588731650064346,200
5,9,45,0,2,0,1,90,1.8,5,5,1.0,9,0,0.0,0.295751873125929,200
8,15,120,0,0,1,0,105,1.875,1,8,0.7666666666666667,15,0,0.0,-1.20802752844144,200
2,4,8,0,2,1,0,4,2.0,1,2,0.875,4,0,0.0,-0.31985007384217085,200
5,8,40,1,0,0,1,32,1.6,5,5,1.0,8,0,0.0,-1.282579936780132,200
3,20,60,1,2,0,1,60,6.666666666666667,3,3,1.0,20,0,0.0,-0.744653774347727,200
8,5,40,0,2,0,0,140,0.625,1,8,0.825,5,0,0.0,0.18570756710341568,200
9,14,126,1,0,0,1,112,1.5555555555555556,9,9,1.0,14,0,0.0,-2.1480312477668395,200
7,19,133,1,0,0,0,114,2.7142857142857144,1,7,0.8421052631578947,19,0,0.0,-1.114963880663658,200
8,3,24,0,2,1,1,84,0.375,1,8,0.7083333333333334,3,0,0.0,-0.3567768382629529,200
12,14,168,0,2,1,1,924,1.1666666666666667,1,12,0.9345238095238095,14,0,0.0,-1.1759071325046537,200
11,10,110,0,0,0,1,100,0.9090909090909091,11,11,1.0,10,0,0.0,-1.3072464904671381,200
6,6,36,0,2,0,0,90,1.0,1,6,0.8611111111111112,6,0,0.0,-0.00917821128066552,200
10,1,10,1,1,1,1,10,0.1,5,5,0.5,1,0,0.0,-0.347497651165599,200
9,10,90,1,1,0,0,90,1.1111111111111112,1,9,0.7777777777777778,10,0,0.0,-1.0628819767242494,200
8,7,56,1,1,1,1,56,0.875,4,8,0.9285714285714286,7,0,0.0,-1.8181137767214486,200
10,9,90,0,1,0,0,90,0.9,1,10,0.7222222222222222,9,0,0.0,-0.8481463068845653,200
10,10,100,1,0,0,1,90,1.0,10,10,1.0,10,0,0.0,-2.499365658033328,200
12,19,228,0,2,1,0,1254,1.5833333333333333,1,12,0.9517543859649122,19,0,0.0,-1.908932387483106,200
10,6,60,1,0,1,1,54,0.6,5,10,0.9166666666666666,6,0,0.0,-2.0634040622188423,200
7,14,98,0,0,1,0,84,2.0,1,7,0.7857142857142857,14,0,0.0,-1.086222576355944,200
7,7,49,1,0,0,1,42,1.0,7,7,1.0,7,0,0.0,-1.6549512528639354,200
9,14,126,0,2,0,1,504,1.5555555555555556,9,9,1.0,14,0,0.0,0.5072461206760234,200
5,18,90,0,0,1,0,72,3.6,1,5,0.8888888888888888,18,0,0.0,-0.8350195953628223,200
12,4,48,1,0,1,0,44,0.3333333333333333,1,4,0.20833333333333334,4,0,0.0,-0.6731432582736455,200
5,10,50,0,2,1,0,100,2.0,1,5,0.92,10,0,0.0,-0.7130769253859297,200
10,18,180,1,0,1,0,162,1.8,1,10,0.75,18,1,0.05555555555555555,-2.326389710573511,200
4,14,56,1,1,1,0,56,3.5,3,4,0.9821428571428571,14,0,0.0,-0.9748950975611879,200
8,14,112,1,1,0,0,112,1.75,1,8,0.8571428571428571,14,0,0.0,-1.3936142683527764,200
12,12,144,0,0,1,0,132,1.0,1,12,0.5416666666666666,12,0,0.0,-0.9844804703151706,200
9,15,135,1,0,0,0,120,1.6666666666666667,1,9,0.7333333333333333,15,0,0.0,-1.0270946374598762,200
7,5,35,0,0,1,0,30,0.7142857142857143,1,5,0.42857142857142855,5,0,0.0,-0.49391672741802367,200
10,15,150,1,1,1,1,150,1.5,5,10,0.9666666666666667,15,0,0.0,-2.3636670237023694,200
12,4,48,1,2,0,1,264,0.3333333333333333,12,12,1.0,4,0,0.0,-0.45026614900029416,200
11,8,88,1,2,0,1,440,0.7272727272727273,11,11,1.0,8,0,0.0,-1.8344391222540073,200
7,11,77,1,1,0,1,77,1.5714285714285714,7,7,1.0,11,0,0.0,-1.7356390768588903,200
7,2,14,0,1,0,0,14,0.2857142857142857,1,3,0.2857142857142857,2,0,0.0,-0.4846725003583986,200
2,1,2,1,2,1,0,1,0.5,1,1,0.5,1,1,1.0,nan,200
3,15,45,0,2,1,1,45,5.0,1,3,0.9555555555555556,15,0,0.0,-0.4661253706928787,200
5,2,10,0,1,1,1,10,0.4,2,5,0.7,2,0,0.0,-0.5520101876904153,200
2,14,28,1,2,0,1,14,7.0,2,2,1.0,14,1,0.07142857142857142,-0.6799943483251987,200
11,14,154,1,1,1,0,154,1.2727272727272727,10,11,0.9935064935064936,14,0,0.0,-2.591781682803769,200
2,20,40,0,2,0,1,20,10.0,2,2,1.0,20,0,0.0,-0.17116041853777317,200
7,5,35,0,0,1,0,30,0.7142857142857143,1,5,0.42857142857142855,5,0,0.0,-0.4707812270677549,200
12,8,96,0,2,0,1,528,0.6666666666666666,12,12,1.0,8,0,0.0,0.6833712205839144,200
5,19,95,0,1,0,0,95,3.8,1,5,0.9368421052631579,19,0,0.0,-0.3536188411832205,200
10,20,200,0,1,1,1,200,2.0,5,10,0.975,20,0,0.0,-1.9861791868495815,200
3,19,57,1,0,1,1,38,6.333333333333333,2,3,0.9824561403508771,19,0,0.0,-0.8040811136470036,200
10,4,40,0,2,0,0,180,0.4,1,10,0.775,4,0,0.0,0.2098318059345241,200
6,19,114,1,0,1,1,95,3.1666666666666665,3,6,0.9736842105263158,19,0,0.0,-1.359106838820985,200
8,17,136,0,1,0,0,136,2.125,1,8,0.8823529411764706,17,0,0.0,-1.000416778532803,200
2,3,6,0,1,1,1,6,1.5,1,2,0.8333333333333334,3,0,0.0,-0.369720976219336,200
11,17,187,1,2,1,0,935,1.5454545454545454,1,11,0.946524064171123,17,0,0.0,-2.606266760087409,200
9,12,108,0,1,0,1,108,1.3333333333333333,9,9,1.0,12,0,0.0,-0.07961426124921807,200
12,9,108,0,1,0,1,108,0.75,12,12,1.0,9,0,0.0,-0.3880060203627967,200
7,3,21,1,0,1,0,18,0.42857142857142855,1,3,0.2857142857142857,3,1,0.3333333333333333,-0.5980150752114826,200
4,15,60,1,0,1,1,45,3.75,2,4,0.9666666666666667,15,0,0.0,-0.9712423631027942,200
8,12,96,0,0,1,0,84,1.5,1,8,0.7083333333333334,12,0,0.0,-0.9743881514636462,200
11,4,44,0,1,0,0,44,0.36363636363636365,1,7,0.36363636363636365,4,0,0.0,-0.599916612913462,200
3,4,12,1,0,1,1,8,1.3333333333333333,2,3,0.9166666666666666,4,0,0.0,-0.6577415410154074,200
11,11,121,1,2,0,0,605,1.0,1,11,0.9173553719008265,11,0,0.0,-1.814092946349044,200
10,19,190,0,1,1,0,190,1.9,9,10,0.9947368421052631,19,0,0.0,-1.9684642098053633,200
4,4,16,0,2,0,0,24,1.0,1,4,0.8125,4,0,0.0,-0.2165832666666218,200
8,8,64,0,2,0,1,224,1.0,8,8,1.0,8,0,0.0,0.4895181697424654,200
6,12,72,1,1,1,0,72,2.0,5,6,0.9861111111111112,12,0,0.0,-1.3478356639963267,200
12,14,168,0,0,1,0,154,1.1666666666666667,1,12,0.6071428571428571,14,0,0.0,-1.2065981778429842,200
4,19,76,1,2,0,0,114,4.75,1,4,0.9605263157894737,19,0,0.0,-0.9712738286774597,200
8,2,16,0,2,1,0,56,0.25,1,8,0.5625,2,0,0.0,-0.32797114771213476,200
8,2,16,1,1,0,0,16,0.25,1,3,0.25,2,1,0.5,-0.336794199710354,200
10,3,30,0,1,1,0,30,0.3,9,10,0.9666666666666667,3,0,0.0,-0.5552532319000801,200
11,20,220,0,2,1,0,1100,1.8181818181818181,1,11,0.9545454545454546,20,0,0.0,-1.873321289070217,200
2,16,32,0,1,1,0,32,8.0,1,2,0.96875,16,0,0.0,-0.3639302015265104,200
10,19,190,0,2,0,0,855,1.9,1,10,0.9526315789473684,19,0,0.0,0.12209508389999094,200
12,4,48,0,1,1,1,48,0.3333333333333333,6,12,0.875,4,0,0.0,-0.8995889283611384,200
12,12,144,1,2,0,0,792,1.0,1,12,0.9236111111111112,12,3,0.25,-1.4920003107406865,200
12,7,84,1,0,1,1,77,0.5833333333333334,6,12,0.9285714285714286,7,0,0.0,-2.2689181529454348,200
9,15,135,1,0,0,1,120,1.6666666666666667,9,9,1.0,15,0,0.0,-2.178070070207699,200
7,16,112,0,0,0,0,96,2.2857142857142856,1,7,0.8125,16,0,0.0,-0.620604708082649,200
6,17,102,0,0,1,0,85,2.8333333333333335,1,6,0.8529411764705882,17,0,0.0,-1.0215706195405354,200
2,4,8,0,1,1,0,8,2.0,1,2,0.875,4,0,0.0,-0.30699445741008735,200
8,2,16,1,0,1,0,14,0.25,1,2,0.1875,2,0,0.0,-0.6128598241846405,200
6,13,78,0,2,1,0,195,2.1666666666666665,1,6,0.9358974358974359,13,0,0.0,-0.9333053012563962,200
4,13,52,1,0,1,1,39,3.25,2,4,0.9615384615384616,13,0,0.0,-0.9827190847247009,200
2,8,16,0,0,0,1,8,4.0,2,2,1.0,8,0,0.0,-0.13711914565331204,200
2,1,2,1,1,0,1,2,0.5,2,2,1.0,1,0,0.0,-0.37456967152709164,200
2,13,26,1,0,0,1,13,6.5,2,2,1.0,13,0,0.0,-0.7432574657916559,200
10,5,50,1,1,1,1,50,0.5,5,10,0.9,5,0,0.0,-2.2384914453569116,200
12,13,156,1,0,1,0,143,1.0833333333333333,1,12,0.5769230769230769,13,0,0.0,-2.3127966262146966,200
9,11,99,0,0,0,1,88,1.2222222222222223,9,9,1.0,11,0,0.0,-1.2212223240330784,200
4,19,76,1,1,1,0,76,4.75,3,4,0.9868421052631579,19,0,0.0,-0.9613784937370657,200
3,20,60,1,2,0,0,60,6.666666666666667,1,3,0.9666666666666667,20,0,0.0,-0.6982020812625871,200
5,3,15,1,1,1,1,15,0.6,2,5,0.8,3,1,0.3333333333333333,-0.5152005044809514,200
5,13,65,1,0,0,0,52,2.6,1,5,0.8461538461538461,13,0,0.0,-0.9121514298321536,200
3,14,42,1,2,0,0,42,4.666666666666667,1,3,0.9523809523809523,14,0,0.0,-0.7976518015204785,200
10,18,180,0,2,1,1,810,1.8,1,10,0.95,18,0,0.0,-1.5337461412208868,200
3,10,30,0,1,1,0,30,3.3333333333333335,2,3,0.9666666666666667,10,0,0.0,-0.46519653975556174,200
11,11,121,1,2,1,0,605,1.0,1,11,0.9173553719008265,11,1,0.09090909090909091,-2.289577589857081,200
6,19,114,0,2,0,1,285,3.1666666666666665,6,6,1.0,19,0,0.0,0.33304713774156247,200
8,20,160,1,1,0,1,160,2.5,8,8,1.0,20,0,0.0,-1.8439124360946983,200
10,8,80,1,1,0,1,80,0.8,10,10,1.0,8,0,0.0,-2.5387135413697406,200
12,9,108,0,0,0,1,99,0.75,12,12,1.0,9,0,0.0,-1.3111810427330923,200
2,12,24,0,1,1,1,24,6.0,1,2,0.9583333333333334,12,0,0.0,-0.3717564850157806,200
2,15,30,1,2,0,1,15,7.5,2,2,1.0,15,0,0.0,-0.7478339696318627,200
2,18,36,1,1,1,1,36,9.0,1,2,0.9722222222222222,18,1,0.05555555555555555,-0.6938965986946848,200
7,8,56,1,0,1,1,48,1.1428571428571428,4,7,0.9464285714285714,8,0,0.0,-1.532664628764676,200
10,19,190,1,1,0,1,190,1.9,10,10,1.0,19,0,0.0,-2.361311310273742,200
5,3,15,1,0,1,1,12,0.6,3,5,0.8666666666666667,3,0,0.0,-1.0671802483270338,200
8,6,48,0,2,1,0,168,0.75,1,8,0.8541666666666666,6,0,0.0,-0.6514018552091511,200
8,20,160,0,2,1,1,560,2.5,1,8,0.95625,20,0,0.0,-1.4609928315867076,200
5,10,50,1,0,0,0,40,2.0,1,5,0.8,10,0,0.0,-0.900460533471008,200
7,7,49,1,1,0,0,49,1.0,1,7,0.7551020408163265,7,1,0.14285714285714285,-0.9899554858920107,200
6,13,78,1,0,0,0,65,2.1666666666666665,1,6,0.8076923076923077,13,0,0.0,-0.9628809910756785,200
5,7,35,0,0,1,1,28,1.4,3,5,0.9428571428571428,7,0,0.0,-0.6478213636995727,200
12,15,180,0,1,0,0,180,1.25,1,12,0.8,15,0,0.0,-1.1169113422086046,200
9,1,9,0,0,0,1,8,0.1111111111111111,9,9,1.0,1,0,0.0,-0.08000183787585986,200
4,19,76,0,0,0,0,57,4.75,1,4,0.9210526315789473,19,0,0.0,-0.47183889388886,200
2,13,26,0,0,1,1,13,6.5,1,2,0.9615384615384616,13,0,0.0,-0.3239162650791412,200
12,20,240,0,0,0,1,220,1.6666666666666667,12,12,1.0,20,0,0.0,-1.6729455311257908,200
7,9,63,1,0,0,1,54,1.2857142857142858,7,7,1.0,9,0,0.0,-1.6935714001742412,200
8,20,160,0,0,1,0,140,2.5,1,8,0.825,20,0,0.0,-1.4471961671752163,200
8,19,152,1,2,0,0,532,2.375,1,8,0.9539473684210527,19,0,0.0,-1.8028367435021555,200
7,5,35,1,2,0,1,105,0.7142857142857143,7,7,1.0,5,0,0.0,-1.1491125453352369,200
7,16,112,1,2,1,1,336,2.2857142857142856,1,7,0.9464285714285714,16,0,0.0,-1.6751501158540447,200
6,17,102,1,0,0,1,85,2.8333333333333335,6,6,1.0,17,0,0.0,-1.4002459466990436,200
11,19,209,0,1,1,1,209,1.7272727272727273,5,11,0.9712918660287081,19,0,0.0,-2.2553892323848235,200
10,16,160,1,0,0,1,144,1.6,10,10,1.0,16,0,0.0,-2.3982545654568437,200
11,8,88,1,2,1,0,440,0.7272727272727273,1,11,0.8863636363636364,8,0,0.0,-1.5242763499430223,200
3,15,45,0,2,0,1,45,5.0,3,3,1.0,15,0,0.0,0.0803232858684975,200
12,11,132,1,1,1,1,132,0.9166666666666666,6,12,0.9545454545454546,11,0,0.0,-2.856812658724552,200
3,14,42,0,1,1,0,42,4.666666666666667,2,3,0.9761904761904762,14,0,0.0,-0.45954379512360505,200
12,8,96,0,2,0,0,528,0.6666666666666666,1,12,0.8854166666666666,8,0,0.0,0.21548481396415153,200
6,12,72,1,0,0,1,60,2.0,6,6,1.0,12,0,0.0,-1.3618262575139912,200
12,14,168,1,1,0,0,168,1.1666666666666667,1,12,0.7857142857142857,14,0,0.0,-1.4431285439616417,200
3,16,48,1,0,0,1,32,5.333333333333333,3,3,1.0,16,0,0.0,-0.8326518598751644,200
7,3,21,0,2,0,0,63,0.42857142857142855,1,7,0.7142857142857143,3,0,0.0,0.23584565010390465,200
12,18,216,1,1,0,0,216,1.5,1,12,0.8333333333333334,18,0,0.0,-1.5303693518359025,200
3,7,21,1,0,0,0,14,2.3333333333333335,1,3,0.8571428571428571,7,0,0.0,-0.8318386249354177,200
5,9,45,1,1,0,1,45,1.8,5,5,1.0,9,0,0.0,-1.2286103305065799,200
8,6,48,1,1,0,0,48,0.75,1,8,0.6666666666666666,6,0,0.0,-0.8955317027044346,200
11,14,154,0,2,0,0,770,1.2727272727272727,1,11,0.935064935064935,14,0,0.0,0.21060555138156714,200
6,3,18,0,1,0,1,18,0.5,6,6,1.0,3,0,0.0,-0.2590041483371049,200
4,12,48,0,1,0,1,48,3.0,4,4,1.0,12,0,0.0,-0.1673553929744445,200
11,2,22,0,1,1,0,22,0.18181818181818182,10,11,0.9545454545454546,2,0,0.0,-0.31520005635923143,200
3,6,18,1,2,0,0,18,2.0,1,3,0.8888888888888888,6,0,0.0,-0.7105366193682329,200
9,10,90,1,0,1,1,80,1.1111111111111112,5,9,0.9555555555555556,10,0,0.0,-2.1161715654930933,200
8,9,72,1,0,1,0,63,1.125,1,8,0.6111111111111112,9,0,0.0,-1.4001173632913066,200
7,20,140,1,1,1,1,140,2.857142857142857,3,7,0.9714285714285714,20,1,0.05,-1.5998797842915449,200
10,19,190,0,2,0,1,855,1.9,10,10,1.0,19,0,0.0,0.5469322326052142,200
6,19,114,0,1,1,1,114,3.1666666666666665,3,6,0.9736842105263158,19,0,0.0,-1.0246896346479937,200
5,17,85,1,0,1,0,68,3.4,1,5,0.8823529411764706,17,0,0.0,-1.2201211288800555,200
7,20,140,0,1,1,1,140,2.857142857142857,3,7,0.9714285714285714,20,0,0.0,-1.2797796824341872,200
4,13,52,1,0,1,1,39,3.25,2,4,0.9615384615384616,13,0,0.0,-0.9485879320686613,200
2,17,34,0,0,1,0,17,8.5,1,2,0.9705882352941176,17,0,0.0,-0.34399885117277207,200
9,11,99,0,1,1,1,99,1.2222222222222223,4,9,0.9494949494949495,11,0,0.0,-1.5180189055131346,200
11,5,55,1,2,1,1,275,0.45454545454545453,1,11,0.8181818181818182,5,0,0.0,-0.8445251709590968,200
5,9,45,1,2,0,1,90,1.8,5,5,1.0,9,0,0.0,-1.0751759813115596,200
8,4,32,0,1,0,1,32,0.5,8,8,1.0,4,0,0.0,-0.25986656256953017,200
7,1,7,0,2,1,0,21,0.14285714285714285,1,1,0.14285714285714285,1,0,0.0,-0.261290736001472,200
2,9,18,1,2,0,0,9,4.5,1,2,0.9444444444444444,9,0,0.0,-0.7571851383391943,200
10,6,60,1,1,0,1,60,0.6,10,10,1.0,6,0,0.0,-2.413742524925673,200
7,17,119,0,0,0,1,102,2.4285714285714284,7,7,1.0,17,0,0.0,-0.9490803519888599,200
10,2,20,1,1,1,1,20,0.2,5,10,0.75,2,0,0.0,-0.7600777186464381,200
4,16,64,0,2,1,0,96,4.0,1,4,0.953125,16,0,0.0,-0.6270646890658359,200
7,5,35,1,0,1,1,30,0.7142857142857143,4,7,0.9142857142857143,5,0,0.0,-1.3812198253016432,200
10,15,150,0,1,1,0,150,1.5,9,10,0.9933333333333333,15,0,0.0,-1.9266825871563946,200
3,19,57,0,0,1,1,38,6.333333333333333,2,3,0.9824561403508771,19,0,0.0,-0.45677205037916574,200
9,1,9,1,1,0,1,9,0.1111111111111111,9,9,1.0,1,0,0.0,-0.17738211444864363,200
9,10,90,1,0,0,1,80,1.1111111111111112,9,9,1.0,10,0,0.0,-2.333074461009696,200
7,1,7,1,1,0,0,7,0.14285714285714285,1,1,0.14285714285714285,1,1,1.0,nan,200
6,4,24,1,2,1,1,60,0.6666666666666666,1,6,0.7916666666666666,4,0,0.0,-0.7696416105445977,200
7,5,35,0,1,1,0,35,0.7142857142857143,6,7,0.9714285714285714,5,0,0.0,-0.8351159040360489,200
9,14,126,0,0,0,0,112,1.5555555555555556,1,9,0.7142857142857143,14,0,0.0,-0.6259443659209417,200
7,3,21,0,1,1,0,21,0.42857142857142855,6,7,0.9523809523809523,3,0,0.0,-0.5756694128517017,200
4,17,68,0,0,1,1,51,4.25,2,4,0.9705882352941176,17,0,0.0,-0.627801491809459,200
12,15,180,0,1,0,1,180,1.25,12,12,1.0,15,0,0.0,-0.3980720975508296,200
11,10,110,1,1,1,1,110,0.9090909090909091,5,11,0.9454545454545454,10,0,0.0,-2.6271273313365047,200
5,4,20,0,0,0,1,16,0.8,5,5,1.0,4,0,0.0,-0.6021534358101349,200
12,1,12,1,1,1,0,12,0.08333333333333333,11,11,0.9166666666666666,1,0,0.0,-0.11000450303695018,200
12,5,60,0,0,1,0,55,0.4166666666666667,1,5,0.25,5,0,0.0,-0.4718268441264494,200
10,5,50,1,0,1,0,45,0.5,1,5,0.3,5,1,0.2,-1.1945930757899228,200
12,15,180,0,2,1,0,990,1.25,1,12,0.9388888888888889,15,0,0.0,-1.5170261023352118,200
12,17,204,1,1,0,1,204,1.4166666666666667,12,12,1.0,17,0,0.0,-2.928218323581282,200
9,2,18,0,1,0,0,18,0.2222222222222222,1,3,0.2222222222222222,2,0,0.0,-0.4324514466274689,200
11,16,176,1,0,1,0,160,1.4545454545454546,1,11,0.6875,16,1,0.0625,-2.40590909298446,200
3,2,6,0,1,0,0,6,0.6666666666666666,1,3,0.6666666666666666,2,0,0.0,-0.44831571177405577,200
8,7,56,1,0,0,1,49,0.875,8,8,1.0,7,0,0.0,-1.8412371120416535,200
12,8,96,0,1,0,0,96,0.6666666666666666,1,12,0.625,8,0,0.0,-0.741203680056264,200
8,13,104,0,1,1,1,104,1.625,4,8,0.9615384615384616,13,0,0.0,-1.4443811363005035,200
2,18,36,0,0,1,0,18,9.0,1,2,0.9722222222222222,18,0,0.0,-0.33550358490837806,200
10,18,180,0,0,0,1,162,1.8,10,10,1.0,18,0,0.0,-1.2911369925125453,200
5,7,35,1,1,1,1,35,1.4,2,5,0.9142857142857143,7,0,0.0,-1.2127828687978979,200
3,13,39,0,0,0,0,26,4.333333333333333,1,3,0.9230769230769231,13,0,0.0,-0.4213429458902502,200
3,17,51,1,0,0,1,34,5.666666666666667,3,3,1.0,17,0,0.0,-0.764885134167842,200
8,10,80,1,1,1,0,80,1.25,7,8,0.9875,10,0,0.0,-1.8233195010509287,200
10,14,140,1,2,0,0,630,1.4,1,10,0.9357142857142857,14,2,0.14285714285714285,-1.964349610832707,200
5,11,55,0,1,1,1,55,2.2,2,5,0.9454545454545454,11,0,0.0,-0.8018187667838654,200
12,7,84,1,0,0,1,77,0.5833333333333334,12,12,1.0,7,0,0.0,-2.870166129065793,200
5,7,35,0,1,0,0,35,1.4,1,5,0.8285714285714286,7,0,0.0,-0.4806216590689663,200
3,12,36,1,0,1,1,24,4.0,2,3,0.9722222222222222,12,0,0.0,-0.804719096833394,200
2,18,36,1,2,1,0,18,9.0,1,2,0.9722222222222222,18,0,0.0,-0.7127047636382753,200
8,18,144,0,0,1,0,126,2.25,1,8,0.8055555555555556,18,0,0.0,-1.3827848447622295,200
5,1,5,1,2,1,1,10,0.2,1,1,0.2,1,1,1.0,nan,200
5,17,85,0,1,0,1,85,3.4,5,5,1.0,17,0,0.0,0.1373232502708296,200
8,10,80,1,0,0,0,70,1.25,1,8,0.65,10,0,0.0,-0.7992022070739137,200
9,3,27,1,2,0,1,108,0.3333333333333333,9,9,1.0,3,0,0.0,-1.1130388723020557,200
2,20,40,0,1,1,1,40,10.0,1,2,0.975,20,0,0.0,-0.36553795819907314,200
4,13,52,1,1,1,1,52,3.25,2,4,0.9615384615384616,13,1,0.07692307692307693,-0.9724878558569866,200
10,17,170,1,1,0,1,170,1.7,10,10,1.0,17,0,0.0,-2.363271523217818,200
2,5,10,1,1,0,1,10,2.5,2,2,1.0,5,2,0.4,-0.6326752258677837,200
12,15,180,1,2,0,1,990,1.25,12,12,1.0,15,0,0.0,-2.5710994192713383,200
4,11,44,1,1,1,1,44,2.75,2,4,0.9545454545454546,11,0,0.0,-1.0005053042546934,200
8,2,16,0,0,1,0,14,0.25,1,2,0.1875,2,0,0.0,-0.3507470090201171,200
2,10,20,0,1,0,0,20,5.0,1,2,0.95,10,0,0.0,-0.2915263031916926,200
9,5,45,1,1,1,1,45,0.5555555555555556,4,9,0.8888888888888888,5,0,0.0,-1.6845297618267383,200
5,8,40,1,1,0,1,40,1.6,5,5,1.0,8,0,0.0,-1.1104745474136573,200
8,10,80,1,0,0,1,70,1.25,8,8,1.0,10,0,0.0,-1.9760240632735047,200
6,14,84,1,2,1,0,210,2.3333333333333335,1,6,0.9404761904761905,14,0,0.0,-1.402086682355131,200
7,4,28,1,2,1,1,84,0.5714285714285714,1,7,0.7857142857142857,4,0,0.0,-1.170661491361907,200
5,14,70,0,0,0,1,56,2.8,5,5,1.0,14,0,0.0,-0.6525638883994724,200
7,5,35,0,2,1,0,105,0.7142857142857143,1,7,0.8285714285714286,5,0,0.0,-0.5169920622861751,200
6,11,66,1,2,1,0,165,1.8333333333333333,1,6,0.9242424242424242,11,0,0.0,-1.378334425208403,200
4,18,72,1,2,1,1,108,4.5,1,4,0.9583333333333334,18,1,0.05555555555555555,-0.9827107078792261,200
7,10,70,1,0,0,1,60,1.4285714285714286,7,7,1.0,10,0,0.0,-1.6854646564456637,200
6,16,96,1,2,0,1,240,2.6666666666666665,6,6,1.0,16,0,0.0,-1.3261966486697931,200
4,17,68,1,2,0,0,102,4.25,1,4,0.9558823529411765,17,3,0.17647058823529413,-1.0676903563815099,200
9,11,99,0,2,0,1,396,1.2222222222222223,9,9,1.0,11,0,0.0,0.5286981710913656,200
10,10,100,0,1,0,0,100,1.0,1,10,0.75,10,0,0.0,-0.8890368402781503,200
11,5,55,1,1,0,1,55,0.45454545454545453,11,11,1.0,5,0,0.0,-2.410192730905084,200
9,2,18,1,2,1,1,72,0.2222222222222222,1,9,0.5555555555555556,2,0,0.0,-0.436509328337825,200
6,16,96,0,0,1,1,80,2.6666666666666665,3,6,0.96875,16,0,0.0,-1.0017355510041186,200
4,9,36,0,0,0,0,27,2.25,1,4,0.8333333333333334,9,0,0.0,-0.48010133039884584,200
7,18,126,1,2,0,1,378,2.5714285714285716,7,7,1.0,18,0,0.0,-1.5483804951638385,200
9,14,126,1,1,1,0,126,1.5555555555555556,8,9,0.9920634920634921,14,0,0.0,-2.0616034899854285,200
5,7,35,0,2,1,0,70,1.4,1,5,0.8857142857142857,7,0,0.0,-0.5586217323430593,200
6,16,96,0,0,1,0,80,2.6666666666666665,1,6,0.84375,16,0,0.0,-0.9989828726370658,200
10,6,60,0,2,1,1,270,0.6,1,10,0.85,6,0,0.0,-0.5191491496843226,200
4,12,48,0,1,1,1,48,3.0,2,4,0.9583333333333334,12,0,0.0,-0.61388025594889,200
6,14,84,0,1,0,0,84,2.3333333333333335,1,6,0.8928571428571429,14,0,0.0,-0.7801115257322415,200
7,5,35,0,0,1,1,30,0.7142857142857143,4,7,0.9142857142857143,5,0,0.0,-0.7156523950108417,200
12,14,168,1,2,1,1,924,1.1666666666666667,1,12,0.9345238095238095,14,1,0.07142857142857142,-2.4681846321707113,200
11,19,209,0,0,0,0,190,1.7272727272727273,1,11,0.7368421052631579,19,0,0.0,-0.6708801697176557,200
9,5,45,0,1,1,1,45,0.5555555555555556,4,9,0.8888888888888888,5,0,0.0,-0.8729678113908602,200
7,4,28,0,2,1,1,84,0.5714285714285714,1,7,0.7857142857142857,4,0,0.0,-0.40079299777526795,200
12,4,48,1,1,1,1,48,0.3333333333333333,6,12,0.875,4,0,0.0,-1.6574701867274226,200
6,20,120,1,2,0,0,300,3.3333333333333335,1,6,0.9583333333333334,20,1,0.05,-1.4231872937555476,200
8,4,32,0,0,0,0,28,0.5,1,4,0.3125,4,0,0.0,-0.45766167456144946,200
12,17,204,0,0,1,1,187,1.4166666666666667,6,12,0.9705882352941176,17,0,0.0,-2.177100267762063,200
9,9,81,0,1,1,1,81,1.0,4,9,0.9382716049382716,9,0,0.0,-1.35017116029672,200
12,17,204,1,2,0,1,1122,1.4166666666666667,12,12,1.0,17,0,0.0,-2.7046434343449106,200
4,15,60,1,1,1,1,60,3.75,2,4,0.9666666666666667,15,0,0.0,-0.9880089104604071,200
8,11,88,0,2,1,0,308,1.375,1,8,0.9204545454545454,11,0,0.0,-0.9988387490304693,200
7,19,133,1,0,0,0,114,2.7142857142857144,1,7,0.8421052631578947,19,0,0.0,-1.093458682404032,200
3,10,30,0,1,1,0,30,3.3333333333333335,2,3,0.9666666666666667,10,0,0.0,-0.432720272240235,200
2,4,8,1,2,1,0,4,2.0,1,2,0.875,4,2,0.5,-0.6171709736033387,200
9,6,54,0,0,0,0,48,0.6666666666666666,1,6,0.3888888888888889,6,0,0.0,-0.48964211345928116,200
6,12,72,0,0,1,1,60,2.0,3,6,0.9583333333333334,12,0,0.0,-0.9486408936933904,200
9,16,144,1,2,1,1,576,1.7777777777777777,1,9,0.9444444444444444,16,0,0.0,-2.1916950621017426,200
6,14,84,1,2,0,0,210,2.3333333333333335,1,6,0.9404761904761905,14,2,0.14285714285714285,-1.3281515181222938,200
3,12,36,1,1,1,1,36,4.0,1,3,0.9444444444444444,12,0,0.0,-0.8314628396187198,200
11,15,165,1,0,0,1,150,1.3636363636363635,11,11,1.0,15,0,0.0,-2.6540738160911306,200
6,9,54,0,2,0,1,135,1.5,6,6,1.0,9,0,0.0,0.30188768327383697,200
12,3,36,0,1,0,1,36,0.25,12,12,1.0,3,0,0.0,-0.4119442380116961,200
6,19,114,1,1,0,1,114,3.1666666666666665,6,6,1.0,19,0,0.0,-1.3867531650010103,200
11,1,11,1,1,1,1,11,0.09090909090909091,5,5,0.45454545454545453,1,0,0.0,-0.24924353312895045,200
4,17,68,0,0,0,1,51,4.25,4,4,1.0,17,0,0.0,-0.3524435669453445,200
7,12,84,1,2,0,0,252,1.7142857142857142,1,7,0.9285714285714286,12,2,0.16666666666666666,-1.2873812217188831,200
12,20,240,1,0,0,1,220,1.6666666666666667,12,12,1.0,20,0,0.0,-2.9024635451874845,200
6,12,72,1,0,1,0,60,2.0,1,6,0.7916666666666666,12,0,0.0,-1.5289516271932133,200
5,7,35,1,0,1,0,28,1.4,1,5,0.7142857142857143,7,0,0.0,-1.4351719636350861,200
8,14,112,1,1,0,0,112,1.75,1,8,0.8571428571428571,14,1,0.07142857142857142,-1.3663932896093802,200
9,20,180,0,2,0,1,720,2.2222222222222223,9,9,1.0,20,0,0.0,0.5186699294157255,200
8,3,24,1,1,0,1,24,0.375,8,8,1.0,3,0,0.0,-1.2042437183082575,200
5,4,20,0,0,0,0,16,0.8,1,4,0.5,4,0,0.0,-0.4836713735814279,200
3,13,39,0,0,0,0,26,4.333333333333333,1,3,0.9230769230769231,13,0,0.0,-0.41970245593899463,200
6,9,54,0,1,0,0,54,1.5,1,6,0.8333333333333334,9,0,0.0,-0.7052736933189188,200
6,20,120,1,0,1,0,100,3.3333333333333335,1,6,0.875,20,0,0.0,-1.450635006830356,200
8,1,8,0,0,1,0,7,0.125,1,1,0.125,1,0,0.0,-0.2907413026647663,200
10,17,170,1,2,0,0,765,1.7,1,10,0.9470588235294117,17,0,0.0,-2.1816554865323545,200
9,5,45,0,2,1,1,180,0.5555555555555556,1,9,0.8222222222222222,5,0,0.0,-0.438913719537389,200
9,13,117,1,2,1,1,468,1.4444444444444444,1,9,0.9316239316239316,13,1,0.07692307692307693,-2.2566424040438857,200
8,19,152,1,1,1,0,152,2.375,7,8,0.993421052631579,19,0,0.0,-1.8067453250058396,200
8,2,16,1,1,1,1,16,0.25,4,8,0.75,2,0,0.0,-0.7941055579482724,200
4,13,52,0,0,1,0,39,3.25,1,4,0.8846153846153846,13,0,0.0,-0.624303092038245,200
6,8,48,0,2,0,0,120,1.3333333333333333,1,6,0.8958333333333334,8,0,0.0,-0.03947917098294617,200
12,17,204,0,0,1,1,187,1.4166666666666667,6,12,0.9705882352941176,17,0,0.0,-2.2372034343034954,200
6,12,72,1,0,0,1,60,2.0,6,6,1.0,12,0,0.0,-1.401481007144397,200
3,17,51,0,1,0,1,51,5.666666666666667,3,3,1.0,17,0,0.0,0.06300178712471585,200
8,19,152,1,2,0,1,532,2.375,8,8,1.0,19,0,0.0,-1.799922139723008,200
6,14,84,0,2,0,1,210,2.3333333333333335,6,6,1.0,14,0,0.0,0.3359659834052494,200
10,13,130,0,1,1,1,130,1.3,5,10,0.9615384615384616,13,0,0.0,-1.8642793850254396,200
9,16,144,1,2,1,0,576,1.7777777777777777,1,9,0.9444444444444444,16,0,0.0,-2.105881984723086,200
8,14,112,1,0,1,0,98,1.75,1,8,0.75,14,1,0.07142857142857142,-1.8282168534717553,200
6,18,108,1,1,1,1,108,3.0,3,6,0.9722222222222222,18,0,0.0,-1.353009093683895,200
5,16,80,1,1,1,1,80,3.2,2,5,0.9625,16,0,0.0,-1.1702135443861241,200
6,16,96,1,2,0,1,240,2.6666666666666665,6,6,1.0,16,0,0.0,-1.3150368666654733,200
7,5,35,1,0,1,1,30,0.7142857142857143,4,7,0.9142857142857143,5,0,0.0,-1.2451390823917383,200
6,6,36,1,0,1,0,30,1.0,1,6,0.5833333333333334,6,0,0.0,-0.9596588972294008,200
9,7,63,1,1,1,0,63,0.7777777777777778,8,9,0.9841269841269841,7,0,0.0,-2.0201540947282073,200
8,9,72,1,0,0,0,63,1.125,1,8,0.6111111111111112,9,0,0.0,-0.8681381440092343,200
3,6,18,1,1,0,0,18,2.0,1,3,0.8888888888888888,6,1,0.16666666666666666,-0.7441359435019189,200
5,20,100,0,0,0,1,80,4.0,5,5,1.0,20,0,0.0,-0.6848880575658262,200
12,12,144,0,1,0,0,144,1.0,1,12,0.75,12,0,0.0,-1.005059777838078,200
7,8,56,1,1,1,0,56,1.1428571428571428,6,7,0.9821428571428571,8,0,0.0,-1.6159533193439408,200
3,2,6,0,1,0,1,6,0.6666666666666666,3,3,1.0,2,0,0.0,0.16479078004485428,200
4,5,20,1,2,0,1,30,1.25,4,4,1.0,5,0,0.0,-0.6459037350227884,200
9,4,36,0,0,0,1,32,0.4444444444444444,9,9,1.0,4,0,0.0,-0.9546942800650545,200
10,12,120,0,0,1,1,108,1.2,5,10,0.9583333333333334,12,0,0.0,-1.636147488149668,200
6,6,36,0,0,1,0,30,1.0,1,6,0.5833333333333334,6,0,0.0,-0.5492176585557088,200
4,15,60,0,0,1,0,45,3.75,1,4,0.9,15,0,0.0,-0.6471206046434141,200
3,8,24,0,1,1,0,24,2.6666666666666665,2,3,0.9583333333333334,8,0,0.0,-0.4105964769269066,200
6,7,42,0,1,0,0,42,1.1666666666666667,1,6,0.7857142857142857,7,0,0.0,-0.6596429087862207,200
4,18,72,1,0,0,0,54,4.5,1,4,0.9166666666666666,18,0,0.0,-0.9586646969919728,200
7,12,84,0,1,1,1,84,1.7142857142857142,3,7,0.9523809523809523,12,0,0.0,-1.223757203255189,200
9,4,36,0,2,1,1,144,0.4444444444444444,1,9,0.7777777777777778,4,0,0.0,-0.45176715981802884,200
5,10,50,1,0,1,1,40,2.0,3,5,0.96,10,0,0.0,-1.1326598751996977,200
10,2,20,0,0,0,0,18,0.2,1,2,0.15,2,0,0.0,-0.3825594152956925,200
10,2,20,0,1,0,1,20,0.2,10,10,1.0,2,0,0.0,-0.16159175286408772,200
9,11,99,0,1,0,0,99,1.2222222222222223,1,9,0.797979797979798,11,0,0.0,-0.8685488443630563,200
10,14,140,0,1,0,0,140,1.4,1,10,0.8214285714285714,14,0,0.0,-1.0199700445989532,200
7,12,84,0,2,0,1,252,1.7142857142857142,7,7,1.0,12,0,0.0,0.46396206359871556,200
4,11,44,0,0,0,1,33,2.75,4,4,1.0,11,0,0.0,-0.327594046755777,200
4,17,68,0,0,1,0,51,4.25,1,4,0.9117647058823529,17,0,0.0,-0.6727416552270802,200
2,4,8,0,1,0,1,8,2.0,2,2,1.0,4,0,0.0,-0.28591615115783586,200
5,1,5,0,1,0,1,5,0.2,5,5,1.0,1,0,0.0,-0.2007282781402194,200
5,10,50,0,2,0,1,100,2.0,5,5,1.0,10,0,0.0,0.2965669506484403,200
11,2,22,1,0,1,0,20,0.18181818181818182,1,2,0.13636363636363635,2,1,0.5,-0.2935762926610202,200
6,7,42,1,2,0,1,105,1.1666666666666667,6,6,1.0,7,0,0.0,-1.3043061983264312,200
6,20,120,1,2,1,0,300,3.3333333333333335,1,6,0.9583333333333334,20,0,0.0,-1.3778083317308871,200
3,20,60,1,1,1,1,60,6.666666666666667,1,3,0.9666666666666667,20,0,0.0,-0.7927026431216089,200
5,17,85,1,0,0,0,68,3.4,1,5,0.8823529411764706,17,1,0.058823529411764705,-1.0030344403619098,200
10,9,90,1,2,0,0,405,0.9,1,10,0.9,9,0,0.0,-1.4199159031677464,200
4,12,48,0,0,0,1,36,3.0,4,4,1.0,12,0,0.0,-0.33814429771669313,200
3,20,60,0,1,1,0,60,6.666666666666667,2,3,0.9833333333333333,20,0,0.0,-0.4581546410953811,200
8,3,24,0,2,0,1,84,0.375,8,8,1.0,3,0,0.0,0.46633362095504416,200
12,12,144,0,2,1,0,792,1.0,1,12,0.9236111111111112,12,0,0.0,-1.3159257491956275,200
7,3,21,1,1,0,0,21,0.42857142857142855,1,5,0.42857142857142855,3,0,0.0,-0.5284493744017437,200
2,10,20,0,0,1,1,10,5.0,1,2,0.95,10,0,0.0,-0.34056094249376584,200
4,2,8,1,1,0,0,8,0.5,1,3,0.5,2,2,1.0,nan,200
6,8,48,1,2,1,1,120,1.3333333333333333,1,6,0.8958333333333334,8,0,0.0,-1.219093181305396,200
5,16,80,0,1,0,0,80,3.2,1,5,0.925,16,0,0.0,-0.4428107786791741,200
4,9,36,0,0,0,1,27,2.25,4,4,1.0,9,0,0.0,-0.34201828352511954,200
8,3,24,0,1,1,0,24,0.375,7,8,0.9583333333333334,3,0,0.0,-0.5718327889474282,200
4,3,12,1,2,0,1,18,0.75,4,4,1.0,3,0,0.0,-0.737969001730208,200
7,13,91,1,2,0,0,273,1.8571428571428572,1,7,0.9340659340659341,13,1,0.07692307692307693,-1.437829461529016,200
4,11,44,0,2,0,0,66,2.75,1,4,0.9318181818181818,11,0,0.0,-0.1350315492786035,200
4,17,68,0,0,1,0,51,4.25,1,4,0.9117647058823529,17,0,0.0,-0.6354485538976321,200
8,5,40,0,2,1,0,140,0.625,1,8,0.825,5,0,0.0,-0.5498610405607203,200
6,17,102,1,1,1,1,102,2.8333333333333335,3,6,0.9705882352941176,17,0,0.0,-1.3348506328411793,200
9,9,81,0,0,0,1,72,1.0,9,9,1.0,9,0,0.0,-1.2063697917285443,200
10,10,100,0,0,0,1,90,1.0,10,10,1.0,10,0,0.0,-1.3392207003374277,200
6,5,30,0,1,0,0,30,0.8333333333333334,1,6,0.7,5,0,0.0,-0.627285972166686,200
7,13,91,1,0,0,1,78,1.8571428571428572,7,7,1.0,13,0,0.0,-1.644387588982331,200
7,14,98,1,2,1,1,294,2.0,1,7,0.9387755102040817,14,0,0.0,-1.6942611840064412,200
9,9,81,1,2,1,1,324,1.0,1,9,0.9012345679012346,9,0,0.0,-1.4195606260747848,200
11,7,77,0,1,0,0,77,0.6363636363636364,1,11,0.6103896103896104,7,0,0.0,-0.7445256593583537,200
5,14,70,0,1,1,0,70,2.8,4,5,0.9857142857142858,14,0,0.0,-0.7906767206586393,200
2,2,4,0,0,0,1,2,1.0,2,2,1.0,2,0,0.0,-0.09181798987518085,200
7,7,49,1,1,1,0,49,1.0,6,7,0.9795918367346939,7,0,0.0,-1.5442203994432229,200
6,16,96,0,2,1,0,240,2.6666666666666665,1,6,0.9479166666666666,16,0,0.0,-0.9804435879762451,200
12,12,144,0,2,1,1,792,1.0,1,12,0.9236111111111112,12,0,0.0,-1.00462455897158,200
6,3,18,1,1,1,0,18,0.5,5,6,0.9444444444444444,3,0,0.0,-0.9464252424675429,200
12,20,240,0,0,1,0,220,1.6666666666666667,1,12,0.725,20,0,0.0,-1.801181605555699,200
9,3,27,1,2,0,0,108,0.3333333333333333,1,9,0.7037037037037037,3,1,0.3333333333333333,-0.5116824368779666,200
3,7,21,1,2,1,1,21,2.3333333333333335,1,3,0.9047619047619048,7,1,0.14285714285714285,-0.7775956685405092,200
4,15,60,0,0,1,1,45,3.75,2,4,0.9666666666666667,15,0,0.0,-0.6036629413169523,200
12,8,96,1,1,1,0,96,0.6666666666666666,11,12,0.9895833333333334,8,0,0.0,-2.7044778638680524,200
9,14,126,1,1,1,1,126,1.5555555555555556,4,9,0.9603174603174603,14,0,0.0,-2.1189539303496217,200
10,20,200,1,2,1,0,900,2.0,1,10,0.955,20,2,0.1,-2.374446300802425,200
12,9,108,0,2,1,1,594,0.75,1,12,0.8981481481481481,9,0,0.0,-0.7607523604955717,200
5,4,20,0,2,0,1,40,0.8,5,5,1.0,4,0,0.0,0.3107022833911281,200
4,18,72,1,2,0,0,108,4.5,1,4,0.9583333333333334,18,2,0.1111111111111111,-0.9815364521048117,200
8,5,40,0,2,1,1,140,0.625,1,8,0.825,5,0,0.0,-0.46050717146299386,200
5,6,30,0,0,0,1,24,1.2,5,5,1.0,6,0,0.0,-0.6180856005698104,200
8,4,32,1,2,1,1,112,0.5,1,8,0.78125,4,2,0.5,-0.5042239280590217,200
2,6,12,1,0,1,0,6,3.0,1,2,0.9166666666666666,6,0,0.0,-0.844779656121468,200
3,10,30,1,0,1,1,20,3.3333333333333335,2,3,0.9666666666666667,10,0,0.0,-0.8059241286654646,200
3,6,18,1,2,0,1,18,2.0,3,3,1.0,6,0,0.0,-0.7818507979260387,200
6,5,30,1,0,0,0,25,0.8333333333333334,1,5,0.5,5,0,0.0,-0.7403283876555096,200
7,12,84,1,1,0,1,84,1.7142857142857142,7,7,1.0,12,0,0.0,-1.649319830706436,200
6,20,120,0,0,1,1,100,3.3333333333333335,3,6,0.975,20,0,0.0,-1.0424040172495734,200
5,1,5,0,0,1,1,4,0.2,3,3,0.6,1,0,0.0,-0.23570340615814211,200
10,1,10,0,2,0,0,45,0.1,1,1,0.1,1,0,0.0,-0.29433753185060546,200
6,6,36,1,0,1,0,30,1.0,1,6,0.5833333333333334,6,0,0.0,-1.2994259422843286,200
2,9,18,1,2,0,1,9,4.5,2,2,1.0,9,0,0.0,-0.6219469427496883,200
9,4,36,0,2,0,1,144,0.4444444444444444,9,9,1.0,4,0,0.0,0.6556841323763357,200
5,5,25,1,2,1,1,50,1.0,1,5,0.84,5,0,0.0,-0.8534779047471325,200
4,15,60,0,1,0,1,60,3.75,4,4,1.0,15,0,0.0,-0.17382753878013543,200
9,17,153,1,1,0,1,153,1.8888888888888888,9,9,1.0,17,0,0.0,-2.101375495646384,200
11,5,55,0,2,1,1,275,0.45454545454545453,1,11,0.8181818181818182,5,0,0.0,-0.470504305769185,200
4,1,4,1,2,1,0,6,0.25,1,1,0.25,1,0,0.0,-0.3085792802118463,200
10,14,140,0,1,1,1,140,1.4,5,10,0.9642857142857143,14,0,0.0,-1.9395663652827955,200
12,16,192,0,0,1,0,176,1.3333333333333333,1,12,0.65625,16,0,0.0,-1.3600403489719932,200
4,6,24,1,1,0,1,24,1.5,4,4,1.0,6,0,0.0,-1.0609254904200744,200
3,17,51,1,1,1,0,51,5.666666666666667,2,3,0.9803921568627451,17,0,0.0,-0.7900487923080671,200
5,5,25,0,0,0,1,20,1.0,5,5,1.0,5,0,0.0,-0.5840733289704866,200
10,8,80,1,0,0,0,72,0.8,1,8,0.45,8,0,0.0,-0.9311243781508675,200
2,7,14,1,1,1,0,14,3.5,1,2,0.9285714285714286,7,1,0.14285714285714285,-0.7307498878012206,200
11,3,33,1,1,1,1,33,0.2727272727272727,5,11,0.8181818181818182,3,0,0.0,-1.1852113261827053,200
9,15,135,1,0,0,0,120,1.6666666666666667,1,9,0.7333333333333333,15,1,0.06666666666666667,-1.0113719509108214,200
4,9,36,1,2,0,0,54,2.25,1,4,0.9166666666666666,9,0,0.0,-0.9774369276895238,200
10,5,50,0,2,0,1,225,0.5,10,10,1.0,5,0,0.0,0.5874064326156754,200
7,19,133,0,1,1,0,133,2.7142857142857144,6,7,0.9924812030075187,19,0,0.0,-1.2489094114042534,200
7,15,105,1,2,1,0,315,2.142857142857143,1,7,0.9428571428571428,15,0,0.0,-1.6242516768758002,200
9,7,63,0,0,0,1,56,0.7777777777777778,9,9,1.0,7,0,0.0,-1.0841102071496156,200
5,19,95,1,1,0,0,95,3.8,1,5,0.9368421052631579,19,4,0.21052631578947367,-1.1948150331602239,200
10,17,170,1,0,0,0,153,1.7,1,10,0.7352941176470589,17,2,0.11764705882352941,-1.0966016069831919,200
7,12,84,1,0,1,1,72,1.7142857142857142,4,7,0.9642857142857143,12,0,0.0,-1.5868361315740724,200
10,6,60,0,0,1,0,54,0.6,1,6,0.35,6,0,0.0,-0.5467725278348614,200
11,13,143,1,0,1,0,130,1.1818181818181819,1,11,0.6153846153846154,13,4,0.3076923076923077,-1.597686426398968,200
10,9,90,0,0,0,0,81,0.9,1,9,0.5,9,0,0.0,-0.551636659314488,200
3,15,45,1,2,1,0,45,5.0,1,3,0.9555555555555556,15,0,0.0,-0.8265282224721981,200
7,14,98,0,2,1,1,294,2.0,1,7,0.9387755102040817,14,0,0.0,-1.0443042896924488,200
9,2,18,0,2,0,0,72,0.2222222222222222,1,9,0.5555555555555556,2,0,0.0,-0.554125200126485,200
7,17,119,0,1,1,1,119,2.4285714285714284,3,7,0.9663865546218487,17,0,0.0,-1.2597407445065756,200
10,2,20,0,2,1,0,90,0.2,1,10,0.55,2,0,0.0,-0.2987011253747047,200
3,4,12,0,1,1,0,12,1.3333333333333333,2,3,0.9166666666666666,4,0,0.0,-0.3953687660827662,200
8,6,48,1,0,1,1,42,0.75,4,8,0.9166666666666666,6,0,0.0,-1.399744816555192,200
4,7,28,0,0,1,1,21,1.75,2,4,0.9285714285714286,7,0,0.0,-0.5255248715130207,200
3,15,45,0,0,0,0,30,5.0,1,3,0.9333333333333333,15,0,0.0,-0.44419211102888856,200
2,18,36,0,0,0,0,18,9.0,1,2,0.9722222222222222,18,0,0.0,-0.25442747513589514,200
2,13,26,1,0,0,0,13,6.5,1,2,0.9615384615384616,13,0,0.0,-0.7275547832802006,200
7,20,140,1,2,0,0,420,2.857142857142857,1,7,0.9571428571428572,20,0,0.0,-1.6263883828261378,200
11,5,55,1,1,0,1,55,0.45454545454545453,11,11,1.0,5,0,0.0,-2.276676475787682,200
4,10,40,1,2,0,0,60,2.5,1,4,0.925,10,0,0.0,-0.9814479637620325,200
8,4,32,1,2,0,0,112,0.5,1,8,0.78125,4,1,0.25,-0.333316127155219,200
12,5,60,1,0,0,1,55,0.4166666666666667,12,12,1.0,5,0,0.0,-2.9988392135747053,200
7,8,56,1,2,1,1,168,1.1428571428571428,1,7,0.8928571428571429,8,0,0.0,-1.269481043391718,200
8,5,40,1,1,1,1,40,0.625,4,8,0.9,5,0,0.0,-1.4703724356688446,200
4,9,36,0,0,1,0,27,2.25,1,4,0.8333333333333334,9,0,0.0,-0.586586642983181,200
12,7,84,1,1,0,1,84,0.5833333333333334,12,12,1.0,7,0,0.0,-2.9473781583987706,200
8,8,64,0,0,1,1,56,1.0,4,8,0.9375,8,0,0.0,-1.1025205041574042,200
2,13,26,1,1,1,0,26,6.5,1,2,0.9615384615384616,13,3,0.23076923076923078,-0.7232067832418388,200
7,8,56,0,0,1,0,48,1.1428571428571428,1,7,0.625,8,0,0.0,-0.6790887864719489,200
2,11,22,1,1,0,1,22,5.5,2,2,1.0,11,0,0.0,-0.9706065369906319,200
12,18,216,1,2,0,0,1188,1.5,1,12,0.9490740740740741,18,0,0.0,-2.5147242100823712,200
6,1,6,1,0,1,1,5,0.16666666666666666,3,3,0.5,1,0,0.0,-0.297202014382232,200
9,6,54,1,0,0,1,48,0.6666666666666666,9,9,1.0,6,0,0.0,-2.071952601382087,200
8,10,80,0,2,0,1,280,1.25,8,8,1.0,10,0,0.0,0.5028733089657766,200
3,4,12,0,0,0,0,8,1.3333333333333333,1,3,0.75,4,0,0.0,-0.40319728914327546,200
4,1,4,0,2,0,1,6,0.25,4,4,1.0,1,0,0.0,-0.19726457716183646,200
4,4,16,0,1,1,1,16,1.0,2,4,0.875,4,0,0.0,-0.5016851745229618,200
10,15,150,0,2,1,1,675,1.5,1,10,0.94,15,0,0.0,-1.2592271476001022,200
5,9,45,0,1,0,0,45,1.8,1,5,0.8666666666666667,9,0,0.0,-0.4882225594158599,200
6,10,60,1,0,1,1,50,1.6666666666666667,3,6,0.95,10,0,0.0,-1.3496478838511117,200
10,2,20,1,2,0,1,90,0.2,10,10,1.0,2,0,0.0,-0.6840367231528919,200
8,9,72,1,2,0,0,252,1.125,1,8,0.9027777777777778,9,3,0.3333333333333333,-1.0530215333911297,200
4,6,24,0,0,0,0,18,1.5,1,4,0.75,6,0,0.0,-0.5179436695355306,200
5,10,50,0,1,0,1,50,2.0,5,5,1.0,10,0,0.0,0.06822645477273975,200
12,1,12,1,1,0,0,12,0.08333333333333333,1,1,0.08333333333333333,1,1,1.0,nan,200
12,10,120,0,0,1,1,110,0.8333333333333334,6,12,0.95,10,0,0.0,-1.5802898388722542,200
12,7,84,1,0,0,1,77,0.5833333333333334,12,12,1.0,7,0,0.0,-3.103520111797773,200
7,12,84,1,1,0,1,84,1.7142857142857142,7,7,1.0,12,0,0.0,-1.6072115243332494,200
3,2,6,0,2,0,1,6,0.6666666666666666,3,3,1.0,2,0,0.0,0.10639340690823462,200
12,16,192,0,1,1,1,192,1.3333333333333333,6,12,0.96875,16,0,0.0,-2.4270596105845668,200
8,16,128,0,1,0,0,128,2.0,1,8,0.875,16,0,0.0,-0.9679273778945012,200
4,16,64,1,0,1,1,48,4.0,2,4,0.96875,16,0,0.0,-0.9391424228840771,200
9,18,162,1,1,1,0,162,2.0,8,9,0.9938271604938271,18,0,0.0,-2.0644114403266363,200
8,16,128,0,0,1,1,112,2.0,4,8,0.96875,16,0,0.0,-1.4253061095365298,200
4,5,20,1,1,0,1,20,1.25,4,4,1.0,5,0,0.0,-1.0107973552398997,200
12,19,228,0,1,1,1,228,1.5833333333333333,6,12,0.9736842105263158,19,0,0.0,-2.4943873612882914,200
4,5,20,0,0,1,0,15,1.25,1,4,0.7,5,0,0.0,-0.4500060789722288,200
2,2,4,0,1,1,1,4,1.0,1,2,0.75,2,0,0.0,-0.3585877183896401,200
8,2,16,1,2,0,1,56,0.25,8,8,1.0,2,0,0.0,-0.4874823420422894,200
11,12,132,0,1,1,1,132,1.0909090909090908,5,11,0.9545454545454546,12,0,0.0,-1.9688247862687915,200
4,8,32,1,0,0,0,24,2.0,1,4,0.8125,8,0,0.0,-0.7985267171588798,200
5,8,40,0,1,1,0,40,1.6,4,5,0.975,8,0,0.0,-0.7416645574334308,200
3,18,54,0,2,0,1,54,6.0,3,3,1.0,18,0,0.0,0.06573726019331663,200
6,6,36,1,0,0,0,30,1.0,1,6,0.5833333333333334,6,1,0.16666666666666666,-0.5011603416498571,200
3,1,3,0,1,0,0,3,0.3333333333333333,1,1,0.3333333333333333,1,0,0.0,-0.28881221805382634,200
11,6,66,1,2,0,1,330,0.5454545454545454,11,11,1.0,6,0,0.0,-1.4619007017498107,200
4,7,28,1,0,1,0,21,1.75,1,4,0.7857142857142857,7,1,0.14285714285714285,-1.1725237253944718,200
11,19,209,0,0,1,0,190,1.7272727272727273,1,11,0.7368421052631579,19,0,0.0,-1.6480536607224554,200
6,12,72,0,0,0,0,60,2.0,1,6,0.7916666666666666,12,0,0.0,-0.5694397177874316,200
3,11,33,1,0,0,1,22,3.6666666666666665,3,3,1.0,11,0,0.0,-0.8848885395396655,200
3,4,12,0,2,1,0,12,1.3333333333333333,1,3,0.8333333333333334,4,0,0.0,-0.3974574583903349,200
12,13,156,1,0,1,1,143,1.0833333333333333,6,12,0.9615384615384616,13,0,0.0,-2.852174514020609,200
10,14,140,1,2,1,1,630,1.4,1,10,0.9357142857142857,14,0,0.0,-2.0151278062223406,200
10,9,90,0,0,0,0,81,0.9,1,9,0.5,9,0,0.0,-0.5646781889881075,200
7,3,21,1,0,1,1,18,0.42857142857142855,4,7,0.8571428571428571,3,0,0.0,-0.5905038843189884,200
4,8,32,1,1,1,0,32,2.0,3,4,0.96875,8,0,0.0,-0.9513565873572467,200
3,12,36,0,1,0,1,36,4.0,3,3,1.0,12,0,0.0,0.06671542423412094,200
9,8,72,1,0,0,1,64,0.8888888888888888,9,9,1.0,8,0,0.0,-2.350347297402396,200
10,14,140,1,1,1,0,140,1.4,9,10,0.9928571428571429,14,0,0.0,-2.3217281976955637,200
4,5,20,1,1,1,1,20,1.25,2,4,0.9,5,0,0.0,-0.9682635313682083,200
10,2,20,1,2,0,0,90,0.2,1,10,0.55,2,0,0.0,-0.6055114736981991,200
5,20,100,0,1,1,0,100,4.0,4,5,0.99,20,0,0.0,-0.8034008417731506,200
2,17,34,0,2,0,0,17,8.5,1,2,0.9705882352941176,17,0,0.0,-0.33527721327104665,200
9,13,117,1,1,0,0,117,1.4444444444444444,1,9,0.8290598290598291,13,0,0.0,-1.1892323005023235,200
12,13,156,1,2,1,0,858,1.0833333333333333,1,12,0.9294871794871795,13,1,0.07692307692307693,-2.5439014935074526,200
6,19,114,0,0,1,1,95,3.1666666666666665,3,6,0.9736842105263158,19,0,0.0,-1.0119010235697738,200
7,1,7,1,0,1,0,6,0.14285714285714285,1,1,0.14285714285714285,1,0,0.0,-0.29962416593826685,200
9,12,108,0,1,0,1,108,1.3333333333333333,9,9,1.0,12,0,0.0,-0.09289639680514616,200
4,4,16,0,1,0,1,16,1.0,4,4,1.0,4,0,0.0,-0.13979915390264555,200
2,8,16,0,0,0,1,8,4.0,2,2,1.0,8,0,0.0,-0.15101224294761126,200
7,9,63,0,2,0,0,189,1.2857142857142858,1,7,0.9047619047619048,9,0,0.0,0.09354063586572867,200
10,11,110,1,0,0,0,99,1.1,1,10,0.5909090909090909,11,1,0.09090909090909091,-0.8330556256331147,200
3,17,51,0,0,0,0,34,5.666666666666667,1,3,0.9411764705882353,17,0,0.0,-0.4456636334103969,200
4,9,36,1,2,0,1,54,2.25,4,4,1.0,9,0,0.0,-0.9028287290164636,200
12,11,132,1,0,0,1,121,0.9166666666666666,12,12,1.0,11,0,0.0,-3.0687367217759243,200
12,9,108,1,2,1,0,594,0.75,1,12,0.8981481481481481,9,0,0.0,-2.3336679387152777,200
4,8,32,1,0,1,1,24,2.0,2,4,0.9375,8,0,0.0,-1.0477044964752218,200
7,13,91,1,1,0,1,91,1.8571428571428572,7,7,1.0,13,0,0.0,-1.6032708533236935,200
3,8,24,1,0,1,0,16,2.6666666666666665,1,3,0.875,8,0,0.0,-0.8351119070795193,200
7,8,56,1,2,1,0,168,1.1428571428571428,1,7,0.8928571428571429,8,0,0.0,-1.709461561585545,200
12,12,144,0,0,1,1,132,1.0,6,12,0.9583333333333334,12,0,0.0,-1.8467628505826619,200
10,8,80,1,0,1,1,72,0.8,5,10,0.9375,8,0,0.0,-2.2546243607397836,200
6,10,60,1,1,1,0,60,1.6666666666666667,5,6,0.9833333333333333,10,0,0.0,-1.3319231691312632,200
12,14,168,1,2,0,0,924,1.1666666666666667,1,12,0.9345238095238095,14,0,0.0,-2.437591699295909,200
8,3,24,1,2,1,1,84,0.375,1,8,0.7083333333333334,3,1,0.3333333333333333,-0.332603708309724,200
3,11,33,1,0,1,0,22,3.6666666666666665,1,3,0.9090909090909091,11,0,0.0,-0.9373553129298582,200
2,7,14,0,2,1,1,7,3.5,1,2,0.9285714285714286,7,0,0.0,-0.3405183247205478,200
8,9,72,0,0,0,1,63,1.125,8,8,1.0,9,0,0.0,-0.8815751034347878,200
8,12,96,1,2,0,1,336,1.5,8,8,1.0,12,0,0.0,-1.7078512054778958,200
11,11,121,0,1,0,0,121,1.0,1,11,0.7520661157024794,11,0,0.0,-0.9411097207496674,200
10,2,20,0,0,1,1,18,0.2,5,10,0.75,2,0,0.0,-0.46982157496351407,200
7,3,21,1,2,0,1,63,0.42857142857142855,7,7,1.0,3,0,0.0,-0.7656379001795954,200
4,2,8,1,0,0,0,6,0.5,1,2,0.375,2,2,1.0,nan,200
6,1,6,1,2,1,1,15,0.16666666666666666,1,1,0.16666666666666666,1,1,1.0,nan,200
2,17,34,1,1,0,0,34,8.5,1,2,0.9705882352941176,17,2,0.11764705882352941,-0.6109150096469277,200
6,5,30,1,0,0,0,25,0.8333333333333334,1,5,0.5,5,1,0.2,-0.8058620328349408,200
2,3,6,0,2,0,0,3,1.5,1,2,0.8333333333333334,3,0,0.0,-0.3273829785919754,200
4,12,48,0,1,1,0,48,3.0,3,4,0.9791666666666666,12,0,0.0,-0.6078211005727558,200
2,10,20,1,0,0,0,10,5.0,1,2,0.95,10,0,0.0,-0.7390945900491793,200
7,2,14,0,1,0,0,14,0.2857142857142857,1,3,0.2857142857142857,2,0,0.0,-0.4884098885285443,200
8,5,40,0,0,1,1,35,0.625,4,8,0.9,5,0,0.0,-0.7829372232753807,200
12,17,204,1,2,1,1,1122,1.4166666666666667,1,12,0.946078431372549,17,0,0.0,-2.7157884707964373,200
8,1,8,0,2,1,0,28,0.125,1,1,0.125,1,0,0.0,-0.32575167898797774,200
6,20,120,1,0,0,1,100,3.3333333333333335,6,6,1.0,20,0,0.0,-1.4135974981200397,200
9,12,108,1,1,1,1,108,1.3333333333333333,4,9,0.9537037037037037,12,0,0.0,-2.1214902232039536,200
2,6,12,0,2,0,0,6,3.0,1,2,0.9166666666666666,6,0,0.0,-0.3122419747731994,200
9,20,180,1,0,0,0,160,2.2222222222222223,1,9,0.8,20,0,0.0,-1.1777199471938757,200
4,13,52,0,0,1,0,39,3.25,1,4,0.8846153846153846,13,0,0.0,-0.6136525574354148,200
7,8,56,0,0,0,1,48,1.1428571428571428,7,7,1.0,8,0,0.0,-0.881684364420221,200
9,3,27,0,0,0,1,24,0.3333333333333333,9,9,1.0,3,0,0.0,-0.5460964576038049,200
4,12,48,1,2,0,1,72,3.0,4,4,1.0,12,0,0.0,-0.8635634513219328,200
11,7,77,0,0,1,0,70,0.6363636363636364,1,7,0.36363636363636365,7,0,0.0,-0.5808587018193847,200
7,6,42,0,0,0,1,36,0.8571428571428571,7,7,1.0,6,0,0.0,-0.7524484168602082,200
3,18,54,1,1,0,0,54,6.0,1,3,0.9629629629629629,18,0,0.0,-0.7892167538546476,200
7,9,63,1,2,1,0,189,1.2857142857142858,1,7,0.9047619047619048,9,1,0.1111111111111111,-1.4169037354340355,200
8,13,104,1,2,0,0,364,1.625,1,8,0.9326923076923077,13,0,0.0,-1.6907019074844003,200
2,20,40,0,0,0,1,20,10.0,2,2,1.0,20,0,0.0,-0.15729408744106324,200
10,9,90,0,2,0,0,405,0.9,1,10,0.9,9,0,0.0,0.18847578093527917,200
6,13,78,0,0,0,1,65,2.1666666666666665,6,6,1.0,13,0,0.0,-0.6246627394476341,200
10,14,140,1,1,1,1,140,1.4,5,10,0.9642857142857143,14,0,0.0,-2.322009013388822,200
11,14,154,1,2,1,1,770,1.2727272727272727,1,11,0.935064935064935,14,1,0.07142857142857142,-2.705591529314453,200
10,20,200,0,1,0,0,200,2.0,1,10,0.875,20,0,0.0,-1.123468517172739,200
8,10,80,0,0,0,0,70,1.25,1,8,0.65,10,0,0.0,-0.549225501682119,200
4,12,48,1,1,1,0,48,3.0,3,4,0.9791666666666666,12,0,0.0,-0.9536590734979061,200
11,9,99,0,0,0,1,90,0.8181818181818182,11,11,1.0,9,0,0.0,-1.345035781623443,200
5,6,30,1,0,1,1,24,1.2,3,5,0.9333333333333333,6,0,0.0,-1.2404475544637559,200
10,18,180,1,2,0,1,810,1.8,10,10,1.0,18,0,0.0,-2.2539910169771242,200
7,9,63,1,0,0,0,54,1.2857142857142858,1,7,0.6666666666666666,9,0,0.0,-0.8995325632987944,200
7,6,42,0,0,0,0,36,0.8571428571428571,1,6,0.5,6,0,0.0,-0.5172571109140363,200
7,20,140,0,0,0,1,120,2.857142857142857,7,7,1.0,20,0,0.0,-0.9924660063746268,200
6,17,102,0,2,0,0,255,2.8333333333333335,1,6,0.9509803921568627,17,0,0.0,-0.00939081739954045,200
4,20,80,0,0,1,1,60,5.0,2,4,0.975,20,0,0.0,-0.638580184949328,200
10,20,200,0,1,0,1,200,2.0,10,10,1.0,20,0,0.0,-0.37551132646702884,200
9,6,54,0,0,1,0,48,0.6666666666666666,1,6,0.3888888888888889,6,0,0.0,-0.5493786137555685,200
12,3,36,1,2,0,0,198,0.25,1,12,0.6944444444444444,3,2,0.6666666666666666,-0.28262933975428417,200
10,3,30,0,2,1,1,135,0.3,1,10,0.7,3,0,0.0,-0.3677512716282911,200
9,12,108,0,2,0,0,432,1.3333333333333333,1,9,0.9259259259259259,12,0,0.0,0.1121830273580792,200
10,11,110,1,1,0,1,110,1.1,10,10,1.0,11,0,0.0,-2.445988605137913,200
8,10,80,0,1,0,1,80,1.25,8,8,1.0,10,0,0.0,-0.24505648041906308,200
7,18,126,1,0,0,1,108,2.5714285714285716,7,7,1.0,18,0,0.0,-1.6411897062855574,200
12,12,144,1,1,0,0,144,1.0,1,12,0.75,12,0,0.0,-1.2552139405423401,200
12,12,144,1,1,1,1,144,1.0,6,12,0.9583333333333334,12,0,0.0,-2.8411145935222386,200
8,1,8,0,0,1,1,7,0.125,4,4,0.5,1,0,0.0,-0.2209216685844027,200
2,10,20,1,1,1,1,20,5.0,1,2,0.95,10,1,0.1,-0.6857580456552834,200
4,20,80,1,0,1,0,60,5.0,1,4,0.925,20,2,0.1,-1.0211996425653973,200
9,12,108,1,0,1,0,96,1.3333333333333333,1,9,0.6666666666666666,12,0,0.0,-1.7602766865241097,200
4,18,72,0,2,0,1,108,4.5,4,4,1.0,18,0,0.0,0.14278487444031554,200
7,3,21,0,2,0,1,63,0.42857142857142855,7,7,1.0,3,0,0.0,0.4393897166296741,200
11,5,55,1,2,0,1,275,0.45454545454545453,11,11,1.0,5,0,0.0,-1.257985552944289,200
2,10,20,1,0,0,1,10,5.0,2,2,1.0,10,2,0.2,-0.581371570488847,200
9,7,63,0,1,1,0,63,0.7777777777777778,8,9,0.9841269841269841,7,0,0.0,-1.219873743992472,200
3,19,57,0,0,1,1,38,6.333333333333333,2,3,0.9824561403508771,19,0,0.0,-0.4719114235912685,200
5,6,30,1,2,1,0,60,1.2,1,5,0.8666666666666667,6,0,0.0,-1.17540948465047,200
7,20,140,0,2,0,1,420,2.857142857142857,7,7,1.0,20,0,0.0,0.43195207919912876,200
5,20,100,1,0,1,1,80,4.0,3,5,0.98,20,0,0.0,-1.1784450097854364,200
5,16,80,0,2,1,0,160,3.2,1,5,0.95,16,0,0.0,-0.8094293595813941,200
3,1,3,1,0,1,1,2,0.3333333333333333,2,2,0.6666666666666666,1,0,0.0,-0.28669452372296333,200
12,17,204,1,1,0,0,204,1.4166666666666667,1,12,0.8235294117647058,17,0,0.0,-1.4559156710766386,200
9,20,180,1,1,0,0,180,2.2222222222222223,1,9,0.8888888888888888,20,0,0.0,-1.6413968373742795,200
2,10,20,0,2,1,0,10,5.0,1,2,0.95,10,0,0.0,-0.31608250181429254,200
5,1,5,0,2,1,0,10,0.2,1,1,0.2,1,0,0.0,-0.32341254673116165,200
12,8,96,0,2,0,1,528,0.6666666666666666,12,12,1.0,8,0,0.0,0.6630351696775341,200
10,13,130,1,0,0,0,117,1.3,1,10,0.6538461538461539,13,1,0.07692307692307693,-0.919653544486454,200
6,13,78,0,0,0,0,65,2.1666666666666665,1,6,0.8076923076923077,13,0,0.0,-0.6126017100308982,200
4,1,4,0,1,0,0,4,0.25,1,1,0.25,1,0,0.0,-0.2859382307803173,200
10,12,120,0,0,0,1,108,1.2,10,10,1.0,12,0,0.0,-1.3488930030008177,200
9,2,18,0,1,1,1,18,0.2222222222222222,4,9,0.7222222222222222,2,0,0.0,-0.4536510049978931,200
4,1,4,0,0,0,1,3,0.25,4,4,1.0,1,0,0.0,-0.18274828328536796,200
5,20,100,1,2,0,1,200,4.0,5,5,1.0,20,0,0.0,-1.141570292262266,200
11,16,176,0,2,0,0,880,1.4545454545454546,1,11,0.9431818181818182,16,0,0.0,0.19259396051771074,200
12,16,192,0,1,0,0,192,1.3333333333333333,1,12,0.8125,16,0,0.0,-1.1340645649108112,200
9,20,180,0,2,1,0,720,2.2222222222222223,1,9,0.9555555555555556,20,0,0.0,-1.6262939944137067,200
9,15,135,0,1,0,1,135,1.6666666666666667,9,9,1.0,15,0,0.0,-0.03303127077727898,200
3,2,6,0,0,1,1,4,0.6666666666666666,2,3,0.8333333333333334,2,0,0.0,-0.3850998099570343,200
9,9,81,1,1,0,0,81,1.0,1,9,0.7530864197530864,9,1,0.1111111111111111,-1.137472765317084,200
11,15,165,1,0,1,1,150,1.3636363636363635,6,11,0.9696969696969697,15,0,0.0,-2.6127624973028203,200
5,1,5,0,0,0,1,4,0.2,5,5,1.0,1,0,0.0,-0.12001493894087144,200
7,13,91,0,2,1,1,273,1.8571428571428572,1,7,0.9340659340659341,13,0,0.0,-0.9944404884476317,200
2,13,26,0,2,1,1,13,6.5,1,2,0.9615384615384616,13,0,0.0,-0.33077797100817086,200
2,4,8,1,1,0,1,8,2.0,2,2,1.0,4,0,0.0,-0.7571734987032461,200
11,13,143,0,1,0,0,143,1.1818181818181819,1,11,0.7902097902097902,13,0,0.0,-1.0129687425357674,200
3,3,9,1,0,0,1,6,1.0,3,3,1.0,3,0,0.0,-0.6260010003938927,200
10,10,100,1,1,1,0,100,1.0,9,10,0.99,10,0,0.0,-2.286822151273511,200
6,16,96,0,1,1,1,96,2.6666666666666665,3,6,0.96875,16,0,0.0,-1.0293516722090386,200
7,14,98,1,1,1,1,98,2.0,3,7,0.9591836734693877,14,0,0.0,-1.5833491602739813,200
9,1,9,1,0,1,0,8,0.1111111111111111,1,1,0.1111111111111111,1,0,0.0,-0.32482883395292744,200
5,5,25,1,1,1,1,25,1.0,2,5,0.88,5,0,0.0,-0.9792798840856468,200
4,1,4,0,2,0,1,6,0.25,4,4,1.0,1,0,0.0,-0.14817070170602964,200
11,10,110,0,1,1,0,110,0.9090909090909091,10,11,0.990909090909091,10,0,0.0,-1.7900237853309544,200
5,17,85,0,1,1,0,85,3.4,4,5,0.9882352941176471,17,0,0.0,-0.7946345107038382,200
10,6,60,0,1,0,1,60,0.6,10,10,1.0,6,0,0.0,-0.34764489568734275,200
7,13,91,0,1,0,0,91,1.8571428571428572,1,7,0.8681318681318682,13,0,0.0,-0.7662953375855757,200
5,11,55,1,1,1,0,55,2.2,4,5,0.9818181818181818,11,0,0.0,-1.1102951911972325,200
12,17,204,1,0,1,1,187,1.4166666666666667,6,12,0.9705882352941176,17,0,0.0,-2.8816248970642695,200
11,20,220,1,2,1,1,1100,1.8181818181818181,1,11,0.9545454545454546,20,1,0.05,-2.6509192859075763,200
2,14,28,0,2,0,1,14,7.0,2,2,1.0,14,0,0.0,-0.14444420658871082,200
9,8,72,0,2,0,0,288,0.8888888888888888,1,9,0.8888888888888888,8,0,0.0,0.15042195690186277,200
10,15,150,1,0,0,0,135,1.5,1,10,0.7,15,0,0.0,-0.9523835768484978,200
8,15,120,1,1,1,1,120,1.875,4,8,0.9666666666666667,15,0,0.0,-1.8514556959312651,200
3,16,48,1,1,1,1,48,5.333333333333333,1,3,0.9583333333333334,16,0,0.0,-0.8508088810996964,200
9,19,171,1,2,0,1,684,2.111111111111111,9,9,1.0,19,0,0.0,-2.0364507113144716,200
6,16,96,0,1,0,1,96,2.6666666666666665,6,6,1.0,16,0,0.0,-0.2941701168337389,200
4,12,48,0,1,0,1,48,3.0,4,4,1.0,12,0,0.0,-0.17666457022797907,200
2,10,20,0,1,1,0,20,5.0,1,2,0.95,10,0,0.0,-0.3806731486901019,200
6,15,90,1,1,0,1,90,2.5,6,6,1.0,15,0,0.0,-1.312394634692419,200
10,13,130,0,2,1,1,585,1.3,1,10,0.9307692307692308,13,0,0.0,-1.0478993030383932,200
9,2,18,0,1,0,1,18,0.2222222222222222,9,9,1.0,2,0,0.0,-0.12098679110866396,200
12,20,240,0,0,1,1,220,1.6666666666666667,6,12,0.975,20,0,0.0,-2.3435781397558055,200
2,18,36,0,2,0,0,18,9.0,1,2,0.9722222222222222,18,0,0.0,-0.3035643893897056,200
7,3,21,1,1,0,1,21,0.42857142857142855,7,7,1.0,3,0,0.0,-0.9720879636590312,200
6,14,84,1,2,1,0,210,2.3333333333333335,1,6,0.9404761904761905,14,0,0.0,-1.416474051329334,200
3,16,48,0,1,1,0,48,5.333333333333333,2,3,0.9791666666666666,16,0,0.0,-0.4666065569297484,200
8,20,160,0,0,0,0,140,2.5,1,8,0.825,20,0,0.0,-0.6374434822421535,200
7,6,42,0,0,0,0,36,0.8571428571428571,1,6,0.5,6,0,0.0,-0.49557304354967563,200
6,9,54,1,0,1,0,45,1.5,1,6,0.7222222222222222,9,0,0.0,-1.2125056587674283,200
8,4,32,1,2,1,1,112,0.5,1,8,0.78125,4,1,0.25,-0.7848771147742954,200
8,15,120,1,0,0,0,105,1.875,1,8,0.7666666666666667,15,0,0.0,-0.9802543261881179,200
5,16,80,0,0,0,1,64,3.2,5,5,1.0,16,0,0.0,-0.6360173230155307,200
4,3,12,1,2,1,1,18,0.75,1,4,0.75,3,2,0.6666666666666666,-0.2897852301846313,200
6,11,66,0,2,1,0,165,1.8333333333333333,1,6,0.9242424242424242,11,0,0.0,-0.8395994766095494,200
12,11,132,1,2,0,1,726,0.9166666666666666,12,12,1.0,11,0,0.0,-2.2761152118341377,200
8,14,112,0,2,0,1,392,1.75,8,8,1.0,14,0,0.0,0.4493272795231905,200
2,11,22,1,1,1,0,22,5.5,1,2,0.9545454545454546,11,1,0.09090909090909091,-0.6776357233659625,200
10,1,10,0,1,1,1,10,0.1,5,5,0.5,1,0,0.0,-0.18495858145705474,200
5,7,35,0,0,0,0,28,1.4,1,5,0.7142857142857143,7,0,0.0,-0.5258989024312526,200
10,13,130,1,2,1,1,585,1.3,1,10,0.9307692307692308,13,1,0.07692307692307693,-2.356218015707361,200
3,3,9,0,1,1,1,9,1.0,1,3,0.7777777777777778,3,0,0.0,-0.4947203060908792,200
4,15,60,0,1,0,1,60,3.75,4,4,1.0,15,0,0.0,-0.14536249146376712,200
3,2,6,0,1,1,1,6,0.6666666666666666,1,3,0.6666666666666666,2,0,0.0,-0.37369429538941795,200
3,20,60,0,2,1,1,60,6.666666666666667,1,3,0.9666666666666667,20,0,0.0,-0.484879011867884,200
6,18,108,0,1,1,1,108,3.0,3,6,0.9722222222222222,18,0,0.0,-1.040036095331346,200
9,15,135,1,0,0,0,120,1.6666666666666667,1,9,0.7333333333333333,15,0,0.0,-0.9836216890912789,200
10,3,30,0,0,1,0,27,0.3,1,3,0.2,3,0,0.0,-0.3761207138562752,200
5,20,100,1,2,1,0,200,4.0,1,5,0.96,20,0,0.0,-1.149953797765317,200
4,6,24,1,1,1,1,24,1.5,2,4,0.9166666666666666,6,0,0.0,-0.9934545538113233,200
9,5,45,0,2,1,0,180,0.5555555555555556,1,9,0.8222222222222222,5,0,0.0,-0.5907110800676841,200
11,11,121,0,1,1,0,121,1.0,10,11,0.9917355371900827,11,0,0.0,-1.8821918952079553,200
12,18,216,1,1,1,1,216,1.5,6,12,0.9722222222222222,18,0,0.0,-2.8540724505215196,200
10,2,20,1,2,1,0,90,0.2,1,10,0.55,2,0,0.0,-0.6072096669851323,200
6,18,108,1,2,0,0,270,3.0,1,6,0.9537037037037037,18,0,0.0,-1.3554780418434444,200
8,14,112,1,0,1,0,98,1.75,1,8,0.75,14,0,0.0,-1.9258993599575567,200
2,7,14,0,2,1,0,7,3.5,1,2,0.9285714285714286,7,0,0.0,-0.3555176862723306,200
6,19,114,0,2,1,0,285,3.1666666666666665,1,6,0.956140350877193,19,0,0.0,-1.0201057804770337,200
12,7,84,0,2,0,1,462,0.5833333333333334,12,12,1.0,7,0,0.0,0.6387933837808459,200
2,5,10,0,0,0,1,5,2.5,2,2,1.0,5,0,0.0,-0.13663139148318124,200
10,14,140,0,1,1,1,140,1.4,5,10,0.9642857142857143,14,0,0.0,-1.92641106116712,200
5,1,5,1,0,0,1,4,0.2,5,5,1.0,1,0,0.0,-0.1385022711692838,200
11,20,220,0,2,1,0,1100,1.8181818181818181,1,11,0.9545454545454546,20,0,0.0,-1.9188688708830752,200
6,5,30,0,2,0,1,75,0.8333333333333334,6,6,1.0,5,0,0.0,0.357386488345819,200
7,14,98,0,2,1,1,294,2.0,1,7,0.9387755102040817,14,0,0.0,-1.0756317274005434,200
11,20,220,1,0,1,1,200,1.8181818181818181,6,11,0.9772727272727273,20,0,0.0,-2.605086492487317,200
3,19,57,1,1,1,0,57,6.333333333333333,2,3,0.9824561403508771,19,0,0.0,-0.774374956268263,200
9,7,63,0,1,1,1,63,0.7777777777777778,4,9,0.9206349206349206,7,0,0.0,-1.1376169902305961,200
11,20,220,1,0,1,1,200,1.8181818181818181,6,11,0.9772727272727273,20,0,0.0,-2.6081243155078178,200
9,5,45,1,2,1,1,180,0.5555555555555556,1,9,0.8222222222222222,5,1,0.2,-1.1481771544002046,200
5,4,20,0,0,1,1,16,0.8,3,5,0.9,4,0,0.0,-0.5660043309399357,200
2,2,4,1,2,0,1,2,1.0,2,2,1.0,2,1,0.5,-0.3150760437880679,200
10,20,200,0,2,0,1,900,2.0,10,10,1.0,20,0,0.0,0.5496281503351287,200
4,5,20,0,1,1,0,20,1.25,3,4,0.95,5,0,0.0,-0.5417499560930028,200
11,15,165,1,1,1,0,165,1.3636363636363635,10,11,0.9939393939393939,15,0,0.0,-2.59009054931017,200
9,1,9,0,1,0,1,9,0.1111111111111111,9,9,1.0,1,0,0.0,-0.05057059422966214,200
2,9,18,0,2,0,0,9,4.5,1,2,0.9444444444444444,9,0,0.0,-0.28044765813282757,200
11,16,176,0,2,1,0,880,1.4545454545454546,1,11,0.9431818181818182,16,0,0.0,-1.5626251088685301,200
9,19,171,1,2,1,0,684,2.111111111111111,1,9,0.9532163742690059,19,0,0.0,-2.126344495936023,200
6,12,72,0,0,0,0,60,2.0,1,6,0.7916666666666666,12,0,0.0,-0.5517863421150723,200
12,6,72,1,2,0,1,396,0.5,12,12,1.0,6,0,0.0,-1.5169908857830259,200
7,16,112,0,0,1,0,96,2.2857142857142856,1,7,0.8125,16,0,0.0,-1.1223970255588351,200
5,16,80,1,1,1,0,80,3.2,4,5,0.9875,16,0,0.0,-1.1231740142121849,200
6,15,90,1,2,0,0,225,2.5,1,6,0.9444444444444444,15,1,0.06666666666666667,-1.3611872304993773,200
5,20,100,0,1,0,1,100,4.0,5,5,1.0,20,0,0.0,0.12536858164013256,200
11,14,154,0,2,0,1,770,1.2727272727272727,11,11,1.0,14,0,0.0,0.6113567831885898,200
8,6,48,0,2,1,1,168,0.75,1,8,0.8541666666666666,6,0,0.0,-0.5166236559666266,200
2,10,20,0,0,0,0,10,5.0,1,2,0.95,10,0,0.0,-0.3013321303388891,200
2,15,30,0,1,0,1,30,7.5,2,2,1.0,15,0,0.0,-0.29921080591634,200
11,13,143,1,2,1,0,715,1.1818181818181819,1,11,0.9300699300699301,13,0,0.0,-2.324215061948038,200
2,18,36,1,0,1,1,18,9.0,1,2,0.9722222222222222,18,0,0.0,-0.6713838526977195,200
4,10,40,0,0,1,0,30,2.5,1,4,0.85,10,0,0.0,-0.5820574946960814,200
3,12,36,0,0,1,0,24,4.0,1,3,0.9166666666666666,12,0,0.0,-0.4977941397871216,200
5,15,75,1,2,1,1,150,3.0,1,5,0.9466666666666667,15,1,0.06666666666666667,-1.1898655111298058,200
12,10,120,0,2,0,0,660,0.8333333333333334,1,12,0.9083333333333333,10,0,0.0,0.211479853914713,200
2,12,24,1,0,1,0,12,6.0,1,2,0.9583333333333334,12,0,0.0,-0.7326238951994462,200
4,8,32,0,0,1,1,24,2.0,2,4,0.9375,8,0,0.0,-0.567839072054767,200
5,1,5,0,2,1,0,10,0.2,1,1,0.2,1,0,0.0,-0.30038277962361004,200
5,5,25,0,2,0,1,50,1.0,5,5,1.0,5,0,0.0,0.3005554413125282,200
3,12,36,1,1,0,1,36,4.0,3,3,1.0,12,0,0.0,-0.7999756976091466,200
12,3,36,0,1,0,0,36,0.25,1,5,0.25,3,0,0.0,-0.49183909187166774,200
9,3,27,1,2,0,0,108,0.3333333333333333,1,9,0.7037037037037037,3,0,0.0,-0.6617584410625932,200
12,16,192,0,1,0,1,192,1.3333333333333333,12,12,1.0,16,0,0.0,-0.3669609628654576,200
2,7,14,1,2,1,0,7,3.5,1,2,0.9285714285714286,7,1,0.14285714285714285,-0.7165896456849923,200
4,8,32,1,2,1,0,48,2.0,1,4,0.90625,8,0,0.0,-0.9833623502966033,200
12,19,228,0,2,1,1,1254,1.5833333333333333,1,12,0.9517543859649122,19,0,0.0,-1.677913066481189,200
8,16,128,0,0,1,1,112,2.0,4,8,0.96875,16,0,0.0,-1.4206513761132749,200
4,14,56,0,0,0,0,42,3.5,1,4,0.8928571428571429,14,0,0.0,-0.4832330366422801,200
12,20,240,0,2,1,0,1320,1.6666666666666667,1,12,0.9541666666666667,20,0,0.0,-2.019708288119262,200
11,3,33,1,1,1,1,33,0.2727272727272727,5,11,0.8181818181818182,3,0,0.0,-1.1966442223301994,200
11,7,77,0,2,0,0,385,0.6363636363636364,1,11,0.8701298701298701,7,0,0.0,0.35847431723589285,200
2,17,34,0,0,1,0,17,8.5,1,2,0.9705882352941176,17,0,0.0,-0.316321621719856,200
5,3,15,0,1,1,0,15,0.6,4,5,0.9333333333333333,3,0,0.0,-0.47560837598044264,200
3,15,45,0,1,0,1,45,5.0,3,3,1.0,15,0,0.0,0.07963614284034336,200
10,1,10,0,1,1,0,10,0.1,9,9,0.9,1,0,0.0,-0.10475675880564624,200
4,16,64,0,0,0,0,48,4.0,1,4,0.90625,16,0,0.0,-0.5048687983963638,200
11,15,165,1,1,1,1,165,1.3636363636363635,5,11,0.9636363636363636,15,0,0.0,-2.5932524440127644,200
9,3,27,0,1,0,1,27,0.3333333333333333,9,9,1.0,3,0,0.0,-0.21519852631971817,200
9,3,27,0,2,1,0,108,0.3333333333333333,1,9,0.7037037037037037,3,0,0.0,-0.3491877598530635,200
7,13,91,1,0,1,1,78,1.8571428571428572,4,7,0.967032967032967,13,0,0.0,-1.5980127831544135,200
8,2,16,0,1,0,1,16,0.25,8,8,1.0,2,0,0.0,-0.2828967943265131,200
9,2,18,1,1,0,0,18,0.2222222222222222,1,3,0.2222222222222222,2,1,0.5,-0.3205535431062886,200
4,20,80,0,1,0,0,80,5.0,1,4,0.95,20,0,0.0,-0.48350136546089234,200
11,10,110,1,1,0,1,110,0.9090909090909091,11,11,1.0,10,0,0.0,-2.866918635317048,200
4,20,80,1,1,0,1,80,5.0,4,4,1.0,20,0,0.0,-0.9487089991559452,200
12,14,168,0,1,0,1,168,1.1666666666666667,12,12,1.0,14,0,0.0,-0.43384194110853186,200
6,20,120,1,2,0,1,300,3.3333333333333335,6,6,1.0,20,0,0.0,-1.3705112336810341,200
5,16,80,0,1,0,1,80,3.2,5,5,1.0,16,0,0.0,0.14611701123986504,200
4,8,32,0,1,0,0,32,2.0,1,4,0.875,8,0,0.0,-0.5162183576103049,200
10,10,100,1,2,0,1,450,1.0,10,10,1.0,10,0,0.0,-1.8706869115498461,200
7,5,35,1,1,0,0,35,0.7142857142857143,1,7,0.6571428571428571,5,0,0.0,-0.8793068829256812,200
8,17,136,0,0,1,1,119,2.125,4,8,0.9705882352941176,17,0,0.0,-1.4658633139899413,200
3,5,15,1,0,0,1,10,1.6666666666666667,3,3,1.0,5,0,0.0,-0.8043612020357421,200
6,2,12,1,1,1,1,12,0.3333333333333333,3,6,0.75,2,1,0.5,-0.29365318370860355,200
5,11,55,0,0,1,0,44,2.2,1,5,0.8181818181818182,11,0,0.0,-0.7298563766816655,200
7,9,63,0,1,0,1,63,1.2857142857142858,7,7,1.0,9,0,0.0,0.04884682551132756,200
12,16,192,0,2,1,1,1056,1.3333333333333333,1,12,0.9427083333333334,16,0,0.0,-1.375660431241189,200
6,16,96,1,0,1,0,80,2.6666666666666665,1,6,0.84375,16,0,0.0,-1.48555089463582,200
4,6,24,0,2,1,0,36,1.5,1,4,0.875,6,0,0.0,-0.481724166401917,200
12,13,156,1,1,0,0,156,1.0833333333333333,1,12,0.7692307692307693,13,1,0.07692307692307693,-1.2529677235922556,200
3,16,48,1,2,0,0,48,5.333333333333333,1,3,0.9583333333333334,16,0,0.0,-0.785023596494455,200
11,7,77,1,2,0,0,385,0.6363636363636364,1,11,0.8701298701298701,7,0,0.0,-1.1228121981862516,200
11,7,77,0,0,0,0,70,0.6363636363636364,1,7,0.36363636363636365,7,0,0.0,-0.5253087134837551,200
2,12,24,1,2,0,1,12,6.0,2,2,1.0,12,0,0.0,-0.6743034415598892,200
4,10,40,0,2,1,0,60,2.5,1,4,0.925,10,0,0.0,-0.5754569397843187,200
6,15,90,1,1,0,0,90,2.5,1,6,0.9,15,0,0.0,-1.2956021420449975,200
8,13,104,0,0,1,1,91,1.625,4,8,0.9615384615384616,13,0,0.0,-1.371889107691563,200
7,11,77,1,2,1,1,231,1.5714285714285714,1,7,0.922077922077922,11,0,0.0,-1.393506781262576,200
12,10,120,1,2,1,1,660,0.8333333333333334,1,12,0.9083333333333333,10,0,0.0,-1.9884154887915921,200
10,11,110,1,1,0,0,110,1.1,1,10,0.7727272727272727,11,0,0.0,-1.2089871184580512,200
5,18,90,0,1,1,0,90,3.6,4,5,0.9888888888888889,18,0,0.0,-0.8185215509212427,200
3,8,24,1,2,1,1,24,2.6666666666666665,1,3,0.9166666666666666,8,1,0.125,-0.7669048675360471,200
12,9,108,0,1,1,1,108,0.75,6,12,0.9444444444444444,9,0,0.0,-1.6971363606112597,200
11,17,187,0,0,1,1,170,1.5454545454545454,6,11,0.9732620320855615,17,0,0.0,-1.9913316542220936,200
10,16,160,0,2,1,1,720,1.6,1,10,0.94375,16,0,0.0,-1.3163818529265559,200
7,17,119,1,1,0,0,119,2.4285714285714284,1,7,0.8991596638655462,17,1,0.058823529411764705,-1.3526862732619422,200
3,5,15,1,0,1,0,10,1.6666666666666667,1,3,0.8,5,3,0.6,-0.6087550735511702,200
11,3,33,0,2,0,1,165,0.2727272727272727,11,11,1.0,3,0,0.0,0.7171639658432504,200
8,15,120,0,2,1,0,420,1.875,1,8,0.9416666666666667,15,0,0.0,-1.2719755697648323,200
5,5,25,1,1,1,0,25,1.0,4,5,0.96,5,0,0.0,-1.1205779631651707,200
4,7,28,1,2,0,1,42,1.75,4,4,1.0,7,0,0.0,-0.9002253734213937,200
9,18,162,0,1,0,0,162,2.0,1,9,0.8765432098765432,18,0,0.0,-1.120296087077226,200
7,3,21,1,0,0,1,18,0.42857142857142855,7,7,1.0,3,0,0.0,-1.1779965246989998,200
4,7,28,1,1,1,0,28,1.75,3,4,0.9642857142857143,7,0,0.0,-0.9181033392924591,200
11,12,132,0,2,1,0,660,1.0909090909090908,1,11,0.9242424242424242,12,0,0.0,-1.2583825345512407,200
12,15,180,0,1,1,0,180,1.25,11,12,0.9944444444444445,15,0,0.0,-2.3652037516115985,200
10,9,90,0,0,0,0,81,0.9,1,9,0.5,9,0,0.0,-0.5783142413398582,200
9,14,126,0,1,1,1,126,1.5555555555555556,4,9,0.9603174603174603,14,0,0.0,-1.6506460173473814,200
2,5,10,0,1,0,0,10,2.5,1,2,0.9,5,0,0.0,-0.3070151328023843,200
5,8,40,1,1,0,0,40,1.6,1,5,0.85,8,3,0.375,-0.7682629659658933,200
2,3,6,1,1,1,1,6,1.5,1,2,0.8333333333333334,3,0,0.0,-0.6244179472408488,200
2,20,40,0,2,1,1,20,10.0,1,2,0.975,20,0,0.0,-0.3403624227195829,200
6,12,72,1,2,0,1,180,2.0,6,6,1.0,12,0,0.0,-1.3314351340151016,200
9,2,18,1,2,0,1,72,0.2222222222222222,9,9,1.0,2,0,0.0,-0.37999470431591936,200
11,7,77,0,1,1,1,77,0.6363636363636364,5,11,0.922077922077922,7,0,0.0,-1.4108197366272583,200
7,8,56,1,0,0,1,48,1.1428571428571428,7,7,1.0,8,0,0.0,-1.69323850698408,200
9,19,171,1,1,1,1,171,2.111111111111111,4,9,0.9707602339181286,19,0,0.0,-2.088002128828545,200
10,9,90,1,1,0,1,90,0.9,10,10,1.0,9,0,0.0,-2.1912444581423616,200
11,7,77,0,2,1,1,385,0.6363636363636364,1,11,0.8701298701298701,7,0,0.0,-0.578953057700846,200
8,1,8,0,1,1,1,8,0.125,4,4,0.5,1,0,0.0,-0.2415814257621799,200
6,6,36,1,0,1,1,30,1.0,3,6,0.9166666666666666,6,0,0.0,-1.2797292769242945,200
7,2,14,0,2,0,0,42,0.2857142857142857,1,7,0.5714285714285714,2,0,0.0,-0.5381257674705895,200
6,20,120,0,1,0,1,120,3.3333333333333335,6,6,1.0,20,0,0.0,-0.25152689484258556,200
2,16,32,0,2,1,1,16,8.0,1,2,0.96875,16,0,0.0,-0.33150226983896464,200
12,11,132,1,0,1,0,121,0.9166666666666666,1,11,0.5,11,0,0.0,-1.8299226060170204,200
11,13,143,0,1,1,0,143,1.1818181818181819,10,11,0.993006993006993,13,0,0.0,-2.0356646130264426,200
8,13,104,1,0,0,0,91,1.625,1,8,0.7307692307692307,13,1,0.07692307692307693,-0.9064036105051261,200
6,16,96,1,0,0,1,80,2.6666666666666665,6,6,1.0,16,0,0.0,-1.3529794158344461,200
11,18,198,1,1,0,1,198,1.6363636363636365,11,11,1.0,18,0,0.0,-2.6776669130010284,200
12,5,60,1,2,1,0,330,0.4166666666666667,1,12,0.8166666666666667,5,1,0.2,-1.0140979527338325,200
9,13,117,1,0,0,1,104,1.4444444444444444,9,9,1.0,13,0,0.0,-2.1566107634483904,200
7,7,49,0,0,1,1,42,1.0,4,7,0.9387755102040817,7,0,0.0,-0.8959058115066114,200
4,4,16,0,0,0,0,12,1.0,1,4,0.625,4,0,0.0,-0.4275516088283126,200
6,13,78,0,1,0,0,78,2.1666666666666665,1,6,0.8846153846153846,13,0,0.0,-0.7519446537189753,200
4,16,64,0,0,0,1,48,4.0,4,4,1.0,16,0,0.0,-0.35040929809346727,200
9,3,27,0,0,1,1,24,0.3333333333333333,5,9,0.8518518518518519,3,0,0.0,-0.5366277505881242,200
5,15,75,0,2,1,0,150,3.0,1,5,0.9466666666666667,15,0,0.0,-0.8069622461915541,200
3,17,51,1,1,1,1,51,5.666666666666667,1,3,0.9607843137254902,17,0,0.0,-0.7987351660759057,200
3,6,18,0,2,0,0,18,2.0,1,3,0.8888888888888888,6,0,0.0,-0.22653169295804798,200
8,20,160,1,0,0,0,140,2.5,1,8,0.825,20,0,0.0,-1.0998280067301005,200
6,1,6,1,1,0,1,6,0.16666666666666666,6,6,1.0,1,0,0.0,-0.25864140287625215,200
6,6,36,1,1,1,0,36,1.0,5,6,0.9722222222222222,6,0,0.0,-1.403509187429348,200
11,13,143,1,2,0,0,715,1.1818181818181819,1,11,0.9300699300699301,13,0,0.0,-1.7805041020830834,200
12,12,144,1,0,0,0,132,1.0,1,12,0.5416666666666666,12,0,0.0,-0.8874415371765615,200
6,13,78,1,2,0,0,195,2.1666666666666665,1,6,0.9358974358974359,13,0,0.0,-1.2807256374386198,200
5,3,15,0,2,1,0,30,0.6,1,5,0.7333333333333333,3,0,0.0,-0.35135626570329204,200
4,12,48,1,1,1,0,48,3.0,3,4,0.9791666666666666,12,0,0.0,-0.9256243993944263,200
9,10,90,1,1,1,1,90,1.1111111111111112,4,9,0.9444444444444444,10,0,0.0,-2.0896060441649436,200
10,11,110,1,2,1,0,495,1.1,1,10,0.9181818181818182,11,0,0.0,-2.290743582613945,200
12,9,108,1,1,1,1,108,0.75,6,12,0.9444444444444444,9,0,0.0,-2.96210864191215,200
2,3,6,1,2,0,1,3,1.5,2,2,1.0,3,1,0.3333333333333333,-0.5948859584265911,200
8,20,160,1,1,1,0,160,2.5,7,8,0.99375,20,0,0.0,-1.8290902867227692,200
10,20,200,1,0,0,1,180,2.0,10,10,1.0,20,0,0.0,-2.329689410487073,200
4,17,68,1,2,0,1,102,4.25,4,4,1.0,17,0,0.0,-0.9314087023816994,200
6,17,102,0,1,0,0,102,2.8333333333333335,1,6,0.9117647058823529,17,0,0.0,-0.7475241597508308,200
4,5,20,1,0,0,1,15,1.25,4,4,1.0,5,0,0.0,-1.072273645216785,200
8,18,144,1,0,1,0,126,2.25,1,8,0.8055555555555556,18,1,0.05555555555555555,-1.9505509101426386,200
2,13,26,0,0,0,0,13,6.5,1,2,0.9615384615384616,13,0,0.0,-0.3172290622483892,200
11,8,88,1,1,1,1,88,0.7272727272727273,5,11,0.9318181818181818,8,0,0.0,-2.609045234509992,200
7,19,133,1,0,0,1,114,2.7142857142857144,7,7,1.0,19,0,0.0,-1.6394800625042372,200
7,15,105,1,0,1,1,90,2.142857142857143,4,7,0.9714285714285714,15,0,0.0,-1.5775885341341318,200
10,17,170,0,1,0,0,170,1.7,1,10,0.8529411764705882,17,0,0.0,-1.1333056287338905,200
2,17,34,1,2,0,1,17,8.5,2,2,1.0,17,0,0.0,-0.6645377901303683,200
8,12,96,1,1,1,1,96,1.5,4,8,0.9583333333333334,12,0,0.0,-1.8177583392502092,200
12,6,72,0,0,0,1,66,0.5,12,12,1.0,6,0,0.0,-1.0561478940525368,200
5,12,60,0,2,1,1,120,2.4,1,5,0.9333333333333333,12,0,0.0,-0.7974283220735011,200
11,15,165,0,1,1,0,165,1.3636363636363635,10,11,0.9939393939393939,15,0,0.0,-2.1246303876871657,200
4,3,12,0,2,0,1,18,0.75,4,4,1.0,3,0,0.0,0.16285118951886712,200
3,11,33,0,1,1,1,33,3.6666666666666665,1,3,0.9393939393939394,11,0,0.0,-0.46895797856027127,200
5,18,90,1,1,1,0,90,3.6,4,5,0.9888888888888889,18,0,0.0,-1.1300068894042876,200
7,14,98,0,2,1,0,294,2.0,1,7,0.9387755102040817,14,0,0.0,-1.0775472665458155,200
11,12,132,1,2,1,0,660,1.0909090909090908,1,11,0.9242424242424242,12,0,0.0,-2.188906872182005,200
12,13,156,1,0,0,0,143,1.0833333333333333,1,12,0.5769230769230769,13,2,0.15384615384615385,-0.9206642121315326,200
10,8,80,0,2,0,1,360,0.8,10,10,1.0,8,0,0.0,0.572323476779213,200
8,3,24,1,2,1,1,84,0.375,1,8,0.7083333333333334,3,0,0.0,-0.597937303193756,200
4,14,56,1,0,1,0,42,3.5,1,4,0.8928571428571429,14,0,0.0,-1.0190113699696863,200
8,2,16,0,2,0,1,56,0.25,8,8,1.0,2,0,0.0,0.7620047407846298,200
3,16,48,0,0,0,0,32,5.333333333333333,1,3,0.9375,16,0,0.0,-0.4341199216319101,200
5,13,65,1,1,0,1,65,2.6,5,5,1.0,13,0,0.0,-1.1378099424780528,200
6,11,66,0,1,0,1,66,1.8333333333333333,6,6,1.0,11,0,0.0,-0.24261055888397526,200
12,12,144,1,1,0,0,144,1.0,1,12,0.75,12,1,0.08333333333333333,-1.259377310727865,200
6,3,18,1,0,0,0,15,0.5,1,3,0.3333333333333333,3,2,0.6666666666666666,-0.2857999289903297,200
3,2,6,1,0,0,1,4,0.6666666666666666,3,3,1.0,2,0,0.0,-0.6431834342468689,200
11,2,22,0,2,0,1,110,0.18181818181818182,11,11,1.0,2,0,0.0,0.9222948256264385,200
2,10,20,0,1,0,0,20,5.0,1,2,0.95,10,0,0.0,-0.30788972598508524,200
5,2,10,0,1,1,0,10,0.4,4,5,0.9,2,0,0.0,-0.346130139112486,200
11,9,99,1,2,1,0,495,0.8181818181818182,1,11,0.898989898989899,9,0,0.0,-1.7996605571611788,200
10,9,90,1,2,1,0,405,0.9,1,10,0.9,9,1,0.1111111111111111,-1.6380133939449013,200
7,5,35,1,0,0,1,30,0.7142857142857143,7,7,1.0,5,0,0.0,-1.8253284435214323,200
3,2,6,1,1,0,1,6,0.6666666666666666,3,3,1.0,2,1,0.5,-0.3095163585198672,200
4,10,40,1,2,0,0,60,2.5,1,4,0.925,10,5,0.5,-0.780026645474848,200
10,4,40,1,2,0,1,180,0.4,10,10,1.0,4,0,0.0,-0.9086079428146372,200
11,13,143,0,2,0,1,715,1.1818181818181819,11,11,1.0,13,0,0.0,0.6291620097769537,200
9,19,171,1,0,0,1,152,2.111111111111111,9,9,1.0,19,0,0.0,-2.129080440401706,200
10,5,50,0,2,1,0,225,0.5,1,10,0.82,5,0,0.0,-0.5587674314524735,200
10,15,150,1,2,0,1,675,1.5,10,10,1.0,15,0,0.0,-2.2223189270896553,200
4,4,16,0,1,1,1,16,1.0,2,4,0.875,4,0,0.0,-0.5234704166827701,200
3,10,30,1,2,1,0,30,3.3333333333333335,1,3,0.9333333333333333,10,0,0.0,-0.8751401096361714,200
4,10,40,0,1,1,0,40,2.5,3,4,0.975,10,0,0.0,-0.5934389460528162,200
7,11,77,0,2,0,0,231,1.5714285714285714,1,7,0.922077922077922,11,0,0.0,0.03229831746528294,200
8,14,112,0,0,0,1,98,1.75,8,8,1.0,14,0,0.0,-1.0046296187684252,200
7,2,14,0,1,1,0,14,0.2857142857142857,6,7,0.9285714285714286,2,0,0.0,-0.3647714965017882,200
6,11,66,1,1,1,1,66,1.8333333333333333,3,6,0.9545454545454546,11,0,0.0,-1.3968869403993605,200
5,6,30,1,0,0,1,24,1.2,5,5,1.0,6,0,0.0,-1.435907772611147,200
11,11,121,1,1,1,0,121,1.0,10,11,0.9917355371900827,11,0,0.0,-2.579352400485496,200
5,19,95,0,1,1,0,95,3.8,4,5,0.9894736842105263,19,0,0.0,-0.8064268596499233,200
5,16,80,1,0,1,0,64,3.2,1,5,0.875,16,0,0.0,-1.2647929399324502,200
9,15,135,0,2,1,1,540,1.6666666666666667,1,9,0.9407407407407408,15,0,0.0,-1.2319366393121052,200
7,2,14,1,0,1,0,12,0.2857142857142857,1,2,0.21428571428571427,2,1,0.5,-0.3387035884831382,200
5,12,60,1,2,0,1,120,2.4,5,5,1.0,12,0,0.0,-1.1208264607470872,200
6,7,42,1,2,1,1,105,1.1666666666666667,1,6,0.8809523809523809,7,0,0.0,-1.0881711330071933,200
2,13,26,1,2,0,1,13,6.5,2,2,1.0,13,0,0.0,-0.6617781974656812,200
5,8,40,1,2,0,1,80,1.6,5,5,1.0,8,0,0.0,-1.0600235033805807,200
5,8,40,1,0,0,1,32,1.6,5,5,1.0,8,0,0.0,-1.2034165769983571,200
2,13,26,1,1,1,1,26,6.5,1,2,0.9615384615384616,13,0,0.0,-0.6382204925972215,200
9,1,9,0,0,0,0,8,0.1111111111111111,1,1,0.1111111111111111,1,0,0.0,-0.34782413714211685,200
12,6,72,1,0,1,0,66,0.5,1,6,0.2916666666666667,6,0,0.0,-1.8222629653950664,200
9,9,81,1,0,1,1,72,1.0,5,9,0.9506172839506173,9,0,0.0,-2.174420768515573,200
11,10,110,1,1,0,0,110,0.9090909090909091,1,11,0.7272727272727273,10,0,0.0,-1.1900836346019068,200
11,15,165,1,2,1,0,825,1.3636363636363635,1,11,0.9393939393939394,15,2,0.13333333333333333,-2.3383117462843988,200
7,14,98,1,2,0,1,294,2.0,7,7,1.0,14,0,0.0,-1.5081031284356734,200
5,17,85,1,0,0,1,68,3.4,5,5,1.0,17,0,0.0,-1.1819862947597974,200
3,13,39,0,2,1,0,39,4.333333333333333,1,3,0.9487179487179487,13,0,0.0,-0.4807992519472938,200
11,10,110,1,0,0,0,100,0.9090909090909091,1,10,0.5,10,0,0.0,-0.6808081138930281,200
8,18,144,1,2,1,1,504,2.25,1,8,0.9513888888888888,18,1,0.05555555555555555,-1.939445130137619,200
5,3,15,1,1,1,1,15,0.6,2,5,0.8,3,0,0.0,-0.6821614623351865,200
7,3,21,1,2,0,1,63,0.42857142857142855,7,7,1.0,3,0,0.0,-0.5844770816968188,200
7,18,126,0,1,1,1,126,2.5714285714285716,3,7,0.9682539682539683,18,0,0.0,-1.2568077031092932,200
11,1,11,0,1,1,1,11,0.09090909090909091,5,5,0.45454545454545453,1,0,0.0,-0.1489084833351564,200
2,9,18,1,1,0,0,18,4.5,1,2,0.9444444444444444,9,1,0.1111111111111111,-0.6163149664676858,200
3,9,27,0,1,1,0,27,3.0,2,3,0.9629629629629629,9,0,0.0,-0.44243026959602444,200
2,18,36,1,0,0,0,18,9.0,1,2,0.9722222222222222,18,0,0.0,-0.7044878912754557,200
10,12,120,0,2,1,0,540,1.2,1,10,0.925,12,0,0.0,-1.2129624447213347,200
7,4,28,1,1,0,0,28,0.5714285714285714,1,7,0.5714285714285714,4,0,0.0,-0.7609234231118308,200
8,11,88,1,1,1,0,88,1.375,7,8,0.9886363636363636,11,0,0.0,-1.8226910652355055,200
3,15,45,0,0,1,0,30,5.0,1,3,0.9333333333333333,15,0,0.0,-0.47505212947012865,200
4,18,72,0,0,1,0,54,4.5,1,4,0.9166666666666666,18,0,0.0,-0.6381805896167364,200
8,14,112,0,0,1,0,98,1.75,1,8,0.75,14,0,0.0,-1.1411298843661282,200
5,18,90,0,0,0,1,72,3.6,5,5,1.0,18,0,0.0,-0.6440822028308549,200
11,6,66,0,0,0,0,60,0.5454545454545454,1,6,0.3181818181818182,6,0,0.0,-0.52792977796823,200
7,14,98,1,1,1,1,98,2.0,3,7,0.9591836734693877,14,0,0.0,-1.593515470117977,200
3,20,60,1,0,1,0,40,6.666666666666667,1,3,0.95,20,0,0.0,-0.8079730174370655,200
12,11,132,0,2,1,0,726,0.9166666666666666,1,12,0.9166666666666666,11,0,0.0,-1.1390427828835892,200
8,16,128,0,2,0,0,448,2.0,1,8,0.9453125,16,0,0.0,0.029692289332440235,200
12,1,12,1,0,0,0,11,0.08333333333333333,1,1,0.08333333333333333,1,1,1.0,nan,200
7,8,56,0,1,1,0,56,1.1428571428571428,6,7,0.9821428571428571,8,0,0.0,-1.0334023788756794,200
12,14,168,1,0,1,1,154,1.1666666666666667,6,12,0.9642857142857143,14,0,0.0,-2.874639251698058,200
8,7,56,0,1,1,1,56,0.875,4,8,0.9285714285714286,7,0,0.0,-1.1295224481971846,200
7,9,63,0,1,1,0,63,1.2857142857142858,6,7,0.9841269841269841,9,0,0.0,-1.096184363348641,200
11,9,99,0,2,1,1,495,0.8181818181818182,1,11,0.898989898989899,9,0,0.0,-0.7690355671799181,200
2,13,26,0,0,0,1,13,6.5,2,2,1.0,13,0,0.0,-0.19721931247964505,200
10,11,110,0,1,1,1,110,1.1,5,10,0.9545454545454546,11,0,0.0,-1.7754002967461235,200
5,18,90,0,1,1,1,90,3.6,2,5,0.9666666666666667,18,0,0.0,-0.8193196654961674,200
4,10,40,0,0,0,1,30,2.5,4,4,1.0,10,0,0.0,-0.3042227285861677,200
11,4,44,0,0,0,1,40,0.36363636363636365,11,11,1.0,4,0,0.0,-0.8348775443349565,200
6,12,72,0,2,0,0,180,2.0,1,6,0.9305555555555556,12,0,0.0,0.009817075045381693,200
10,6,60,0,2,1,0,270,0.6,1,10,0.85,6,0,0.0,-0.6491662946719877,200
9,18,162,1,1,0,0,162,2.0,1,9,0.8765432098765432,18,0,0.0,-1.5241532707121912,200
7,17,119,1,2,1,1,357,2.4285714285714284,1,7,0.9495798319327731,17,1,0.058823529411764705,-1.6541956167397265,200
7,6,42,1,2,0,1,126,0.8571428571428571,7,7,1.0,6,0,0.0,-1.2692215931051092,200
3,18,54,0,0,0,0,36,6.0,1,3,0.9444444444444444,18,0,0.0,-0.4719634910943668,200
7,12,84,0,0,1,0,72,1.7142857142857142,1,7,0.75,12,0,0.0,-0.9432797191941615,200
8,7,56,0,2,1,1,196,0.875,1,8,0.875,7,0,0.0,-0.5673094240030252,200
7,2,14,1,1,0,0,14,0.2857142857142857,1,3,0.2857142857142857,2,1,0.5,-0.3522720535530148,200
5,11,55,1,0,0,0,44,2.2,1,5,0.8181818181818182,11,2,0.18181818181818182,-0.8873512622212972,200
9,6,54,1,0,1,1,48,0.6666666666666666,5,9,0.9259259259259259,6,0,0.0,-1.6591503750623613,200
9,9,81,0,2,0,0,324,1.0,1,9,0.9012345679012346,9,0,0.0,0.15171596365795975,200
12,17,204,0,1,1,1,204,1.4166666666666667,6,12,0.9705882352941176,17,0,0.0,-2.449563156792941,200
9,16,144,1,0,1,0,128,1.7777777777777777,1,9,0.75,16,0,0.0,-2.130489150066119,200
2,18,36,0,2,1,0,18,9.0,1,2,0.9722222222222222,18,0,0.0,-0.3265966360398622,200
9,4,36,1,0,0,0,32,0.4444444444444444,1,4,0.2777777777777778,4,1,0.25,-0.6960634673695707,200
10,16,160,1,2,1,1,720,1.6,1,10,0.94375,16,1,0.0625,-2.3999958012535365,200
9,6,54,0,0,0,0,48,0.6666666666666666,1,6,0.3888888888888889,6,0,0.0,-0.5153690196955194,200
6,13,78,0,1,1,1,78,2.1666666666666665,3,6,0.9615384615384616,13,0,0.0,-1.0104510254162662,200
8,14,112,0,0,1,1,98,1.75,4,8,0.9642857142857143,14,0,0.0,-1.3832107227742734,200
6,15,90,1,2,1,1,225,2.5,1,6,0.9444444444444444,15,2,0.13333333333333333,-1.379106908455391,200
8,5,40,0,2,0,0,140,0.625,1,8,0.825,5,0,0.0,0.21419808179880487,200
11,5,55,0,0,0,0,50,0.45454545454545453,1,5,0.2727272727272727,5,0,0.0,-0.4459075057516726,200
7,11,77,0,1,1,0,77,1.5714285714285714,6,7,0.987012987012987,11,0,0.0,-1.1769718178195447,200
4,5,20,0,0,1,0,15,1.25,1,4,0.7,5,0,0.0,-0.4563893898065265,200
5,3,15,1,1,0,0,15,0.6,1,5,0.6,3,0,0.0,-0.6434158724231163,200
4,12,48,1,1,0,0,48,3.0,1,4,0.9166666666666666,12,0,0.0,-0.9569532807691495,200
2,14,28,1,2,0,1,14,7.0,2,2,1.0,14,0,0.0,-0.6230426069179545,200
12,8,96,1,2,0,1,528,0.6666666666666666,12,12,1.0,8,0,0.0,-1.8257682039831082,200
8,20,160,1,0,1,0,140,2.5,1,8,0.825,20,0,0.0,-1.939274682228135,200
8,13,104,1,1,1,1,104,1.625,4,8,0.9615384615384616,13,0,0.0,-1.816259422401384,200
2,19,38,1,0,1,1,19,9.5,1,2,0.9736842105263158,19,1,0.05263157894736842,-0.6553906104686632,200
5,3,15,1,0,0,0,12,0.6,1,3,0.4,3,0,0.0,-0.5029591350693702,200
9,3,27,1,1,0,0,27,0.3333333333333333,1,5,0.3333333333333333,3,2,0.6666666666666666,-0.2990195021499055,200
12,18,216,1,1,0,0,216,1.5,1,12,0.8333333333333334,18,0,0.0,-1.4692719232868137,200
5,1,5,1,1,0,1,5,0.2,5,5,1.0,1,0,0.0,-0.17245593712248036,200
6,11,66,0,1,0,1,66,1.8333333333333333,6,6,1.0,11,0,0.0,-0.2650079257910418,200
2,11,22,0,1,1,0,22,5.5,1,2,0.9545454545454546,11,0,0.0,-0.36829972044584286,200
2,1,2,0,0,0,0,1,0.5,1,1,0.5,1,0,0.0,-0.31303776462901195,200
3,7,21,0,0,0,0,14,2.3333333333333335,1,3,0.8571428571428571,7,0,0.0,-0.4284899232109831,200
10,11,110,0,1,1,0,110,1.1,9,10,0.990909090909091,11,0,0.0,-1.8199775762128039,200
10,4,40,1,2,1,0,180,0.4,1,10,0.775,4,3,0.75,-0.27105371429991226,200
11,20,220,0,1,0,0,220,1.8181818181818181,1,11,0.8636363636363636,20,0,0.0,-1.3014864367597416,200
10,10,100,1,1,1,1,100,1.0,5,10,0.95,10,0,0.0,-2.3311376547196425,200
8,5,40,0,1,0,0,40,0.625,1,8,0.6,5,0,0.0,-0.612259039015893,200
2,13,26,0,2,0,1,13,6.5,2,2,1.0,13,0,0.0,-0.14370670090029145,200
9,6,54,0,0,1,0,48,0.6666666666666666,1,6,0.3888888888888889,6,0,0.0,-0.5125086982441294,200
3,19,57,1,2,0,0,57,6.333333333333333,1,3,0.9649122807017544,19,0,0.0,-0.800572985244891,200
4,1,4,1,2,0,0,6,0.25,1,1,0.25,1,1,1.0,nan,200
8,8,64,0,2,0,0,224,1.0,1,8,0.890625,8,0,0.0,0.11347236951165662,200
2,20,40,1,2,1,0,20,10.0,1,2,0.975,20,1,0.05,-0.709378748999427,200
7,19,133,0,2,0,0,399,2.7142857142857144,1,7,0.9548872180451128,19,0,0.0,0.0323832195183104,200
10,9,90,1,1,0,1,90,0.9,10,10,1.0,9,0,0.0,-2.4658396539680214,200
6,10,60,1,0,1,0,50,1.6666666666666667,1,6,0.75,10,0,0.0,-1.438812183423759,200
4,17,68,1,2,1,0,102,4.25,1,4,0.9558823529411765,17,0,0.0,-0.9604145077088363,200
12,3,36,1,0,0,0,33,0.25,1,3,0.16666666666666666,3,0,0.0,-0.3829261173407939,200
3,11,33,0,2,0,0,33,3.6666666666666665,1,3,0.9393939393939394,11,0,0.0,-0.23356523568498755,200
4,6,24,0,1,0,0,24,1.5,1,4,0.8333333333333334,6,0,0.0,-0.5078004319938902,200
2,6,12,0,1,0,0,12,3.0,1,2,0.9166666666666666,6,0,0.0,-0.2762778419792632,200
3,19,57,1,1,0,0,57,6.333333333333333,1,3,0.9649122807017544,19,0,0.0,-0.8172059420357995,200
6,19,114,0,1,1,1,114,3.1666666666666665,3,6,0.9736842105263158,19,0,0.0,-1.0383447310050433,200
9,6,54,1,0,1,1,48,0.6666666666666666,5,9,0.9259259259259259,6,0,0.0,-1.7715313149744776,200
3,19,57,0,2,0,0,57,6.333333333333333,1,3,0.9649122807017544,19,0,0.0,-0.18893127295567727,200
10,3,30,1,1,1,1,30,0.3,5,10,0.8333333333333334,3,0,0.0,-1.1659157121339805,200
9,20,180,1,0,0,0,160,2.2222222222222223,1,9,0.8,20,1,0.05,-1.032402594337366,200
10,18,180,1,1,0,0,180,1.8,1,10,0.8611111111111112,18,0,0.0,-1.3805264086078861,200
12,9,108,1,0,0,1,99,0.75,12,12,1.0,9,0,0.0,-3.07852510639391,200
8,18,144,1,2,1,1,504,2.25,1,8,0.9513888888888888,18,0,0.0,-1.9117154194645178,200
2,13,26,0,2,1,1,13,6.5,1,2,0.9615384615384616,13,0,0.0,-0.34760348089390364,200
9,20,180,1,2,0,0,720,2.2222222222222223,1,9,0.9555555555555556,20,0,0.0,-1.987151171559362,200
10,19,190,0,1,1,1,190,1.9,5,10,0.9736842105263158,19,0,0.0,-2.0219066440972098,200
2,3,6,1,1,1,1,6,1.5,1,2,0.8333333333333334,3,0,0.0,-0.5168992559824058,200
7,20,140,0,0,1,1,120,2.857142857142857,4,7,0.9785714285714285,20,0,0.0,-1.2482828897884437,200
4,7,28,0,0,1,1,21,1.75,2,4,0.9285714285714286,7,0,0.0,-0.5225440058360675,200
3,20,60,0,2,0,0,60,6.666666666666667,1,3,0.9666666666666667,20,0,0.0,-0.2110438976433265,200
6,15,90,0,2,1,1,225,2.5,1,6,0.9444444444444444,15,0,0.0,-1.001000830044067,200
4,3,12,0,0,0,1,9,0.75,4,4,1.0,3,0,0.0,-0.3561144675995963,200
10,12,120,0,1,1,1,120,1.2,5,10,0.9583333333333334,12,0,0.0,-1.832435643288433,200
10,5,50,0,0,1,0,45,0.5,1,5,0.3,5,0,0.0,-0.48855532539923163,200
4,4,16,0,0,0,1,12,1.0,4,4,1.0,4,0,0.0,-0.3443648220426539,200
3,7,21,0,1,0,0,21,2.3333333333333335,1,3,0.9047619047619048,7,0,0.0,-0.2477700872037483,200
8,14,112,0,1,1,1,112,1.75,4,8,0.9642857142857143,14,0,0.0,-1.4627005158750233,200
12,14,168,1,0,1,1,154,1.1666666666666667,6,12,0.9642857142857143,14,0,0.0,-2.8616689300533347,200
11,20,220,1,2,0,1,1100,1.8181818181818181,11,11,1.0,20,0,0.0,-2.5241354622027137,200
10,7,70,1,1,0,0,70,0.7,1,10,0.6428571428571429,7,1,0.14285714285714285,-0.9037521469654204,200
7,16,112,0,1,0,1,112,2.2857142857142856,7,7,1.0,16,0,0.0,0.053714886793414116,200
12,15,180,0,2,1,0,990,1.25,1,12,0.9388888888888889,15,0,0.0,-1.588464605911991,200
4,1,4,0,0,1,1,3,0.25,2,2,0.5,1,0,0.0,-0.3162278622890309,200
4,2,8,1,1,0,0,8,0.5,1,3,0.5,2,0,0.0,-0.3891110268478709,200
6,1,6,1,0,0,1,5,0.16666666666666666,6,6,1.0,1,0,0.0,-0.1923321890538789,200
9,4,36,0,0,1,0,32,0.4444444444444444,1,4,0.2777777777777778,4,0,0.0,-0.4212157223634294,200
5,13,65,0,2,1,1,130,2.6,1,5,0.9384615384615385,13,0,0.0,-0.7664667302841277,200
9,8,72,1,1,1,0,72,0.8888888888888888,8,9,0.9861111111111112,8,0,0.0,-2.010606119797333,200
10,9,90,1,2,0,0,405,0.9,1,10,0.9,9,0,0.0,-1.4248432245286708,200
11,4,44,0,0,0,0,40,0.36363636363636365,1,4,0.22727272727272727,4,0,0.0,-0.4272026704957797,200
2,11,22,1,1,1,1,22,5.5,1,2,0.9545454545454546,11,0,0.0,-0.7212882195244441,200
9,13,117,0,0,0,0,104,1.4444444444444444,1,9,0.6923076923076923,13,0,0.0,-0.6293853206125228,200
9,15,135,0,1,0,1,135,1.6666666666666667,9,9,1.0,15,0,0.0,-0.08486473906537043,200
2,9,18,0,2,0,0,9,4.5,1,2,0.9444444444444444,9,0,0.0,-0.27792112707935196,200
11,5,55,1,1,1,0,55,0.45454545454545453,10,11,0.9818181818181818,5,0,0.0,-2.2084803716298387,200
11,20,220,0,1,1,1,220,1.8181818181818181,5,11,0.9727272727272728,20,0,0.0,-2.2375661961827817,200
4,4,16,1,1,1,0,16,1.0,3,4,0.9375,4,0,0.0,-1.221054405082855,200
5,9,45,1,0,0,0,36,1.8,1,5,0.7777777777777778,9,0,0.0,-0.863299583432573,200
11,7,77,1,0,1,1,70,0.6363636363636364,6,11,0.935064935064935,7,0,0.0,-2.127869234400468,200
6,17,102,0,2,1,0,255,2.8333333333333335,1,6,0.9509803921568627,17,0,0.0,-0.9836081076183811,200
6,12,72,0,2,0,1,180,2.0,6,6,1.0,12,0,0.0,0.3188761079496165,200
5,1,5,1,1,0,1,5,0.2,5,5,1.0,1,0,0.0,-0.27090530720432404,200
3,11,33,1,2,0,1,33,3.6666666666666665,3,3,1.0,11,0,0.0,-0.6929721093411666,200
5,10,50,0,1,0,0,50,2.0,1,5,0.88,10,0,0.0,-0.42392686797771145,200
8,2,16,1,0,1,0,14,0.25,1,2,0.1875,2,1,0.5,-0.2681499687463705,200
3,17,51,0,2,1,0,51,5.666666666666667,1,3,0.9607843137254902,17,0,0.0,-0.46319138641009333,200
5,3,15,1,1,1,1,15,0.6,2,5,0.8,3,0,0.0,-0.6593958750419558,200
8,9,72,1,0,1,1,63,1.125,4,8,0.9444444444444444,9,0,0.0,-1.8260656466202654,200
11,18,198,1,1,0,1,198,1.6363636363636365,11,11,1.0,18,0,0.0,-2.6215362143712277,200
8,7,56,0,2,1,1,196,0.875,1,8,0.875,7,0,0.0,-0.6155177663142024,200
7,6,42,0,1,1,0,42,0.8571428571428571,6,7,0.9761904761904762,6,0,0.0,-0.8957071859240173,200
10,11,110,1,0,1,0,99,1.1,1,10,0.5909090909090909,11,0,0.0,-1.8607467985107613,200
3,14,42,1,2,0,0,42,4.666666666666667,1,3,0.9523809523809523,14,3,0.21428571428571427,-0.909150247018755,200
3,13,39,1,2,0,0,39,4.333333333333333,1,3,0.9487179487179487,13,0,0.0,-0.8164398708210376,200
10,9,90,0,1,1,0,90,0.9,9,10,0.9888888888888889,9,0,0.0,-1.5861116182021466,200
10,4,40,0,0,1,1,36,0.4,5,10,0.875,4,0,0.0,-0.7711476392718428,200
7,19,133,1,0,0,0,114,2.7142857142857144,1,7,0.8421052631578947,19,0,0.0,-1.1503979625600378,200
2,14,28,1,0,0,1,14,7.0,2,2,1.0,14,0,0.0,-0.6276838744768116,200
7,1,7,0,0,0,0,6,0.14285714285714285,1,1,0.14285714285714285,1,0,0.0,-0.3026664944371136,200
3,6,18,1,0,1,0,12,2.0,1,3,0.8333333333333334,6,0,0.0,-0.8464943575777367,200
7,7,49,0,0,1,1,42,1.0,4,7,0.9387755102040817,7,0,0.0,-0.8538257500655487,200
11,14,154,1,2,0,0,770,1.2727272727272727,1,11,0.935064935064935,14,0,0.0,-2.1520332701220815,200
3,7,21,1,0,0,0,14,2.3333333333333335,1,3,0.8571428571428571,7,0,0.0,-0.7761059304375544,200
4,2,8,0,0,0,1,6,0.5,4,4,1.0,2,0,0.0,-0.41166712105125874,200
2,20,40,0,2,1,0,20,10.0,1,2,0.975,20,0,0.0,-0.328968540029496,200
6,15,90,1,0,0,0,75,2.5,1,6,0.8333333333333334,15,0,0.0,-1.0042090397657566,200
2,11,22,0,0,0,1,11,5.5,2,2,1.0,11,0,0.0,-0.15506740603597655,200
4,14,56,1,1,1,0,56,3.5,3,4,0.9821428571428571,14,0,0.0,-0.9181795416064946,200
5,20,100,0,1,0,1,100,4.0,5,5,1.0,20,0,0.0,0.16099396035412977,200
8,16,128,1,0,1,1,112,2.0,4,8,0.96875,16,0,0.0,-1.855992164394555,200
7,7,49,1,2,1,1,147,1.0,1,7,0.8775510204081632,7,0,0.0,-1.2300666734131445,200
6,7,42,0,0,0,1,35,1.1666666666666667,6,6,1.0,7,0,0.0,-0.6140860418617535,200
6,2,12,1,1,0,1,12,0.3333333333333333,6,6,1.0,2,0,0.0,-0.610335425566916,200
10,6,60,0,0,0,0,54,0.6,1,6,0.35,6,0,0.0,-0.5082310307647208,200
11,8,88,1,1,0,0,88,0.7272727272727273,1,11,0.6590909090909091,8,1,0.125,-1.0144123859193817,200
5,9,45,0,2,0,0,90,1.8,1,5,0.9111111111111111,9,0,0.0,-0.06480598869981868,200
8,11,88,1,0,1,0,77,1.375,1,8,0.6818181818181818,11,0,0.0,-1.6879625284564095,200
6,9,54,1,0,0,1,45,1.5,6,6,1.0,9,0,0.0,-1.4792644520122755,200
6,13,78,1,1,0,1,78,2.1666666666666665,6,6,1.0,13,0,0.0,-1.3907364255732735,200
12,14,168,1,0,1,0,154,1.1666666666666667,1,12,0.6071428571428571,14,0,0.0,-2.392587035000502,200
8,18,144,1,0,0,0,126,2.25,1,8,0.8055555555555556,18,0,0.0,-1.0811130198840835,200
6,1,6,0,1,1,0,6,0.16666666666666666,5,5,0.8333333333333334,1,0,0.0,-0.19033932810972828,200
11,16,176,0,1,1,1,176,1.4545454545454546,5,11,0.9659090909090909,16,0,0.0,-2.2091724325935984,200
9,2,18,0,2,0,0,72,0.2222222222222222,1,9,0.5555555555555556,2,0,0.0,-0.5702856210293235,200
10,8,80,1,1,1,1,80,0.8,5,10,0.9375,8,0,0.0,-2.3660966279135893,200
7,16,112,0,2,1,0,336,2.2857142857142856,1,7,0.9464285714285714,16,0,0.0,-1.1512775667771622,200
2,8,16,1,2,0,0,8,4.0,1,2,0.9375,8,0,0.0,-0.7123487203030857,200
5,12,60,1,1,0,0,60,2.4,1,5,0.9,12,0,0.0,-1.1649865573437885,200
11,9,99,1,2,1,1,495,0.8181818181818182,1,11,0.898989898989899,9,0,0.0,-1.4416591431630257,200
4,14,56,1,2,0,1,84,3.5,4,4,1.0,14,0,0.0,-0.9028596683056104,200
5,18,90,0,0,1,0,72,3.6,1,5,0.8888888888888888,18,0,0.0,-0.8518671137496538,200
6,13,78,0,0,0,1,65,2.1666666666666665,6,6,1.0,13,0,0.0,-0.611540802612453,200
12,8,96,1,1,1,0,96,0.6666666666666666,11,12,0.9895833333333334,8,0,0.0,-2.7125751169884134,200
7,3,21,0,0,0,0,18,0.42857142857142855,1,3,0.2857142857142857,3,0,0.0,-0.4186119620396046,200
10,17,170,0,2,0,1,765,1.7,10,10,1.0,17,0,0.0,0.5419724730621531,200
12,16,192,1,2,0,0,1056,1.3333333333333333,1,12,0.9427083333333334,16,0,0.0,-2.4026449193743877,200
10,15,150,1,2,0,0,675,1.5,1,10,0.94,15,0,0.0,-2.107587358780772,200
11,8,88,0,2,0,1,440,0.7272727272727273,11,11,1.0,8,0,0.0,0.6914474028646749,200
8,7,56,1,0,0,0,49,0.875,1,7,0.5,7,0,0.0,-0.9230783384955059,200
2,14,28,0,0,0,1,14,7.0,2,2,1.0,14,0,0.0,-0.15942990724608389,200
4,6,24,0,0,1,0,18,1.5,1,4,0.75,6,0,0.0,-0.4865721488969207,200
8,13,104,0,1,1,0,104,1.625,7,8,0.9903846153846154,13,0,0.0,-1.4116933186619707,200
7,17,119,1,1,1,1,119,2.4285714285714284,3,7,0.9663865546218487,17,0,0.0,-1.5974126246545028,200
9,6,54,1,1,0,0,54,0.6666666666666666,1,9,0.6296296296296297,6,0,0.0,-0.9027085743050598,200
12,19,228,1,0,1,0,209,1.5833333333333333,1,12,0.7105263157894737,19,0,0.0,-2.214032647408036,200
10,13,130,0,2,1,1,585,1.3,1,10,0.9307692307692308,13,0,0.0,-1.0717687539468959,200
10,17,170,0,1,1,0,170,1.7,9,10,0.9941176470588236,17,0,0.0,-1.9480263781516252,200
10,4,40,0,2,1,1,180,0.4,1,10,0.775,4,0,0.0,-0.4000091194143141,200
5,2,10,1,0,0,1,8,0.4,5,5,1.0,2,0,0.0,-0.7000715294368078,200
4,5,20,1,2,0,1,30,1.25,4,4,1.0,5,1,0.2,-0.5577655745802916,200
4,8,32,0,2,1,0,48,2.0,1,4,0.90625,8,0,0.0,-0.5545304031367337,200
9,8,72,1,2,1,1,288,0.8888888888888888,1,9,0.8888888888888888,8,0,0.0,-1.2238828865583207,200
7,2,14,1,2,1,0,42,0.2857142857142857,1,7,0.5714285714285714,2,1,0.5,-0.35427394776769655,200
11,13,143,1,0,1,1,130,1.1818181818181819,6,11,0.965034965034965,13,0,0.0,-2.6041622076522883,200
12,19,228,0,1,1,0,228,1.5833333333333333,11,12,0.9956140350877193,19,0,0.0,-2.5034494344407987,200
3,10,30,1,1,1,1,30,3.3333333333333335,1,3,0.9333333333333333,10,0,0.0,-0.8459223872618051,200
6,3,18,1,2,0,1,45,0.5,6,6,1.0,3,0,0.0,-0.8477014249446223,200
3,16,48,0,1,0,0,48,5.333333333333333,1,3,0.9583333333333334,16,0,0.0,-0.20023083378108433,200
3,2,6,0,0,0,1,4,0.6666666666666666,3,3,1.0,2,0,0.0,-0.38357399021318545,200
9,7,63,0,0,1,1,56,0.7777777777777778,5,9,0.9365079365079365,7,0,0.0,-1.059885738297365,200
8,10,80,1,2,1,1,280,1.25,1,8,0.9125,10,0,0.0,-1.277419119584937,200
8,9,72,1,1,1,0,72,1.125,7,8,0.9861111111111112,9,0,0.0,-1.7820403580046138,200
3,16,48,0,0,0,0,32,5.333333333333333,1,3,0.9375,16,0,0.0,-0.44449409651946487,200
3,1,3,1,2,1,0,3,0.3333333333333333,1,1,0.3333333333333333,1,0,0.0,-0.270657637454771,200
2,8,16,0,2,1,0,8,4.0,1,2,0.9375,8,0,0.0,-0.36862619384657075,200
4,9,36,1,1,0,0,36,2.25,1,4,0.8888888888888888,9,0,0.0,-0.9836947926409658,200
5,6,30,0,0,1,1,24,1.2,3,5,0.9333333333333333,6,0,0.0,-0.6489928878223533,200
12,2,24,1,1,0,1,24,0.16666666666666666,12,12,1.0,2,0,0.0,-0.8235704484238872,200
3,4,12,1,1,0,0,12,1.3333333333333333,1,3,0.8333333333333334,4,1,0.25,-0.6946063837350144,200
6,6,36,1,0,1,1,30,1.0,3,6,0.9166666666666666,6,0,0.0,-1.4067593819498012,200
9,11,99,1,2,0,1,396,1.2222222222222223,9,9,1.0,11,0,0.0,-1.71356786821421,200
7,10,70,1,0,1,1,60,1.4285714285714286,4,7,0.9571428571428572,10,0,0.0,-1.5535351365327965,200
9,9,81,1,0,1,0,72,1.0,1,9,0.5555555555555556,9,0,0.0,-1.5134644284586491,200
6,19,114,1,2,0,1,285,3.1666666666666665,6,6,1.0,19,0,0.0,-1.3194500884122609,200
12,1,12,1,1,0,0,12,0.08333333333333333,1,1,0.08333333333333333,1,0,0.0,-0.31507387046117696,200
11,18,198,1,1,1,0,198,1.6363636363636365,10,11,0.9949494949494949,18,0,0.0,-2.5766834233936082,200
7,14,98,0,0,0,0,84,2.0,1,7,0.7857142857142857,14,0,0.0,-0.6151170622208008,200
9,13,117,0,2,0,1,468,1.4444444444444444,9,9,1.0,13,0,0.0,0.549339183265316,200
2,5,10,1,1,1,0,10,2.5,1,2,0.9,5,0,0.0,-0.6517386679739319,200
4,17,68,0,1,0,1,68,4.25,4,4,1.0,17,0,0.0,-0.15934310272961988,200
7,9,63,1,1,0,0,63,1.2857142857142858,1,7,0.8095238095238095,9,0,0.0,-1.103309943625958,200
8,13,104,1,2,1,1,364,1.625,1,8,0.9326923076923077,13,0,0.0,-1.7344516270500692,200
5,8,40,1,0,0,0,32,1.6,1,5,0.75,8,0,0.0,-0.7735118312020244,200
10,17,170,0,0,0,1,153,1.7,10,10,1.0,17,0,0.0,-1.3609363874168148,200
2,15,30,0,0,1,0,15,7.5,1,2,0.9666666666666667,15,0,0.0,-0.3462870477362093,200
4,10,40,0,0,0,0,30,2.5,1,4,0.85,10,0,0.0,-0.49953413280370806,200
11,20,220,1,1,1,1,220,1.8181818181818181,5,11,0.9727272727272728,20,0,0.0,-2.596856939389773,200
11,11,121,1,1,0,1,121,1.0,11,11,1.0,11,0,0.0,-2.822607203557111,200
5,3,15,1,2,0,0,30,0.6,1,5,0.7333333333333333,3,1,0.3333333333333333,-0.6014132087723489,200
6,11,66,0,1,1,0,66,1.8333333333333333,5,6,0.9848484848484849,11,0,0.0,-0.9703174168306785,200
11,2,22,1,0,0,1,20,0.18181818181818182,11,11,1.0,2,0,0.0,-0.7505749358616709,200
2,15,30,1,2,0,1,15,7.5,2,2,1.0,15,0,0.0,-0.6343871846224773,200
8,12,96,0,1,0,0,96,1.5,1,8,0.8333333333333334,12,0,0.0,-0.9631103746561691,200
7,5,35,1,0,0,1,30,0.7142857142857143,7,7,1.0,5,0,0.0,-1.5576956231121069,200
11,15,165,1,1,1,0,165,1.3636363636363635,10,11,0.9939393939393939,15,0,0.0,-2.623814936875686,200
12,18,216,1,1,1,1,216,1.5,6,12,0.9722222222222222,18,0,0.0,-2.8822271839542277,200
4,2,8,1,1,0,0,8,0.5,1,3,0.5,2,1,0.5,-0.3292086815944999,200
11,16,176,0,1,0,0,176,1.4545454545454546,1,11,0.8295454545454546,16,0,0.0,-1.1101598118292855,200
3,6,18,1,2,1,1,18,2.0,1,3,0.8888888888888888,6,0,0.0,-0.8139963225415984,200
3,13,39,1,0,1,1,26,4.333333333333333,2,3,0.9743589743589743,13,1,0.07692307692307693,-0.7787504840330686,200
12,14,168,1,2,0,0,924,1.1666666666666667,1,12,0.9345238095238095,14,0,0.0,-2.216120111807785,200
10,7,70,0,2,0,0,315,0.7,1,10,0.8714285714285714,7,0,0.0,0.21191134554710872,200
4,7,28,1,1,1,0,28,1.75,3,4,0.9642857142857143,7,0,0.0,-0.8817440516391193,200
4,15,60,1,0,0,1,45,3.75,4,4,1.0,15,0,0.0,-0.9184469143194939,200
9,13,117,0,1,1,0,117,1.4444444444444444,8,9,0.9914529914529915,13,0,0.0,-1.610214408778442,200
10,11,110,1,2,0,1,495,1.1,10,10,1.0,11,0,0.0,-1.9043908480059706,200
3,20,60,1,1,0,1,60,6.666666666666667,3,3,1.0,20,1,0.05,-0.7126168725553743,200
10,18,180,0,1,1,1,180,1.8,5,10,0.9722222222222222,18,0,0.0,-1.9833602381244713,200
5,17,85,0,0,1,1,68,3.4,3,5,0.9764705882352941,17,0,0.0,-0.7956702070892994,200
6,18,108,0,0,0,1,90,3.0,6,6,1.0,18,0,0.0,-0.6330888328110507,200
2,3,6,1,1,1,1,6,1.5,1,2,0.8333333333333334,3,0,0.0,-0.542663031547531,200
6,18,108,1,2,0,1,270,3.0,6,6,1.0,18,0,0.0,-1.410892669711071,200
7,2,14,0,2,1,0,42,0.2857142857142857,1,7,0.5714285714285714,2,0,0.0,-0.28707142087986537,200
9,6,54,0,2,0,1,216,0.6666666666666666,9,9,1.0,6,0,0.0,0.598317814284099,200
5,18,90,0,0,1,1,72,3.6,3,5,0.9777777777777777,18,0,0.0,-0.7848021793460052,200
4,2,8,1,2,0,0,12,0.5,1,4,0.625,2,1,0.5,-0.2865734029275406,200
7,6,42,0,2,1,0,126,0.8571428571428571,1,7,0.8571428571428571,6,0,0.0,-0.6269904688216449,200
10,8,80,0,2,1,0,360,0.8,1,10,0.8875,8,0,0.0,-0.8543451706311811,200
10,19,190,1,2,1,1,855,1.9,1,10,0.9526315789473684,19,0,0.0,-2.4004206869973888,200
12,11,132,0,1,0,1,132,0.9166666666666666,12,12,1.0,11,0,0.0,-0.38793122850737877,200
9,20,180,1,1,1,1,180,2.2222222222222223,4,9,0.9722222222222222,20,0,0.0,-2.0839428395499904,200
6,14,84,1,0,0,0,70,2.3333333333333335,1,6,0.8214285714285714,14,0,0.0,-1.0121448656437733,200
3,20,60,1,2,0,0,60,6.666666666666667,1,3,0.9666666666666667,20,0,0.0,-0.7638149967547274,200
9,1,9,1,1,0,0,9,0.1111111111111111,1,1,0.1111111111111111,1,1,1.0,nan,200
8,1,8,0,0,0,1,7,0.125,8,8,1.0,1,0,0.0,-0.0217929107464406,200
4,6,24,0,1,0,1,24,1.5,4,4,1.0,6,0,0.0,-0.18032724010397083,200
6,3,18,0,1,0,1,18,0.5,6,6,1.0,3,0,0.0,-0.23897619161289388,200
8,13,104,1,1,0,0,104,1.625,1,8,0.8461538461538461,13,0,0.0,-1.4063163428599301,200
5,16,80,1,0,1,0,64,3.2,1,5,0.875,16,0,0.0,-1.2411022646840437,200
7,5,35,1,0,1,0,30,0.7142857142857143,1,5,0.42857142857142855,5,0,0.0,-0.9899666243561099,200
6,11,66,0,1,1,1,66,1.8333333333333333,3,6,0.9545454545454546,11,0,0.0,-0.9837678402209478,200
5,17,85,0,1,1,1,85,3.4,2,5,0.9647058823529412,17,0,0.0,-0.8264756601854522,200
9,11,99,1,2,1,1,396,1.2222222222222223,1,9,0.9191919191919192,11,0,0.0,-1.8703310688425392,200
7,18,126,0,2,1,1,378,2.5714285714285716,1,7,0.9523809523809523,18,0,0.0,-1.2460888682954314,200
5,12,60,0,0,1,0,48,2.4,1,5,0.8333333333333334,12,0,0.0,-0.7665115022404771,200
8,19,152,0,0,1,0,133,2.375,1,8,0.8157894736842105,19,0,0.0,-1.3991529208092983,200
7,8,56,0,0,0,1,48,1.1428571428571428,7,7,1.0,8,0,0.0,-0.9501779931758022,200
5,13,65,0,1,1,0,65,2.6,4,5,0.9846153846153847,13,0,0.0,-0.7772850223664504,200
8,9,72,1,2,0,0,252,1.125,1,8,0.9027777777777778,9,0,0.0,-1.4243292041911895,200
10,16,160,1,0,1,0,144,1.6,1,10,0.71875,16,0,0.0,-2.3972683280831006,200
2,13,26,0,2,0,0,13,6.5,1,2,0.9615384615384616,13,0,0.0,-0.2744524017566471,200
5,5,25,0,1,1,1,25,1.0,2,5,0.88,5,0,0.0,-0.6105667899312289,200
6,17,102,0,1,1,0,102,2.8333333333333335,5,6,0.9901960784313726,17,0,0.0,-1.0191235802035057,200
4,4,16,1,1,0,0,16,1.0,1,4,0.75,4,0,0.0,-0.7819331449294367,200
8,20,160,1,0,1,1,140,2.5,4,8,0.975,20,0,0.0,-1.8621787686408098,200
2,6,12,1,1,0,0,12,3.0,1,2,0.9166666666666666,6,1,0.16666666666666666,-0.5407812441065174,200
9,10,90,1,0,0,1,80,1.1111111111111112,9,9,1.0,10,0,0.0,-2.1589837613253193,200
4,12,48,1,0,1,1,36,3.0,2,4,0.9583333333333334,12,0,0.0,-1.0042478695811559,200
11,3,33,0,2,0,1,165,0.2727272727272727,11,11,1.0,3,0,0.0,0.7210550806737072,200
6,18,108,1,1,0,1,108,3.0,6,6,1.0,18,0,0.0,-1.3617839419138194,200
7,5,35,0,2,1,1,105,0.7142857142857143,1,7,0.8285714285714286,5,0,0.0,-0.4808793006712526,200
9,11,99,1,2,1,1,396,1.2222222222222223,1,9,0.9191919191919192,11,0,0.0,-2.058630180414282,200
6,15,90,1,1,0,0,90,2.5,1,6,0.9,15,0,0.0,-1.3024101214029227,200
3,6,18,1,2,0,1,18,2.0,3,3,1.0,6,0,0.0,-0.7523207518244657,200
8,8,64,1,1,1,0,64,1.0,7,8,0.984375,8,0,0.0,-1.8222159407611809,200
12,9,108,0,0,0,1,99,0.75,12,12,1.0,9,0,0.0,-1.4308903559838742,200
6,13,78,1,2,0,1,195,2.1666666666666665,6,6,1.0,13,0,0.0,-1.3118698379402942,200
8,18,144,0,1,0,0,144,2.25,1,8,0.8888888888888888,18,0,0.0,-1.0208369191966724,200
8,18,144,0,2,1,1,504,2.25,1,8,0.9513888888888888,18,0,0.0,-1.3733429784935647,200
5,16,80,0,2,1,1,160,3.2,1,5,0.95,16,0,0.0,-0.8172806408656405,200
8,20,160,0,1,0,0,160,2.5,1,8,0.9,20,0,0.0,-1.004495469633264,200
6,17,102,1,1,0,1,102,2.8333333333333335,6,6,1.0,17,0,0.0,-1.356449729462905,200
2,6,12,0,0,0,1,6,3.0,2,2,1.0,6,0,0.0,-0.12412582648833119,200
8,20,160,0,1,1,0,160,2.5,7,8,0.99375,20,0,0.0,-1.4991088443387737,200
11,1,11,1,0,0,1,10,0.09090909090909091,11,11,1.0,1,0,0.0,-0.07685341623958597,200
3,13,39,0,2,1,1,39,4.333333333333333,1,3,0.9487179487179487,13,0,0.0,-0.47363943042660583,200
4,17,68,1,2,1,1,102,4.25,1,4,0.9558823529411765,17,0,0.0,-0.9981599644232698,200
9,19,171,1,1,1,0,171,2.111111111111111,8,9,0.9941520467836257,19,0,0.0,-2.0791792755456284,200
5,4,20,0,2,1,1,40,0.8,1,5,0.8,4,0,0.0,-0.4202235753765796,200
5,8,40,0,1,0,0,40,1.6,1,5,0.85,8,0,0.0,-0.5369949295481635,200
6,3,18,1,2,1,0,45,0.5,1,6,0.7222222222222222,3,1,0.3333333333333333,-0.6351944648121127,200
6,17,102,1,1,0,1,102,2.8333333333333335,6,6,1.0,17,0,0.0,-1.3445898533934553,200
3,16,48,0,0,1,1,32,5.333333333333333,2,3,0.9791666666666666,16,0,0.0,-0.44219207957550016,200
3,4,12,1,0,1,1,8,1.3333333333333333,2,3,0.9166666666666666,4,0,0.0,-0.7722856501322504,200
6,13,78,0,0,1,0,65,2.1666666666666665,1,6,0.8076923076923077,13,0,0.0,-0.9201256964532585,200
11,8,88,0,0,0,1,80,0.7272727272727273,11,11,1.0,8,0,0.0,-1.2136636430622467,200
6,17,102,1,0,0,1,85,2.8333333333333335,6,6,1.0,17,0,0.0,-1.424928579202777,200
2,9,18,1,0,1,0,9,4.5,1,2,0.9444444444444444,9,1,0.1111111111111111,-0.6819443564145455,200
7,13,91,1,0,1,1,78,1.8571428571428572,4,7,0.967032967032967,13,0,0.0,-1.563857599901773,200
3,14,42,1,0,0,1,28,4.666666666666667,3,3,1.0,14,0,0.0,-0.8086072358210954,200
11,4,44,1,2,0,1,220,0.36363636363636365,11,11,1.0,4,0,0.0,-0.9137274581475249,200
5,3,15,1,2,1,1,30,0.6,1,5,0.7333333333333333,3,1,0.3333333333333333,-0.4466457877257423,200
12,4,48,1,0,1,0,44,0.3333333333333333,1,4,0.20833333333333334,4,1,0.25,-0.6534134891660385,200
2,9,18,0,0,0,1,9,4.5,2,2,1.0,9,0,0.0,-0.1464881352685144,200
5,18,90,0,1,1,1,90,3.6,2,5,0.9666666666666667,18,0,0.0,-0.8333467304553867,200
11,5,55,0,1,0,0,55,0.45454545454545453,1,9,0.45454545454545453,5,0,0.0,-0.6045049171884678,200
4,6,24,0,2,1,1,36,1.5,1,4,0.875,6,0,0.0,-0.5151645023354089,200
4,1,4,0,2,1,1,6,0.25,1,1,0.25,1,0,0.0,-0.32624336900421563,200
5,11,55,1,1,0,1,55,2.2,5,5,1.0,11,0,0.0,-1.2104749807148811,200
2,4,8,1,1,1,0,8,2.0,1,2,0.875,4,0,0.0,-0.5165925941136783,200
9,5,45,1,1,1,1,45,0.5555555555555556,4,9,0.8888888888888888,5,0,0.0,-1.6271093382967023,200
5,6,30,0,0,0,1,24,1.2,5,5,1.0,6,0,0.0,-0.6301325080673551,200
6,17,102,1,0,0,1,85,2.8333333333333335,6,6,1.0,17,0,0.0,-1.3836788595196161,200
5,6,30,0,2,1,0,60,1.2,1,5,0.8666666666666667,6,0,0.0,-0.5452392529002495,200
10,9,90,0,2,0,1,405,0.9,10,10,1.0,9,0,0.0,0.5807294177464912,200
10,10,100,0,0,1,0,90,1.0,1,10,0.55,10,0,0.0,-0.8143583961662693,200
5,17,85,0,1,0,0,85,3.4,1,5,0.9294117647058824,17,0,0.0,-0.4431524476079807,200
10,5,50,1,0,0,0,45,0.5,1,5,0.3,5,0,0.0,-0.8600256309503457,200
11,9,99,0,2,0,1,495,0.8181818181818182,11,11,1.0,9,0,0.0,0.6447523764732646,200
6,14,84,1,0,1,1,70,2.3333333333333335,3,6,0.9642857142857143,14,0,0.0,-1.3662058156484547,200
4,16,64,1,0,0,1,48,4.0,4,4,1.0,16,0,0.0,-0.9239881075536971,200
11,15,165,0,2,0,1,825,1.3636363636363635,11,11,1.0,15,0,0.0,0.6423077853522053,200
10,7,70,0,0,0,0,63,0.7,1,7,0.4,7,0,0.0,-0.5689938713159144,200
8,11,88,0,0,0,1,77,1.375,8,8,1.0,11,0,0.0,-0.9923815532242665,200
8,8,64,0,2,0,1,224,1.0,8,8,1.0,8,0,0.0,0.45182041340720464,200
3,14,42,0,0,1,0,28,4.666666666666667,1,3,0.9285714285714286,14,0,0.0,-0.4925025391760372,200
12,15,180,1,1,0,1,180,1.25,12,12,1.0,15,0,0.0,-2.8873709047906613,200
3,20,60,0,2,0,0,60,6.666666666666667,1,3,0.9666666666666667,20,0,0.0,-0.16226415976666195,200
10,19,190,0,2,0,1,855,1.9,10,10,1.0,19,0,0.0,0.5307949323321273,200
12,7,84,1,0,0,0,77,0.5833333333333334,1,7,0.3333333333333333,7,1,0.14285714285714285,-0.8880726371747997,200
9,4,36,1,2,1,1,144,0.4444444444444444,1,9,0.7777777777777778,4,1,0.25,-1.1143479795246332,200
8,12,96,1,0,1,1,84,1.5,4,8,0.9583333333333334,12,0,0.0,-1.8501142254009932,200
2,7,14,0,1,0,0,14,3.5,1,2,0.9285714285714286,7,0,0.0,-0.31139533484506404,200
8,6,48,1,2,1,1,168,0.75,1,8,0.8541666666666666,6,1,0.16666666666666666,-1.2533664962831559,200
7,9,63,1,0,0,0,54,1.2857142857142858,1,7,0.6666666666666666,9,0,0.0,-0.8778615801894897,200
9,17,153,1,0,1,0,136,1.8888888888888888,1,9,0.7647058823529411,17,0,0.0,-2.1067541983340763,200
9,15,135,1,0,1,0,120,1.6666666666666667,1,9,0.7333333333333333,15,0,0.0,-2.171966525981602,200
7,19,133,0,1,1,1,133,2.7142857142857144,3,7,0.9699248120300752,19,0,0.0,-1.2640328794428726,200
5,20,100,0,2,0,0,200,4.0,1,5,0.96,20,0,0.0,-0.0704381334574102,200
2,4,8,0,2,0,1,4,2.0,2,2,1.0,4,0,0.0,-0.1034922921111484,200
2,8,16,1,0,0,0,8,4.0,1,2,0.9375,8,0,0.0,-0.6258859004990079,200
11,8,88,0,0,0,1,80,0.7272727272727273,11,11,1.0,8,0,0.0,-1.2733074866520768,200
10,19,190,1,2,1,0,855,1.9,1,10,0.9526315789473684,19,0,0.0,-2.3424109790383794,200
12,17,204,1,2,0,0,1122,1.4166666666666667,1,12,0.946078431372549,17,0,0.0,-2.2503772644823097,200
12,11,132,1,1,1,1,132,0.9166666666666666,6,12,0.9545454545454546,11,0,0.0,-2.8441785049398773,200
3,9,27,0,0,0,0,18,3.0,1,3,0.8888888888888888,9,0,0.0,-0.4403415324615964,200
5,1,5,1,0,1,0,4,0.2,1,1,0.2,1,1,1.0,nan,200
4,3,12,0,0,1,1,9,0.75,2,4,0.8333333333333334,3,0,0.0,-0.409537950574877,200
8,10,80,1,1,1,1,80,1.25,4,8,0.95,10,0,0.0,-1.8540283163489635,200
11,20,220,1,2,1,1,1100,1.8181818181818181,1,11,0.9545454545454546,20,1,0.05,-2.6347640556057077,200
7,20,140,1,0,0,0,120,2.857142857142857,1,7,0.85,20,0,0.0,-1.115566893136597,200
12,13,156,1,0,1,1,143,1.0833333333333333,6,12,0.9615384615384616,13,0,0.0,-2.831463753100043,200
6,8,48,0,2,1,1,120,1.3333333333333333,1,6,0.8958333333333334,8,0,0.0,-0.6462756945964385,200
10,10,100,0,0,0,0,90,1.0,1,10,0.55,10,0,0.0,-0.5694582541793403,200
10,4,40,0,2,0,1,180,0.4,10,10,1.0,4,0,0.0,0.6252970216527424,200
7,14,98,1,2,0,0,294,2.0,1,7,0.9387755102040817,14,1,0.07142857142857142,-1.537000916714264,200
9,1,9,0,0,1,1,8,0.1111111111111111,5,5,0.5555555555555556,1,0,0.0,-0.1683771315377125,200
9,14,126,0,0,1,1,112,1.5555555555555556,5,9,0.9682539682539683,14,0,0.0,-1.5320731597512929,200
11,1,11,1,2,1,0,55,0.09090909090909091,1,1,0.09090909090909091,1,1,1.0,nan,200
8,20,160,1,2,1,1,560,2.5,1,8,0.95625,20,0,0.0,-1.902313287888544,200
8,17,136,0,0,1,0,119,2.125,1,8,0.7941176470588235,17,0,0.0,-1.3165176377279646,200
7,6,42,0,2,1,1,126,0.8571428571428571,1,7,0.8571428571428571,6,0,0.0,-0.5428594778577293,200
2,5,10,0,1,0,0,10,2.5,1,2,0.9,5,0,0.0,-0.2930630132465203,200
4,14,56,0,1,0,1,56,3.5,4,4,1.0,14,0,0.0,-0.14535228379836754,200
8,16,128,0,0,1,1,112,2.0,4,8,0.96875,16,0,0.0,-1.4150019718020117,200
7,10,70,1,2,1,1,210,1.4285714285714286,1,7,0.9142857142857143,10,2,0.2,-1.5007572213219122,200
2,12,24,0,1,0,1,24,6.0,2,2,1.0,12,0,0.0,-0.2915200696414701,200
11,9,99,0,1,0,0,99,0.8181818181818182,1,11,0.696969696969697,9,0,0.0,-0.8751651799156114,200
9,16,144,1,1,1,1,144,1.7777777777777777,4,9,0.9652777777777778,16,0,0.0,-2.1019493854003524,200
9,1,9,0,0,0,1,8,0.1111111111111111,9,9,1.0,1,0,0.0,-0.05022660007929512,200
11,3,33,1,0,0,1,30,0.2727272727272727,11,11,1.0,3,0,0.0,-1.1772740079207507,200
8,18,144,0,0,1,0,126,2.25,1,8,0.8055555555555556,18,0,0.0,-1.3793427180884192,200
12,10,120,1,2,1,0,660,0.8333333333333334,1,12,0.9083333333333333,10,0,0.0,-1.9777453659170414,200
3,6,18,0,1,1,0,18,2.0,2,3,0.9444444444444444,6,0,0.0,-0.40138435061283795,200
7,7,49,0,1,0,1,49,1.0,7,7,1.0,7,0,0.0,-0.05976040806117639,200
4,16,64,1,0,0,1,48,4.0,4,4,1.0,16,0,0.0,-0.987354785623072,200
7,7,49,0,2,0,1,147,1.0,7,7,1.0,7,0,0.0,0.4085508847443939,200
4,5,20,0,1,0,1,20,1.25,4,4,1.0,5,0,0.0,-0.13568543455912305,200
11,7,77,0,1,0,0,77,0.6363636363636364,1,11,0.6103896103896104,7,0,0.0,-0.7654576026977794,200
6,9,54,0,1,0,0,54,1.5,1,6,0.8333333333333334,9,0,0.0,-0.766596433896241,200
2,3,6,1,2,0,0,3,1.5,1,2,0.8333333333333334,3,0,0.0,-0.6138129095361579,200
12,19,228,1,0,0,0,209,1.5833333333333333,1,12,0.7105263157894737,19,1,0.05263157894736842,-1.0383834102969325,200
7,7,49,0,2,0,0,147,1.0,1,7,0.8775510204081632,7,0,0.0,0.09147548496196438,200
11,9,99,0,2,1,0,495,0.8181818181818182,1,11,0.898989898989899,9,0,0.0,-1.010794372982396,200
7,16,112,0,1,1,0,112,2.2857142857142856,6,7,0.9910714285714286,16,0,0.0,-1.244578160811974,200
5,6,30,1,0,0,1,24,1.2,5,5,1.0,6,0,0.0,-1.3257326819060826,200
10,5,50,1,2,0,1,225,0.5,10,10,1.0,5,0,0.0,-1.2679411999012113,200
11,6,66,1,0,0,1,60,0.5454545454545454,11,11,1.0,6,0,0.0,-2.184895048409839,200
9,18,162,1,0,0,0,144,2.0,1,9,0.7777777777777778,18,1,0.05555555555555555,-1.0566978910270903,200
11,17,187,0,1,0,0,187,1.5454545454545454,1,11,0.839572192513369,17,0,0.0,-1.132206079664639,200
6,5,30,0,0,0,0,25,0.8333333333333334,1,5,0.5,5,0,0.0,-0.5218107461382895,200
5,20,100,0,0,0,1,80,4.0,5,5,1.0,20,0,0.0,-0.6411451249392652,200
11,2,22,1,1,0,1,22,0.18181818181818182,11,11,1.0,2,0,0.0,-0.7089749151617547,200
9,9,81,0,1,0,0,81,1.0,1,9,0.7530864197530864,9,0,0.0,-0.8838533247704977,200
8,2,16,0,2,1,1,56,0.25,1,8,0.5625,2,0,0.0,-0.3410621632926811,200
11,5,55,1,0,1,1,50,0.45454545454545453,6,11,0.9090909090909091,5,0,0.0,-2.0228051826640137,200
3,18,54,1,1,0,1,54,6.0,3,3,1.0,18,0,0.0,-0.7621573605610331,200
7,19,133,0,2,0,0,399,2.7142857142857144,1,7,0.9548872180451128,19,0,0.0,0.03950487183238883,200
7,7,49,1,0,0,0,42,1.0,1,7,0.5714285714285714,7,4,0.5714285714285714,-0.5174473456914481,200
10,18,180,1,1,0,1,180,1.8,10,10,1.0,18,0,0.0,-2.3799496158196454,200
7,3,21,1,2,1,1,63,0.42857142857142855,1,7,0.7142857142857143,3,2,0.6666666666666666,-0.3006707056983677,200
9,16,144,0,0,1,0,128,1.7777777777777777,1,9,0.75,16,0,0.0,-1.3332215133715182,200
9,4,36,0,1,1,1,36,0.4444444444444444,4,9,0.8611111111111112,4,0,0.0,-0.7791028374712604,200
8,13,104,0,1,0,0,104,1.625,1,8,0.8461538461538461,13,0,0.0,-0.9223488853486127,200
12,13,156,1,1,0,0,156,1.0833333333333333,1,12,0.7692307692307693,13,3,0.23076923076923078,-1.1674037682574687,200
9,13,117,1,1,0,0,117,1.4444444444444444,1,9,0.8290598290598291,13,0,0.0,-1.5163046732575698,200
6,13,78,0,1,0,1,78,2.1666666666666665,6,6,1.0,13,0,0.0,-0.26021204836190387,200
9,19,171,1,1,0,0,171,2.111111111111111,1,9,0.8830409356725146,19,0,0.0,-1.5333557287363497,200
6,19,114,0,0,0,1,95,3.1666666666666665,6,6,1.0,19,0,0.0,-0.6240214421886012,200
8,20,160,0,1,1,1,160,2.5,4,8,0.975,20,0,0.0,-1.4871879675218438,200
4,10,40,0,0,1,0,30,2.5,1,4,0.85,10,0,0.0,-0.6147718156724856,200
10,6,60,1,1,1,0,60,0.6,9,10,0.9833333333333333,6,0,0.0,-2.235717522488723,200
11,8,88,0,1,0,0,88,0.7272727272727273,1,11,0.6590909090909091,8,0,0.0,-0.826127531123111,200
3,14,42,0,1,1,0,42,4.666666666666667,2,3,0.9761904761904762,14,0,0.0,-0.4735262422860444,200
11,8,88,0,2,0,1,440,0.7272727272727273,11,11,1.0,8,0,0.0,0.7120159022952763,200
8,5,40,0,0,1,1,35,0.625,4,8,0.9,5,0,0.0,-0.7646823220322486,200
7,8,56,0,2,0,1,168,1.1428571428571428,7,7,1.0,8,0,0.0,0.4266562296682552,200
12,17,204,1,2,1,0,1122,1.4166666666666667,1,12,0.946078431372549,17,0,0.0,-2.848143314264771,200
10,6,60,0,1,0,1,60,0.6,10,10,1.0,6,0,0.0,-0.32668719370868105,200
11,19,209,0,0,1,0,190,1.7272727272727273,1,11,0.7368421052631579,19,0,0.0,-1.6323991241078057,200
4,5,20,1,0,1,1,15,1.25,2,4,0.9,5,0,0.0,-1.304916350434077,200
10,2,20,1,0,1,1,18,0.2,5,10,0.75,2,0,0.0,-0.7539119446400334,200
10,8,80,1,0,0,1,72,0.8,10,10,1.0,8,0,0.0,-2.5089635587625883,200
7,13,91,1,0,1,0,78,1.8571428571428572,1,7,0.7692307692307693,13,0,0.0,-1.615010148913828,200
2,9,18,1,0,1,0,9,4.5,1,2,0.9444444444444444,9,0,0.0,-0.7050326113322639,200
10,20,200,0,1,1,1,200,2.0,5,10,0.975,20,0,0.0,-2.02171889507869,200
2,15,30,1,2,1,1,15,7.5,1,2,0.9666666666666667,15,0,0.0,-0.7041151565119833,200
2,6,12,0,1,1,0,12,3.0,1,2,0.9166666666666666,6,0,0.0,-0.3880427931683323,200
5,20,100,0,0,1,1,80,4.0,3,5,0.98,20,0,0.0,-0.8137831265593003,200
2,13,26,1,2,1,0,13,6.5,1,2,0.9615384615384616,13,0,0.0,-0.6762137666574841,200
4,18,72,0,0,1,0,54,4.5,1,4,0.9166666666666666,18,0,0.0,-0.6645000824876937,200
8,4,32,1,1,1,1,32,0.5,4,8,0.875,4,0,0.0,-1.4767463626883865,200
8,2,16,0,2,1,1,56,0.25,1,8,0.5625,2,0,0.0,-0.2873947143212808,200
10,13,130,1,2,0,1,585,1.3,10,10,1.0,13,0,0.0,-2.15229448441712,200
8,8,64,1,1,0,0,64,1.0,1,8,0.75,8,0,0.0,-0.9915306330805826,200
5,3,15,1,0,0,0,12,0.6,1,3,0.4,3,2,0.6666666666666666,-0.2785875685700701,200
6,6,36,0,2,1,1,90,1.0,1,6,0.8611111111111112,6,0,0.0,-0.5181590139025626,200
4,9,36,1,1,0,0,36,2.25,1,4,0.8888888888888888,9,0,0.0,-1.010844246836688,200
12,7,84,0,2,0,0,462,0.5833333333333334,1,12,0.8690476190476191,7,0,0.0,0.3304515581793656,200
5,12,60,1,2,0,0,120,2.4,1,5,0.9333333333333333,12,0,0.0,-1.0839503661672085,200
5,4,20,1,0,1,1,16,0.8,3,5,0.9,4,0,0.0,-1.1859710613566106,200
2,13,26,1,0,0,1,13,6.5,2,2,1.0,13,0,0.0,-0.6462762049263894,200
2,1,2,1,0,0,1,1,0.5,2,2,1.0,1,0,0.0,-0.29684395515130313,200
8,4,32,0,2,1,0,112,0.5,1,8,0.78125,4,0,0.0,-0.4916294230703274,200
3,6,18,0,1,1,1,18,2.0,1,3,0.8888888888888888,6,0,0.0,-0.4892600090982298,200
6,14,84,0,0,1,0,70,2.3333333333333335,1,6,0.8214285714285714,14,0,0.0,-0.9385473831504081,200
10,6,60,0,2,1,0,270,0.6,1,10,0.85,6,0,0.0,-0.6776274256881716,200
11,19,209,0,0,0,1,190,1.7272727272727273,11,11,1.0,19,0,0.0,-1.6733436174310623,200
5,8,40,0,2,0,1,80,1.6,5,5,1.0,8,0,0.0,0.30188356153365115,200
5,1,5,0,1,0,1,5,0.2,5,5,1.0,1,0,0.0,-0.13231710465265448,200
10,20,200,1,0,0,0,180,2.0,1,10,0.775,20,1,0.05,-1.1167693280316622,200
8,20,160,0,1,1,1,160,2.5,4,8,0.975,20,0,0.0,-1.5210289034568476,200
6,3,18,1,1,1,0,18,0.5,5,6,0.9444444444444444,3,0,0.0,-0.7981731570214514,200
6,12,72,0,2,1,0,180,2.0,1,6,0.9305555555555556,12,0,0.0,-0.8867241612614996,200
10,15,150,1,0,1,0,135,1.5,1,10,0.7,15,0,0.0,-2.2550282261738293,200
6,9,54,0,1,1,0,54,1.5,5,6,0.9814814814814815,9,0,0.0,-0.9426429081916544,200
4,18,72,0,1,0,0,72,4.5,1,4,0.9444444444444444,18,0,0.0,-0.4458444718288625,200
5,7,35,0,2,1,1,70,1.4,1,5,0.8857142857142857,7,0,0.0,-0.570390353748096,200
3,15,45,1,0,0,1,30,5.0,3,3,1.0,15,0,0.0,-0.8271664681730732,200
11,4,44,0,0,0,1,40,0.36363636363636365,11,11,1.0,4,0,0.0,-0.8781654051261539,200
5,1,5,0,0,0,0,4,0.2,1,1,0.2,1,0,0.0,-0.3091193153913366,200
7,15,105,1,2,0,0,315,2.142857142857143,1,7,0.9428571428571428,15,0,0.0,-1.5548968448317495,200
10,20,200,0,0,1,0,180,2.0,1,10,0.775,20,0,0.0,-1.7084157195118204,200
8,2,16,1,2,1,1,56,0.25,1,8,0.5625,2,0,0.0,-0.6107230921977311,200
10,14,140,1,2,0,0,630,1.4,1,10,0.9357142857142857,14,0,0.0,-2.15920790618102,200
7,6,42,0,1,1,0,42,0.8571428571428571,6,7,0.9761904761904762,6,0,0.0,-0.8764272739751643,200
12,4,48,0,1,1,0,48,0.3333333333333333,11,12,0.9791666666666666,4,0,0.0,-0.7365378171542865,200
7,2,14,0,2,1,0,42,0.2857142857142857,1,7,0.5714285714285714,2,0,0.0,-0.3570427616339248,200
10,14,140,1,1,1,1,140,1.4,5,10,0.9642857142857143,14,0,0.0,-2.327858034802422,200
4,14,56,0,0,0,1,42,3.5,4,4,1.0,14,0,0.0,-0.3264376328855354,200
12,15,180,1,2,0,1,990,1.25,12,12,1.0,15,0,0.0,-2.5997734548975884,200
5,18,90,1,0,1,0,72,3.6,1,5,0.8888888888888888,18,1,0.05555555555555555,-1.1958518905484135,200
12,11,132,1,1,1,1,132,0.9166666666666666,6,12,0.9545454545454546,11,0,0.0,-2.862069999996786,200
11,16,176,0,0,1,0,160,1.4545454545454546,1,11,0.6875,16,0,0.0,-1.410925883816158,200
10,20,200,1,1,1,1,200,2.0,5,10,0.975,20,0,0.0,-2.35776292239565,200
7,16,112,0,0,0,0,96,2.2857142857142856,1,7,0.8125,16,0,0.0,-0.6159596383952064,200
9,17,153,1,2,0,1,612,1.8888888888888888,9,9,1.0,17,0,0.0,-2.0217141471293703,200
5,9,45,0,2,1,1,90,1.8,1,5,0.9111111111111111,9,0,0.0,-0.6831768704963653,200
4,7,28,1,2,0,0,42,1.75,1,4,0.8928571428571429,7,0,0.0,-0.8682965455036666,200
7,13,91,1,1,0,1,91,1.8571428571428572,7,7,1.0,13,0,0.0,-1.647091057829526,200
3,1,3,0,2,0,1,3,0.3333333333333333,3,3,1.0,1,0,0.0,-0.25284708211412776,200
9,10,90,0,1,1,1,90,1.1111111111111112,4,9,0.9444444444444444,10,0,0.0,-1.4772883137233206,200
4,8,32,1,2,0,0,48,2.0,1,4,0.90625,8,0,0.0,-0.9833918300645037,200
6,12,72,1,1,0,1,72,2.0,6,6,1.0,12,0,0.0,-1.389505145184367,200
6,1,6,0,0,1,1,5,0.16666666666666666,3,3,0.5,1,0,0.0,-0.2623253102132706,200
9,17,153,0,0,1,1,136,1.8888888888888888,5,9,0.9738562091503268,17,0,0.0,-1.647863680108257,200
3,11,33,0,2,1,1,33,3.6666666666666665,1,3,0.9393939393939394,11,0,0.0,-0.45915660485182713,200
9,15,135,1,2,0,0,540,1.6666666666666667,1,9,0.9407407407407408,15,2,0.13333333333333333,-1.7495296173147226,200
9,11,99,0,1,1,1,99,1.2222222222222223,4,9,0.9494949494949495,11,0,0.0,-1.5324365722513094,200
6,3,18,1,2,1,0,45,0.5,1,6,0.7222222222222222,3,2,0.6666666666666666,-0.3015812626522789,200
12,14,168,1,0,0,0,154,1.1666666666666667,1,12,0.6071428571428571,14,2,0.14285714285714285,-0.90667516083505,200
8,2,16,0,1,0,0,16,0.25,1,3,0.25,2,0,0.0,-0.4913716984219459,200
2,11,22,0,1,1,0,22,5.5,1,2,0.9545454545454546,11,0,0.0,-0.37767879564505674,200
2,20,40,0,0,0,1,20,10.0,2,2,1.0,20,0,0.0,-0.17693132867596426,200
11,20,220,1,0,0,0,200,1.8181818181818181,1,11,0.75,20,0,0.0,-1.1068192300564237,200
7,4,28,1,0,1,0,24,0.5714285714285714,1,4,0.35714285714285715,4,0,0.0,-0.9548537480441428,200
9,20,180,0,2,0,1,720,2.2222222222222223,9,9,1.0,20,0,0.0,0.5160176543393608,200
9,18,162,0,1,0,0,162,2.0,1,9,0.8765432098765432,18,0,0.0,-1.1166221477589067,200
11,18,198,0,2,1,0,990,1.6363636363636365,1,11,0.9494949494949495,18,0,0.0,-1.7459216631574979,200
8,11,88,1,0,1,1,77,1.375,4,8,0.9545454545454546,11,0,0.0,-1.8345541353453665,200
11,20,220,1,0,0,0,200,1.8181818181818181,1,11,0.75,20,0,0.0,-1.1532518059577272,200
12,8,96,1,1,1,0,96,0.6666666666666666,11,12,0.9895833333333334,8,0,0.0,-2.8506494519234855,200
6,3,18,1,2,0,0,45,0.5,1,6,0.7222222222222222,3,0,0.0,-0.8529087603031009,200
5,4,20,1,1,1,1,20,0.8,2,5,0.85,4,0,0.0,-0.918692265918661,200
5,20,100,0,0,1,1,80,4.0,3,5,0.98,20,0,0.0,-0.8182659000634558,200
11,9,99,1,1,0,1,99,0.8181818181818182,11,11,1.0,9,0,0.0,-2.936809611862844,200
11,11,121,0,0,0,0,110,1.0,1,11,0.5454545454545454,11,0,0.0,-0.6068518447160892,200
2,11,22,1,0,1,0,11,5.5,1,2,0.9545454545454546,11,1,0.09090909090909091,-0.7372859524513344,200
10,8,80,1,0,1,1,72,0.8,5,10,0.9375,8,0,0.0,-2.3302606862920037,200
8,18,144,0,2,1,0,504,2.25,1,8,0.9513888888888888,18,0,0.0,-1.4157201306029676,200
2,10,20,0,0,1,1,10,5.0,1,2,0.95,10,0,0.0,-0.3609715324769875,200
9,6,54,0,2,0,1,216,0.6666666666666666,9,9,1.0,6,0,0.0,0.6009877907956644,200
6,8,48,0,2,0,0,120,1.3333333333333333,1,6,0.8958333333333334,8,0,0.0,0.003236691994154265,200
10,6,60,0,0,0,1,54,0.6,10,10,1.0,6,0,0.0,-1.0423511246588948,200
5,6,30,0,0,0,1,24,1.2,5,5,1.0,6,0,0.0,-0.6490816454936911,200
3,2,6,1,0,0,1,4,0.6666666666666666,3,3,1.0,2,0,0.0,-0.40074102979320136,200
9,14,126,0,2,1,0,504,1.5555555555555556,1,9,0.9365079365079365,14,0,0.0,-1.2925664928884828,200
9,6,54,0,2,1,1,216,0.6666666666666666,1,9,0.8518518518518519,6,0,0.0,-0.5687264029241963,200
5,6,30,0,0,1,0,24,1.2,1,5,0.6666666666666666,6,0,0.0,-0.5217328295051993,200
11,5,55,0,0,1,0,50,0.45454545454545453,1,5,0.2727272727272727,5,0,0.0,-0.46682792944700313,200
4,17,68,0,2,0,0,102,4.25,1,4,0.9558823529411765,17,0,0.0,-0.14794822649194994,200
11,11,121,1,1,1,0,121,1.0,10,11,0.9917355371900827,11,0,0.0,-2.644433256462481,200
7,14,98,1,1,1,1,98,2.0,3,7,0.9591836734693877,14,0,0.0,-1.5979237863543179,200
3,17,51,0,0,1,0,34,5.666666666666667,1,3,0.9411764705882353,17,0,0.0,-0.478101627459346,200
12,19,228,1,1,0,0,228,1.5833333333333333,1,12,0.8421052631578947,19,0,0.0,-1.5398162967461002,200
8,10,80,1,2,1,1,280,1.25,1,8,0.9125,10,0,0.0,-1.7027651926930882,200
7,5,35,0,0,0,1,30,0.7142857142857143,7,7,1.0,5,0,0.0,-0.7738739700254855,200
6,13,78,0,1,1,0,78,2.1666666666666665,5,6,0.9871794871794872,13,0,0.0,-0.9861306154706888,200
5,7,35,1,0,0,1,28,1.4,5,5,1.0,7,0,0.0,-1.2669375688026931,200
12,14,168,1,2,0,1,924,1.1666666666666667,12,12,1.0,14,0,0.0,-2.604447278190867,200
3,13,39,0,1,1,0,39,4.333333333333333,2,3,0.9743589743589743,13,0,0.0,-0.45259762952299204,200
8,15,120,0,0,1,0,105,1.875,1,8,0.7666666666666667,15,0,0.0,-1.2149173754994322,200
9,1,9,0,1,0,1,9,0.1111111111111111,9,9,1.0,1,0,0.0,-0.15641721235298486,200
7,9,63,0,2,0,0,189,1.2857142857142858,1,7,0.9047619047619048,9,0,0.0,0.07222971024178494,200
11,19,209,0,0,1,1,190,1.7272727272727273,6,11,0.9760765550239234,19,0,0.0,-2.0702828947031273,200
11,7,77,0,1,1,0,77,0.6363636363636364,10,11,0.987012987012987,7,0,0.0,-1.315924366231633,200
2,12,24,0,2,0,0,12,6.0,1,2,0.9583333333333334,12,0,0.0,-0.2873196051844415,200
8,14,112,1,2,0,1,392,1.75,8,8,1.0,14,0,0.0,-1.756297444697999,200
7,7,49,1,1,1,0,49,1.0,6,7,0.9795918367346939,7,0,0.0,-1.582562704293563,200
9,2,18,0,1,1,0,18,0.2222222222222222,8,9,0.9444444444444444,2,0,0.0,-0.33345597271454197,200
8,5,40,0,0,0,0,35,0.625,1,5,0.375,5,0,0.0,-0.4875259258661517,200
11,13,143,0,2,1,1,715,1.1818181818181819,1,11,0.9300699300699301,13,0,0.0,-1.1005650120361703,200
11,19,209,1,2,0,1,1045,1.7272727272727273,11,11,1.0,19,0,0.0,-2.523040886992623,200
8,18,144,1,1,1,1,144,2.25,4,8,0.9722222222222222,18,0,0.0,-1.8371860774534907,200
9,2,18,1,0,1,1,16,0.2222222222222222,5,9,0.7777777777777778,2,1,0.5,-0.2325491182538897,200
11,5,55,1,0,1,0,50,0.45454545454545453,1,5,0.2727272727272727,5,1,0.2,-0.8068375927284601,200
12,15,180,0,0,0,0,165,1.25,1,12,0.6333333333333333,15,0,0.0,-0.632278611972142,200
5,15,75,1,1,1,0,75,3.0,4,5,0.9866666666666667,15,0,0.0,-1.1282812473709567,200
9,8,72,1,2,1,1,288,0.8888888888888888,1,9,0.8888888888888888,8,1,0.125,-1.2859375000739361,200
4,15,60,0,0,0,1,45,3.75,4,4,1.0,15,0,0.0,-0.3487151886509784,200
7,5,35,0,0,1,0,30,0.7142857142857143,1,5,0.42857142857142855,5,0,0.0,-0.48348650270314997,200
3,11,33,1,0,1,1,22,3.6666666666666665,2,3,0.9696969696969697,11,0,0.0,-0.7730957065284306,200
7,4,28,0,0,1,0,24,0.5714285714285714,1,4,0.35714285714285715,4,0,0.0,-0.4464942272617284,200
11,20,220,1,2,1,0,1100,1.8181818181818181,1,11,0.9545454545454546,20,0,0.0,-2.5888848763249244,200
12,7,84,1,2,1,1,462,0.5833333333333334,1,12,0.8690476190476191,7,0,0.0,-1.061395539976468,200
11,12,132,0,1,0,0,132,1.0909090909090908,1,11,0.7727272727272727,12,0,0.0,-0.98074912147345,200
5,6,30,0,1,0,0,30,1.2,1,5,0.8,6,0,0.0,-0.4992927113684341,200
11,7,77,1,0,0,0,70,0.6363636363636364,1,7,0.36363636363636365,7,0,0.0,-0.755460135822232,200
10,4,40,0,2,0,1,180,0.4,10,10,1.0,4,0,0.0,0.6635672216946045,200
5,16,80,0,2,1,1,160,3.2,1,5,0.95,16,0,0.0,-0.8251179757488935,200
5,20,100,1,1,0,1,100,4.0,5,5,1.0,20,0,0.0,-1.1345874805600096,200
12,1,12,1,1,0,0,12,0.08333333333333333,1,1,0.08333333333333333,1,0,0.0,-0.31684501536027954,200
8,2,16,0,0,0,1,14,0.25,8,8,1.0,2,0,0.0,-0.5811306788208949,200
11,8,88,0,2,1,0,440,0.7272727272727273,1,11,0.8863636363636364,8,0,0.0,-0.8810886054229109,200
7,2,14,1,0,1,0,12,0.2857142857142857,1,2,0.21428571428571427,2,1,0.5,-0.32259756573802906,200
7,6,42,1,2,0,1,126,0.8571428571428571,7,7,1.0,6,0,0.0,-1.277914490057959,200
8,19,152,1,1,1,0,152,2.375,7,8,0.993421052631579,19,0,0.0,-1.8319710854900941,200
6,8,48,0,1,0,0,48,1.3333333333333333,1,6,0.8125,8,0,0.0,-0.7146859825425238,200
3,2,6,0,2,1,1,6,0.6666666666666666,1,3,0.6666666666666666,2,0,0.0,-0.30683592224190204,200
5,10,50,1,0,0,1,40,2.0,5,5,1.0,10,0,0.0,-1.177001738481479,200
2,18,36,0,1,0,0,36,9.0,1,2,0.9722222222222222,18,0,0.0,-0.3075661902387354,200
11,11,121,1,0,0,0,110,1.0,1,11,0.5454545454545454,11,0,0.0,-0.8378019667814738,200
10,18,180,1,0,1,1,162,1.8,5,10,0.9722222222222222,18,0,0.0,-2.364856308157464,200
9,3,27,1,1,0,1,27,0.3333333333333333,9,9,1.0,3,0,0.0,-1.4175028530635896,200
7,3,21,1,2,0,0,63,0.42857142857142855,1,7,0.7142857142857143,3,0,0.0,-0.5942587956307998,200
8,14,112,1,2,1,0,392,1.75,1,8,0.9375,14,4,0.2857142857142857,-1.6447537411934607,200
4,15,60,0,1,1,1,60,3.75,2,4,0.9666666666666667,15,0,0.0,-0.6099186410938271,200
9,15,135,1,1,0,1,135,1.6666666666666667,9,9,1.0,15,0,0.0,-2.121428645902145,200
8,2,16,0,2,0,0,56,0.25,1,8,0.5625,2,0,0.0,-0.5346746045656386,200
8,20,160,1,0,0,0,140,2.5,1,8,0.825,20,0,0.0,-0.9942548824841194,200
2,2,4,0,2,0,0,2,1.0,1,2,0.75,2,0,0.0,-0.37664557691057926,200
9,7,63,0,1,0,0,63,0.7777777777777778,1,9,0.6825396825396826,7,0,0.0,-0.7810733722279539,200
2,8,16,0,2,0,0,8,4.0,1,2,0.9375,8,0,0.0,-0.31741623034611993,200
10,16,160,1,1,0,1,160,1.6,10,10,1.0,16,0,0.0,-2.345642380466669,200
2,3,6,1,1,0,0,6,1.5,1,2,0.8333333333333334,3,1,0.3333333333333333,-0.27651091857070664,200
11,11,121,0,0,1,0,110,1.0,1,11,0.5454545454545454,11,0,0.0,-0.9255416761979254,200
8,2,16,0,0,0,1,14,0.25,8,8,1.0,2,0,0.0,-0.4864338014139571,200
3,2,6,0,0,1,1,4,0.6666666666666666,2,3,0.8333333333333334,2,0,0.0,-0.386308914821374,200
4,9,36,0,0,0,0,27,2.25,1,4,0.8333333333333334,9,0,0.0,-0.5057633044212652,200
12,19,228,1,2,0,1,1254,1.5833333333333333,12,12,1.0,19,0,0.0,-2.730345877197216,200
3,1,3,1,1,1,1,3,0.3333333333333333,1,1,0.3333333333333333,1,1,1.0,nan,200
6,10,60,1,0,1,1,50,1.6666666666666667,3,6,0.95,10,0,0.0,-1.361197950864665,200
3,15,45,0,1,0,0,45,5.0,1,3,0.9555555555555556,15,0,0.0,-0.210097866886504,200
7,5,35,0,0,1,0,30,0.7142857142857143,1,5,0.42857142857142855,5,0,0.0,-0.4977428902896807,200
3,16,48,0,1,0,1,48,5.333333333333333,3,3,1.0,16,0,0.0,0.1109257949299586,200
11,15,165,1,2,1,1,825,1.3636363636363635,1,11,0.9393939393939394,15,0,0.0,-2.1311459399066326,200
9,17,153,1,2,0,0,612,1.8888888888888888,1,9,0.9477124183006536,17,1,0.058823529411764705,-1.9787559757099686,200
7,3,21,0,1,0,1,21,0.42857142857142855,7,7,1.0,3,0,0.0,-0.16439883851454573,200
10,7,70,1,2,0,1,315,0.7,10,10,1.0,7,0,0.0,-1.8482065592038661,200
3,6,18,0,2,1,1,18,2.0,1,3,0.8888888888888888,6,0,0.0,-0.43356858148850463,200
4,20,80,0,2,1,0,120,5.0,1,4,0.9625,20,0,0.0,-0.650174128998048,200
12,6,72,0,0,1,0,66,0.5,1,6,0.2916666666666667,6,0,0.0,-0.5370405749419472,200
4,14,56,0,1,1,0,56,3.5,3,4,0.9821428571428571,14,0,0.0,-0.5915357736237671,200
9,4,36,1,2,0,1,144,0.4444444444444444,9,9,1.0,4,0,0.0,-1.036835866203563,200
8,9,72,1,0,1,0,63,1.125,1,8,0.6111111111111112,9,1,0.1111111111111111,-1.3862784455860442,200
6,7,42,0,0,1,1,35,1.1666666666666667,3,6,0.9285714285714286,7,0,0.0,-0.7718244243267672,200
3,14,42,1,1,0,0,42,4.666666666666667,1,3,0.9523809523809523,14,1,0.07142857142857142,-0.6990967887526395,200
11,2,22,0,0,0,0,20,0.18181818181818182,1,2,0.13636363636363635,2,0,0.0,-0.41818670787964585,200
4,7,28,0,0,1,1,21,1.75,2,4,0.9285714285714286,7,0,0.0,-0.5649851883091713,200
12,4,48,0,0,0,0,44,0.3333333333333333,1,4,0.20833333333333334,4,0,0.0,-0.4407228190782936,200
6,10,60,1,1,1,0,60,1.6666666666666667,5,6,0.9833333333333333,10,0,0.0,-1.3161337874167676,200
6,1,6,1,2,1,1,15,0.16666666666666666,1,1,0.16666666666666666,1,1,1.0,nan,200
9,3,27,1,1,0,1,27,0.3333333333333333,9,9,1.0,3,0,0.0,-1.3004187633917248,200
2,1,2,0,0,0,0,1,0.5,1,1,0.5,1,0,0.0,-0.2941393794471545,200
7,18,126,1,1,0,0,126,2.5714285714285716,1,7,0.9047619047619048,18,0,0.0,-1.4304436078749816,200
4,13,52,0,2,0,0,78,3.25,1,4,0.9423076923076923,13,0,0.0,-0.192374595385001,200
9,3,27,0,0,0,1,24,0.3333333333333333,9,9,1.0,3,0,0.0,-0.625666351376278,200
12,5,60,0,1,1,1,60,0.4166666666666667,6,12,0.9,5,0,0.0,-1.1044626092949168,200
4,12,48,0,0,1,0,36,3.0,1,4,0.875,12,0,0.0,-0.622397550354863,200
9,18,162,0,0,0,0,144,2.0,1,9,0.7777777777777778,18,0,0.0,-0.686397304654438,200
2,16,32,1,1,0,1,32,8.0,2,2,1.0,16,0,0.0,-0.8137807079428074,200
8,15,120,0,2,0,0,420,1.875,1,8,0.9416666666666667,15,0,0.0,0.06643410545579981,200
4,2,8,0,1,1,1,8,0.5,2,4,0.75,2,0,0.0,-0.5154879493000026,200
2,9,18,1,2,0,1,9,4.5,2,2,1.0,9,0,0.0,-0.622538943876377,200
2,6,12,0,2,1,1,6,3.0,1,2,0.9166666666666666,6,0,0.0,-0.29669533917549656,200
7,15,105,1,2,0,0,315,2.142857142857143,1,7,0.9428571428571428,15,1,0.06666666666666667,-1.5638879015771971,200
10,5,50,0,2,1,0,225,0.5,1,10,0.82,5,0,0.0,-0.592181059116419,200
5,3,15,1,0,0,1,12,0.6,5,5,1.0,3,0,0.0,-0.7545549067929873,200
3,11,33,1,2,1,1,33,3.6666666666666665,1,3,0.9393939393939394,11,0,0.0,-0.8554097402392234,200
10,4,40,1,2,1,0,180,0.4,1,10,0.775,4,0,0.0,-1.0213517362731528,200
7,1,7,0,1,0,0,7,0.14285714285714285,1,1,0.14285714285714285,1,0,0.0,-0.31067881651110896,200
10,10,100,0,0,1,0,90,1.0,1,10,0.55,10,0,0.0,-0.8319136531453534,200
8,13,104,1,1,0,1,104,1.625,8,8,1.0,13,0,0.0,-1.9051295033565772,200
10,3,30,0,1,0,1,30,0.3,10,10,1.0,3,0,0.0,-0.26323860764258084,200
12,14,168,1,0,1,0,154,1.1666666666666667,1,12,0.6071428571428571,14,0,0.0,-2.3979200697342233,200
12,1,12,0,2,1,1,66,0.08333333333333333,1,1,0.08333333333333333,1,0,0.0,-0.3289908227269313,200
2,14,28,0,2,1,0,14,7.0,1,2,0.9642857142857143,14,0,0.0,-0.35578061582579346,200
12,14,168,0,0,0,1,154,1.1666666666666667,12,12,1.0,14,0,0.0,-1.4113366947219845,200
2,9,18,1,2,0,1,9,4.5,2,2,1.0,9,0,0.0,-0.7191743729258885,200
8,12,96,1,1,0,1,96,1.5,8,8,1.0,12,0,0.0,-1.9555809913381719,200
8,7,56,0,0,1,0,49,0.875,1,7,0.5,7,0,0.0,-0.5601043945513874,200
10,9,90,0,0,0,0,81,0.9,1,9,0.5,9,0,0.0,-0.5577926537623963,200
9,14,126,0,1,0,0,126,1.5555555555555556,1,9,0.8412698412698413,14,0,0.0,-0.9544395083576824,200
10,8,80,0,1,1,1,80,0.8,5,10,0.9375,8,0,0.0,-1.4716335762561148,200
5,16,80,1,2,1,0,160,3.2,1,5,0.95,16,1,0.0625,-1.1909555403787733,200
8,6,48,0,1,1,1,48,0.75,4,8,0.9166666666666666,6,0,0.0,-1.0079525091087054,200
12,14,168,0,1,1,1,168,1.1666666666666667,6,12,0.9642857142857143,14,0,0.0,-2.409629714531607,200
4,2,8,0,1,0,1,8,0.5,4,4,1.0,2,0,0.0,-0.10682482925972786,200
4,15,60,1,0,0,0,45,3.75,1,4,0.9,15,0,0.0,-0.9213108136493728,200
2,15,30,1,2,1,1,15,7.5,1,2,0.9666666666666667,15,1,0.06666666666666667,-0.6873536312807552,200
3,13,39,1,1,0,1,39,4.333333333333333,3,3,1.0,13,0,0.0,-0.793519281114003,200
5,3,15,0,2,0,0,30,0.6,1,5,0.7333333333333333,3,0,0.0,-0.0005475312875335385,200
11,18,198,0,2,0,0,990,1.6363636363636365,1,11,0.9494949494949495,18,0,0.0,0.19310709585039784,200
2,7,14,0,0,1,1,7,3.5,1,2,0.9285714285714286,7,0,0.0,-0.3442693789393544,200
11,11,121,1,2,0,0,605,1.0,1,11,0.9173553719008265,11,2,0.18181818181818182,-1.5147778025064813,200
9,19,171,1,1,1,0,171,2.111111111111111,8,9,0.9941520467836257,19,0,0.0,-2.0693072669247745,200
9,9,81,0,0,0,1,72,1.0,9,9,1.0,9,0,0.0,-0.9780319185463251,200
11,11,121,1,2,1,1,605,1.0,1,11,0.9173553719008265,11,0,0.0,-1.6358393432988458,200
4,20,80,1,2,0,1,120,5.0,4,4,1.0,20,0,0.0,-0.9362615034109745,200
6,17,102,1,2,1,0,255,2.8333333333333335,1,6,0.9509803921568627,17,0,0.0,-1.3974842333275879,200
2,20,40,0,0,1,1,20,10.0,1,2,0.975,20,0,0.0,-0.3424287303090641,200
12,13,156,1,0,1,0,143,1.0833333333333333,1,12,0.5769230769230769,13,3,0.23076923076923078,-1.6238775629796518,200
3,18,54,0,2,0,0,54,6.0,1,3,0.9629629629629629,18,0,0.0,-0.21603827912816204,200
6,2,12,0,2,1,1,30,0.3333333333333333,1,6,0.5833333333333334,2,0,0.0,-0.3256746925338885,200
6,2,12,1,2,1,1,30,0.3333333333333333,1,6,0.5833333333333334,2,0,0.0,-0.6012535356950962,200
8,14,112,0,0,1,0,98,1.75,1,8,0.75,14,0,0.0,-1.1263859101962979,200
10,7,70,0,1,0,1,70,0.7,10,10,1.0,7,0,0.0,-0.3255614149419493,200
11,3,33,1,0,0,1,30,0.2727272727272727,11,11,1.0,3,0,0.0,-1.3570528002192062,200
10,6,60,1,1,1,0,60,0.6,9,10,0.9833333333333333,6,0,0.0,-2.181965195100971,200
6,9,54,1,1,0,1,54,1.5,6,6,1.0,9,0,0.0,-1.4313353935044393,200
5,18,90,1,0,1,1,72,3.6,3,5,0.9777777777777777,18,0,0.0,-1.1680504058677283,200
8,6,48,1,0,1,1,42,0.75,4,8,0.9166666666666666,6,0,0.0,-1.7162611858848305,200
9,13,117,1,0,0,1,104,1.4444444444444444,9,9,1.0,13,0,0.0,-2.1348313535133148,200
2,19,38,1,0,0,0,19,9.5,1,2,0.9736842105263158,19,0,0.0,-0.7320589918076008,200
2,6,12,1,1,1,1,12,3.0,1,2,0.9166666666666666,6,0,0.0,-0.6686888425134065,200
2,6,12,1,1,0,1,12,3.0,2,2,1.0,6,0,0.0,-0.7767736480909041,200
7,18,126,0,0,0,0,108,2.5714285714285716,1,7,0.8333333333333334,18,0,0.0,-0.6204923728192745,200
2,18,36,1,0,0,0,18,9.0,1,2,0.9722222222222222,18,0,0.0,-0.6616585183849464,200
9,12,108,0,2,1,1,432,1.3333333333333333,1,9,0.9259259259259259,12,0,0.0,-0.9837786476200656,200
3,8,24,1,2,1,1,24,2.6666666666666665,1,3,0.9166666666666666,8,1,0.125,-0.9006494273709048,200
7,8,56,1,1,1,1,56,1.1428571428571428,3,7,0.9285714285714286,8,0,0.0,-1.6553663516060295,200
9,9,81,1,1,1,1,81,1.0,4,9,0.9382716049382716,9,0,0.0,-2.0542000844884045,200
9,11,99,1,0,1,0,88,1.2222222222222223,1,9,0.6363636363636364,11,1,0.09090909090909091,-1.8137122711092235,200
4,8,32,0,2,0,0,48,2.0,1,4,0.90625,8,0,0.0,-0.20005760258722868,200
11,8,88,1,0,0,1,80,0.7272727272727273,11,11,1.0,8,0,0.0,-2.7655576018784847,200
12,12,144,0,1,1,1,144,1.0,6,12,0.9583333333333334,12,0,0.0,-2.0937683147929294,200
6,12,72,1,2,1,1,180,2.0,1,6,0.9305555555555556,12,0,0.0,-1.4592572194911333,200
5,11,55,1,1,0,1,55,2.2,5,5,1.0,11,0,0.0,-1.143363042341396,200
9,4,36,0,0,1,1,32,0.4444444444444444,5,9,0.8888888888888888,4,0,0.0,-0.7392961297111887,200
3,8,24,0,0,0,0,16,2.6666666666666665,1,3,0.875,8,0,0.0,-0.41822653971263,200
4,12,48,1,0,0,0,36,3.0,1,4,0.875,12,0,0.0,-0.9762166646966093,200
4,2,8,1,2,1,1,12,0.5,1,4,0.625,2,0,0.0,-0.29868878845541824,200
5,19,95,1,0,0,1,76,3.8,5,5,1.0,19,0,0.0,-1.1855355689755498,200
2,17,34,1,1,0,0,34,8.5,1,2,0.9705882352941176,17,0,0.0,-0.6481574062488632,200
12,10,120,0,0,1,1,110,0.8333333333333334,6,12,0.95,10,0,0.0,-1.6114582529071877,200
6,14,84,1,1,0,1,84,2.3333333333333335,6,6,1.0,14,0,0.0,-1.374994699836156,200
2,4,8,1,2,0,0,4,2.0,1,2,0.875,4,0,0.0,-0.6341717051245352,200
8,1,8,1,1,1,0,8,0.125,7,7,0.875,1,0,0.0,-0.16690985837210104,200
3,5,15,1,0,1,1,10,1.6666666666666667,2,3,0.9333333333333333,5,0,0.0,-1.0443193241042474,200
6,7,42,0,0,0,0,35,1.1666666666666667,1,6,0.6428571428571429,7,0,0.0,-0.5152412402788878,200
10,5,50,0,2,1,0,225,0.5,1,10,0.82,5,0,0.0,-0.5843660317871628,200
7,18,126,0,2,0,0,378,2.5714285714285716,1,7,0.9523809523809523,18,0,0.0,0.03597397765107519,200
5,12,60,1,1,0,1,60,2.4,5,5,1.0,12,0,0.0,-1.0703337188138842,200
10,4,40,0,2,1,0,180,0.4,1,10,0.775,4,0,0.0,-0.484687737711087,200
8,15,120,0,0,0,1,105,1.875,8,8,1.0,15,0,0.0,-0.9865130012492209,200
12,2,24,1,1,0,1,24,0.16666666666666666,12,12,1.0,2,0,0.0,-0.7943074062131373,200
10,6,60,1,2,1,1,270,0.6,1,10,0.85,6,1,0.16666666666666666,-1.174678754485898,200
9,11,99,0,1,0,1,99,1.2222222222222223,9,9,1.0,11,0,0.0,-0.11712604373421218,200
12,13,156,1,0,1,0,143,1.0833333333333333,1,12,0.5769230769230769,13,0,0.0,-2.184508698107166,200
9,17,153,1,1,0,0,153,1.8888888888888888,1,9,0.869281045751634,17,0,0.0,-1.4702809180093699,200
11,7,77,1,1,1,1,77,0.6363636363636364,5,11,0.922077922077922,7,0,0.0,-2.5536837478381154,200
8,15,120,0,1,1,1,120,1.875,4,8,0.9666666666666667,15,0,0.0,-1.5011811236048587,200
8,1,8,0,0,0,1,7,0.125,8,8,1.0,1,0,0.0,-0.13005310902492812,200
8,7,56,0,0,1,1,49,0.875,4,8,0.9285714285714286,7,0,0.0,-0.9828142734250833,200
6,20,120,0,2,0,0,300,3.3333333333333335,1,6,0.9583333333333334,20,0,0.0,-0.031663820463002645,200
11,8,88,1,1,1,0,88,0.7272727272727273,10,11,0.9886363636363636,8,0,0.0,-2.559041905580079,200
2,5,10,0,0,0,0,5,2.5,1,2,0.9,5,0,0.0,-0.30458821737854075,200
11,10,110,1,2,1,0,550,0.9090909090909091,1,11,0.9090909090909091,10,0,0.0,-1.9369211542634737,200
8,8,64,0,2,1,1,224,1.0,1,8,0.890625,8,0,0.0,-0.713976496848768,200
4,2,8,0,1,1,0,8,0.5,3,4,0.875,2,0,0.0,-0.3565262732908731,200
6,1,6,1,2,1,0,15,0.16666666666666666,1,1,0.16666666666666666,1,0,0.0,-0.31079642380633177,200
12,18,216,0,0,1,0,198,1.5,1,12,0.6944444444444444,18,0,0.0,-1.5516906653422309,200
12,15,180,1,1,1,1,180,1.25,6,12,0.9666666666666667,15,0,0.0,-2.8537818152193375,200
6,4,24,1,1,1,1,24,0.6666666666666666,3,6,0.875,4,0,0.0,-1.099667539568463,200
6,4,24,1,0,0,1,20,0.6666666666666666,6,6,1.0,4,0,0.0,-1.517790225110053,200
5,6,30,1,1,1,1,30,1.2,2,5,0.9,6,0,0.0,-1.1288779134774196,200
8,6,48,1,2,0,1,168,0.75,8,8,1.0,6,0,0.0,-1.2019784769507127,200
7,18,126,0,0,1,0,108,2.5714285714285716,1,7,0.8333333333333334,18,0,0.0,-1.2180610594526167,200
2,7,14,0,2,0,1,7,3.5,2,2,1.0,7,0,0.0,-0.12100243915545628,200
12,11,132,0,2,0,0,726,0.9166666666666666,1,12,0.9166666666666666,11,0,0.0,0.27244476345190477,200
10,11,110,1,2,1,0,495,1.1,1,10,0.9181818181818182,11,2,0.18181818181818182,-2.1435641120404245,200
5,12,60,0,2,1,0,120,2.4,1,5,0.9333333333333333,12,0,0.0,-0.7224538487696699,200
12,6,72,1,1,0,0,72,0.5,1,11,0.5,6,0,0.0,-0.9494359349923897,200
9,18,162,1,2,1,1,648,2.0,1,9,0.9506172839506173,18,1,0.05555555555555555,-2.098010346227345,200
6,13,78,1,2,1,0,195,2.1666666666666665,1,6,0.9358974358974359,13,0,0.0,-1.4386035522850886,200
5,2,10,0,2,0,1,20,0.4,5,5,1.0,2,0,0.0,0.4652137270307495,200
8,16,128,0,2,0,1,448,2.0,8,8,1.0,16,0,0.0,0.42669549506227744,200
2,17,34,0,0,0,0,17,8.5,1,2,0.9705882352941176,17,0,0.0,-0.2709809517558662,200
11,14,154,0,0,0,1,140,1.2727272727272727,11,11,1.0,14,0,0.0,-1.5488978015636619,200
11,6,66,0,2,1,1,330,0.5454545454545454,1,11,0.8484848484848485,6,0,0.0,-0.543416827953397,200
3,17,51,1,2,1,0,51,5.666666666666667,1,3,0.9607843137254902,17,0,0.0,-0.8163125524204755,200
4,20,80,1,1,0,0,80,5.0,1,4,0.95,20,0,0.0,-0.9292690892323077,200
9,9,81,1,1,0,1,81,1.0,9,9,1.0,9,0,0.0,-2.203997956463208,200
2,12,24,1,0,1,0,12,6.0,1,2,0.9583333333333334,12,1,0.08333333333333333,-0.7376654619597581,200
10,10,100,1,0,1,0,90,1.0,1,10,0.55,10,0,0.0,-1.6310963727977903,200
5,3,15,1,1,0,0,15,0.6,1,5,0.6,3,2,0.6666666666666666,-0.3028605851350296,200
3,8,24,1,2,1,0,24,2.6666666666666665,1,3,0.9166666666666666,8,3,0.375,-0.8395906826273016,200
9,5,45,0,2,1,0,180,0.5555555555555556,1,9,0.8222222222222222,5,0,0.0,-0.5483757881901444,200
8,3,24,1,0,1,0,21,0.375,1,3,0.25,3,1,0.3333333333333333,-0.6033633804884263,200
7,10,70,0,0,0,1,60,1.4285714285714286,7,7,1.0,10,0,0.0,-0.9321000663789023,200
2,15,30,1,0,0,0,15,7.5,1,2,0.9666666666666667,15,0,0.0,-0.730351797608397,200
2,6,12,0,0,0,1,6,3.0,2,2,1.0,6,0,0.0,-0.13108463050779068,200
3,18,54,1,2,1,1,54,6.0,1,3,0.9629629629629629,18,1,0.05555555555555555,-0.8014105129976485,200
2,12,24,0,1,1,1,24,6.0,1,2,0.9583333333333334,12,0,0.0,-0.35060470835742297,200
4,6,24,0,2,0,1,36,1.5,4,4,1.0,6,0,0.0,0.20803398944084045,200
3,16,48,0,1,1,0,48,5.333333333333333,2,3,0.9791666666666666,16,0,0.0,-0.46644632382146844,200
6,14,84,0,2,1,1,210,2.3333333333333335,1,6,0.9404761904761905,14,0,0.0,-0.9461128297783175,200
8,6,48,0,2,0,0,168,0.75,1,8,0.8541666666666666,6,0,0.0,0.06132758277187148,200
4,11,44,1,0,1,1,33,2.75,2,4,0.9545454545454546,11,0,0.0,-0.9662965346460032,200
3,18,54,0,1,1,1,54,6.0,1,3,0.9629629629629629,18,0,0.0,-0.49274152212241096,200
2,6,12,1,2,1,1,6,3.0,1,2,0.9166666666666666,6,0,0.0,-0.7013843501337986,200
5,8,40,1,0,0,0,32,1.6,1,5,0.75,8,0,0.0,-0.8189836574472369,200
2,5,10,0,1,0,1,10,2.5,2,2,1.0,5,0,0.0,-0.3275849965858427,200
11,2,22,0,2,0,0,110,0.18181818181818182,1,11,0.5454545454545454,2,0,0.0,-0.5625171179337767,200
2,15,30,0,0,1,0,15,7.5,1,2,0.9666666666666667,15,0,0.0,-0.331339859671518,200
11,5,55,0,0,0,1,50,0.45454545454545453,11,11,1.0,5,0,0.0,-0.9398569650703328,200
11,12,132,0,1,0,0,132,1.0909090909090908,1,11,0.7727272727272727,12,0,0.0,-0.920636093419447,200
5,1,5,1,0,0,0,4,0.2,1,1,0.2,1,1,1.0,nan,200
9,6,54,1,1,1,1,54,0.6666666666666666,4,9,0.9074074074074074,6,0,0.0,-1.9228734102804477,200
6,8,48,0,2,1,1,120,1.3333333333333333,1,6,0.8958333333333334,8,0,0.0,-0.641013626540301,200
8,4,32,1,1,1,1,32,0.5,4,8,0.875,4,0,0.0,-1.2485024785451944,200
5,6,30,0,2,0,1,60,1.2,5,5,1.0,6,0,0.0,0.318574930439327,200
11,11,121,0,0,1,1,110,1.0,6,11,0.9586776859504132,11,0,0.0,-1.5587363078746042,200
7,7,49,0,1,1,0,49,1.0,6,7,0.9795918367346939,7,0,0.0,-1.0428878265946346,200
4,14,56,0,1,1,1,56,3.5,2,4,0.9642857142857143,14,0,0.0,-0.6344739981242771,200
11,8,88,0,2,1,1,440,0.7272727272727273,1,11,0.8863636363636364,8,0,0.0,-0.6541215731411362,200
5,8,40,1,2,1,0,80,1.6,1,5,0.9,8,2,0.25,-1.1172682592161414,200
11,19,209,1,2,0,0,1045,1.7272727272727273,1,11,0.9521531100478469,19,0,0.0,-2.4792528228261146,200
2,1,2,1,2,1,0,1,0.5,1,1,0.5,1,0,0.0,-0.3031285092077606,200
10,2,20,1,0,1,1,18,0.2,5,10,0.75,2,0,0.0,-0.7426186243791773,200
12,12,144,1,0,0,0,132,1.0,1,12,0.5416666666666666,12,0,0.0,-0.9129975665470493,200
2,8,16,1,2,1,0,8,4.0,1,2,0.9375,8,0,0.0,-0.7490492675996877,200
5,1,5,1,1,1,1,5,0.2,2,2,0.4,1,1,1.0,nan,200
2,16,32,0,1,0,0,32,8.0,1,2,0.96875,16,0,0.0,-0.3219316308012047,200
6,5,30,0,2,0,0,75,0.8333333333333334,1,6,0.8333333333333334,5,0,0.0,0.02938124704935391,200
12,1,12,0,0,1,0,11,0.08333333333333333,1,1,0.08333333333333333,1,0,0.0,-0.2996134656653698,200
7,9,63,0,1,0,1,63,1.2857142857142858,7,7,1.0,9,0,0.0,0.052772812895384755,200
11,6,66,0,0,0,0,60,0.5454545454545454,1,6,0.3181818181818182,6,0,0.0,-0.4876372290216379,200
12,7,84,1,0,0,0,77,0.5833333333333334,1,7,0.3333333333333333,7,1,0.14285714285714285,-0.6845063999433045,200
7,4,28,1,1,0,1,28,0.5714285714285714,7,7,1.0,4,0,0.0,-1.519375067304573,200
9,1,9,1,2,0,0,36,0.1111111111111111,1,1,0.1111111111111111,1,0,0.0,-0.3005204281159761,200
9,14,126,0,1,1,1,126,1.5555555555555556,4,9,0.9603174603174603,14,0,0.0,-1.6479737785396609,200
4,16,64,0,1,0,1,64,4.0,4,4,1.0,16,0,0.0,-0.1817144564394894,200
2,17,34,1,2,1,0,17,8.5,1,2,0.9705882352941176,17,0,0.0,-0.6695539117125759,200
11,3,33,1,1,0,1,33,0.2727272727272727,11,11,1.0,3,0,0.0,-1.2530467607937854,200
2,15,30,1,1,1,1,30,7.5,1,2,0.9666666666666667,15,0,0.0,-0.7066725616915697,200
2,8,16,0,0,1,0,8,4.0,1,2,0.9375,8,0,0.0,-0.326204512634121,200
6,3,18,0,1,1,1,18,0.5,3,6,0.8333333333333334,3,0,0.0,-0.5240871032924408,200
9,5,45,1,2,1,1,180,0.5555555555555556,1,9,0.8222222222222222,5,0,0.0,-0.9431045037154496,200
4,17,68,0,1,0,0,68,4.25,1,4,0.9411764705882353,17,0,0.0,-0.48388547453407044,200
8,1,8,1,0,0,0,7,0.125,1,1,0.125,1,0,0.0,-0.3202250478289266,200
10,13,130,1,2,1,1,585,1.3,1,10,0.9307692307692308,13,1,0.07692307692307693,-2.2975627756755648,200
8,4,32,1,0,1,0,28,0.5,1,4,0.3125,4,0,0.0,-0.7351787664403391,200
6,16,96,1,0,1,0,80,2.6666666666666665,1,6,0.84375,16,0,0.0,-1.4344246538670786,200
10,9,90,1,0,0,1,81,0.9,10,10,1.0,9,0,0.0,-2.4185508774376334,200
8,6,48,1,2,0,0,168,0.75,1,8,0.8541666666666666,6,0,0.0,-1.0731082369716276,200
8,5,40,1,2,1,1,140,0.625,1,8,0.825,5,0,0.0,-1.1712867355296674,200
3,1,3,0,1,0,1,3,0.3333333333333333,3,3,1.0,1,0,0.0,-0.24247097422960495,200
11,18,198,0,2,0,0,990,1.6363636363636365,1,11,0.9494949494949495,18,0,0.0,0.1810902826285976,200
11,19,209,1,1,1,0,209,1.7272727272727273,10,11,0.9952153110047847,19,0,0.0,-2.5745285572220444,200
7,4,28,1,2,0,0,84,0.5714285714285714,1,7,0.7857142857142857,4,0,0.0,-0.8202508294232931,200
8,8,64,1,2,0,1,224,1.0,8,8,1.0,8,0,0.0,-1.5023201754504765,200
6,8,48,1,0,0,1,40,1.3333333333333333,6,6,1.0,8,0,0.0,-1.4189062358546456,200
9,13,117,1,2,0,0,468,1.4444444444444444,1,9,0.9316239316239316,13,0,0.0,-1.8492460168676126,200
6,8,48,0,2,0,1,120,1.3333333333333333,6,6,1.0,8,0,0.0,0.36479748054149835,200
7,10,70,1,2,1,0,210,1.4285714285714286,1,7,0.9142857142857143,10,1,0.1,-1.5461458184451886,200
6,12,72,1,0,1,1,60,2.0,3,6,0.9583333333333334,12,0,0.0,-1.4000343533807018,200
7,11,77,1,2,0,1,231,1.5714285714285714,7,7,1.0,11,0,0.0,-1.506114030194127,200
7,8,56,0,1,0,0,56,1.1428571428571428,1,7,0.7857142857142857,8,0,0.0,-0.794419464277765,200
4,17,68,0,2,1,1,102,4.25,1,4,0.9558823529411765,17,0,0.0,-0.6498763980420269,200
8,19,152,0,0,1,1,133,2.375,4,8,0.9736842105263158,19,0,0.0,-1.4519261460364095,200
2,13,26,1,0,1,1,13,6.5,1,2,0.9615384615384616,13,0,0.0,-0.6443601492234587,200
2,20,40,1,2,1,1,20,10.0,1,2,0.975,20,0,0.0,-0.7552718464320959,200
10,11,110,0,2,1,0,495,1.1,1,10,0.9181818181818182,11,0,0.0,-1.1375996267882682,200
6,8,48,0,2,0,1,120,1.3333333333333333,6,6,1.0,8,0,0.0,0.36938014074519626,200
8,9,72,0,2,0,0,252,1.125,1,8,0.9027777777777778,9,0,0.0,0.10437425680973568,200
3,19,57,1,0,1,1,38,6.333333333333333,2,3,0.9824561403508771,19,1,0.05263157894736842,-0.8030804542631219,200
6,15,90,0,1,1,1,90,2.5,3,6,0.9666666666666667,15,0,0.0,-1.035459290554613,200
7,15,105,0,1,1,0,105,2.142857142857143,6,7,0.9904761904761905,15,0,0.0,-1.2335651198993034,200
2,3,6,0,0,1,0,3,1.5,1,2,0.8333333333333334,3,0,0.0,-0.3099655346736628,200
6,15,90,1,0,0,0,75,2.5,1,6,0.8333333333333334,15,0,0.0,-0.953948258457276,200
4,2,8,1,0,1,0,6,0.5,1,2,0.375,2,1,0.5,-0.3234491630983552,200
11,10,110,1,0,0,0,100,0.9090909090909091,1,10,0.5,10,2,0.2,-0.8077640975258494,200
7,19,133,1,2,0,0,399,2.7142857142857144,1,7,0.9548872180451128,19,0,0.0,-1.5854137235447079,200
10,15,150,0,1,0,0,150,1.5,1,10,0.8333333333333334,15,0,0.0,-1.050206323482723,200
2,16,32,0,2,0,0,16,8.0,1,2,0.96875,16,0,0.0,-0.324852977483131,200
6,17,102,1,1,1,1,102,2.8333333333333335,3,6,0.9705882352941176,17,0,0.0,-1.360098328413359,200
10,16,160,0,2,1,1,720,1.6,1,10,0.94375,16,0,0.0,-1.332098264840626,200
6,14,84,0,2,0,1,210,2.3333333333333335,6,6,1.0,14,0,0.0,0.2917914215901264,200
8,10,80,1,0,1,0,70,1.25,1,8,0.65,10,0,0.0,-1.6421258320538832,200
8,9,72,1,2,1,1,252,1.125,1,8,0.9027777777777778,9,1,0.1111111111111111,-1.4818521778713303,200
4,6,24,1,1,1,0,24,1.5,3,4,0.9583333333333334,6,0,0.0,-0.9620281280758235,200
4,6,24,1,2,1,1,36,1.5,1,4,0.875,6,0,0.0,-0.972198063224744,200
7,2,14,1,2,1,0,42,0.2857142857142857,1,7,0.5714285714285714,2,0,0.0,-0.6112041699787709,200
7,16,112,0,0,1,1,96,2.2857142857142856,4,7,0.9732142857142857,16,0,0.0,-1.2068939012339748,200
9,12,108,1,2,1,1,432,1.3333333333333333,1,9,0.9259259259259259,12,0,0.0,-2.1152840825936807,200
8,4,32,0,2,0,0,112,0.5,1,8,0.78125,4,0,0.0,0.09425435755348563,200
7,1,7,0,2,0,1,21,0.14285714285714285,7,7,1.0,1,0,0.0,-0.10532917364828444,200
4,4,16,1,2,0,1,24,1.0,4,4,1.0,4,0,0.0,-0.5973791346511619,200
3,19,57,1,0,1,0,38,6.333333333333333,1,3,0.9473684210526315,19,0,0.0,-0.8179661455653557,200
3,6,18,1,1,1,0,18,2.0,2,3,0.9444444444444444,6,0,0.0,-0.7405324912854916,200
5,1,5,0,2,1,1,10,0.2,1,1,0.2,1,0,0.0,-0.3040368950219706,200
3,10,30,0,2,0,1,30,3.3333333333333335,3,3,1.0,10,0,0.0,0.08036927697153377,200
11,16,176,0,1,1,0,176,1.4545454545454546,10,11,0.9943181818181818,16,0,0.0,-2.1969298189132713,200
6,12,72,0,1,1,1,72,2.0,3,6,0.9583333333333334,12,0,0.0,-1.012668091050367,200
12,10,120,1,0,1,1,110,0.8333333333333334,6,12,0.95,10,0,0.0,-2.8209693416051724,200
10,8,80,0,0,1,1,72,0.8,5,10,0.9375,8,0,0.0,-1.2520449919819376,200
12,5,60,1,1,0,0,60,0.4166666666666667,1,9,0.4166666666666667,5,4,0.8,-0.2996551405297901,200
7,14,98,0,2,1,1,294,2.0,1,7,0.9387755102040817,14,0,0.0,-1.0646184276128698,200
7,16,112,1,0,1,1,96,2.2857142857142856,4,7,0.9732142857142857,16,0,0.0,-1.6219665442316038,200
10,1,10,0,2,1,1,45,0.1,1,1,0.1,1,0,0.0,-0.30458012471279206,200
3,2,6,0,2,0,0,6,0.6666666666666666,1,3,0.6666666666666666,2,0,0.0,-0.43491123348036703,200
3,20,60,1,2,1,1,60,6.666666666666667,1,3,0.9666666666666667,20,0,0.0,-0.800102273812213,200
5,1,5,1,2,1,0,10,0.2,1,1,0.2,1,0,0.0,-0.2906437079531955,200
7,20,140,0,0,0,0,120,2.857142857142857,1,7,0.85,20,0,0.0,-0.6569637061364826,200
2,15,30,0,0,1,1,15,7.5,1,2,0.9666666666666667,15,0,0.0,-0.31972756978677863,200
11,6,66,0,0,1,0,60,0.5454545454545454,1,6,0.3181818181818182,6,0,0.0,-0.5786639957477313,200
8,16,128,0,2,1,0,448,2.0,1,8,0.9453125,16,0,0.0,-1.274122710573211,200
10,12,120,1,0,0,1,108,1.2,10,10,1.0,12,0,0.0,-2.4590277270876246,200
10,13,130,0,0,0,0,117,1.3,1,10,0.6538461538461539,13,0,0.0,-0.6531152790688344,200
11,13,143,1,0,1,1,130,1.1818181818181819,6,11,0.965034965034965,13,0,0.0,-2.577999561112011,200
6,5,30,0,0,1,1,25,0.8333333333333334,3,6,0.9,5,0,0.0,-0.637150942291765,200
10,20,200,0,2,0,1,900,2.0,10,10,1.0,20,0,0.0,0.5255558064567112,200
6,2,12,0,1,1,1,12,0.3333333333333333,3,6,0.75,2,0,0.0,-0.43827114874990625,200
9,12,108,1,2,0,1,432,1.3333333333333333,9,9,1.0,12,0,0.0,-1.8637930726000123,200
5,9,45,0,1,0,1,45,1.8,5,5,1.0,9,0,0.0,0.10281490960826772,200
7,12,84,0,0,1,0,72,1.7142857142857142,1,7,0.75,12,0,0.0,-0.935947454657387,200
3,1,3,1,2,1,1,3,0.3333333333333333,1,1,0.3333333333333333,1,0,0.0,-0.295762381768929,200
6,8,48,1,0,0,0,40,1.3333333333333333,1,6,0.6875,8,1,0.125,-0.7278359364369178,200
12,11,132,1,1,0,0,132,0.9166666666666666,1,12,0.7272727272727273,11,0,0.0,-1.1999705571770334,200
12,20,240,0,0,0,0,220,1.6666666666666667,1,12,0.725,20,0,0.0,-0.6908258330281587,200
8,20,160,0,1,1,1,160,2.5,4,8,0.975,20,0,0.0,-1.5066987349741565,200
5,7,35,0,0,1,1,28,1.4,3,5,0.9428571428571428,7,0,0.0,-0.6779868379803148,200
2,3,6,0,2,1,1,3,1.5,1,2,0.8333333333333334,3,0,0.0,-0.3102435724914259,200
4,10,40,0,1,1,0,40,2.5,3,4,0.975,10,0,0.0,-0.5945085461640955,200
6,3,18,1,2,1,1,45,0.5,1,6,0.7222222222222222,3,1,0.3333333333333333,-0.6438150523011636,200
2,17,34,1,0,0,1,17,8.5,2,2,1.0,17,0,0.0,-0.686169465378951,200
2,13,26,0,1,1,0,26,6.5,1,2,0.9615384615384616,13,0,0.0,-0.3809945001407471,200
9,4,36,0,1,0,1,36,0.4444444444444444,9,9,1.0,4,0,0.0,-0.2443548568109348,200
2,4,8,1,0,0,1,4,2.0,2,2,1.0,4,0,0.0,-0.6000009931410069,200
10,4,40,0,2,0,1,180,0.4,10,10,1.0,4,0,0.0,0.6865856969018541,200
7,17,119,0,0,0,0,102,2.4285714285714284,1,7,0.8235294117647058,17,0,0.0,-0.6286017411850287,200
7,20,140,0,2,0,0,420,2.857142857142857,1,7,0.9571428571428572,20,0,0.0,0.022011458344640432,200
11,3,33,0,1,0,0,33,0.2727272727272727,1,5,0.2727272727272727,3,0,0.0,-0.49774719240526516,200
11,3,33,0,2,1,1,165,0.2727272727272727,1,11,0.696969696969697,3,0,0.0,-0.3800532350740404,200
8,2,16,0,1,1,0,16,0.25,7,8,0.9375,2,0,0.0,-0.34565804027627245,200
9,13,117,1,0,1,1,104,1.4444444444444444,5,9,0.9658119658119658,13,0,0.0,-2.0642663812680317,200
10,17,170,0,1,1,1,170,1.7,5,10,0.9705882352941176,17,0,0.0,-1.9751903843563572,200
4,14,56,0,2,0,0,84,3.5,1,4,0.9464285714285714,14,0,0.0,-0.17665036648258275,200
7,18,126,1,2,0,0,378,2.5714285714285716,1,7,0.9523809523809523,18,1,0.05555555555555555,-1.5813747527974091,200
12,9,108,1,1,1,1,108,0.75,6,12,0.9444444444444444,9,0,0.0,-2.8779145191756075,200
6,13,78,0,2,0,0,195,2.1666666666666665,1,6,0.9358974358974359,13,0,0.0,-0.043212337071196864,200
11,7,77,0,1,0,0,77,0.6363636363636364,1,11,0.6103896103896104,7,0,0.0,-0.7099254999114396,200
12,2,24,0,2,1,0,132,0.16666666666666666,1,12,0.5416666666666666,2,0,0.0,-0.24473995492972356,200
7,3,21,0,2,0,1,63,0.42857142857142855,7,7,1.0,3,0,0.0,0.4806179399368856,200
8,4,32,1,0,1,0,28,0.5,1,4,0.3125,4,2,0.5,-0.6049538614892074,200
11,8,88,1,2,1,1,440,0.7272727272727273,1,11,0.8863636363636364,8,0,0.0,-1.439015359361322,200
6,19,114,0,0,0,0,95,3.1666666666666665,1,6,0.868421052631579,19,0,0.0,-0.6104416792753492,200
9,17,153,1,2,0,1,612,1.8888888888888888,9,9,1.0,17,0,0.0,-2.037045068209765,200
12,1,12,1,1,0,1,12,0.08333333333333333,12,12,1.0,1,0,0.0,0.04241335527886257,200
9,3,27,1,2,1,1,108,0.3333333333333333,1,9,0.7037037037037037,3,0,0.0,-0.8792365082729175,200
12,15,180,1,2,0,0,990,1.25,1,12,0.9388888888888889,15,0,0.0,-2.4083500176010566,200
9,4,36,0,1,0,1,36,0.4444444444444444,9,9,1.0,4,0,0.0,-0.2639646295263214,200
9,1,9,0,0,1,0,8,0.1111111111111111,1,1,0.1111111111111111,1,0,0.0,-0.28775436430963214,200
6,19,114,0,0,1,1,95,3.1666666666666665,3,6,0.9736842105263158,19,0,0.0,-1.0192827856619657,200
2,10,20,0,2,0,1,10,5.0,2,2,1.0,10,0,0.0,-0.1599619500787711,200
5,2,10,0,0,0,0,8,0.4,1,2,0.3,2,0,0.0,-0.40587610403668195,200
4,3,12,0,0,1,1,9,0.75,2,4,0.8333333333333334,3,0,0.0,-0.4369200063614368,200
9,8,72,1,1,1,0,72,0.8888888888888888,8,9,0.9861111111111112,8,0,0.0,-2.0796194854392143,200
4,20,80,0,1,1,1,80,5.0,2,4,0.975,20,0,0.0,-0.6281987283735099,200
5,1,5,0,2,0,1,10,0.2,5,5,1.0,1,0,0.0,-0.13969241418449288,200
12,5,60,1,1,0,1,60,0.4166666666666667,12,12,1.0,5,0,0.0,-2.362553498665979,200
10,5,50,1,1,1,1,50,0.5,5,10,0.9,5,0,0.0,-1.836527821128059,200
12,10,120,0,1,1,1,120,0.8333333333333334,6,12,0.95,10,0,0.0,-1.8401389813351836,200
3,2,6,0,0,0,0,4,0.6666666666666666,1,2,0.5,2,0,0.0,-0.388838569819382,200
2,4,8,1,1,1,0,8,2.0,1,2,0.875,4,0,0.0,-1.0890208920982714,200
6,16,96,1,1,0,1,96,2.6666666666666665,6,6,1.0,16,0,0.0,-1.3808146287816407,200
10,20,200,0,2,1,0,900,2.0,1,10,0.955,20,0,0.0,-1.7409347092608307,200
9,8,72,1,0,1,0,64,0.8888888888888888,1,8,0.5,8,0,0.0,-1.259315676987182,200
4,7,28,0,0,1,1,21,1.75,2,4,0.9285714285714286,7,0,0.0,-0.5577375698176907,200
2,1,2,0,1,0,1,2,0.5,2,2,1.0,1,0,0.0,-0.29281335914366763,200
10,3,30,0,1,0,0,30,0.3,1,5,0.3,3,0,0.0,-0.5171666850748633,200
3,9,27,1,0,0,1,18,3.0,3,3,1.0,9,0,0.0,-0.6829896494646244,200
9,12,108,1,2,0,1,432,1.3333333333333333,9,9,1.0,12,0,0.0,-1.8829893682611438,200
6,2,12,0,0,1,0,10,0.3333333333333333,1,2,0.25,2,0,0.0,-0.36300554452019457,200
8,9,72,0,0,1,0,63,1.125,1,8,0.6111111111111112,9,0,0.0,-0.7535014606046405,200
2,17,34,1,0,0,1,17,8.5,2,2,1.0,17,0,0.0,-0.6295828614366452,200
7,9,63,0,2,0,0,189,1.2857142857142858,1,7,0.9047619047619048,9,0,0.0,0.07427331220426345,200
3,15,45,1,0,0,0,30,5.0,1,3,0.9333333333333333,15,0,0.0,-0.8735737570771578,200
12,11,132,0,2,0,1,726,0.9166666666666666,12,12,1.0,11,0,0.0,0.669800961926443,200
10,12,120,0,0,0,1,108,1.2,10,10,1.0,12,0,0.0,-1.1756822973041667,200
7,13,91,1,0,0,0,78,1.8571428571428572,1,7,0.7692307692307693,13,0,0.0,-0.9256173043658977,200
7,3,21,0,2,1,1,63,0.42857142857142855,1,7,0.7142857142857143,3,0,0.0,-0.3403423208891048,200
8,5,40,1,1,1,0,40,0.625,7,8,0.975,5,0,0.0,-1.8820776803000745,200
12,9,108,0,1,1,1,108,0.75,6,12,0.9444444444444444,9,0,0.0,-1.7474645119935464,200
8,5,40,1,0,0,0,35,0.625,1,5,0.375,5,1,0.2,-0.6594693808296056,200
7,1,7,1,2,1,1,21,0.14285714285714285,1,1,0.14285714285714285,1,1,1.0,nan,200
6,1,6,0,1,1,0,6,0.16666666666666666,5,5,0.8333333333333334,1,0,0.0,-0.20279994065239987,200
7,3,21,1,0,0,1,18,0.42857142857142855,7,7,1.0,3,0,0.0,-1.2798288839703367,200
5,13,65,1,2,1,0,130,2.6,1,5,0.9384615384615385,13,0,0.0,-1.2181037044876255,200
6,7,42,0,2,1,1,105,1.1666666666666667,1,6,0.8809523809523809,7,0,0.0,-0.6096000703865326,200
12,2,24,1,2,1,1,132,0.16666666666666666,1,12,0.5416666666666666,2,1,0.5,-0.3296351341569507,200
9,9,81,1,2,1,1,324,1.0,1,9,0.9012345679012346,9,0,0.0,-1.5066066326801415,200
3,13,39,1,2,1,1,39,4.333333333333333,1,3,0.9487179487179487,13,1,0.07692307692307693,-0.7808543358696395,200
9,7,63,0,0,1,0,56,0.7777777777777778,1,7,0.4444444444444444,7,0,0.0,-0.6005540788237177,200
11,9,99,0,0,1,1,90,0.8181818181818182,6,11,0.9494949494949495,9,0,0.0,-1.3328159771014547,200
7,15,105,0,1,1,1,105,2.142857142857143,3,7,0.9619047619047619,15,0,0.0,-1.2498068271377576,200
7,5,35,1,1,1,1,35,0.7142857142857143,3,7,0.8857142857142857,5,0,0.0,-1.4082465213138884,200
5,1,5,0,2,1,1,10,0.2,1,1,0.2,1,0,0.0,-0.33329169712163714,200
3,7,21,1,2,1,1,21,2.3333333333333335,1,3,0.9047619047619048,7,0,0.0,-0.9659949639999085,200
3,10,30,1,1,1,0,30,3.3333333333333335,2,3,0.9666666666666667,10,0,0.0,-0.7852884222229563,200
3,4,12,1,1,1,1,12,1.3333333333333333,1,3,0.8333333333333334,4,0,0.0,-0.7777146233777718,200
11,9,99,1,2,0,1,495,0.8181818181818182,11,11,1.0,9,0,0.0,-1.909324027238876,200
6,15,90,0,0,0,1,75,2.5,6,6,1.0,15,0,0.0,-0.6254914830333201,200
9,10,90,0,2,1,1,360,1.1111111111111112,1,9,0.9111111111111111,10,0,0.0,-0.8165779946671913,200
8,16,128,1,0,0,1,112,2.0,8,8,1.0,16,0,0.0,-1.8901784810644473,200
12,5,60,0,0,0,1,55,0.4166666666666667,12,12,1.0,5,0,0.0,-0.9083601586582227,200
10,4,40,1,1,0,0,40,0.4,1,7,0.4,4,0,0.0,-0.797646677786441,200
10,11,110,0,2,0,0,495,1.1,1,10,0.9181818181818182,11,0,0.0,0.1736691826181101,200
2,15,30,0,0,1,0,15,7.5,1,2,0.9666666666666667,15,0,0.0,-0.3281901717501616,200
6,5,30,0,0,0,1,25,0.8333333333333334,6,6,1.0,5,0,0.0,-0.6182375517935975,200
6,5,30,1,2,0,1,75,0.8333333333333334,6,6,1.0,5,0,0.0,-1.010779512151724,200
2,18,36,1,0,1,1,18,9.0,1,2,0.9722222222222222,18,1,0.05555555555555555,-0.6677390361109483,200
8,3,24,1,2,1,0,84,0.375,1,8,0.7083333333333334,3,0,0.0,-0.878748303902667,200
8,10,80,0,0,0,0,70,1.25,1,8,0.65,10,0,0.0,-0.5442152847464184,200
4,20,80,1,0,0,0,60,5.0,1,4,0.925,20,0,0.0,-0.9647690192290945,200
6,19,114,1,2,1,0,285,3.1666666666666665,1,6,0.956140350877193,19,0,0.0,-1.4135625766186053,200
2,8,16,0,2,1,0,8,4.0,1,2,0.9375,8,0,0.0,-0.3431204307862881,200
8,1,8,1,1,0,0,8,0.125,1,1,0.125,1,1,1.0,nan,200
9,8,72,1,2,0,0,288,0.8888888888888888,1,9,0.8888888888888888,8,1,0.125,-1.2628992860349146,200
4,13,52,0,2,1,0,78,3.25,1,4,0.9423076923076923,13,0,0.0,-0.6107012601233777,200
2,14,28,0,0,1,0,14,7.0,1,2,0.9642857142857143,14,0,0.0,-0.32031835377603946,200
6,19,114,0,1,0,0,114,3.1666666666666665,1,6,0.9210526315789473,19,0,0.0,-0.7071801126700877,200
12,20,240,1,1,0,0,240,1.6666666666666667,1,12,0.85,20,1,0.05,-1.6445675527384083,200
9,4,36,1,1,0,0,36,0.4444444444444444,1,7,0.4444444444444444,4,4,1.0,nan,200
11,10,110,1,0,0,0,100,0.9090909090909091,1,10,0.5,10,2,0.2,-0.8339238690901353,200
7,7,49,0,2,1,0,147,1.0,1,7,0.8775510204081632,7,0,0.0,-0.6761911015601934,200
7,15,105,0,1,1,0,105,2.142857142857143,6,7,0.9904761904761905,15,0,0.0,-1.2080787122259502,200
11,1,11,1,0,0,0,10,0.09090909090909091,1,1,0.09090909090909091,1,0,0.0,-0.2667912342455613,200
6,1,6,0,2,1,0,15,0.16666666666666666,1,1,0.16666666666666666,1,0,0.0,-0.322373461899045,200
5,16,80,1,0,1,1,64,3.2,3,5,0.975,16,0,0.0,-1.1182506134422927,200
12,4,48,1,1,1,1,48,0.3333333333333333,6,12,0.875,4,0,0.0,-1.8423105530988642,200
10,19,190,1,0,0,0,171,1.9,1,10,0.7631578947368421,19,0,0.0,-1.0833515598394035,200
12,15,180,0,2,0,0,990,1.25,1,12,0.9388888888888889,15,0,0.0,0.20779734600454933,200
5,20,100,0,2,1,0,200,4.0,1,5,0.96,20,0,0.0,-0.8450174807342664,200
10,20,200,0,0,0,0,180,2.0,1,10,0.775,20,0,0.0,-0.6769799852517036,200
3,20,60,0,1,1,0,60,6.666666666666667,2,3,0.9833333333333333,20,0,0.0,-0.4549411002495139,200
7,2,14,1,0,0,0,12,0.2857142857142857,1,2,0.21428571428571427,2,1,0.5,-0.31170944162502134,200
3,4,12,0,0,0,0,8,1.3333333333333333,1,3,0.75,4,0,0.0,-0.39433458293468643,200
11,19,209,1,1,1,0,209,1.7272727272727273,10,11,0.9952153110047847,19,0,0.0,-2.5770742985997024,200
6,3,18,1,0,0,0,15,0.5,1,3,0.3333333333333333,3,1,0.3333333333333333,-0.24770014175671243,200
4,9,36,0,0,1,0,27,2.25,1,4,0.8333333333333334,9,0,0.0,-0.5767495346989258,200
8,7,56,1,2,0,1,196,0.875,8,8,1.0,7,0,0.0,-1.3833860488659513,200
9,11,99,0,0,0,1,88,1.2222222222222223,9,9,1.0,11,0,0.0,-1.2844038827177304,200
11,3,33,0,2,0,1,165,0.2727272727272727,11,11,1.0,3,0,0.0,0.661995889207478,200
3,14,42,0,2,0,0,42,4.666666666666667,1,3,0.9523809523809523,14,0,0.0,-0.22617201482133342,200
11,2,22,0,2,1,0,110,0.18181818181818182,1,11,0.5454545454545454,2,0,0.0,-0.2915097105305707,200
2,11,22,0,0,1,1,11,5.5,1,2,0.9545454545454546,11,0,0.0,-0.36345228662685675,200
3,20,60,0,2,0,1,60,6.666666666666667,3,3,1.0,20,0,0.0,0.09851263253612202,200
12,16,192,1,0,0,0,176,1.3333333333333333,1,12,0.65625,16,0,0.0,-1.1144727170349311,200
9,11,99,1,2,1,0,396,1.2222222222222223,1,9,0.9191919191919192,11,0,0.0,-2.020660375777491,200
4,15,60,0,2,1,1,90,3.75,1,4,0.95,15,0,0.0,-0.6564895144111397,200
10,9,90,0,1,0,0,90,0.9,1,10,0.7222222222222222,9,0,0.0,-0.7604874848043848,200
6,10,60,1,0,1,1,50,1.6666666666666667,3,6,0.95,10,0,0.0,-1.3737359695172007,200
10,8,80,1,2,1,0,360,0.8,1,10,0.8875,8,0,0.0,-1.9261162149168025,200
7,12,84,1,2,0,1,252,1.7142857142857142,7,7,1.0,12,0,0.0,-1.5043138660193316,200
2,8,16,1,1,0,1,16,4.0,2,2,1.0,8,0,0.0,-0.807577279186534,200
7,12,84,1,1,0,1,84,1.7142857142857142,7,7,1.0,12,0,0.0,-1.629275110393171,200
9,18,162,0,1,0,0,162,2.0,1,9,0.8765432098765432,18,0,0.0,-1.0776600929714093,200
6,13,78,1,0,0,0,65,2.1666666666666665,1,6,0.8076923076923077,13,0,0.0,-1.0242659014819535,200
9,20,180,1,1,1,0,180,2.2222222222222223,8,9,0.9944444444444445,20,0,0.0,-2.061904450596681,200
7,19,133,0,1,1,0,133,2.7142857142857144,6,7,0.9924812030075187,19,0,0.0,-1.24240728227609,200
6,4,24,1,1,0,0,24,0.6666666666666666,1,6,0.625,4,1,0.25,-0.7868539202937769,200
8,1,8,0,2,0,1,28,0.125,8,8,1.0,1,0,0.0,-0.0421439915132125,200
8,3,24,1,0,0,0,21,0.375,1,3,0.25,3,0,0.0,-0.41907659390290203,200
11,10,110,0,1,1,1,110,0.9090909090909091,5,11,0.9454545454545454,10,0,0.0,-1.862667226422736,200
9,5,45,1,2,0,0,180,0.5555555555555556,1,9,0.8222222222222222,5,2,0.4,-0.4485642700169317,200
9,4,36,1,1,0,0,36,0.4444444444444444,1,7,0.4444444444444444,4,0,0.0,-0.8265088362648763,200
7,19,133,1,1,0,1,133,2.7142857142857144,7,7,1.0,19,0,0.0,-1.568506955689778,200
12,14,168,1,1,1,0,168,1.1666666666666667,11,12,0.9940476190476191,14,0,0.0,-2.8720754387948007,200
7,2,14,0,0,0,0,12,0.2857142857142857,1,2,0.21428571428571427,2,0,0.0,-0.40287256858062814,200
4,8,32,0,2,1,1,48,2.0,1,4,0.90625,8,0,0.0,-0.5604873642862622,200
9,14,126,0,1,0,1,126,1.5555555555555556,9,9,1.0,14,0,0.0,-0.028995250542037363,200
8,5,40,0,1,1,0,40,0.625,7,8,0.975,5,0,0.0,-0.8693022573719928,200
2,19,38,0,1,1,0,38,9.5,1,2,0.9736842105263158,19,0,0.0,-0.370992600739732,200
5,12,60,1,0,1,0,48,2.4,1,5,0.8333333333333334,12,0,0.0,-1.2721150083397628,200
12,17,204,0,2,1,1,1122,1.4166666666666667,1,12,0.946078431372549,17,0,0.0,-1.4878896750891708,200
7,19,133,0,1,0,0,133,2.7142857142857144,1,7,0.9097744360902256,19,0,0.0,-0.775460151987602,200
2,2,4,1,2,0,1,2,1.0,2,2,1.0,2,0,0.0,-0.6362978793669983,200
9,9,81,0,1,0,1,81,1.0,9,9,1.0,9,0,0.0,-0.14654183709205024,200
8,4,32,0,2,0,0,112,0.5,1,8,0.78125,4,0,0.0,0.1358399196504964,200
4,14,56,0,1,1,1,56,3.5,2,4,0.9642857142857143,14,0,0.0,-0.6073743681627579,200
11,3,33,0,2,0,0,165,0.2727272727272727,1,11,0.696969696969697,3,0,0.0,0.5773108336679196,200
12,11,132,0,0,1,1,121,0.9166666666666666,6,12,0.9545454545454546,11,0,0.0,-1.7302772851800063,200
2,1,2,0,0,0,1,1,0.5,2,2,1.0,1,0,0.0,-0.29185309908950124,200
6,2,12,0,2,1,1,30,0.3333333333333333,1,6,0.5833333333333334,2,0,0.0,-0.3637359509163878,200
5,11,55,0,2,1,1,110,2.2,1,5,0.9272727272727272,11,0,0.0,-0.7485534757504809,200
4,11,44,1,1,0,0,44,2.75,1,4,0.9090909090909091,11,0,0.0,-0.9789841625294404,200
5,18,90,1,2,1,1,180,3.6,1,5,0.9555555555555556,18,0,0.0,-1.1856168002716023,200
9,11,99,0,0,1,1,88,1.2222222222222223,5,9,0.9595959595959596,11,0,0.0,-1.3489233110737822,200
3,5,15,1,1,0,1,15,1.6666666666666667,3,3,1.0,5,0,0.0,-0.7657476919200263,200
5,15,75,1,0,0,0,60,3.0,1,5,0.8666666666666667,15,0,0.0,-1.0790918166367784,200
11,20,220,1,1,0,0,220,1.8181818181818181,1,11,0.8636363636363636,20,2,0.1,-1.5839463354189225,200
4,4,16,1,0,0,1,12,1.0,4,4,1.0,4,0,0.0,-1.2598284592285218,200
6,5,30,0,1,0,1,30,0.8333333333333334,6,6,1.0,5,0,0.0,-0.27224837511380434,200
11,13,143,1,0,1,1,130,1.1818181818181819,6,11,0.965034965034965,13,0,0.0,-2.615052108937026,200
10,3,30,0,0,1,1,27,0.3,5,10,0.8333333333333334,3,0,0.0,-0.5004115672006377,200
6,14,84,1,1,0,0,84,2.3333333333333335,1,6,0.8928571428571429,14,0,0.0,-1.2401038921724148,200
2,11,22,0,2,1,1,11,5.5,1,2,0.9545454545454546,11,0,0.0,-0.3089153639039477,200
6,5,30,0,0,0,0,25,0.8333333333333334,1,5,0.5,5,0,0.0,-0.45383657050832904,200
8,18,144,1,1,0,0,144,2.25,1,8,0.8888888888888888,18,0,0.0,-1.4663836216760762,200
7,13,91,0,2,1,1,273,1.8571428571428572,1,7,0.9340659340659341,13,0,0.0,-1.0335743587662243,200
12,5,60,0,2,1,1,330,0.4166666666666667,1,12,0.8166666666666667,5,0,0.0,-0.4950417066092065,200
4,5,20,1,0,1,0,15,1.25,1,4,0.7,5,0,0.0,-0.975613676286375,200
3,1,3,0,1,0,0,3,0.3333333333333333,1,1,0.3333333333333333,1,0,0.0,-0.28667103561199253,200
9,3,27,0,2,1,1,108,0.3333333333333333,1,9,0.7037037037037037,3,0,0.0,-0.40067862983637165,200
11,5,55,0,0,0,1,50,0.45454545454545453,11,11,1.0,5,0,0.0,-0.9249383520821348,200
12,5,60,1,1,0,1,60,0.4166666666666667,12,12,1.0,5,0,0.0,-3.0309199064154697,200
12,18,216,1,1,0,0,216,1.5,1,12,0.8333333333333334,18,1,0.05555555555555555,-1.3356183389490708,200
7,13,91,1,1,1,1,91,1.8571428571428572,3,7,0.9560439560439561,13,0,0.0,-1.6318826494365717,200
6,4,24,0,2,1,1,60,0.6666666666666666,1,6,0.7916666666666666,4,0,0.0,-0.427587094955114,200
5,19,95,0,0,1,1,76,3.8,3,5,0.9789473684210527,19,0,0.0,-0.806219825528229,200
4,20,80,1,0,0,1,60,5.0,4,4,1.0,20,0,0.0,-0.9915422907571064,200
8,12,96,0,0,0,1,84,1.5,8,8,1.0,12,0,0.0,-0.9418761502816826,200
9,8,72,0,2,1,0,288,0.8888888888888888,1,9,0.8888888888888888,8,0,0.0,-0.8544684705397895,200
8,18,144,0,1,0,0,144,2.25,1,8,0.8888888888888888,18,0,0.0,-1.0243757075212705,200
2,1,2,1,1,0,1,2,0.5,2,2,1.0,1,0,0.0,-0.317391733646039,200
10,15,150,1,2,1,1,675,1.5,1,10,0.94,15,0,0.0,-2.2586748533593615,200
10,20,200,1,1,0,0,200,2.0,1,10,0.875,20,0,0.0,-1.7210153003957702,200
10,8,80,0,2,1,0,360,0.8,1,10,0.8875,8,0,0.0,-0.8624295667518159,200
12,5,60,1,1,1,1,60,0.4166666666666667,6,12,0.9,5,0,0.0,-2.2193544518465047,200
8,6,48,1,1,1,0,48,0.75,7,8,0.9791666666666666,6,0,0.0,-1.819036915792367,200
7,7,49,1,2,1,1,147,1.0,1,7,0.8775510204081632,7,0,0.0,-1.2304697483734406,200
9,5,45,0,1,0,1,45,0.5555555555555556,9,9,1.0,5,0,0.0,-0.175488256045501,200
5,7,35,1,0,0,0,28,1.4,1,5,0.7142857142857143,7,2,0.2857142857142857,-0.7593827565660077,200
3,17,51,1,0,0,1,34,5.666666666666667,3,3,1.0,17,0,0.0,-0.8217753026252465,200
2,14,28,1,1,1,1,28,7.0,1,2,0.9642857142857143,14,0,0.0,-0.6737127847679362,200
11,11,121,1,1,1,1,121,1.0,5,11,0.9504132231404959,11,0,0.0,-2.592000907053705,200
11,6,66,1,2,1,0,330,0.5454545454545454,1,11,0.8484848484848485,6,0,0.0,-1.762190893895076,200
4,11,44,1,1,1,0,44,2.75,3,4,0.9772727272727273,11,0,0.0,-0.9316006445700179,200
5,17,85,0,0,1,0,68,3.4,1,5,0.8823529411764706,17,0,0.0,-0.8256469599283773,200
8,13,104,0,1,0,1,104,1.625,8,8,1.0,13,0,0.0,-0.24270096562443355,200
5,3,15,1,0,1,1,12,0.6,3,5,0.8666666666666667,3,0,0.0,-0.6598404319389679,200
12,2,24,1,1,1,0,24,0.16666666666666666,11,12,0.9583333333333334,2,0,0.0,-0.6897909404706946,200
12,13,156,1,2,0,1,858,1.0833333333333333,12,12,1.0,13,0,0.0,-2.3429992952889096,200
8,5,40,1,2,0,1,140,0.625,8,8,1.0,5,0,0.0,-1.29032554912524,200
7,13,91,0,0,0,0,78,1.8571428571428572,1,7,0.7692307692307693,13,0,0.0,-0.5987200477413754,200
8,13,104,0,0,0,0,91,1.625,1,8,0.7307692307692307,13,0,0.0,-0.6258835305619553,200
3,1,3,1,1,0,0,3,0.3333333333333333,1,1,0.3333333333333333,1,1,1.0,nan,200
4,3,12,1,0,0,1,9,0.75,4,4,1.0,3,0,0.0,-0.7059700875706258,200
7,15,105,1,1,0,0,105,2.142857142857143,1,7,0.8857142857142857,15,0,0.0,-1.3593777493934263,200
4,2,8,0,1,1,1,8,0.5,2,4,0.75,2,0,0.0,-0.5284512875967035,200
3,14,42,1,2,0,1,42,4.666666666666667,3,3,1.0,14,0,0.0,-0.7641807759223705,200
6,4,24,1,1,1,1,24,0.6666666666666666,3,6,0.875,4,1,0.25,-0.9656790746428308,200
12,15,180,1,2,0,1,990,1.25,12,12,1.0,15,0,0.0,-2.5991666427769125,200
8,6,48,1,1,1,0,48,0.75,7,8,0.9791666666666666,6,0,0.0,-1.819813265367228,200
3,18,54,0,2,0,1,54,6.0,3,3,1.0,18,0,0.0,0.04124761182255849,200
7,17,119,1,0,0,1,102,2.4285714285714284,7,7,1.0,17,0,0.0,-1.7449777157493023,200
4,3,12,1,2,1,0,18,0.75,1,4,0.75,3,1,0.3333333333333333,-0.5991458039339204,200
9,10,90,1,0,0,1,80,1.1111111111111112,9,9,1.0,10,0,0.0,-2.1861199934941618,200
9,9,81,0,2,0,1,324,1.0,9,9,1.0,9,0,0.0,0.5258901427311047,200
10,2,20,1,2,0,0,90,0.2,1,10,0.55,2,1,0.5,-0.3027614417401103,200
5,1,5,0,0,0,1,4,0.2,5,5,1.0,1,0,0.0,-0.14732828707245135,200
4,9,36,1,2,0,1,54,2.25,4,4,1.0,9,0,0.0,-0.8925898367368031,200
11,10,110,1,2,0,1,550,0.9090909090909091,11,11,1.0,10,0,0.0,-1.9799157090624533,200
8,13,104,1,2,1,0,364,1.625,1,8,0.9326923076923077,13,0,0.0,-1.7469519770505815,200
2,13,26,1,2,1,1,13,6.5,1,2,0.9615384615384616,13,0,0.0,-0.6561613556569924,200
9,2,18,0,1,0,0,18,0.2222222222222222,1,3,0.2222222222222222,2,0,0.0,-0.4753468855897776,200
6,8,48,0,2,1,0,120,1.3333333333333333,1,6,0.8958333333333334,8,0,0.0,-0.7060434768002294,200
3,8,24,1,2,0,1,24,2.6666666666666665,3,3,1.0,8,1,0.125,-0.7590378102275889,200
4,2,8,1,2,1,1,12,0.5,1,4,0.625,2,1,0.5,-0.30683954307607075,200
3,12,36,0,0,0,0,24,4.0,1,3,0.9166666666666666,12,0,0.0,-0.47537500480702927,200
6,8,48,0,0,0,0,40,1.3333333333333333,1,6,0.6875,8,0,0.0,-0.5377021253619497,200
2,2,4,1,1,1,0,4,1.0,1,2,0.75,2,0,0.0,-0.6433693945802416,200
9,10,90,1,2,0,1,360,1.1111111111111112,9,9,1.0,10,0,0.0,-1.8174093299821799,200
7,10,70,0,0,1,0,60,1.4285714285714286,1,7,0.7,10,0,0.0,-0.8009415284819431,200
7,17,119,0,2,1,1,357,2.4285714285714284,1,7,0.9495798319327731,17,0,0.0,-1.1833066382194448,200
3,16,48,1,1,0,1,48,5.333333333333333,3,3,1.0,16,0,0.0,-0.7632836822284862,200
6,13,78,1,0,0,0,65,2.1666666666666665,1,6,0.8076923076923077,13,0,0.0,-0.8526967476244783,200
3,12,36,1,2,1,0,36,4.0,1,3,0.9444444444444444,12,2,0.16666666666666666,-0.7876243406858097,200
7,17,119,1,0,1,0,102,2.4285714285714284,1,7,0.8235294117647058,17,1,0.058823529411764705,-1.6806401270078624,200
2,20,40,0,2,1,0,20,10.0,1,2,0.975,20,0,0.0,-0.3087540771237603,200
7,2,14,1,0,1,0,12,0.2857142857142857,1,2,0.21428571428571427,2,0,0.0,-0.5974491773747617,200
2,20,40,0,0,1,1,20,10.0,1,2,0.975,20,0,0.0,-0.3452581374964284,200
8,4,32,1,2,1,0,112,0.5,1,8,0.78125,4,1,0.25,-0.7141376558995005,200
9,4,36,0,0,1,0,32,0.4444444444444444,1,4,0.2777777777777778,4,0,0.0,-0.41893171799923107,200
12,9,108,0,1,0,1,108,0.75,12,12,1.0,9,0,0.0,-0.3238648365010148,200
8,15,120,1,0,0,0,105,1.875,1,8,0.7666666666666667,15,1,0.06666666666666667,-1.0317442838926445,200
2,3,6,1,1,0,1,6,1.5,2,2,1.0,3,0,0.0,-0.6023447185180102,200
9,10,90,0,2,0,0,360,1.1111111111111112,1,9,0.9111111111111111,10,0,0.0,0.09543704356698067,200
5,7,35,0,2,0,0,70,1.4,1,5,0.8857142857142857,7,0,0.0,-0.03112034618219241,200
6,16,96,0,2,0,0,240,2.6666666666666665,1,6,0.9479166666666666,16,0,0.0,0.006009797734878352,200
8,8,64,0,0,0,1,56,1.0,8,8,1.0,8,0,0.0,-1.0445528790717749,200
4,3,12,1,1,1,1,12,0.75,2,4,0.8333333333333334,3,0,0.0,-0.8476723062619431,200
4,18,72,0,1,0,0,72,4.5,1,4,0.9444444444444444,18,0,0.0,-0.4672918855523874,200
10,7,70,1,1,1,1,70,0.7,5,10,0.9285714285714286,7,0,0.0,-2.2393744092236503,200
3,17,51,0,2,0,1,51,5.666666666666667,3,3,1.0,17,0,0.0,0.0965597164172068,200
3,19,57,0,0,0,0,38,6.333333333333333,1,3,0.9473684210526315,19,0,0.0,-0.45272164975132057,200
9,4,36,1,0,1,1,32,0.4444444444444444,5,9,0.8888888888888888,4,0,0.0,-1.7518722417934458,200
4,8,32,0,1,0,1,32,2.0,4,4,1.0,8,0,0.0,-0.16437627659612145,200
2,10,20,1,1,1,0,20,5.0,1,2,0.95,10,1,0.1,-0.6641855816916096,200
5,2,10,1,1,1,1,10,0.4,2,5,0.7,2,0,0.0,-0.5921523963760692,200
6,19,114,0,0,1,0,95,3.1666666666666665,1,6,0.868421052631579,19,0,0.0,-1.0533959693261754,200
4,8,32,0,2,1,0,48,2.0,1,4,0.90625,8,0,0.0,-0.5445437937269456,200
9,7,63,0,1,0,1,63,0.7777777777777778,9,9,1.0,7,0,0.0,-0.19686069336790557,200
5,9,45,1,2,0,0,90,1.8,1,5,0.9111111111111111,9,0,0.0,-1.1707222147365537,200
9,6,54,0,2,1,1,216,0.6666666666666666,1,9,0.8518518518518519,6,0,0.0,-0.5416449080980793,200
9,20,180,1,1,0,1,180,2.2222222222222223,9,9,1.0,20,0,0.0,-2.080697132816565,200
6,20,120,0,1,1,1,120,3.3333333333333335,3,6,0.975,20,0,0.0,-1.0351454633335384,200
11,14,154,1,2,1,0,770,1.2727272727272727,1,11,0.935064935064935,14,1,0.07142857142857142,-2.4847395900916043,200
10,20,200,1,2,0,1,900,2.0,10,10,1.0,20,0,0.0,-2.2454697563266035,200
2,6,12,0,1,1,1,12,3.0,1,2,0.9166666666666666,6,0,0.0,-0.35045959598868465,200
3,12,36,1,2,0,1,36,4.0,3,3,1.0,12,0,0.0,-0.7379001516449414,200
6,15,90,1,2,0,1,225,2.5,6,6,1.0,15,0,0.0,-1.3193748558071101,200
6,17,102,0,2,1,1,255,2.8333333333333335,1,6,0.9509803921568627,17,0,0.0,-1.0151053021916658,200
10,5,50,1,1,1,1,50,0.5,5,10,0.9,5,0,0.0,-2.1162884292108064,200
10,1,10,0,0,0,0,9,0.1,1,1,0.1,1,0,0.0,-0.33080738136548143,200
8,16,128,1,0,1,1,112,2.0,4,8,0.96875,16,0,0.0,-1.8322563257361122,200
2,15,30,1,1,0,0,30,7.5,1,2,0.9666666666666667,15,3,0.2,-0.6102920454961074,200
4,18,72,1,0,1,0,54,4.5,1,4,0.9166666666666666,18,0,0.0,-1.0294612190457335,200
11,13,143,1,2,1,0,715,1.1818181818181819,1,11,0.9300699300699301,13,2,0.15384615384615385,-2.505619229153907,200
5,14,70,0,2,0,0,140,2.8,1,5,0.9428571428571428,14,0,0.0,-0.10458230798286348,200
8,7,56,1,1,0,1,56,0.875,8,8,1.0,7,0,0.0,-1.9171669129748552,200
4,16,64,0,1,0,0,64,4.0,1,4,0.9375,16,0,0.0,-0.44847632860393205,200
8,12,96,0,1,0,0,96,1.5,1,8,0.8333333333333334,12,0,0.0,-0.999650642600637,200
9,13,117,1,1,1,1,117,1.4444444444444444,4,9,0.9572649572649573,13,0,0.0,-2.11812280952745,200
10,6,60,0,1,1,0,60,0.6,9,10,0.9833333333333333,6,0,0.0,-1.1599975999067218,200
10,13,130,1,0,0,1,117,1.3,10,10,1.0,13,0,0.0,-2.4616220090149383,200
9,5,45,0,0,0,1,40,0.5555555555555556,9,9,1.0,5,0,0.0,-0.9306692896359681,200
3,9,27,0,0,0,0,18,3.0,1,3,0.8888888888888888,9,0,0.0,-0.45078725134259107,200
8,10,80,1,1,1,1,80,1.25,4,8,0.95,10,0,0.0,-1.8261448265647664,200
9,10,90,0,1,0,0,90,1.1111111111111112,1,9,0.7777777777777778,10,0,0.0,-0.8851302157097346,200
10,9,90,1,2,0,1,405,0.9,10,10,1.0,9,0,0.0,-1.6096918547313992,200
9,15,135,1,2,1,0,540,1.6666666666666667,1,9,0.9407407407407408,15,4,0.26666666666666666,-1.9843011171731841,200
2,9,18,1,0,1,1,9,4.5,1,2,0.9444444444444444,9,1,0.1111111111111111,-0.6690740970277035,200
7,12,84,1,0,1,1,72,1.7142857142857142,4,7,0.9642857142857143,12,0,0.0,-1.6200792294601916,200
8,20,160,0,0,0,1,140,2.5,8,8,1.0,20,0,0.0,-0.9851331808122409,200
5,4,20,1,0,1,1,16,0.8,3,5,0.9,4,0,0.0,-1.2214314787028482,200
11,5,55,0,2,1,0,275,0.45454545454545453,1,11,0.8181818181818182,5,0,0.0,-0.6162877988504482,200
11,15,165,0,2,1,0,825,1.3636363636363635,1,11,0.9393939393939394,15,0,0.0,-1.4620686419366757,200
12,16,192,0,2,1,0,1056,1.3333333333333333,1,12,0.9427083333333334,16,0,0.0,-1.6181024704834415,200
12,15,180,1,2,0,1,990,1.25,12,12,1.0,15,0,0.0,-2.5384029026885995,200
4,4,16,0,1,1,1,16,1.0,2,4,0.875,4,0,0.0,-0.48823946379532274,200
2,11,22,0,0,1,0,11,5.5,1,2,0.9545454545454546,11,0,0.0,-0.3209645398922253,200
10,13,130,0,1,1,0,130,1.3,9,10,0.9923076923076923,13,0,0.0,-1.8718626407936292,200
5,1,5,1,0,0,1,4,0.2,5,5,1.0,1,0,0.0,-0.1570132348182183,200
6,2,12,0,1,1,1,12,0.3333333333333333,3,6,0.75,2,0,0.0,-0.4236501305779438,200
10,13,130,1,0,1,1,117,1.3,5,10,0.9615384615384616,13,0,0.0,-2.3686029939621362,200
11,8,88,0,1,1,1,88,0.7272727272727273,5,11,0.9318181818181818,8,0,0.0,-1.5260923211856934,200
9,12,108,0,0,1,1,96,1.3333333333333333,5,9,0.9629629629629629,12,0,0.0,-1.4191206007686834,200
4,14,56,1,2,1,1,84,3.5,1,4,0.9464285714285714,14,1,0.07142857142857142,-1.0233036859419875,200
5,9,45,1,2,1,0,90,1.8,1,5,0.9111111111111111,9,0,0.0,-1.1861127583986466,200
12,18,216,1,0,0,0,198,1.5,1,12,0.6944444444444444,18,0,0.0,-0.9397362498982889,200
6,13,78,1,2,1,0,195,2.1666666666666665,1,6,0.9358974358974359,13,0,0.0,-1.372822200871037,200
5,19,95,0,2,1,1,190,3.8,1,5,0.9578947368421052,19,0,0.0,-0.8361478741880719,200
4,2,8,1,0,0,0,6,0.5,1,2,0.375,2,1,0.5,-0.2858100029968607,200
2,8,16,1,2,0,0,8,4.0,1,2,0.9375,8,2,0.25,-0.6745680753811057,200
11,6,66,1,0,0,0,60,0.5454545454545454,1,6,0.3181818181818182,6,0,0.0,-0.8705050897305844,200
2,11,22,0,2,1,1,11,5.5,1,2,0.9545454545454546,11,0,0.0,-0.3494198065282472,200
5,15,75,1,1,0,1,75,3.0,5,5,1.0,15,0,0.0,-1.1671548044819744,200
11,11,121,1,0,1,1,110,1.0,6,11,0.9586776859504132,11,0,0.0,-2.5752906370496405,200
6,18,108,1,0,1,0,90,3.0,1,6,0.8611111111111112,18,2,0.1111111111111111,-1.45438913874629,200
8,2,16,0,0,1,0,14,0.25,1,2,0.1875,2,0,0.0,-0.33462502384356635,200
12,20,240,0,1,0,0,240,1.6666666666666667,1,12,0.85,20,0,0.0,-1.231911802156245,200
6,14,84,0,2,1,0,210,2.3333333333333335,1,6,0.9404761904761905,14,0,0.0,-0.9509142824121031,200
11,9,99,0,2,0,0,495,0.8181818181818182,1,11,0.898989898989899,9,0,0.0,0.2652279638362877,200
11,6,66,0,2,1,1,330,0.5454545454545454,1,11,0.8484848484848485,6,0,0.0,-0.492087847683048,200
12,1,12,0,0,0,0,11,0.08333333333333333,1,1,0.08333333333333333,1,0,0.0,-0.2772517892877387,200
12,20,240,1,0,1,1,220,1.6666666666666667,6,12,0.975,20,0,0.0,-2.8494885844001816,200
12,20,240,1,2,0,0,1320,1.6666666666666667,1,12,0.9541666666666667,20,0,0.0,-2.6570725498649916,200
4,18,72,1,0,1,0,54,4.5,1,4,0.9166666666666666,18,2,0.1111111111111111,-1.0100571134194716,200
9,13,117,1,0,1,1,104,1.4444444444444444,5,9,0.9658119658119658,13,0,0.0,-2.0910615578254674,200
4,1,4,0,1,0,1,4,0.25,4,4,1.0,1,0,0.0,-0.24132271106720024,200
10,13,130,1,2,1,1,585,1.3,1,10,0.9307692307692308,13,0,0.0,-2.142596180178693,200
9,13,117,1,0,0,1,104,1.4444444444444444,9,9,1.0,13,0,0.0,-2.1800805817889604,200
12,2,24,1,2,0,1,132,0.16666666666666666,12,12,1.0,2,0,0.0,-0.25719996627565406,200
5,18,90,0,2,1,0,180,3.6,1,5,0.9555555555555556,18,0,0.0,-0.8283206490181181,200
12,13,156,0,0,1,0,143,1.0833333333333333,1,12,0.5769230769230769,13,0,0.0,-1.080408919658326,200
12,1,12,1,2,0,1,66,0.08333333333333333,12,12,1.0,1,0,0.0,-0.14029553991909638,200
7,4,28,0,0,0,1,24,0.5714285714285714,7,7,1.0,4,0,0.0,-0.695225146688948,200
7,5,35,1,2,0,1,105,0.7142857142857143,7,7,1.0,5,0,0.0,-1.1205994115248596,200
11,19,209,0,1,1,1,209,1.7272727272727273,5,11,0.9712918660287081,19,0,0.0,-2.2586119350799496,200
3,1,3,0,2,0,0,3,0.3333333333333333,1,1,0.3333333333333333,1,0,0.0,-0.30487583782496175,200
7,17,119,0,2,1,1,357,2.4285714285714284,1,7,0.9495798319327731,17,0,0.0,-1.1818297026197748,200
2,12,24,0,2,1,1,12,6.0,1,2,0.9583333333333334,12,0,0.0,-0.3354629463909975,200
11,17,187,1,2,0,1,935,1.5454545454545454,11,11,1.0,17,0,0.0,-2.4449963732604334,200
2,8,16,1,2,0,0,8,4.0,1,2,0.9375,8,0,0.0,-0.7310682614565893,200
5,1,5,1,1,0,1,5,0.2,5,5,1.0,1,0,0.0,-0.29370219484958765,200
9,12,108,0,0,0,0,96,1.3333333333333333,1,9,0.6666666666666666,12,0,0.0,-0.6103797563255308,200
8,12,96,0,0,1,0,84,1.5,1,8,0.7083333333333334,12,0,0.0,-0.9780813655556433,200
8,12,96,0,1,0,1,96,1.5,8,8,1.0,12,0,0.0,-0.22611393114147285,200
4,15,60,1,1,1,1,60,3.75,2,4,0.9666666666666667,15,0,0.0,-0.9266882331413951,200
9,9,81,1,0,0,0,72,1.0,1,9,0.5555555555555556,9,0,0.0,-0.8314225507180638,200
12,16,192,1,0,1,1,176,1.3333333333333333,6,12,0.96875,16,0,0.0,-2.8662806856998517,200
8,8,64,1,2,0,0,224,1.0,1,8,0.890625,8,0,0.0,-1.3609598557825642,200
6,12,72,0,1,1,0,72,2.0,5,6,0.9861111111111112,12,0,0.0,-1.0206536128496775,200
8,2,16,1,1,0,1,16,0.25,8,8,1.0,2,0,0.0,-0.5812333221065806,200
8,6,48,0,0,0,0,42,0.75,1,6,0.4375,6,0,0.0,-0.49836845879211056,200
9,1,9,0,2,0,1,36,0.1111111111111111,9,9,1.0,1,0,0.0,-0.09684973649069718,200
7,18,126,1,1,1,0,126,2.5714285714285716,6,7,0.9920634920634921,18,0,0.0,-1.5929414799198387,200
9,11,99,1,0,0,1,88,1.2222222222222223,9,9,1.0,11,0,0.0,-2.2804502199135452,200
6,10,60,1,2,0,0,150,1.6666666666666667,1,6,0.9166666666666666,10,0,0.0,-1.311263903220784,200
12,6,72,0,1,0,0,72,0.5,1,11,0.5,6,0,0.0,-0.7159600388254055,200
4,19,76,1,0,1,0,57,4.75,1,4,0.9210526315789473,19,2,0.10526315789473684,-0.9908619138104189,200
12,7,84,1,1,1,1,84,0.5833333333333334,6,12,0.9285714285714286,7,0,0.0,-2.832640631007264,200
8,5,40,0,0,1,1,35,0.625,4,8,0.9,5,0,0.0,-0.7963706247778966,200
11,11,121,1,0,0,0,110,1.0,1,11,0.5454545454545454,11,0,0.0,-0.9051981482213052,200
3,18,54,1,0,0,1,36,6.0,3,3,1.0,18,0,0.0,-0.8079591509249422,200
4,13,52,0,2,1,0,78,3.25,1,4,0.9423076923076923,13,0,0.0,-0.5865706020777722,200
2,10,20,0,1,1,1,20,5.0,1,2,0.95,10,0,0.0,-0.3548299025197424,200
8,11,88,1,2,1,0,308,1.375,1,8,0.9204545454545454,11,0,0.0,-1.7179598319793246,200
8,6,48,1,1,0,0,48,0.75,1,8,0.6666666666666666,6,0,0.0,-0.9676494867223705,200
7,19,133,1,2,1,1,399,2.7142857142857144,1,7,0.9548872180451128,19,0,0.0,-1.663590301072406,200
10,14,140,1,2,1,0,630,1.4,1,10,0.9357142857142857,14,0,0.0,-2.326830377639024,200
4,7,28,1,2,0,1,42,1.75,4,4,1.0,7,0,0.0,-0.7678402865531286,200
9,7,63,1,0,0,1,56,0.7777777777777778,9,9,1.0,7,0,0.0,-2.5352742886046142,200
3,8,24,1,2,0,1,24,2.6666666666666665,3,3,1.0,8,0,0.0,-0.7873484803785841,200
2,17,34,0,1,0,0,34,8.5,1,2,0.9705882352941176,17,0,0.0,-0.30331658655747473,200
12,6,72,0,0,0,1,66,0.5,12,12,1.0,6,0,0.0,-1.3136768363002262,200
10,3,30,1,2,1,0,135,0.3,1,10,0.7,3,1,0.3333333333333333,-0.6157905752003883,200
9,8,72,0,0,1,0,64,0.8888888888888888,1,8,0.5,8,0,0.0,-0.6685847001269554,200
9,18,162,0,1,0,1,162,2.0,9,9,1.0,18,0,0.0,-0.03552378091762122,200
3,4,12,1,0,0,1,8,1.3333333333333333,3,3,1.0,4,0,0.0,-0.8476355052992627,200
9,14,126,0,0,1,1,112,1.5555555555555556,5,9,0.9682539682539683,14,0,0.0,-1.5148824964287944,200
2,6,12,0,1,0,0,12,3.0,1,2,0.9166666666666666,6,0,0.0,-0.3306838030809608,200
9,14,126,0,0,0,0,112,1.5555555555555556,1,9,0.7142857142857143,14,0,0.0,-0.6481842250785349,200
4,6,24,1,2,0,1,36,1.5,4,4,1.0,6,0,0.0,-0.8690301473671582,200
2,7,14,1,1,0,0,14,3.5,1,2,0.9285714285714286,7,0,0.0,-0.5587016533946442,200
7,10,70,0,2,1,0,210,1.4285714285714286,1,7,0.9142857142857143,10,0,0.0,-0.9112177182067529,200
10,13,130,1,1,0,1,130,1.3,10,10,1.0,13,0,0.0,-2.4380235644263246,200
12,11,132,1,1,0,1,132,0.9166666666666666,12,12,1.0,11,0,0.0,-2.96554480931641,200
7,18,126,0,0,0,0,108,2.5714285714285716,1,7,0.8333333333333334,18,0,0.0,-0.6197371926200316,200
12,4,48,0,1,0,1,48,0.3333333333333333,12,12,1.0,4,0,0.0,-0.3664662999005536,200
3,2,6,1,2,1,0,6,0.6666666666666666,1,3,0.6666666666666666,2,2,1.0,nan,200
8,1,8,0,0,1,1,7,0.125,4,4,0.5,1,0,0.0,-0.15158474482988285,200
7,1,7,1,0,1,0,6,0.14285714285714285,1,1,0.14285714285714285,1,0,0.0,-0.3296718756470292,200
12,3,36,0,2,1,0,198,0.25,1,12,0.6944444444444444,3,0,0.0,-0.41368196119951184,200
7,6,42,0,0,0,1,36,0.8571428571428571,7,7,1.0,6,0,0.0,-0.9477408487591324,200
8,3,24,0,0,0,0,21,0.375,1,3,0.25,3,0,0.0,-0.397787340057204,200
7,12,84,0,0,0,0,72,1.7142857142857142,1,7,0.75,12,0,0.0,-0.607252921511041,200
4,5,20,1,1,0,1,20,1.25,4,4,1.0,5,0,0.0,-0.8766181634239624,200
11,19,209,1,2,1,1,1045,1.7272727272727273,1,11,0.9521531100478469,19,0,0.0,-2.73525121712549,200
2,9,18,1,0,0,1,9,4.5,2,2,1.0,9,0,0.0,-0.6371798887279044,200
7,3,21,0,1,1,1,21,0.42857142857142855,3,7,0.8095238095238095,3,0,0.0,-0.5251749168703453,200
8,10,80,1,1,1,1,80,1.25,4,8,0.95,10,0,0.0,-1.8174882317852246,200
7,19,133,0,0,0,0,114,2.7142857142857144,1,7,0.8421052631578947,19,0,0.0,-0.6242916220321103,200
11,7,77,0,0,1,0,70,0.6363636363636364,1,7,0.36363636363636365,7,0,0.0,-0.5957048362373263,200
12,6,72,0,0,1,1,66,0.5,6,12,0.9166666666666666,6,0,0.0,-1.1339914956521293,200
7,16,112,1,1,1,1,112,2.2857142857142856,3,7,0.9642857142857143,16,0,0.0,-1.612848800576489,200
8,4,32,0,0,0,0,28,0.5,1,4,0.3125,4,0,0.0,-0.46628332665426664,200
3,7,21,0,0,1,0,14,2.3333333333333335,1,3,0.8571428571428571,7,0,0.0,-0.4625162776770065,200
6,2,12,0,0,1,0,10,0.3333333333333333,1,2,0.25,2,0,0.0,-0.33612845705982636,200
6,5,30,1,0,0,1,25,0.8333333333333334,6,6,1.0,5,0,0.0,-1.4830777904887018,200
8,2,16,0,0,1,1,14,0.25,4,8,0.75,2,0,0.0,-0.4459709993458559,200
7,6,42,0,2,0,0,126,0.8571428571428571,1,7,0.8571428571428571,6,0,0.0,0.10435496486217302,200
8,18,144,0,0,0,0,126,2.25,1,8,0.8055555555555556,18,0,0.0,-0.6800788754198798,200
2,5,10,1,1,1,1,10,2.5,1,2,0.9,5,0,0.0,-0.5736521829616968,200
4,12,48,0,0,1,1,36,3.0,2,4,0.9583333333333334,12,0,0.0,-0.5952288705870205,200
4,11,44,1,2,0,1,66,2.75,4,4,1.0,11,0,0.0,-1.0010514849007994,200
3,16,48,1,2,0,0,48,5.333333333333333,1,3,0.9583333333333334,16,0,0.0,-0.7958157711901906,200
10,19,190,0,1,1,1,190,1.9,5,10,0.9736842105263158,19,0,0.0,-2.0001192138568755,200
2,12,24,0,0,1,0,12,6.0,1,2,0.9583333333333334,12,0,0.0,-0.384776939238223,200
12,19,228,1,0,1,1,209,1.5833333333333333,6,12,0.9736842105263158,19,0,0.0,-2.858732304391979,200
9,19,171,1,0,0,0,152,2.111111111111111,1,9,0.7894736842105263,19,0,0.0,-1.1056096897164773,200
3,5,15,1,1,0,0,15,1.6666666666666667,1,3,0.8666666666666667,5,0,0.0,-0.6913480296443771,200
12,12,144,0,0,1,1,132,1.0,6,12,0.9583333333333334,12,0,0.0,-1.851579761876126,200
9,13,117,1,0,0,1,104,1.4444444444444444,9,9,1.0,13,0,0.0,-2.1978355365680975,200
6,3,18,0,2,0,0,45,0.5,1,6,0.7222222222222222,3,0,0.0,0.14337525249968908,200
4,20,80,1,2,1,1,120,5.0,1,4,0.9625,20,1,0.05,-0.987052494516063,200
6,17,102,0,2,0,1,255,2.8333333333333335,6,6,1.0,17,0,0.0,0.33816305682843983,200
7,20,140,1,2,1,0,420,2.857142857142857,1,7,0.9571428571428572,20,1,0.05,-1.638978481691788,200
8,20,160,1,2,0,1,560,2.5,8,8,1.0,20,0,0.0,-1.791959862079427,200
4,15,60,0,2,0,0,90,3.75,1,4,0.95,15,0,0.0,-0.1838236507087711,200
11,4,44,1,1,0,1,44,0.36363636363636365,11,11,1.0,4,0,0.0,-1.8317994642483568,200
2,16,32,0,2,0,0,16,8.0,1,2,0.96875,16,0,0.0,-0.28331623146241103,200
2,7,14,0,2,1,1,7,3.5,1,2,0.9285714285714286,7,0,0.0,-0.33485821242965946,200
11,18,198,0,2,0,1,990,1.6363636363636365,11,11,1.0,18,0,0.0,0.6139197221409919,200
11,2,22,0,2,1,1,110,0.18181818181818182,1,11,0.5454545454545454,2,0,0.0,-0.3572284303563717,200
7,11,77,0,2,1,0,231,1.5714285714285714,1,7,0.922077922077922,11,0,0.0,-0.954053668275882,200
6,8,48,1,1,0,1,48,1.3333333333333333,6,6,1.0,8,0,0.0,-1.422062891707632,200
11,7,77,1,2,0,1,385,0.6363636363636364,11,11,1.0,7,0,0.0,-1.5764416045025127,200
12,10,120,1,2,1,1,660,0.8333333333333334,1,12,0.9083333333333333,10,0,0.0,-1.5313625511505642,200
7,6,42,1,0,1,1,36,0.8571428571428571,4,7,0.9285714285714286,6,0,0.0,-1.4727994672670077,200
6,9,54,1,2,1,0,135,1.5,1,6,0.9074074074074074,9,0,0.0,-1.2936265436545198,200
4,1,4,0,0,1,1,3,0.25,2,2,0.5,1,0,0.0,-0.34611347173423473,200
9,16,144,1,0,1,0,128,1.7777777777777777,1,9,0.75,16,0,0.0,-2.1617785777246112,200
5,3,15,1,1,1,0,15,0.6,4,5,0.9333333333333333,3,0,0.0,-0.9704793077034138,200
6,5,30,1,0,0,1,25,0.8333333333333334,6,6,1.0,5,0,0.0,-1.4424576443256356,200
3,12,36,0,1,0,0,36,4.0,1,3,0.9444444444444444,12,0,0.0,-0.1741979087710072,200
5,15,75,0,1,1,1,75,3.0,2,5,0.96,15,0,0.0,-0.8231637385741057,200
6,1,6,1,1,0,1,6,0.16666666666666666,6,6,1.0,1,0,0.0,-0.18908940679694247,200
8,3,24,0,0,0,1,21,0.375,8,8,1.0,3,0,0.0,-0.6002764538308707,200
11,5,55,0,1,1,1,55,0.45454545454545453,5,11,0.8909090909090909,5,0,0.0,-1.0224101711670799,200
9,10,90,0,2,0,0,360,1.1111111111111112,1,9,0.9111111111111111,10,0,0.0,0.14952979053566332,200
11,6,66,1,0,1,0,60,0.5454545454545454,1,6,0.3181818181818182,6,0,0.0,-1.1994317425767962,200
7,16,112,1,0,0,1,96,2.2857142857142856,7,7,1.0,16,0,0.0,-1.7044895318549282,200
3,20,60,0,1,0,0,60,6.666666666666667,1,3,0.9666666666666667,20,0,0.0,-0.2009275009286244,200
6,8,48,0,1,0,0,48,1.3333333333333333,1,6,0.8125,8,0,0.0,-0.7183098223517248,200
2,8,16,1,1,0,1,16,4.0,2,2,1.0,8,0,0.0,-0.8789664321795787,200
6,17,102,0,0,1,1,85,2.8333333333333335,3,6,0.9705882352941176,17,0,0.0,-1.0149479992127486,200
3,9,27,0,0,0,1,18,3.0,3,3,1.0,9,0,0.0,-0.3832953878398177,200
8,14,112,1,1,1,0,112,1.75,7,8,0.9910714285714286,14,0,0.0,-1.8511500761878208,200
7,18,126,0,0,0,0,108,2.5714285714285716,1,7,0.8333333333333334,18,0,0.0,-0.6406602312096492,200
5,11,55,1,2,1,0,110,2.2,1,5,0.9272727272727272,11,0,0.0,-1.2067788074018173,200
10,17,170,1,1,1,1,170,1.7,5,10,0.9705882352941176,17,0,0.0,-2.3419179232206124,200
10,13,130,0,1,1,1,130,1.3,5,10,0.9615384615384616,13,0,0.0,-1.9078590987588044,200
3,7,21,1,2,1,0,21,2.3333333333333335,1,3,0.9047619047619048,7,1,0.14285714285714285,-0.7615051304844376,200
11,15,165,0,0,0,1,150,1.3636363636363635,11,11,1.0,15,0,0.0,-1.5897050257953922,200
3,13,39,1,1,1,0,39,4.333333333333333,2,3,0.9743589743589743,13,0,0.0,-0.8059914743148006,200
8,3,24,0,1,0,0,24,0.375,1,5,0.375,3,0,0.0,-0.5209614125134943,200
2,18,36,0,1,1,0,36,9.0,1,2,0.9722222222222222,18,0,0.0,-0.3589966597518883,200
9,20,180,0,1,1,1,180,2.2222222222222223,4,9,0.9722222222222222,20,0,0.0,-1.7230462216582185,200
5,11,55,1,0,0,0,44,2.2,1,5,0.8181818181818182,11,0,0.0,-0.9442708673669329,200
4,19,76,0,2,1,0,114,4.75,1,4,0.9605263157894737,19,0,0.0,-0.624530138333903,200
9,1,9,1,0,0,0,8,0.1111111111111111,1,1,0.1111111111111111,1,0,0.0,-0.3045175192676583,200
8,6,48,1,0,0,0,42,0.75,1,6,0.4375,6,0,0.0,-0.8632373392874959,200
3,15,45,0,0,1,0,30,5.0,1,3,0.9333333333333333,15,0,0.0,-0.46307442322476733,200
12,13,156,1,2,0,0,858,1.0833333333333333,1,12,0.9294871794871795,13,0,0.0,-2.004239728674919,200
7,14,98,1,2,1,0,294,2.0,1,7,0.9387755102040817,14,0,0.0,-1.6691524220909888,200
12,13,156,0,0,1,1,143,1.0833333333333333,6,12,0.9615384615384616,13,0,0.0,-1.8811064439448455,200
6,14,84,1,2,0,0,210,2.3333333333333335,1,6,0.9404761904761905,14,0,0.0,-1.360321746422516,200
6,20,120,0,1,0,0,120,3.3333333333333335,1,6,0.925,20,0,0.0,-0.7576377436056805,200
7,20,140,0,1,0,0,140,2.857142857142857,1,7,0.9142857142857143,20,0,0.0,-0.7537720178917762,200
10,13,130,0,0,0,1,117,1.3,10,10,1.0,13,0,0.0,-1.315028309052535,200
11,5,55,0,2,1,1,275,0.45454545454545453,1,11,0.8181818181818182,5,0,0.0,-0.4752406914235463,200
2,13,26,1,1,1,1,26,6.5,1,2,0.9615384615384616,13,2,0.15384615384615385,-0.6773202618135604,200
11,11,121,1,2,0,0,605,1.0,1,11,0.9173553719008265,11,0,0.0,-1.7668341065327735,200
12,16,192,0,2,1,0,1056,1.3333333333333333,1,12,0.9427083333333334,16,0,0.0,-1.6250551551977122,200
8,9,72,0,2,1,1,252,1.125,1,8,0.9027777777777778,9,0,0.0,-0.7565299246074745,200
4,17,68,1,2,1,1,102,4.25,1,4,0.9558823529411765,17,0,0.0,-0.9985894590218968,200
5,1,5,1,1,0,0,5,0.2,1,1,0.2,1,1,1.0,nan,200
4,18,72,0,2,0,1,108,4.5,4,4,1.0,18,0,0.0,0.1490131365229548,200
4,1,4,1,1,0,1,4,0.25,4,4,1.0,1,0,0.0,-0.2409313959971843,200
10,13,130,1,2,0,1,585,1.3,10,10,1.0,13,0,0.0,-2.031842772957769,200
5,11,55,0,0,1,0,44,2.2,1,5,0.8181818181818182,11,0,0.0,-0.7431459233454121,200
9,2,18,1,2,0,0,72,0.2222222222222222,1,9,0.5555555555555556,2,1,0.5,-0.3052428000781181,200
4,3,12,1,0,1,1,9,0.75,2,4,0.8333333333333334,3,0,0.0,-0.9512822600762542,200
7,4,28,0,1,0,0,28,0.5714285714285714,1,7,0.5714285714285714,4,0,0.0,-0.6172610323631541,200
8,16,128,0,1,1,0,128,2.0,7,8,0.9921875,16,0,0.0,-1.4706039939758955,200
4,3,12,1,2,0,0,18,0.75,1,4,0.75,3,0,0.0,-0.5475230488279716,200
3,8,24,1,1,1,0,24,2.6666666666666665,2,3,0.9583333333333334,8,1,0.125,-0.6942305351974775,200
6,4,24,1,2,0,1,60,0.6666666666666666,6,6,1.0,4,0,0.0,-0.9298929561379737,200
4,4,16,1,2,0,0,24,1.0,1,4,0.8125,4,2,0.5,-0.5847366909493246,200
11,8,88,0,1,0,0,88,0.7272727272727273,1,11,0.6590909090909091,8,0,0.0,-0.7807612083386806,200
11,14,154,0,0,0,0,140,1.2727272727272727,1,11,0.6428571428571429,14,0,0.0,-0.6377346866678044,200
4,17,68,1,1,1,1,68,4.25,2,4,0.9705882352941176,17,0,0.0,-0.9617772102568739,200
4,9,36,1,0,0,0,27,2.25,1,4,0.8333333333333334,9,0,0.0,-0.8250764996582447,200
7,17,119,0,0,0,1,102,2.4285714285714284,7,7,1.0,17,0,0.0,-1.012535476586927,200
5,16,80,0,2,0,0,160,3.2,1,5,0.95,16,0,0.0,-0.06780537468066514,200
4,8,32,1,1,1,0,32,2.0,3,4,0.96875,8,0,0.0,-0.94899772106722,200
3,17,51,0,0,0,1,34,5.666666666666667,3,3,1.0,17,0,0.0,-0.3930235034493071,200
11,1,11,1,2,0,0,55,0.09090909090909091,1,1,0.09090909090909091,1,0,0.0,-0.3020329799764228,200
7,15,105,1,1,0,1,105,2.142857142857143,7,7,1.0,15,0,0.0,-1.6385261176968313,200
10,14,140,1,0,1,1,126,1.4,5,10,0.9642857142857143,14,0,0.0,-2.3185528237471598,200
3,3,9,1,1,0,1,9,1.0,3,3,1.0,3,0,0.0,-0.3939648221057101,200
5,12,60,1,1,1,0,60,2.4,4,5,0.9833333333333333,12,0,0.0,-1.1032548871094974,200
12,3,36,0,1,0,0,36,0.25,1,5,0.25,3,0,0.0,-0.4751359883869927,200
6,11,66,1,2,0,0,165,1.8333333333333333,1,6,0.9242424242424242,11,1,0.09090909090909091,-1.2452172046834367,200
9,13,117,0,0,0,1,104,1.4444444444444444,9,9,1.0,13,0,0.0,-1.271525167553484,200
10,13,130,0,2,1,1,585,1.3,1,10,0.9307692307692308,13,0,0.0,-1.0743567132872531,200
5,6,30,0,0,1,1,24,1.2,3,5,0.9333333333333333,6,0,0.0,-0.6251925122337587,200
12,9,108,0,2,1,1,594,0.75,1,12,0.8981481481481481,9,0,0.0,-0.758501629984856,200
4,19,76,1,2,1,0,114,4.75,1,4,0.9605263157894737,19,0,0.0,-0.9900883242500989,200
4,9,36,0,1,0,1,36,2.25,4,4,1.0,9,0,0.0,-0.1969615268325334,200
8,17,136,1,2,1,0,476,2.125,1,8,0.9485294117647058,17,2,0.11764705882352941,-1.8696475082549853,200
3,17,51,1,2,0,0,51,5.666666666666667,1,3,0.9607843137254902,17,1,0.058823529411764705,-0.8046530741543098,200
11,8,88,0,1,1,1,88,0.7272727272727273,5,11,0.9318181818181818,8,0,0.0,-1.551054364982336,200
9,3,27,1,0,1,1,24,0.3333333333333333,5,9,0.8518518518518519,3,0,0.0,-1.1424462858936246,200
11,9,99,1,1,1,0,99,0.8181818181818182,10,11,0.98989898989899,9,0,0.0,-2.669080173011655,200
4,9,36,1,1,1,1,36,2.25,2,4,0.9444444444444444,9,0,0.0,-0.9565385998136122,200
6,10,60,0,0,0,0,50,1.6666666666666667,1,6,0.75,10,0,0.0,-0.5561612209174327,200
11,18,198,1,1,1,1,198,1.6363636363636365,5,11,0.9696969696969697,18,0,0.0,-2.6376074907266243,200
5,18,90,1,2,0,1,180,3.6,5,5,1.0,18,0,0.0,-1.1202734819931448,200
5,10,50,1,1,1,1,50,2.0,2,5,0.94,10,0,0.0,-1.1970290524015266,200
9,19,171,0,0,0,0,152,2.111111111111111,1,9,0.7894736842105263,19,0,0.0,-0.6843326066459837,200
10,2,20,1,2,1,0,90,0.2,1,10,0.55,2,1,0.5,-0.33411713906370527,200
7,20,140,1,2,0,0,420,2.857142857142857,1,7,0.9571428571428572,20,0,0.0,-1.5993904473212008,200
9,18,162,0,2,0,1,648,2.0,9,9,1.0,18,0,0.0,0.5358987259127317,200
8,15,120,1,2,0,0,420,1.875,1,8,0.9416666666666667,15,0,0.0,-1.7641533242102336,200
7,18,126,1,0,1,1,108,2.5714285714285716,4,7,0.9761904761904762,18,0,0.0,-1.5782528745337525,200
6,12,72,0,1,1,1,72,2.0,3,6,0.9583333333333334,12,0,0.0,-0.9986314779259765,200
7,6,42,1,2,0,0,126,0.8571428571428571,1,7,0.8571428571428571,6,0,0.0,-1.1791641170399527,200
10,15,150,0,2,1,0,675,1.5,1,10,0.94,15,0,0.0,-1.4718467048471398,200
11,12,132,1,0,0,1,120,1.0909090909090908,11,11,1.0,12,0,0.0,-2.760494346483917,200
9,19,171,1,2,1,0,684,2.111111111111111,1,9,0.9532163742690059,19,0,0.0,-2.1160205741041658,200
10,6,60,0,0,0,0,54,0.6,1,6,0.35,6,0,0.0,-0.500360312960539,200
2,13,26,0,1,1,1,26,6.5,1,2,0.9615384615384616,13,0,0.0,-0.3693388478993093,200
8,7,56,0,1,1,1,56,0.875,4,8,0.9285714285714286,7,0,0.0,-1.0983659943782147,200
11,17,187,1,0,0,1,170,1.5454545454545454,11,11,1.0,17,0,0.0,-2.663348233558003,200
11,17,187,1,0,1,1,170,1.5454545454545454,6,11,0.9732620320855615,17,0,0.0,-2.62213621857156,200
2,12,24,1,0,0,1,12,6.0,2,2,1.0,12,1,0.08333333333333333,-0.6078811358012918,200
4,5,20,1,0,1,0,15,1.25,1,4,0.7,5,3,0.6,-0.6156830631102653,200
5,12,60,0,1,1,1,60,2.4,2,5,0.95,12,0,0.0,-0.794642332726429,200
8,10,80,0,2,1,1,280,1.25,1,8,0.9125,10,0,0.0,-0.8181423152740794,200
6,14,84,0,2,0,0,210,2.3333333333333335,1,6,0.9404761904761905,14,0,0.0,-0.06997276967325697,200
9,2,18,0,1,1,1,18,0.2222222222222222,4,9,0.7222222222222222,2,0,0.0,-0.4886364456061075,200
7,2,14,1,1,1,1,14,0.2857142857142857,3,7,0.7142857142857143,2,0,0.0,-0.5955145437194294,200
8,9,72,1,2,0,0,252,1.125,1,8,0.9027777777777778,9,0,0.0,-1.359127563301018,200
4,16,64,0,1,1,0,64,4.0,3,4,0.984375,16,0,0.0,-0.5915150663150727,200
8,14,112,1,1,0,0,112,1.75,1,8,0.8571428571428571,14,0,0.0,-1.3376605744716552,200
6,7,42,0,2,0,1,105,1.1666666666666667,6,6,1.0,7,0,0.0,0.36050074289256845,200
10,17,170,1,0,1,1,153,1.7,5,10,0.9705882352941176,17,0,0.0,-2.30585529690739,200
2,12,24,0,2,0,0,12,6.0,1,2,0.9583333333333334,12,0,0.0,-0.2820630023489311,200
9,12,108,1,1,0,1,108,1.3333333333333333,9,9,1.0,12,0,0.0,-2.091570037363311,200
6,11,66,1,0,0,0,55,1.8333333333333333,1,6,0.7727272727272727,11,1,0.09090909090909091,-0.9874525172280579,200
7,14,98,0,1,1,0,98,2.0,6,7,0.9897959183673469,14,0,0.0,-1.2036258699811198,200
8,17,136,0,2,1,1,476,2.125,1,8,0.9485294117647058,17,0,0.0,-1.3166922776469936,200
11,2,22,1,0,1,1,20,0.18181818181818182,6,11,0.7727272727272727,2,0,0.0,-0.7583605216416702,200
5,10,50,0,2,1,0,100,2.0,1,5,0.92,10,0,0.0,-0.7105029474887514,200
8,3,24,1,2,0,1,84,0.375,8,8,1.0,3,0,0.0,-0.5796084053425565,200
3,16,48,0,2,0,1,48,5.333333333333333,3,3,1.0,16,0,0.0,0.08998992691643908,200
11,16,176,0,1,0,0,176,1.4545454545454546,1,11,0.8295454545454546,16,0,0.0,-1.1578518420969617,200
12,17,204,1,1,1,1,204,1.4166666666666667,6,12,0.9705882352941176,17,0,0.0,-2.8576413133476857,200
2,11,22,1,0,1,0,11,5.5,1,2,0.9545454545454546,11,0,0.0,-0.6933610794966574,200
4,2,8,1,1,0,0,8,0.5,1,3,0.5,2,1,0.5,-0.3041107347434587,200
11,19,209,0,2,1,0,1045,1.7272727272727273,1,11,0.9521531100478469,19,0,0.0,-1.827434051837097,200
12,9,108,0,1,0,1,108,0.75,12,12,1.0,9,0,0.0,-0.41230466470850924,200
5,15,75,0,1,1,1,75,3.0,2,5,0.96,15,0,0.0,-0.820332266974412,200
11,17,187,1,2,0,0,935,1.5454545454545454,1,11,0.946524064171123,17,0,0.0,-2.3126000387518206,200
8,16,128,1,1,1,1,128,2.0,4,8,0.96875,16,0,0.0,-1.8652649541492485,200
6,17,102,0,1,1,0,102,2.8333333333333335,5,6,0.9901960784313726,17,0,0.0,-1.008311959591322,200
10,2,20,1,1,1,0,20,0.2,9,10,0.95,2,0,0.0,-0.778466742972458,200
8,1,8,0,1,1,1,8,0.125,4,4,0.5,1,0,0.0,-0.22195233337972647,200
3,19,57,1,1,0,0,57,6.333333333333333,1,3,0.9649122807017544,19,0,0.0,-0.7680967205030521,200
10,15,150,0,2,1,0,675,1.5,1,10,0.94,15,0,0.0,-1.4823203032275039,200
6,1,6,0,1,0,0,6,0.16666666666666666,1,1,0.16666666666666666,1,0,0.0,-0.3191461616750177,200
2,16,32,1,1,0,1,32,8.0,2,2,1.0,16,0,0.0,-0.8278634175036915,200
12,7,84,1,1,0,0,84,0.5833333333333334,1,12,0.5714285714285714,7,1,0.14285714285714285,-0.9672832245758134,200
7,20,140,0,0,0,1,120,2.857142857142857,7,7,1.0,20,0,0.0,-0.972364636051014,200
5,7,35,1,0,1,1,28,1.4,3,5,0.9428571428571428,7,0,0.0,-1.2769195371981605,200
12,11,132,1,0,1,1,121,0.9166666666666666,6,12,0.9545454545454546,11,0,0.0,-2.860156372435495,200
4,15,60,1,2,1,0,90,3.75,1,4,0.95,15,2,0.13333333333333333,-0.9820851685180177,200
11,18,198,1,0,0,0,180,1.6363636363636365,1,11,0.7222222222222222,18,0,0.0,-1.0861717908151802,200
3,9,27,1,1,1,1,27,3.0,1,3,0.9259259259259259,9,2,0.2222222222222222,-0.8133395876502987,200
8,9,72,1,1,1,0,72,1.125,7,8,0.9861111111111112,9,0,0.0,-1.819140572972508,200
4,11,44,0,0,0,0,33,2.75,1,4,0.8636363636363636,11,0,0.0,-0.4928553648564258,200
10,8,80,1,1,0,0,80,0.8,1,10,0.6875,8,1,0.125,-1.0025936164114368,200
4,3,12,0,1,1,1,12,0.75,2,4,0.8333333333333334,3,0,0.0,-0.4621538823301997,200
12,5,60,1,1,1,1,60,0.4166666666666667,6,12,0.9,5,0,0.0,-2.1703148554880767,200
5,2,10,1,0,1,1,8,0.4,3,5,0.8,2,0,0.0,-0.7409869815229139,200
8,7,56,1,0,1,1,49,0.875,4,8,0.9285714285714286,7,0,0.0,-1.4892631218754355,200
6,1,6,0,2,0,1,15,0.16666666666666666,6,6,1.0,1,0,0.0,-0.1708243842214123,200
11,16,176,0,2,0,1,880,1.4545454545454546,11,11,1.0,16,0,0.0,0.6105610746927724,200
9,15,135,1,1,0,0,135,1.6666666666666667,1,9,0.8518518518518519,15,1,0.06666666666666667,-1.297808683650607,200
12,16,192,0,0,0,1,176,1.3333333333333333,12,12,1.0,16,0,0.0,-1.5972402541039312,200
4,14,56,0,0,1,0,42,3.5,1,4,0.8928571428571429,14,0,0.0,-0.6220458956708302,200
9,3,27,0,2,1,0,108,0.3333333333333333,1,9,0.7037037037037037,3,0,0.0,-0.3656036140563915,200
7,17,119,1,1,0,0,119,2.4285714285714284,1,7,0.8991596638655462,17,3,0.17647058823529413,-1.397018045855067,200
9,7,63,1,2,1,0,252,0.7777777777777778,1,9,0.873015873015873,7,0,0.0,-1.6877408784056018,200
5,15,75,0,2,1,1,150,3.0,1,5,0.9466666666666667,15,0,0.0,-0.8254243383396339,200
4,19,76,1,2,0,0,114,4.75,1,4,0.9605263157894737,19,1,0.05263157894736842,-0.9797093835223483,200
3,16,48,1,0,0,0,32,5.333333333333333,1,3,0.9375,16,1,0.0625,-0.8529720105482225,200
10,12,120,0,0,1,1,108,1.2,5,10,0.9583333333333334,12,0,0.0,-1.6153504975623336,200
3,10,30,1,2,1,0,30,3.3333333333333335,1,3,0.9333333333333333,10,0,0.0,-0.8410343119632071,200
10,2,20,0,0,0,1,18,0.2,10,10,1.0,2,0,0.0,-0.3784664281011289,200
5,10,50,0,0,0,1,40,2.0,5,5,1.0,10,0,0.0,-0.7017012455809639,200
8,20,160,1,0,1,0,140,2.5,1,8,0.825,20,0,0.0,-1.94003551008081,200
11,16,176,0,1,0,1,176,1.4545454545454546,11,11,1.0,16,0,0.0,-0.23027805164484375,200
9,10,90,0,1,1,0,90,1.1111111111111112,8,9,0.9888888888888889,10,0,0.0,-1.4720733898471268,200
2,19,38,1,0,0,0,19,9.5,1,2,0.9736842105263158,19,1,0.05263157894736842,-0.6962077839113766,200
8,12,96,0,1,1,0,96,1.5,7,8,0.9895833333333334,12,0,0.0,-1.4315500915770092,200
7,9,63,1,2,1,1,189,1.2857142857142858,1,7,0.9047619047619048,9,0,0.0,-1.4500310014373188,200
6,6,36,0,2,1,0,90,1.0,1,6,0.8611111111111112,6,0,0.0,-0.5863766103536053,200
9,16,144,0,0,0,0,128,1.7777777777777777,1,9,0.75,16,0,0.0,-0.6700574768681682,200
12,13,156,1,1,0,1,156,1.0833333333333333,12,12,1.0,13,0,0.0,-2.9730635594377564,200
12,15,180,0,2,0,0,990,1.25,1,12,0.9388888888888889,15,0,0.0,0.2364860964530243,200
8,15,120,0,0,0,1,105,1.875,8,8,1.0,15,0,0.0,-0.9809330459935265,200
11,14,154,0,2,0,1,770,1.2727272727272727,11,11,1.0,14,0,0.0,0.6075344566347204,200
10,19,190,1,0,0,1,171,1.9,10,10,1.0,19,0,0.0,-2.3944721459426974,200
5,18,90,1,0,0,0,72,3.6,1,5,0.8888888888888888,18,1,0.05555555555555555,-1.0419227568161542,200
7,3,21,0,2,0,0,63,0.42857142857142855,1,7,0.7142857142857143,3,0,0.0,0.1461208608870131,200
4,5,20,1,1,1,0,20,1.25,3,4,0.95,5,0,0.0,-0.9812393836667554,200
3,2,6,0,0,0,0,4,0.6666666666666666,1,2,0.5,2,0,0.0,-0.37569536952285654,200
7,15,105,1,2,0,0,315,2.142857142857143,1,7,0.9428571428571428,15,0,0.0,-1.4803796260707878,200
5,16,80,1,1,0,0,80,3.2,1,5,0.925,16,0,0.0,-1.2361825087423308,200
10,17,170,1,0,0,0,153,1.7,1,10,0.7352941176470589,17,1,0.058823529411764705,-0.9939075946452681,200
12,19,228,1,2,1,1,1254,1.5833333333333333,1,12,0.9517543859649122,19,1,0.05263157894736842,-2.9792131532787973,200
10,16,160,1,2,0,0,720,1.6,1,10,0.94375,16,1,0.0625,-2.059319052605174,200
11,10,110,0,2,0,0,550,0.9090909090909091,1,11,0.9090909090909091,10,0,0.0,0.2553702480697489,200
7,18,126,1,1,1,0,126,2.5714285714285716,6,7,0.9920634920634921,18,0,0.0,-1.5901916150985522,200
5,9,45,1,0,1,1,36,1.8,3,5,0.9555555555555556,9,0,0.0,-1.1432654089779137,200
6,18,108,1,2,0,1,270,3.0,6,6,1.0,18,0,0.0,-1.3409353603764962,200
8,7,56,0,1,1,1,56,0.875,4,8,0.9285714285714286,7,0,0.0,-1.1312663432386107,200
11,10,110,1,0,0,1,100,0.9090909090909091,11,11,1.0,10,0,0.0,-2.7718418228573545,200
9,2,18,0,0,1,0,16,0.2222222222222222,1,2,0.16666666666666666,2,0,0.0,-0.3249949467747349,200
7,4,28,0,0,1,0,24,0.5714285714285714,1,4,0.35714285714285715,4,0,0.0,-0.41413824865002086,200
4,11,44,1,1,1,0,44,2.75,3,4,0.9772727272727273,11,1,0.09090909090909091,-0.991298601556966,200
5,17,85,0,2,0,1,170,3.4,5,5,1.0,17,0,0.0,0.3244318141610199,200
2,16,32,0,0,0,1,16,8.0,2,2,1.0,16,0,0.0,-0.18095701666497885,200
7,1,7,0,1,0,1,7,0.14285714285714285,7,7,1.0,1,0,0.0,-0.07510955847938014,200
2,1,2,0,2,0,1,1,0.5,2,2,1.0,1,0,0.0,-0.29672542027053456,200
6,13,78,1,2,0,0,195,2.1666666666666665,1,6,0.9358974358974359,13,0,0.0,-1.2610955340954655,200
8,3,24,0,2,0,0,84,0.375,1,8,0.7083333333333334,3,0,0.0,0.2335879507850554,200
6,7,42,1,1,1,0,42,1.1666666666666667,5,6,0.9761904761904762,7,0,0.0,-1.4115838094371378,200
11,1,11,1,2,0,1,55,0.09090909090909091,11,11,1.0,1,0,0.0,-0.0726448846445414,200
2,11,22,1,0,1,0,11,5.5,1,2,0.9545454545454546,11,2,0.18181818181818182,-0.8506473547338635,200
11,17,187,0,0,0,1,170,1.5454545454545454,11,11,1.0,17,0,0.0,-1.74132917324146,200
2,8,16,1,0,1,1,8,4.0,1,2,0.9375,8,1,0.125,-0.7058273113131035,200
10,11,110,0,2,1,1,495,1.1,1,10,0.9181818181818182,11,0,0.0,-0.8868315329405067,200
7,6,42,1,0,1,0,36,0.8571428571428571,1,6,0.5,6,0,0.0,-1.1820526141740273,200
4,12,48,1,0,0,0,36,3.0,1,4,0.875,12,1,0.08333333333333333,-0.7916552371430575,200
7,20,140,0,0,0,1,120,2.857142857142857,7,7,1.0,20,0,0.0,-1.0195612283318072,200
11,9,99,1,1,1,0,99,0.8181818181818182,10,11,0.98989898989899,9,0,0.0,-2.53577610451411,200
9,14,126,1,2,0,0,504,1.5555555555555556,1,9,0.9365079365079365,14,2,0.14285714285714285,-1.6912847349482243,200
7,3,21,0,2,0,0,63,0.42857142857142855,1,7,0.7142857142857143,3,0,0.0,0.09526443562868404,200
6,19,114,1,2,0,1,285,3.1666666666666665,6,6,1.0,19,0,0.0,-1.3196402662369244,200
5,1,5,0,1,0,0,5,0.2,1,1,0.2,1,0,0.0,-0.31167721474156357,200
3,4,12,0,2,0,1,12,1.3333333333333333,3,3,1.0,4,0,0.0,0.10035920203231405,200
9,4,36,0,0,1,1,32,0.4444444444444444,5,9,0.8888888888888888,4,0,0.0,-0.718055861313445,200
4,18,72,0,1,0,0,72,4.5,1,4,0.9444444444444444,18,0,0.0,-0.4490134808853522,200
2,14,28,1,0,1,0,14,7.0,1,2,0.9642857142857143,14,2,0.14285714285714285,-0.6566354091458683,200
3,11,33,1,1,0,1,33,3.6666666666666665,3,3,1.0,11,0,0.0,-0.7433180483539206,200
7,15,105,0,0,1,0,90,2.142857142857143,1,7,0.8,15,0,0.0,-1.1219628905494405,200
8,3,24,0,2,0,1,84,0.375,8,8,1.0,3,0,0.0,0.4632324302444481,200
4,5,20,0,1,0,1,20,1.25,4,4,1.0,5,0,0.0,-0.19499494477096296,200
6,18,108,0,0,1,0,90,3.0,1,6,0.8611111111111112,18,0,0.0,-1.0225082278496105,200
9,12,108,1,2,0,0,432,1.3333333333333333,1,9,0.9259259259259259,12,4,0.3333333333333333,-1.1964394102336975,200
12,19,228,0,2,0,1,1254,1.5833333333333333,12,12,1.0,19,0,0.0,0.6071461595026937,200
8,9,72,0,1,1,0,72,1.125,7,8,0.9861111111111112,9,0,0.0,-1.2502155959350647,200
2,17,34,0,2,1,1,17,8.5,1,2,0.9705882352941176,17,0,0.0,-0.34498895344542096,200
9,18,162,1,1,1,1,162,2.0,4,9,0.9691358024691358,18,0,0.0,-2.0908235239424666,200
9,5,45,1,1,1,1,45,0.5555555555555556,4,9,0.8888888888888888,5,0,0.0,-1.7758051493564129,200
8,12,96,1,0,1,1,84,1.5,4,8,0.9583333333333334,12,0,0.0,-1.8093906023645858,200
2,16,32,0,0,1,0,16,8.0,1,2,0.96875,16,0,0.0,-0.3508524481478005,200
3,3,9,1,0,0,1,6,1.0,3,3,1.0,3,0,0.0,-0.4955317412995303,200
6,17,102,0,0,0,0,85,2.8333333333333335,1,6,0.8529411764705882,17,0,0.0,-0.615606576217249,200
3,3,9,1,0,1,1,6,1.0,2,3,0.8888888888888888,3,0,0.0,-0.2320651566732622,200
8,7,56,0,0,1,0,49,0.875,1,7,0.5,7,0,0.0,-0.6084843184692716,200
12,10,120,0,1,1,0,120,0.8333333333333334,11,12,0.9916666666666667,10,0,0.0,-1.8729444666863813,200
7,4,28,1,0,1,1,24,0.5714285714285714,4,7,0.8928571428571429,4,0,0.0,-1.3018874910139904,200
12,1,12,0,1,0,1,12,0.08333333333333333,12,12,1.0,1,0,0.0,-0.04072368395919879,200
4,11,44,0,2,1,0,66,2.75,1,4,0.9318181818181818,11,0,0.0,-0.59908008588189,200
12,13,156,0,1,0,0,156,1.0833333333333333,1,12,0.7692307692307693,13,0,0.0,-1.0171546536853262,200
8,4,32,0,0,0,0,28,0.5,1,4,0.3125,4,0,0.0,-0.4672475046144905,200
4,13,52,1,2,1,1,78,3.25,1,4,0.9423076923076923,13,0,0.0,-1.011562176567294,200
7,2,14,1,2,0,1,42,0.2857142857142857,7,7,1.0,2,0,0.0,-0.29885390852550653,200
4,11,44,1,0,0,1,33,2.75,4,4,1.0,11,0,0.0,-0.9759896363422037,200
10,4,40,1,1,1,1,40,0.4,5,10,0.875,4,0,0.0,-1.7491273888543173,200
7,18,126,0,0,0,1,108,2.5714285714285716,7,7,1.0,18,0,0.0,-0.9586279585155636,200
5,1,5,1,1,0,1,5,0.2,5,5,1.0,1,0,0.0,-0.26162325738683234,200
7,12,84,0,1,1,0,84,1.7142857142857142,6,7,0.9880952380952381,12,0,0.0,-1.1958883426878577,200
12,1,12,1,0,0,1,11,0.08333333333333333,12,12,1.0,1,0,0.0,-0.23087997288130246,200
11,15,165,0,1,1,1,165,1.3636363636363635,5,11,0.9636363636363636,15,0,0.0,-2.16302722313878,200
4,10,40,1,1,0,1,40,2.5,4,4,1.0,10,0,0.0,-0.9872643762522295,200
9,5,45,0,2,0,0,180,0.5555555555555556,1,9,0.8222222222222222,5,0,0.0,0.22266763468413592,200
4,12,48,0,0,1,0,36,3.0,1,4,0.875,12,0,0.0,-0.6313627283205396,200
5,11,55,0,2,1,1,110,2.2,1,5,0.9272727272727272,11,0,0.0,-0.7617844205030129,200
3,10,30,1,2,1,0,30,3.3333333333333335,1,3,0.9333333333333333,10,0,0.0,-0.819655132543674,200
7,9,63,1,1,1,1,63,1.2857142857142858,3,7,0.9365079365079365,9,0,0.0,-1.6021767573974475,200
5,16,80,0,0,1,1,64,3.2,3,5,0.975,16,0,0.0,-0.7580067868276085,200
6,5,30,0,2,1,1,75,0.8333333333333334,1,6,0.8333333333333334,5,0,0.0,-0.47205833720677187,200
5,15,75,0,0,1,0,60,3.0,1,5,0.8666666666666667,15,0,0.0,-0.8294647384472092,200
4,16,64,0,1,1,1,64,4.0,2,4,0.96875,16,0,0.0,-0.6197745403555478,200
8,19,152,1,2,1,0,532,2.375,1,8,0.9539473684210527,19,0,0.0,-1.84477994309824,200
5,9,45,0,0,1,0,36,1.8,1,5,0.7777777777777778,9,0,0.0,-0.66051535530112,200
11,3,33,1,2,0,0,165,0.2727272727272727,1,11,0.696969696969697,3,2,0.6666666666666666,-0.28663958904037945,200
11,2,22,1,1,1,1,22,0.18181818181818182,5,11,0.7272727272727273,2,0,0.0,-0.77784277605568,200
2,17,34,0,0,0,0,17,8.5,1,2,0.9705882352941176,17,0,0.0,-0.2538376704178233,200
4,2,8,0,0,1,1,6,0.5,2,4,0.75,2,0,0.0,-0.40842805922615283,200
6,10,60,1,1,0,0,60,1.6666666666666667,1,6,0.85,10,0,0.0,-0.9668243728728961,200
8,20,160,0,0,0,1,140,2.5,8,8,1.0,20,0,0.0,-0.9656346712438826,200
8,10,80,0,1,1,0,80,1.25,7,8,0.9875,10,0,0.0,-1.3017178680739698,200
3,12,36,0,2,1,1,36,4.0,1,3,0.9444444444444444,12,0,0.0,-0.4829967130721569,200
5,14,70,1,0,1,1,56,2.8,3,5,0.9714285714285714,14,0,0.0,-1.169752485878057,200
12,2,24,0,1,1,1,24,0.16666666666666666,6,12,0.75,2,0,0.0,-0.6378085079882646,200
8,7,56,1,2,1,1,196,0.875,1,8,0.875,7,0,0.0,-1.0823178802340725,200
4,15,60,0,1,1,0,60,3.75,3,4,0.9833333333333333,15,0,0.0,-0.6163674777019164,200
11,10,110,0,2,0,0,550,0.9090909090909091,1,11,0.9090909090909091,10,0,0.0,0.2586193378197195,200
4,8,32,0,1,1,0,32,2.0,3,4,0.96875,8,0,0.0,-0.5783180070438138,200
11,13,143,1,0,1,0,130,1.1818181818181819,1,11,0.6153846153846154,13,0,0.0,-2.111510483427591,200
6,13,78,1,0,1,0,65,2.1666666666666665,1,6,0.8076923076923077,13,1,0.07692307692307693,-1.4111989046782705,200
5,20,100,0,0,0,1,80,4.0,5,5,1.0,20,0,0.0,-0.6170918319083362,200
11,8,88,0,0,1,1,80,0.7272727272727273,6,11,0.9431818181818182,8,0,0.0,-1.3116255867367281,200
4,14,56,0,1,0,0,56,3.5,1,4,0.9285714285714286,14,0,0.0,-0.5030292442140072,200
3,15,45,1,0,1,1,30,5.0,2,3,0.9777777777777777,15,0,0.0,-0.8058163304457684,200
11,4,44,0,0,0,0,40,0.36363636363636365,1,4,0.22727272727272727,4,0,0.0,-0.4705333602406075,200
4,18,72,1,2,1,0,108,4.5,1,4,0.9583333333333334,18,0,0.0,-0.9963742807278165,200
4,15,60,1,0,1,0,45,3.75,1,4,0.9,15,1,0.06666666666666667,-1.0433607515391545,200
8,10,80,1,2,1,0,280,1.25,1,8,0.9125,10,0,0.0,-1.6412147914661208,200
10,2,20,0,2,0,1,90,0.2,10,10,1.0,2,0,0.0,0.8847687114753024,200
2,11,22,0,1,1,1,22,5.5,1,2,0.9545454545454546,11,0,0.0,-0.3743532236119956,200
7,13,91,0,2,1,1,273,1.8571428571428572,1,7,0.9340659340659341,13,0,0.0,-1.0168651858010405,200
3,5,15,1,1,0,0,15,1.6666666666666667,1,3,0.8666666666666667,5,0,0.0,-0.7536523290081256,200
5,15,75,1,2,1,0,150,3.0,1,5,0.9466666666666667,15,0,0.0,-1.1735513296852975,200
6,17,102,1,1,1,0,102,2.8333333333333335,5,6,0.9901960784313726,17,0,0.0,-1.3626846264690313,200
9,19,171,0,2,0,0,684,2.111111111111111,1,9,0.9532163742690059,19,0,0.0,0.123475460738949,200
2,14,28,1,1,1,1,28,7.0,1,2,0.9642857142857143,14,2,0.14285714285714285,-0.6364497337821918,200
2,15,30,1,2,0,0,15,7.5,1,2,0.9666666666666667,15,1,0.06666666666666667,-0.6919894362342303,200
4,15,60,0,2,0,1,90,3.75,4,4,1.0,15,0,0.0,0.12098643449862226,200
7,15,105,1,0,0,0,90,2.142857142857143,1,7,0.8,15,3,0.2,-0.9831718673619044,200
6,11,66,1,1,0,1,66,1.8333333333333333,6,6,1.0,11,0,0.0,-1.4729080084310517,200
10,18,180,0,0,0,1,162,1.8,10,10,1.0,18,0,0.0,-1.3750367144964408,200
3,17,51,0,1,1,0,51,5.666666666666667,2,3,0.9803921568627451,17,0,0.0,-0.4739608562097509,200
2,11,22,1,1,0,1,22,5.5,2,2,1.0,11,0,0.0,-0.8198408785705901,200
3,2,6,0,2,1,1,6,0.6666666666666666,1,3,0.6666666666666666,2,0,0.0,-0.36234322988339396,200
6,13,78,1,2,1,1,195,2.1666666666666665,1,6,0.9358974358974359,13,1,0.07692307692307693,-1.447893224209251,200
8,12,96,0,0,0,1,84,1.5,8,8,1.0,12,0,0.0,-1.0031638280391615,200
5,13,65,1,1,1,1,65,2.6,2,5,0.9538461538461539,13,0,0.0,-1.1447521647406576,200
2,2,4,1,0,1,1,2,1.0,1,2,0.75,2,0,0.0,-0.6190072566291308,200
10,4,40,0,0,0,1,36,0.4,10,10,1.0,4,0,0.0,-0.8939551167667082,200
11,18,198,1,2,1,1,990,1.6363636363636365,1,11,0.9494949494949495,18,1,0.05555555555555555,-2.7097731432314767,200
4,13,52,0,0,1,0,39,3.25,1,4,0.8846153846153846,13,0,0.0,-0.6181048902991078,200
11,15,165,0,0,1,1,150,1.3636363636363635,6,11,0.9696969696969697,15,0,0.0,-1.8748467115711844,200
8,12,96,0,2,0,0,336,1.5,1,8,0.9270833333333334,12,0,0.0,0.0674019992185658,200
5,8,40,1,1,1,0,40,1.6,4,5,0.975,8,0,0.0,-1.1430636531859883,200
11,4,44,1,1,1,1,44,0.36363636363636365,5,11,0.8636363636363636,4,0,0.0,-1.826248928112259,200
11,1,11,0,0,0,0,10,0.09090909090909091,1,1,0.09090909090909091,1,0,0.0,-0.3339025719399117,200
6,6,36,0,1,1,0,36,1.0,5,6,0.9722222222222222,6,0,0.0,-0.8396548423412259,200
8,2,16,0,0,1,1,14,0.25,4,8,0.75,2,0,0.0,-0.4439516601548687,200
5,2,10,0,1,1,0,10,0.4,4,5,0.9,2,0,0.0,-0.3651931641669806,200
11,6,66,1,2,1,0,330,0.5454545454545454,1,11,0.8484848484848485,6,0,0.0,-1.5315919473202801,200
4,7,28,1,0,0,1,21,1.75,4,4,1.0,7,0,0.0,-1.1093361197838192,200
3,20,60,1,0,0,0,40,6.666666666666667,1,3,0.95,20,1,0.05,-0.8291636887931846,200
7,15,105,0,2,1,0,315,2.142857142857143,1,7,0.9428571428571428,15,0,0.0,-1.1126565357778433,200
12,6,72,1,0,0,0,66,0.5,1,6,0.2916666666666667,6,0,0.0,-0.7382118933455671,200
2,10,20,1,2,0,1,10,5.0,2,2,1.0,10,0,0.0,-0.7202546679277754,200
5,3,15,1,2,0,1,30,0.6,5,5,1.0,3,0,0.0,-0.6243917780243845,200
12,14,168,0,1,0,1,168,1.1666666666666667,12,12,1.0,14,0,0.0,-0.4504005557169657,200
12,15,180,1,1,1,0,180,1.25,11,12,0.9944444444444445,15,0,0.0,-2.8590093980035354,200
11,16,176,0,2,1,0,880,1.4545454545454546,1,11,0.9431818181818182,16,0,0.0,-1.5803631749474476,200
5,19,95,0,2,1,1,190,3.8,1,5,0.9578947368421052,19,0,0.0,-0.8304122963562547,200
9,4,36,0,1,0,0,36,0.4444444444444444,1,7,0.4444444444444444,4,0,0.0,-0.6283215470236785,200
2,9,18,0,0,0,0,9,4.5,1,2,0.9444444444444444,9,0,0.0,-0.31367592349062484,200
4,20,80,1,0,1,1,60,5.0,2,4,0.975,20,0,0.0,-0.9805993101512901,200
9,15,135,0,0,0,0,120,1.6666666666666667,1,9,0.7333333333333333,15,0,0.0,-0.6381220884947412,200
11,1,11,0,0,0,0,10,0.09090909090909091,1,1,0.09090909090909091,1,0,0.0,-0.30943896449118496,200
6,3,18,1,0,0,1,15,0.5,6,6,1.0,3,0,0.0,-0.9972161122368759,200
7,1,7,1,0,1,0,6,0.14285714285714285,1,1,0.14285714285714285,1,0,0.0,-0.303181629511754,200
6,4,24,0,0,1,1,20,0.6666666666666666,3,6,0.875,4,0,0.0,-0.6133582824949838,200
12,7,84,0,0,0,0,77,0.5833333333333334,1,7,0.3333333333333333,7,0,0.0,-0.5413070197731278,200
6,19,114,1,0,1,1,95,3.1666666666666665,3,6,0.9736842105263158,19,0,0.0,-1.3604233156826646,200
2,20,40,1,1,0,0,40,10.0,1,2,0.975,20,0,0.0,-0.6213887924838437,200
2,2,4,1,2,0,1,2,1.0,2,2,1.0,2,1,0.5,-0.3060220489040275,200
8,13,104,0,1,0,1,104,1.625,8,8,1.0,13,0,0.0,-0.2450369773486816,200
11,17,187,0,0,0,0,170,1.5454545454545454,1,11,0.7058823529411765,17,0,0.0,-0.6682195185753506,200
8,12,96,1,1,0,1,96,1.5,8,8,1.0,12,0,0.0,-1.9366228329575188,200
6,17,102,0,1,1,1,102,2.8333333333333335,3,6,0.9705882352941176,17,0,0.0,-1.0200042378445893,200
8,4,32,0,0,1,0,28,0.5,1,4,0.3125,4,0,0.0,-0.4194683374019778,200
12,7,84,0,0,1,1,77,0.5833333333333334,6,12,0.9285714285714286,7,0,0.0,-1.2488331929902237,200
5,1,5,1,2,1,0,10,0.2,1,1,0.2,1,1,1.0,nan,200
8,8,64,0,0,0,1,56,1.0,8,8,1.0,8,0,0.0,-0.8890730801390502,200
9,7,63,0,1,0,1,63,0.7777777777777778,9,9,1.0,7,0,0.0,-0.21694311329116234,200
6,19,114,0,1,0,1,114,3.1666666666666665,6,6,1.0,19,0,0.0,-0.2931936928448157,200
3,19,57,1,0,0,1,38,6.333333333333333,3,3,1.0,19,0,0.0,-0.8169585036557434,200
7,13,91,0,1,1,0,91,1.8571428571428572,6,7,0.989010989010989,13,0,0.0,-1.2113308622079717,200
7,15,105,1,0,1,0,90,2.142857142857143,1,7,0.8,15,2,0.13333333333333333,-1.670611628653945,200
11,15,165,0,1,1,0,165,1.3636363636363635,10,11,0.9939393939393939,15,0,0.0,-2.129971497394769,200
8,5,40,0,0,1,0,35,0.625,1,5,0.375,5,0,0.0,-0.4951672114391229,200
10,3,30,1,2,1,0,135,0.3,1,10,0.7,3,1,0.3333333333333333,-0.613769667511666,200
9,10,90,0,2,0,0,360,1.1111111111111112,1,9,0.9111111111111111,10,0,0.0,0.12403110521656369,200
9,16,144,0,0,0,0,128,1.7777777777777777,1,9,0.75,16,0,0.0,-0.6665022127795592,200
6,15,90,1,2,1,0,225,2.5,1,6,0.9444444444444444,15,0,0.0,-1.4015268016160203,200
7,19,133,0,0,0,1,114,2.7142857142857144,7,7,1.0,19,0,0.0,-0.9986274380922301,200
3,8,24,1,2,1,1,24,2.6666666666666665,1,3,0.9166666666666666,8,1,0.125,-0.7302537664939612,200
11,17,187,1,1,1,1,187,1.5454545454545454,5,11,0.9679144385026738,17,0,0.0,-2.597004524504847,200
12,9,108,0,2,0,0,594,0.75,1,12,0.8981481481481481,9,0,0.0,0.27712845999948543,200
6,8,48,0,0,1,1,40,1.3333333333333333,3,6,0.9375,8,0,0.0,-0.8486647100487069,200
7,20,140,0,1,0,0,140,2.857142857142857,1,7,0.9142857142857143,20,0,0.0,-0.7768705901114038,200
10,1,10,1,0,1,0,9,0.1,1,1,0.1,1,1,1.0,nan,200
7,12,84,0,2,0,0,252,1.7142857142857142,1,7,0.9285714285714286,12,0,0.0,0.04492184461576481,200
7,12,84,1,2,1,1,252,1.7142857142857142,1,7,0.9285714285714286,12,0,0.0,-1.6789810128853195,200
11,1,11,1,0,1,1,10,0.09090909090909091,6,6,0.5454545454545454,1,0,0.0,-0.22674738827793492,200
2,16,32,0,0,1,0,16,8.0,1,2,0.96875,16,0,0.0,-0.34820092340514713,200
3,1,3,0,1,0,0,3,0.3333333333333333,1,1,0.3333333333333333,1,0,0.0,-0.3305514944185024,200
9,17,153,0,1,1,0,153,1.8888888888888888,8,9,0.9934640522875817,17,0,0.0,-1.7334104111999311,200
4,12,48,1,0,1,0,36,3.0,1,4,0.875,12,0,0.0,-1.0405072761093743,200
9,15,135,0,2,0,0,540,1.6666666666666667,1,9,0.9407407407407408,15,0,0.0,0.11851452763896406,200
2,8,16,1,2,1,0,8,4.0,1,2,0.9375,8,1,0.125,-0.7410498866827017,200
6,3,18,0,1,0,1,18,0.5,6,6,1.0,3,0,0.0,-0.24752948412649584,200
3,18,54,1,1,0,0,54,6.0,1,3,0.9629629629629629,18,0,0.0,-0.8003766068718107,200
12,17,204,1,2,0,0,1122,1.4166666666666667,1,12,0.946078431372549,17,0,0.0,-2.5440542210065265,200
3,15,45,0,1,1,0,45,5.0,2,3,0.9777777777777777,15,0,0.0,-0.4521215464658834,200
11,20,220,0,2,1,1,1100,1.8181818181818181,1,11,0.9545454545454546,20,0,0.0,-1.7385589959821226,200
7,4,28,0,1,1,1,28,0.5714285714285714,3,7,0.8571428571428571,4,0,0.0,-0.7051376021676713,200
2,11,22,1,2,0,0,11,5.5,1,2,0.9545454545454546,11,0,0.0,-0.768378687087191,200
10,19,190,0,2,0,0,855,1.9,1,10,0.9526315789473684,19,0,0.0,0.13526309615760337,200
11,8,88,1,1,1,0,88,0.7272727272727273,10,11,0.9886363636363636,8,0,0.0,-2.6242060547844623,200
6,2,12,1,2,0,1,30,0.3333333333333333,6,6,1.0,2,0,0.0,-0.39119896123015246,200
12,1,12,0,0,1,1,11,0.08333333333333333,6,6,0.5,1,0,0.0,-0.1717193653033837,200
11,2,22,1,2,0,1,110,0.18181818181818182,11,11,1.0,2,0,0.0,-0.6325305733079599,200
2,2,4,1,1,1,1,4,1.0,1,2,0.75,2,1,0.5,-0.30169576012484656,200
6,4,24,1,0,1,1,20,0.6666666666666666,3,6,0.875,4,0,0.0,-1.3262456096094868,200
9,10,90,0,0,1,1,80,1.1111111111111112,5,9,0.9555555555555556,10,0,0.0,-1.2542935590972204,200
9,15,135,1,1,1,0,135,1.6666666666666667,8,9,0.9925925925925926,15,0,0.0,-2.057495435324952,200
6,14,84,1,2,1,0,210,2.3333333333333335,1,6,0.9404761904761905,14,0,0.0,-1.3917694424734304,200
5,19,95,0,2,1,1,190,3.8,1,5,0.9578947368421052,19,0,0.0,-0.8201312614814378,200
2,20,40,1,0,0,1,20,10.0,2,2,1.0,20,0,0.0,-0.7466090390716641,200
6,7,42,1,2,1,0,105,1.1666666666666667,1,6,0.8809523809523809,7,0,0.0,-1.2706758033150216,200
6,15,90,1,2,1,1,225,2.5,1,6,0.9444444444444444,15,1,0.06666666666666667,-1.4373129964729112,200
11,13,143,1,2,0,0,715,1.1818181818181819,1,11,0.9300699300699301,13,1,0.07692307692307693,-1.767111165467476,200
7,9,63,0,0,1,1,54,1.2857142857142858,4,7,0.9523809523809523,9,0,0.0,-0.9652252993637487,200
10,1,10,0,2,1,0,45,0.1,1,1,0.1,1,0,0.0,-0.29959495195419605,200
10,6,60,0,2,0,1,270,0.6,10,10,1.0,6,0,0.0,0.647598110000549,200
8,20,160,0,1,0,1,160,2.5,8,8,1.0,20,0,0.0,-0.26482522346415005,200
12,2,24,0,0,0,1,22,0.16666666666666666,12,12,1.0,2,0,0.0,-0.560972924682309,200
7,7,49,1,0,1,1,42,1.0,4,7,0.9387755102040817,7,0,0.0,-1.4631196628416696,200
12,14,168,0,0,1,0,154,1.1666666666666667,1,12,0.6071428571428571,14,0,0.0,-1.1504954499329059,200
12,19,228,1,0,1,0,209,1.5833333333333333,1,12,0.7105263157894737,19,0,0.0,-2.8878599569914596,200
10,16,160,0,1,0,1,160,1.6,10,10,1.0,16,0,0.0,-0.36407187835138405,200
3,6,18,1,1,1,0,18,2.0,2,3,0.9444444444444444,6,2,0.3333333333333333,-0.8810949018351639,200
2,2,4,1,1,0,1,4,1.0,2,2,1.0,2,0,0.0,-0.4619372743588465,200
2,7,14,0,2,1,0,7,3.5,1,2,0.9285714285714286,7,0,0.0,-0.3199530881554181,200
8,7,56,1,2,1,1,196,0.875,1,8,0.875,7,0,0.0,-1.2831578506185972,200
7,9,63,1,2,1,1,189,1.2857142857142858,1,7,0.9047619047619048,9,1,0.1111111111111111,-1.5237779436433971,200
10,4,40,1,1,1,0,40,0.4,9,10,0.975,4,0,0.0,-1.8963294711187266,200
9,18,162,0,0,1,1,144,2.0,5,9,0.9753086419753086,18,0,0.0,-1.6342952763413443,200
3,5,15,0,2,0,1,15,1.6666666666666667,3,3,1.0,5,0,0.0,0.06288216228721108,200
11,5,55,1,1,1,1,55,0.45454545454545453,5,11,0.8909090909090909,5,0,0.0,-1.964719911541815,200
6,16,96,0,2,1,0,240,2.6666666666666665,1,6,0.9479166666666666,16,0,0.0,-0.9847635363374654,200
12,20,240,1,0,1,0,220,1.6666666666666667,1,12,0.725,20,0,0.0,-2.7125601047620025,200
7,11,77,1,0,0,1,66,1.5714285714285714,7,7,1.0,11,0,0.0,-1.7292838762682259,200
10,3,30,1,2,1,0,135,0.3,1,10,0.7,3,1,0.3333333333333333,-0.6176883237270286,200
9,6,54,0,2,1,1,216,0.6666666666666666,1,9,0.8518518518518519,6,0,0.0,-0.5399119600828485,200
8,4,32,1,1,1,0,32,0.5,7,8,0.96875,4,0,0.0,-1.422332710534427,200
11,3,33,0,0,0,0,30,0.2727272727272727,1,3,0.18181818181818182,3,0,0.0,-0.4087237046346559,200
4,5,20,0,0,0,1,15,1.25,4,4,1.0,5,0,0.0,-0.33479957355213585,200
5,3,15,1,0,1,0,12,0.6,1,3,0.4,3,2,0.6666666666666666,-0.319086397770209,200
5,18,90,0,2,1,1,180,3.6,1,5,0.9555555555555556,18,0,0.0,-0.8489693686293748,200
3,14,42,0,0,1,1,28,4.666666666666667,2,3,0.9761904761904762,14,0,0.0,-0.4494465514856468,200
9,1,9,0,0,0,0,8,0.1111111111111111,1,1,0.1111111111111111,1,0,0.0,-0.2991389352145332,200
5,10,50,1,2,0,0,100,2.0,1,5,0.92,10,0,0.0,-1.0351011748599874,200
2,6,12,0,2,0,0,6,3.0,1,2,0.9166666666666666,6,0,0.0,-0.321120706866539,200
5,20,100,0,0,0,1,80,4.0,5,5,1.0,20,0,0.0,-0.6922509429592515,200
5,19,95,0,2,1,0,190,3.8,1,5,0.9578947368421052,19,0,0.0,-0.8192520446215534,200
3,3,9,0,0,1,0,6,1.0,1,3,0.6666666666666666,3,0,0.0,-0.3690714507831323,200
6,11,66,1,0,0,0,55,1.8333333333333333,1,6,0.7727272727272727,11,0,0.0,-0.9253265733065422,200
5,2,10,0,2,0,1,20,0.4,5,5,1.0,2,0,0.0,0.44266185657602725,200
7,19,133,0,2,1,1,399,2.7142857142857144,1,7,0.9548872180451128,19,0,0.0,-1.2426085467554475,200
4,17,68,0,1,1,0,68,4.25,3,4,0.9852941176470589,17,0,0.0,-0.6017997904240702,200
8,20,160,0,0,0,1,140,2.5,8,8,1.0,20,0,0.0,-0.9961745442412498,200
10,3,30,1,2,1,0,135,0.3,1,10,0.7,3,0,0.0,-0.9043251430102591,200
8,9,72,1,0,0,1,63,1.125,8,8,1.0,9,0,0.0,-2.0028511184013476,200
6,11,66,0,1,0,1,66,1.8333333333333333,6,6,1.0,11,0,0.0,-0.28502902254215146,200
11,2,22,1,0,1,0,20,0.18181818181818182,1,2,0.13636363636363635,2,0,0.0,-0.5972723884704181,200
7,9,63,0,2,1,0,189,1.2857142857142858,1,7,0.9047619047619048,9,0,0.0,-0.8237723451382014,200
5,10,50,1,1,1,0,50,2.0,4,5,0.98,10,0,0.0,-1.1510137272233534,200
8,8,64,0,0,0,0,56,1.0,1,8,0.5625,8,0,0.0,-0.5519008885659503,200
8,7,56,1,0,0,0,49,0.875,1,7,0.5,7,3,0.42857142857142855,-0.5331403888084663,200
4,1,4,0,1,0,0,4,0.25,1,1,0.25,1,0,0.0,-0.30065053800210717,200
7,3,21,1,1,0,0,21,0.42857142857142855,1,5,0.42857142857142855,3,0,0.0,-0.6647162275627747,200
6,11,66,0,0,1,0,55,1.8333333333333333,1,6,0.7727272727272727,11,0,0.0,-0.8145502559826664,200
10,14,140,1,0,1,1,126,1.4,5,10,0.9642857142857143,14,0,0.0,-2.343899502028444,200
7,19,133,0,2,0,0,399,2.7142857142857144,1,7,0.9548872180451128,19,0,0.0,0.022511011814013347,200
12,5,60,1,0,1,0,55,0.4166666666666667,1,5,0.25,5,0,0.0,-1.138406941278146,200
6,10,60,1,2,0,0,150,1.6666666666666667,1,6,0.9166666666666666,10,0,0.0,-1.2433586937207588,200
3,7,21,1,2,0,1,21,2.3333333333333335,3,3,1.0,7,0,0.0,-0.7220216358351451,200
2,11,22,0,1,0,1,22,5.5,2,2,1.0,11,0,0.0,-0.28951935729050493,200
2,20,40,1,1,1,0,40,10.0,1,2,0.975,20,0,0.0,-0.6755493335350736,200
7,3,21,0,0,0,0,18,0.42857142857142855,1,3,0.2857142857142857,3,0,0.0,-0.39066090164118367,200
9,10,90,1,0,1,0,80,1.1111111111111112,1,9,0.6,10,0,0.0,-1.6669442085296953,200
7,10,70,1,2,1,0,210,1.4285714285714286,1,7,0.9142857142857143,10,1,0.1,-1.5338258632063624,200
7,3,21,1,1,0,1,21,0.42857142857142855,7,7,1.0,3,0,0.0,-1.2779390590194162,200
4,17,68,0,0,0,0,51,4.25,1,4,0.9117647058823529,17,0,0.0,-0.49552265557113323,200
10,4,40,0,0,1,1,36,0.4,5,10,0.875,4,0,0.0,-0.800442452572071,200
3,19,57,1,1,1,0,57,6.333333333333333,2,3,0.9824561403508771,19,0,0.0,-0.787074608933754,200
9,3,27,1,1,0,1,27,0.3333333333333333,9,9,1.0,3,0,0.0,-1.2226624833410886,200
9,20,180,1,0,1,0,160,2.2222222222222223,1,9,0.8,20,0,0.0,-2.2260921642918987,200
4,18,72,1,0,1,1,54,4.5,2,4,0.9722222222222222,18,0,0.0,-0.9711413332376002,200
8,3,24,0,0,0,0,21,0.375,1,3,0.25,3,0,0.0,-0.428506357383398,200
3,19,57,1,0,0,1,38,6.333333333333333,3,3,1.0,19,0,0.0,-0.765813516774103,200
12,19,228,0,1,1,1,228,1.5833333333333333,6,12,0.9736842105263158,19,0,0.0,-2.4981425063312774,200
7,20,140,1,0,1,0,120,2.857142857142857,1,7,0.85,20,0,0.0,-1.6735918604319315,200
8,14,112,1,1,0,0,112,1.75,1,8,0.8571428571428571,14,0,0.0,-1.3034100354787412,200
11,11,121,1,2,1,0,605,1.0,1,11,0.9173553719008265,11,2,0.18181818181818182,-1.5617368629545998,200
3,11,33,1,0,1,0,22,3.6666666666666665,1,3,0.9090909090909091,11,0,0.0,-0.7681391633453597,200
8,11,88,1,1,1,1,88,1.375,4,8,0.9545454545454546,11,0,0.0,-1.8554450746875526,200
12,3,36,0,0,1,0,33,0.25,1,3,0.16666666666666666,3,0,0.0,-0.3932381564282589,200
4,9,36,1,0,1,0,27,2.25,1,4,0.8333333333333334,9,1,0.1111111111111111,-1.0254166732453203,200
5,13,65,0,1,0,1,65,2.6,5,5,1.0,13,0,0.0,0.1021759533434735,200
8,15,120,0,0,0,1,105,1.875,8,8,1.0,15,0,0.0,-0.9915667828309698,200
4,9,36,1,0,1,1,27,2.25,2,4,0.9444444444444444,9,0,0.0,-0.9455683634697973,200
2,16,32,1,1,1,1,32,8.0,1,2,0.96875,16,1,0.0625,-0.6694048236625533,200
10,11,110,1,0,1,0,99,1.1,1,10,0.5909090909090909,11,1,0.09090909090909091,-1.385192965369154,200
11,4,44,0,0,1,0,40,0.36363636363636365,1,4,0.22727272727272727,4,0,0.0,-0.42963870765874623,200
10,7,70,0,2,0,1,315,0.7,10,10,1.0,7,0,0.0,0.5404580691922637,200
7,8,56,1,0,0,0,48,1.1428571428571428,1,7,0.625,8,1,0.125,-0.7601425799914432,200
9,14,126,1,0,0,1,112,1.5555555555555556,9,9,1.0,14,0,0.0,-2.1299185297885455,200
7,19,133,1,1,0,1,133,2.7142857142857144,7,7,1.0,19,0,0.0,-1.5809028934725153,200
11,15,165,1,1,0,1,165,1.3636363636363635,11,11,1.0,15,0,0.0,-2.6583865212751747,200
10,6,60,1,0,0,1,54,0.6,10,10,1.0,6,0,0.0,-2.532999509754604,200
5,15,75,1,0,1,0,60,3.0,1,5,0.8666666666666667,15,1,0.06666666666666667,-1.232168378474759,200
11,6,66,1,0,0,0,60,0.5454545454545454,1,6,0.3181818181818182,6,1,0.16666666666666666,-0.7615880880925078,200
10,12,120,0,0,0,0,108,1.2,1,10,0.625,12,0,0.0,-0.6272281795839405,200
6,13,78,1,0,1,1,65,2.1666666666666665,3,6,0.9615384615384616,13,0,0.0,-1.360043658884686,200
11,11,121,0,0,1,0,110,1.0,1,11,0.5454545454545454,11,0,0.0,-0.8995879274469161,200
4,16,64,1,1,0,0,64,4.0,1,4,0.9375,16,1,0.0625,-0.9967636912026684,200
9,19,171,1,0,0,0,152,2.111111111111111,1,9,0.7894736842105263,19,1,0.05263157894736842,-1.1333256182029536,200
5,3,15,1,2,1,0,30,0.6,1,5,0.7333333333333333,3,3,1.0,nan,200
3,8,24,0,0,0,1,16,2.6666666666666665,3,3,1.0,8,0,0.0,-0.3732026007211055,200
11,17,187,1,0,0,0,170,1.5454545454545454,1,11,0.7058823529411765,17,0,0.0,-1.0368807619724552,200
7,20,140,0,0,1,0,120,2.857142857142857,1,7,0.85,20,0,0.0,-1.2632653006424128,200
2,2,4,1,0,1,1,2,1.0,1,2,0.75,2,0,0.0,-0.6500273470532474,200
7,4,28,0,1,1,0,28,0.5714285714285714,6,7,0.9642857142857143,4,0,0.0,-0.6840812160986128,200
10,5,50,1,1,1,1,50,0.5,5,10,0.9,5,0,0.0,-1.8614427385472407,200
5,1,5,0,0,1,1,4,0.2,3,3,0.6,1,0,0.0,-0.28800689725438366,200
6,14,84,1,0,1,0,70,2.3333333333333335,1,6,0.8214285714285714,14,1,0.07142857142857142,-1.4673007746813707,200
7,15,105,0,2,1,1,315,2.142857142857143,1,7,0.9428571428571428,15,0,0.0,-1.1294373940307154,200
5,15,75,1,1,0,1,75,3.0,5,5,1.0,15,0,0.0,-1.1411920183523299,200
7,11,77,0,0,1,0,66,1.5714285714285714,1,7,0.7272727272727273,11,0,0.0,-0.8652266060139597,200
2,16,32,1,2,0,0,16,8.0,1,2,0.96875,16,0,0.0,-0.6935131883933291,200
10,2,20,1,1,0,1,20,0.2,10,10,1.0,2,0,0.0,-0.7625051747471652,200
5,2,10,0,2,1,1,20,0.4,1,5,0.6,2,0,0.0,-0.32004337051785664,200
12,8,96,0,1,0,0,96,0.6666666666666666,1,12,0.625,8,0,0.0,-0.7995434136649202,200
8,14,112,0,0,1,1,98,1.75,4,8,0.9642857142857143,14,0,0.0,-1.3625572234030405,200
5,20,100,0,2,1,0,200,4.0,1,5,0.96,20,0,0.0,-0.8238680030530743,200
9,7,63,0,2,0,0,252,0.7777777777777778,1,9,0.873015873015873,7,0,0.0,0.21022439622036213,200
6,1,6,1,2,0,0,15,0.16666666666666666,1,1,0.16666666666666666,1,0,0.0,-0.2927737200142929,200
3,3,9,0,0,0,1,6,1.0,3,3,1.0,3,0,0.0,-0.34475903654062307,200
3,4,12,1,0,0,0,8,1.3333333333333333,1,3,0.75,4,0,0.0,-0.6838102531780033,200
2,20,40,0,1,1,1,40,10.0,1,2,0.975,20,0,0.0,-0.36614073118434726,200
5,10,50,0,1,1,0,50,2.0,4,5,0.98,10,0,0.0,-0.7439253276851568,200
11,2,22,1,2,0,0,110,0.18181818181818182,1,11,0.5454545454545454,2,1,0.5,-0.27465081488362075,200
2,18,36,0,0,1,0,18,9.0,1,2,0.9722222222222222,18,0,0.0,-0.3223542093679283,200
2,12,24,1,2,1,0,12,6.0,1,2,0.9583333333333334,12,0,0.0,-0.7273620432019768,200
10,19,190,0,2,1,1,855,1.9,1,10,0.9526315789473684,19,0,0.0,-1.6018322538791405,200
3,6,18,0,0,1,1,12,2.0,2,3,0.9444444444444444,6,0,0.0,-0.41473151453101287,200
7,12,84,0,0,0,1,72,1.7142857142857142,7,7,1.0,12,0,0.0,-0.9366483904601982,200
10,20,200,0,0,0,0,180,2.0,1,10,0.775,20,0,0.0,-0.7163451039519948,200
2,1,2,0,1,0,1,2,0.5,2,2,1.0,1,0,0.0,-0.3076051355294846,200
9,20,180,1,1,1,1,180,2.2222222222222223,4,9,0.9722222222222222,20,0,0.0,-2.1081953894589534,200
7,10,70,0,0,1,1,60,1.4285714285714286,4,7,0.9571428571428572,10,0,0.0,-1.0292621287580146,200
9,5,45,0,1,0,1,45,0.5555555555555556,9,9,1.0,5,0,0.0,-0.262021811661645,200
9,1,9,1,0,0,0,8,0.1111111111111111,1,1,0.1111111111111111,1,0,0.0,-0.36202605993540643,200
3,20,60,1,1,0,1,60,6.666666666666667,3,3,1.0,20,0,0.0,-0.7642272897355321,200
3,11,33,0,1,1,1,33,3.6666666666666665,1,3,0.9393939393939394,11,0,0.0,-0.4877012114073681,200
2,19,38,1,0,1,0,19,9.5,1,2,0.9736842105263158,19,1,0.05263157894736842,-0.6840075370580396,200
6,11,66,0,0,1,0,55,1.8333333333333333,1,6,0.7727272727272727,11,0,0.0,-0.8512882609294404,200
9,17,153,1,0,0,0,136,1.8888888888888888,1,9,0.7647058823529411,17,1,0.058823529411764705,-1.0367031634873325,200
4,17,68,0,0,0,1,51,4.25,4,4,1.0,17,0,0.0,-0.35619325801380103,200
5,14,70,1,2,1,1,140,2.8,1,5,0.9428571428571428,14,0,0.0,-1.2215669200911607,200
10,13,130,1,1,0,0,130,1.3,1,10,0.8076923076923077,13,0,0.0,-1.2559427356700799,200
5,7,35,0,1,0,0,35,1.4,1,5,0.8285714285714286,7,0,0.0,-0.5198306692912197,200
2,1,2,0,0,1,0,1,0.5,1,1,0.5,1,0,0.0,-0.3187461363956736,200
12,1,12,1,0,0,0,11,0.08333333333333333,1,1,0.08333333333333333,1,0,0.0,-0.2736431947360994,200
3,9,27,1,1,1,1,27,3.0,1,3,0.9259259259259259,9,0,0.0,-0.8843257173352893,200
4,20,80,0,2,0,0,120,5.0,1,4,0.9625,20,0,0.0,-0.13951814963526282,200
2,10,20,1,1,1,0,20,5.0,1,2,0.95,10,1,0.1,-0.6852167149155534,200
11,6,66,1,2,1,1,330,0.5454545454545454,1,11,0.8484848484848485,6,1,0.16666666666666666,-1.0849216243303528,200
5,9,45,0,2,0,0,90,1.8,1,5,0.9111111111111111,9,0,0.0,-0.04622944873514827,200
4,7,28,1,2,0,0,42,1.75,1,4,0.8928571428571429,7,0,0.0,-0.9767935249505159,200
10,18,180,1,2,0,1,810,1.8,10,10,1.0,18,0,0.0,-2.261371155383355,200
5,17,85,1,1,1,0,85,3.4,4,5,0.9882352941176471,17,0,0.0,-1.131078449832519,200
7,10,70,0,1,1,1,70,1.4285714285714286,3,7,0.9428571428571428,10,0,0.0,-1.1512034724009885,200
12,9,108,1,0,0,1,99,0.75,12,12,1.0,9,0,0.0,-2.9878537550595112,200
7,12,84,1,2,0,1,252,1.7142857142857142,7,7,1.0,12,0,0.0,-1.5297118924491633,200
11,3,33,1,1,1,1,33,0.2727272727272727,5,11,0.8181818181818182,3,0,0.0,-1.1761778807954668,200
10,10,100,0,0,0,0,90,1.0,1,10,0.55,10,0,0.0,-0.58060026991312,200
4,10,40,1,1,1,1,40,2.5,2,4,0.95,10,0,0.0,-0.9287129387108142,200
7,15,105,1,1,0,0,105,2.142857142857143,1,7,0.8857142857142857,15,0,0.0,-1.3533360280003601,200
6,8,48,0,1,1,1,48,1.3333333333333333,3,6,0.9375,8,0,0.0,-0.9195168776342773,200
3,4,12,1,1,1,1,12,1.3333333333333333,1,3,0.8333333333333334,4,2,0.5,-0.6493542411884928,200
12,11,132,0,2,0,0,726,0.9166666666666666,1,12,0.9166666666666666,11,0,0.0,0.2324066565049468,200
12,3,36,0,0,0,0,33,0.25,1,3,0.16666666666666666,3,0,0.0,-0.4170601918189195,200
6,8,48,0,0,1,1,40,1.3333333333333333,3,6,0.9375,8,0,0.0,-0.8174403608278683,200
10,3,30,0,0,1,1,27,0.3,5,10,0.8333333333333334,3,0,0.0,-0.5668494413154517,200
3,15,45,1,2,1,1,45,5.0,1,3,0.9555555555555556,15,0,0.0,-0.8060128993398684,200
2,3,6,1,0,0,1,3,1.5,2,2,1.0,3,0,0.0,-0.7294858725840725,200
8,17,136,1,0,0,0,119,2.125,1,8,0.7941176470588235,17,2,0.11764705882352941,-1.0306872405274965,200
9,6,54,0,1,1,0,54,0.6666666666666666,8,9,0.9814814814814815,6,0,0.0,-1.0240188720000105,200
9,12,108,0,1,1,1,108,1.3333333333333333,4,9,0.9537037037037037,12,0,0.0,-1.5926871489716858,200
5,11,55,0,0,0,0,44,2.2,1,5,0.8181818181818182,11,0,0.0,-0.5492912210870808,200
5,14,70,0,0,0,1,56,2.8,5,5,1.0,14,0,0.0,-0.6241259790487129,200
11,14,154,0,1,1,0,154,1.2727272727272727,10,11,0.9935064935064936,14,0,0.0,-2.1199957911000746,200
10,13,130,1,1,0,0,130,1.3,1,10,0.8076923076923077,13,0,0.0,-1.1814749544733005,200
5,14,70,1,2,1,1,140,2.8,1,5,0.9428571428571428,14,0,0.0,-1.2283319745394057,200
9,2,18,0,1,0,1,18,0.2222222222222222,9,9,1.0,2,0,0.0,-0.15109489373962876,200
8,6,48,0,0,0,0,42,0.75,1,6,0.4375,6,0,0.0,-0.5251040632300359,200
3,11,33,0,1,1,1,33,3.6666666666666665,1,3,0.9393939393939394,11,0,0.0,-0.47315450575721546,200
4,19,76,0,0,0,0,57,4.75,1,4,0.9210526315789473,19,0,0.0,-0.5104872084959594,200
5,15,75,1,0,1,0,60,3.0,1,5,0.8666666666666667,15,0,0.0,-1.220879313533506,200
11,11,121,1,1,1,1,121,1.0,5,11,0.9504132231404959,11,0,0.0,-2.610989364300786,200
12,5,60,0,1,0,1,60,0.4166666666666667,12,12,1.0,5,0,0.0,-0.35616643165151574,200
12,19,228,0,1,1,0,228,1.5833333333333333,11,12,0.9956140350877193,19,0,0.0,-2.4754604857919986,200
10,10,100,1,1,1,0,100,1.0,9,10,0.99,10,0,0.0,-2.3283950719019546,200
10,11,110,0,1,0,1,110,1.1,10,10,1.0,11,0,0.0,-0.34534172557038406,200
6,3,18,0,1,0,0,18,0.5,1,5,0.5,3,0,0.0,-0.49800585498307165,200
5,17,85,0,1,0,0,85,3.4,1,5,0.9294117647058824,17,0,0.0,-0.43204700909646204,200
7,14,98,0,1,0,0,98,2.0,1,7,0.8775510204081632,14,0,0.0,-0.786119031476256,200
11,8,88,0,2,1,1,440,0.7272727272727273,1,11,0.8863636363636364,8,0,0.0,-0.7101999371060648,200
12,10,120,0,0,0,0,110,0.8333333333333334,1,10,0.4583333333333333,10,0,0.0,-0.625330767162487,200
11,19,209,0,1,0,0,209,1.7272727272727273,1,11,0.8564593301435407,19,0,0.0,-1.2800449732776316,200
2,14,28,0,1,0,0,28,7.0,1,2,0.9642857142857143,14,0,0.0,-0.3150537715889691,200
7,8,56,1,1,0,1,56,1.1428571428571428,7,7,1.0,8,0,0.0,-1.6895716819915125,200
6,16,96,0,2,0,1,240,2.6666666666666665,6,6,1.0,16,0,0.0,0.3293491500646872,200
10,6,60,1,2,0,1,270,0.6,10,10,1.0,6,0,0.0,-1.4747357399390886,200
2,12,24,0,0,1,1,12,6.0,1,2,0.9583333333333334,12,0,0.0,-0.33076754025500776,200
8,4,32,1,1,0,1,32,0.5,8,8,1.0,4,0,0.0,-1.5021952908882126,200
7,11,77,0,1,0,1,77,1.5714285714285714,7,7,1.0,11,0,0.0,0.044705763863563126,200
8,15,120,0,0,0,1,105,1.875,8,8,1.0,15,0,0.0,-0.9889880681014257,200
9,19,171,0,2,1,1,684,2.111111111111111,1,9,0.9532163742690059,19,0,0.0,-1.5407181902738474,200
3,16,48,0,0,1,0,32,5.333333333333333,1,3,0.9375,16,0,0.0,-0.4891691403841737,200
8,2,16,0,2,0,1,56,0.25,8,8,1.0,2,0,0.0,0.6885263615446829,200
12,18,216,1,0,1,1,198,1.5,6,12,0.9722222222222222,18,0,0.0,-2.867171235546264,200
10,16,160,0,2,0,0,720,1.6,1,10,0.94375,16,0,0.0,0.11956175616792819,200
10,18,180,1,2,1,0,810,1.8,1,10,0.95,18,0,0.0,-2.3928070131717254,200
5,15,75,0,0,0,0,60,3.0,1,5,0.8666666666666667,15,0,0.0,-0.582979023680262,200
9,16,144,0,0,0,1,128,1.7777777777777777,9,9,1.0,16,0,0.0,-1.3921739786024028,200
12,10,120,0,1,0,1,120,0.8333333333333334,12,12,1.0,10,0,0.0,-0.4312047860547983,200
3,18,54,1,1,0,0,54,6.0,1,3,0.9629629629629629,18,0,0.0,-0.7937801257660453,200
11,16,176,1,2,1,1,880,1.4545454545454546,1,11,0.9431818181818182,16,0,0.0,-2.6443900043998987,200
5,15,75,1,1,1,0,75,3.0,4,5,0.9866666666666667,15,0,0.0,-1.1328827187185007,200
12,8,96,1,2,1,1,528,0.6666666666666666,1,12,0.8854166666666666,8,0,0.0,-1.3332900933470773,200
2,19,38,0,0,1,0,19,9.5,1,2,0.9736842105263158,19,0,0.0,-0.35917474123030607,200
11,14,154,0,1,1,0,154,1.2727272727272727,10,11,0.9935064935064936,14,0,0.0,-2.0628740400692482,200
7,16,112,1,0,1,1,96,2.2857142857142856,4,7,0.9732142857142857,16,0,0.0,-1.6434389473993436,200
9,14,126,0,2,1,0,504,1.5555555555555556,1,9,0.9365079365079365,14,0,0.0,-1.293281628650374,200
8,3,24,1,0,0,0,21,0.375,1,3,0.25,3,2,0.6666666666666666,-0.3012885659763057,200
3,4,12,1,0,0,1,8,1.3333333333333333,3,3,1.0,4,0,0.0,-0.824969703232036,200
5,5,25,0,0,0,0,20,1.0,1,5,0.6,5,0,0.0,-0.49722558645433534,200
10,15,150,0,1,1,0,150,1.5,9,10,0.9933333333333333,15,0,0.0,-1.95496180645553,200
11,11,121,1,1,0,0,121,1.0,1,11,0.7520661157024794,11,0,0.0,-1.1949904852853506,200
8,5,40,1,1,0,0,40,0.625,1,8,0.6,5,1,0.2,-0.6500117010156927,200
8,9,72,1,2,0,1,252,1.125,8,8,1.0,9,0,0.0,-1.613212713906915,200
9,1,9,0,2,0,1,36,0.1111111111111111,9,9,1.0,1,0,0.0,-0.03539127821740431,200
3,9,27,1,2,1,1,27,3.0,1,3,0.9259259259259259,9,0,0.0,-0.8196653683126526,200
6,8,48,0,1,0,1,48,1.3333333333333333,6,6,1.0,8,0,0.0,-0.2960400150092526,200
12,13,156,1,2,1,1,858,1.0833333333333333,1,12,0.9294871794871795,13,1,0.07692307692307693,-2.1877713466964206,200
3,2,6,0,1,0,1,6,0.6666666666666666,3,3,1.0,2,0,0.0,0.11319528797636615,200
4,3,12,0,2,0,1,18,0.75,4,4,1.0,3,0,0.0,0.1717671180927836,200
9,17,153,0,1,1,1,153,1.8888888888888888,4,9,0.9673202614379085,17,0,0.0,-1.7304626504366827,200
8,3,24,1,2,0,0,84,0.375,1,8,0.7083333333333334,3,2,0.6666666666666666,-0.3269460048509488,200
11,9,99,1,0,1,0,90,0.8181818181818182,1,9,0.45454545454545453,9,0,0.0,-1.729059774026492,200
3,2,6,1,0,1,1,4,0.6666666666666666,2,3,0.8333333333333334,2,0,0.0,-0.6063688743092609,200
6,1,6,0,2,1,0,15,0.16666666666666666,1,1,0.16666666666666666,1,0,0.0,-0.28359190017061037,200
5,4,20,1,1,0,1,20,0.8,5,5,1.0,4,0,0.0,-1.0121053991681164,200
8,20,160,1,2,1,1,560,2.5,1,8,0.95625,20,1,0.05,-1.9421718091588964,200
12,6,72,1,1,0,1,72,0.5,12,12,1.0,6,0,0.0,-3.1303453322155055,200
7,10,70,0,0,0,1,60,1.4285714285714286,7,7,1.0,10,0,0.0,-1.009119604389241,200
5,9,45,1,1,0,1,45,1.8,5,5,1.0,9,0,0.0,-1.4056200121186795,200
9,1,9,1,0,1,0,8,0.1111111111111111,1,1,0.1111111111111111,1,0,0.0,-0.30356933849281476,200
11,19,209,0,0,1,0,190,1.7272727272727273,1,11,0.7368421052631579,19,0,0.0,-1.6434077237779587,200
5,3,15,0,2,0,0,30,0.6,1,5,0.7333333333333333,3,0,0.0,0.0678675582689809,200
2,10,20,0,2,0,1,10,5.0,2,2,1.0,10,0,0.0,-0.14999059060109785,200
8,16,128,0,2,0,1,448,2.0,8,8,1.0,16,0,0.0,0.4416044450820299,200
8,16,128,0,2,1,1,448,2.0,1,8,0.9453125,16,0,0.0,-1.2981262366073139,200
6,15,90,1,0,1,0,75,2.5,1,6,0.8333333333333334,15,0,0.0,-1.4594204983654098,200
11,15,165,0,2,1,1,825,1.3636363636363635,1,11,0.9393939393939394,15,0,0.0,-1.2569766852576214,200
10,12,120,0,2,0,0,540,1.2,1,10,0.925,12,0,0.0,0.1831225852876761,200
12,8,96,0,0,0,0,88,0.6666666666666666,1,8,0.375,8,0,0.0,-0.5199128630721063,200
2,2,4,1,0,0,1,2,1.0,2,2,1.0,2,0,0.0,-0.6322826256403414,200
5,6,30,0,2,1,0,60,1.2,1,5,0.8666666666666667,6,0,0.0,-0.5368451341257755,200
3,5,15,0,2,0,1,15,1.6666666666666667,3,3,1.0,5,0,0.0,0.04324864916743602,200
5,8,40,1,2,1,0,80,1.6,1,5,0.9,8,1,0.125,-1.104791322094409,200
11,5,55,0,1,1,0,55,0.45454545454545453,10,11,0.9818181818181818,5,0,0.0,-0.9695948501140385,200
4,11,44,1,0,0,1,33,2.75,4,4,1.0,11,0,0.0,-1.005772894226234,200
8,13,104,1,1,1,1,104,1.625,4,8,0.9615384615384616,13,0,0.0,-1.8087153826399596,200
5,17,85,1,0,0,1,68,3.4,5,5,1.0,17,0,0.0,-1.1701515224457364,200
9,1,9,0,2,1,0,36,0.1111111111111111,1,1,0.1111111111111111,1,0,0.0,-0.2941573885352638,200
9,3,27,0,0,1,1,24,0.3333333333333333,5,9,0.8518518518518519,3,0,0.0,-0.5446824415823494,200
6,3,18,1,0,1,1,15,0.5,3,6,0.8333333333333334,3,0,0.0,-0.6840347435383811,200
2,4,8,0,2,0,1,4,2.0,2,2,1.0,4,0,0.0,-0.1433986903583455,200
3,1,3,0,2,0,1,3,0.3333333333333333,3,3,1.0,1,0,0.0,-0.28155935401095517,200
10,12,120,0,0,1,1,108,1.2,5,10,0.9583333333333334,12,0,0.0,-1.5407865308157174,200
8,6,48,0,1,1,0,48,0.75,7,8,0.9791666666666666,6,0,0.0,-0.948005317144296,200
11,16,176,0,0,1,1,160,1.4545454545454546,6,11,0.9715909090909091,16,0,0.0,-1.9882399412069625,200
2,14,28,1,2,0,0,14,7.0,1,2,0.9642857142857143,14,0,0.0,-0.7616828603328345,200
10,10,100,1,1,0,1,100,1.0,10,10,1.0,10,0,0.0,-2.4840507065728854,200
10,5,50,0,0,0,0,45,0.5,1,5,0.3,5,0,0.0,-0.45883237952903644,200
3,2,6,1,1,0,0,6,0.6666666666666666,1,3,0.6666666666666666,2,1,0.5,-0.31474048354101436,200
12,3,36,1,2,1,0,198,0.25,1,12,0.6944444444444444,3,2,0.6666666666666666,-0.2972985522690343,200
3,15,45,0,2,0,0,45,5.0,1,3,0.9555555555555556,15,0,0.0,-0.21766871448878902,200
11,17,187,1,1,0,0,187,1.5454545454545454,1,11,0.839572192513369,17,0,0.0,-1.580769445225806,200
2,7,14,0,0,1,0,7,3.5,1,2,0.9285714285714286,7,0,0.0,-0.3780861873738099,200
9,5,45,0,1,0,0,45,0.5555555555555556,1,9,0.5555555555555556,5,0,0.0,-0.6190958015485838,200
8,6,48,1,0,0,1,42,0.75,8,8,1.0,6,0,0.0,-2.0802502957537685,200
5,2,10,1,1,0,0,10,0.4,1,3,0.4,2,1,0.5,-0.30571254385189406,200
7,17,119,0,2,0,1,357,2.4285714285714284,7,7,1.0,17,0,0.0,0.4368451415871446,200
4,14,56,1,2,1,1,84,3.5,1,4,0.9464285714285714,14,0,0.0,-1.0243677032066538,200
12,6,72,0,1,0,0,72,0.5,1,11,0.5,6,0,0.0,-0.6813992732940343,200
12,3,36,0,0,0,1,33,0.25,12,12,1.0,3,0,0.0,-0.6084854246056102,200
7,9,63,1,1,1,0,63,1.2857142857142858,6,7,0.9841269841269841,9,0,0.0,-1.5637113380846646,200
10,15,150,1,2,0,1,675,1.5,10,10,1.0,15,0,0.0,-2.1704285232264633,200
8,6,48,1,2,1,0,168,0.75,1,8,0.8541666666666666,6,0,0.0,-1.4939835157597479,200
6,18,108,1,0,0,1,90,3.0,6,6,1.0,18,0,0.0,-1.4282672566751724,200
11,20,220,0,0,1,1,200,1.8181818181818181,6,11,0.9772727272727273,20,0,0.0,-2.1122596453440066,200
9,4,36,1,1,0,0,36,0.4444444444444444,1,7,0.4444444444444444,4,0,0.0,-0.7406895612111462,200
10,6,60,0,1,1,1,60,0.6,5,10,0.9166666666666666,6,0,0.0,-1.1826880842735863,200
8,19,152,1,1,0,1,152,2.375,8,8,1.0,19,0,0.0,-1.8922427635517491,200
6,8,48,0,0,1,0,40,1.3333333333333333,1,6,0.6875,8,0,0.0,-0.6477868289459553,200
12,20,240,1,2,1,1,1320,1.6666666666666667,1,12,0.9541666666666667,20,0,0.0,-2.9521045537902832,200
9,3,27,0,2,1,1,108,0.3333333333333333,1,9,0.7037037037037037,3,0,0.0,-0.3627467894767831,200
6,16,96,0,1,0,1,96,2.6666666666666665,6,6,1.0,16,0,0.0,-0.3018855332774306,200
11,5,55,0,1,0,0,55,0.45454545454545453,1,9,0.45454545454545453,5,0,0.0,-0.6043549433619405,200
5,4,20,0,0,1,0,16,0.8,1,4,0.5,4,0,0.0,-0.42681023610179625,200
7,3,21,0,2,0,1,63,0.42857142857142855,7,7,1.0,3,0,0.0,0.42235847657587783,200
2,1,2,1,1,0,0,2,0.5,1,1,0.5,1,1,1.0,nan,200
3,17,51,1,1,0,0,51,5.666666666666667,1,3,0.9607843137254902,17,3,0.17647058823529413,-0.8515201281888802,200
7,10,70,0,0,1,1,60,1.4285714285714286,4,7,0.9571428571428572,10,0,0.0,-1.0226185499149618,200
10,9,90,1,2,1,1,405,0.9,1,10,0.9,9,0,0.0,-1.1852539335887107,200
2,13,26,1,0,1,0,13,6.5,1,2,0.9615384615384616,13,0,0.0,-0.7198865067499566,200
2,19,38,1,1,1,1,38,9.5,1,2,0.9736842105263158,19,1,0.05263157894736842,-0.6626072593486999,200
4,14,56,0,0,0,0,42,3.5,1,4,0.8928571428571429,14,0,0.0,-0.49659335469139365,200
5,16,80,1,1,0,0,80,3.2,1,5,0.925,16,1,0.0625,-1.165196995918641,200
9,15,135,1,2,0,1,540,1.6666666666666667,9,9,1.0,15,0,0.0,-2.0022619722718904,200
5,12,60,1,0,1,1,48,2.4,3,5,0.9666666666666667,12,0,0.0,-1.1799995162615085,200
12,6,72,1,1,1,1,72,0.5,6,12,0.9166666666666666,6,0,0.0,-2.65338683011908,200
9,1,9,0,0,0,1,8,0.1111111111111111,9,9,1.0,1,0,0.0,-0.07656490288725636,200
4,15,60,1,2,1,0,90,3.75,1,4,0.95,15,0,0.0,-1.000255289418807,200
11,18,198,1,1,1,0,198,1.6363636363636365,10,11,0.9949494949494949,18,0,0.0,-2.574204188014638,200
12,16,192,0,0,1,1,176,1.3333333333333333,6,12,0.96875,16,0,0.0,-2.125839532941413,200
5,11,55,0,0,0,1,44,2.2,5,5,1.0,11,0,0.0,-0.6508793396574098,200
10,1,10,1,2,0,0,45,0.1,1,1,0.1,1,0,0.0,-0.27681592579090447,200
11,20,220,0,0,1,0,200,1.8181818181818181,1,11,0.75,20,0,0.0,-1.748440323049916,200
3,7,21,1,0,0,1,14,2.3333333333333335,3,3,1.0,7,0,0.0,-0.7788295196988595,200
2,2,4,1,2,1,0,2,1.0,1,2,0.75,2,0,0.0,-0.5993307563238888,200
9,9,81,0,1,0,0,81,1.0,1,9,0.7530864197530864,9,0,0.0,-0.8603668666720973,200
6,17,102,1,2,1,0,255,2.8333333333333335,1,6,0.9509803921568627,17,0,0.0,-1.3858061957565548,200
5,16,80,0,1,1,1,80,3.2,2,5,0.9625,16,0,0.0,-0.8048236933651606,200
2,4,8,0,0,1,1,4,2.0,1,2,0.875,4,0,0.0,-0.3762763360321044,200
8,16,128,1,2,1,1,448,2.0,1,8,0.9453125,16,0,0.0,-1.9600441785817264,200
6,2,12,0,2,0,1,30,0.3333333333333333,6,6,1.0,2,0,0.0,0.5409142915696469,200
10,10,100,1,2,0,0,450,1.0,1,10,0.91,10,0,0.0,-1.6427418196313885,200
9,4,36,1,2,0,0,144,0.4444444444444444,1,9,0.7777777777777778,4,0,0.0,-0.8975253238646904,200
3,2,6,1,1,0,0,6,0.6666666666666666,1,3,0.6666666666666666,2,0,0.0,-0.6226722293307958,200
5,1,5,0,1,0,1,5,0.2,5,5,1.0,1,0,0.0,-0.1620551714188674,200
9,6,54,0,1,1,0,54,0.6666666666666666,8,9,0.9814814814814815,6,0,0.0,-1.029523081150143,200
10,9,90,0,2,0,0,405,0.9,1,10,0.9,9,0,0.0,0.17974358324410544,200
10,6,60,0,1,0,1,60,0.6,10,10,1.0,6,0,0.0,-0.4029518411253345,200
11,5,55,1,2,0,0,275,0.45454545454545453,1,11,0.8181818181818182,5,0,0.0,-0.9363121226320767,200
12,19,228,0,0,0,0,209,1.5833333333333333,1,12,0.7105263157894737,19,0,0.0,-0.6732729091180025,200
12,19,228,1,1,0,1,228,1.5833333333333333,12,12,1.0,19,0,0.0,-2.905198545772015,200
4,15,60,1,1,1,0,60,3.75,3,4,0.9833333333333333,15,0,0.0,-0.9488186706168753,200
6,17,102,1,0,0,0,85,2.8333333333333335,1,6,0.8529411764705882,17,1,0.058823529411764705,-1.0063846021466119,200
7,15,105,1,0,1,0,90,2.142857142857143,1,7,0.8,15,2,0.13333333333333333,-1.61234831545774,200
7,19,133,0,0,1,1,114,2.7142857142857144,4,7,0.9774436090225563,19,0,0.0,-1.2238107213217848,200
8,6,48,0,0,1,0,42,0.75,1,6,0.4375,6,0,0.0,-0.5660322360756675,200
3,1,3,0,0,0,0,2,0.3333333333333333,1,1,0.3333333333333333,1,0,0.0,-0.29104686886996023,200
11,1,11,1,0,1,0,10,0.09090909090909091,1,1,0.09090909090909091,1,0,0.0,-0.2865671998286569,200
12,18,216,0,1,1,1,216,1.5,6,12,0.9722222222222222,18,0,0.0,-2.4780014857198407,200
6,3,18,0,1,1,0,18,0.5,5,6,0.9444444444444444,3,0,0.0,-0.5874987853009139,200
4,16,64,1,1,0,0,64,4.0,1,4,0.9375,16,0,0.0,-0.9769717057803917,200
3,15,45,1,0,0,0,30,5.0,1,3,0.9333333333333333,15,0,0.0,-0.8603158918022579,200
7,18,126,0,0,0,1,108,2.5714285714285716,7,7,1.0,18,0,0.0,-0.9371904378031387,200
10,19,190,1,1,1,0,190,1.9,9,10,0.9947368421052631,19,0,0.0,-2.350279378549294,200
11,2,22,0,2,1,0,110,0.18181818181818182,1,11,0.5454545454545454,2,0,0.0,-0.2954190089520493,200
10,14,140,0,1,1,0,140,1.4,9,10,0.9928571428571429,14,0,0.0,-1.9192481702392052,200
11,17,187,1,2,0,0,935,1.5454545454545454,1,11,0.946524064171123,17,2,0.11764705882352941,-2.1683515852392885,200
9,17,153,0,0,0,0,136,1.8888888888888888,1,9,0.7647058823529411,17,0,0.0,-0.667643095507112,200
9,13,117,0,2,1,0,468,1.4444444444444444,1,9,0.9316239316239316,13,0,0.0,-1.2424208771543583,200
5,3,15,1,1,1,1,15,0.6,2,5,0.8,3,0,0.0,-0.7974374031631077,200
10,15,150,1,1,1,1,150,1.5,5,10,0.9666666666666667,15,0,0.0,-2.341932756504937,200
3,8,24,0,1,1,1,24,2.6666666666666665,1,3,0.9166666666666666,8,0,0.0,-0.48310003021194253,200
9,4,36,0,0,0,1,32,0.4444444444444444,9,9,1.0,4,0,0.0,-0.8577208939479835,200
12,15,180,1,1,1,1,180,1.25,6,12,0.9666666666666667,15,0,0.0,-2.8659038558624355,200
9,10,90,1,2,1,0,360,1.1111111111111112,1,9,0.9111111111111111,10,3,0.3,-1.404237049495575,200
4,3,12,0,2,0,0,18,0.75,1,4,0.75,3,0,0.0,-0.055760777704277155,200
2,3,6,0,2,1,1,3,1.5,1,2,0.8333333333333334,3,0,0.0,-0.34115150553457246,200
5,2,10,1,1,1,0,10,0.4,4,5,0.9,2,0,0.0,-0.719674438948466,200
12,5,60,1,0,1,1,55,0.4166666666666667,6,12,0.9,5,0,0.0,-1.7290326188932945,200
2,16,32,0,0,0,0,16,8.0,1,2,0.96875,16,0,0.0,-0.2639116747768799,200
3,2,6,0,0,0,1,4,0.6666666666666666,3,3,1.0,2,0,0.0,-0.4460046843913494,200
5,6,30,0,2,1,1,60,1.2,1,5,0.8666666666666667,6,0,0.0,-0.56926315140682,200
8,18,144,0,0,0,1,126,2.25,8,8,1.0,18,0,0.0,-1.0180664228307723,200
5,9,45,0,0,0,0,36,1.8,1,5,0.7777777777777778,9,0,0.0,-0.5117544447785942,200
2,17,34,1,0,0,0,17,8.5,1,2,0.9705882352941176,17,0,0.0,-0.6919094168180318,200
7,16,112,1,0,0,0,96,2.2857142857142856,1,7,0.8125,16,2,0.125,-0.9707769273965633,200
7,9,63,1,0,1,0,54,1.2857142857142858,1,7,0.6666666666666666,9,0,0.0,-1.399094395796638,200
10,13,130,1,1,0,0,130,1.3,1,10,0.8076923076923077,13,1,0.07692307692307693,-1.339918705752555,200
4,9,36,0,0,0,1,27,2.25,4,4,1.0,9,0,0.0,-0.363007577528233,200
6,9,54,0,2,1,0,135,1.5,1,6,0.9074074074074074,9,0,0.0,-0.7590029657237926,200
7,8,56,1,0,0,1,48,1.1428571428571428,7,7,1.0,8,0,0.0,-1.7070783513300734,200
12,6,72,1,1,1,0,72,0.5,11,12,0.9861111111111112,6,0,0.0,-2.5684426406162304,200
12,2,24,1,1,0,1,24,0.16666666666666666,12,12,1.0,2,0,0.0,-0.7989064349868785,200
8,18,144,0,0,0,1,126,2.25,8,8,1.0,18,0,0.0,-0.9668249189160227,200
6,18,108,1,2,0,1,270,3.0,6,6,1.0,18,0,0.0,-1.3087702648682351,200
10,14,140,0,2,1,0,630,1.4,1,10,0.9357142857142857,14,0,0.0,-1.3979089104121427,200
10,6,60,0,2,1,0,270,0.6,1,10,0.85,6,0,0.0,-0.6623718875610421,200
4,15,60,0,1,1,0,60,3.75,3,4,0.9833333333333333,15,0,0.0,-0.604153818108988,200
2,16,32,1,1,1,0,32,8.0,1,2,0.96875,16,0,0.0,-0.6856035309193091,200
11,20,220,0,2,1,1,1100,1.8181818181818181,1,11,0.9545454545454546,20,0,0.0,-1.7783012871405717,200
4,12,48,0,2,1,1,72,3.0,1,4,0.9375,12,0,0.0,-0.6323059963432356,200
2,9,18,1,1,1,1,18,4.5,1,2,0.9444444444444444,9,1,0.1111111111111111,-0.6775670089297955,200
2,18,36,0,0,1,1,18,9.0,1,2,0.9722222222222222,18,0,0.0,-0.3068229817095802,200
4,19,76,1,1,0,0,76,4.75,1,4,0.9473684210526315,19,0,0.0,-0.9659282733931328,200
11,20,220,0,0,0,1,200,1.8181818181818181,11,11,1.0,20,0,0.0,-1.6583222697476874,200
3,5,15,0,0,0,1,10,1.6666666666666667,3,3,1.0,5,0,0.0,-0.4016979843829887,200
7,10,70,1,1,1,0,70,1.4285714285714286,6,7,0.9857142857142858,10,0,0.0,-1.5844426780424372,200
10,6,60,0,1,0,1,60,0.6,10,10,1.0,6,0,0.0,-0.30550179215056805,200
6,7,42,0,0,0,1,35,1.1666666666666667,6,6,1.0,7,0,0.0,-0.6086956957273445,200
12,1,12,0,2,0,0,66,0.08333333333333333,1,1,0.08333333333333333,1,0,0.0,-0.3004761457835291,200
11,2,22,0,2,0,0,110,0.18181818181818182,1,11,0.5454545454545454,2,0,0.0,-0.5406658985279463,200
8,7,56,1,1,0,1,56,0.875,8,8,1.0,7,0,0.0,-1.9843329812985826,200
3,6,18,1,2,1,1,18,2.0,1,3,0.8888888888888888,6,0,0.0,-0.72834565431408,200
8,17,136,0,2,0,1,476,2.125,8,8,1.0,17,0,0.0,0.43773708312508447,200
9,14,126,1,0,1,0,112,1.5555555555555556,1,9,0.7142857142857143,14,0,0.0,-2.0893811452561772,200
3,5,15,0,1,0,0,15,1.6666666666666667,1,3,0.8666666666666667,5,0,0.0,-0.2513360838332143,200
10,15,150,1,0,0,1,135,1.5,10,10,1.0,15,0,0.0,-2.379608045725648,200
11,7,77,1,1,1,0,77,0.6363636363636364,10,11,0.987012987012987,7,0,0.0,-2.5831877654617026,200
10,12,120,1,2,1,1,540,1.2,1,10,0.925,12,0,0.0,-1.992947851083012,200
9,20,180,0,2,1,1,720,2.2222222222222223,1,9,0.9555555555555556,20,0,0.0,-1.549268295795136,200
2,1,2,1,0,0,0,1,0.5,1,1,0.5,1,0,0.0,-0.29762417961313664,200
2,17,34,0,0,1,0,17,8.5,1,2,0.9705882352941176,17,0,0.0,-0.33487181778149694,200
4,14,56,1,0,1,0,42,3.5,1,4,0.8928571428571429,14,0,0.0,-0.9891725402132744,200
4,14,56,0,2,1,1,84,3.5,1,4,0.9464285714285714,14,0,0.0,-0.6568095903133159,200
3,13,39,1,0,0,0,26,4.333333333333333,1,3,0.9230769230769231,13,2,0.15384615384615385,-0.8363180203962466,200
12,7,84,1,0,1,0,77,0.5833333333333334,1,7,0.3333333333333333,7,0,0.0,-1.426505108925966,200
4,7,28,1,2,1,0,42,1.75,1,4,0.8928571428571429,7,0,0.0,-0.9805363350858588,200
7,19,133,0,1,1,1,133,2.7142857142857144,3,7,0.9699248120300752,19,0,0.0,-1.2540401403033652,200
7,15,105,1,0,0,1,90,2.142857142857143,7,7,1.0,15,0,0.0,-1.6407010646920177,200
12,19,228,0,0,1,0,209,1.5833333333333333,1,12,0.7105263157894737,19,0,0.0,-1.6821082647574244,200
7,2,14,0,0,1,0,12,0.2857142857142857,1,2,0.21428571428571427,2,0,0.0,-0.323477838080478,200
10,12,120,0,2,0,0,540,1.2,1,10,0.925,12,0,0.0,0.20584603742704471,200
12,6,72,1,0,1,1,66,0.5,6,12,0.9166666666666666,6,0,0.0,-2.306804893221371,200
7,18,126,0,0,1,0,108,2.5714285714285716,1,7,0.8333333333333334,18,0,0.0,-1.2199568731751802,200
4,17,68,0,1,0,0,68,4.25,1,4,0.9411764705882353,17,0,0.0,-0.4625231114058755,200
6,3,18,0,1,1,1,18,0.5,3,6,0.8333333333333334,3,0,0.0,-0.5402215468381686,200
7,13,91,0,0,0,1,78,1.8571428571428572,7,7,1.0,13,0,0.0,-0.9762316281480004,200
8,14,112,1,0,1,1,98,1.75,4,8,0.9642857142857143,14,0,0.0,-1.8525735016200024,200
2,16,32,0,0,0,0,16,8.0,1,2,0.96875,16,0,0.0,-0.27344996063764326,200
6,13,78,0,0,1,1,65,2.1666666666666665,3,6,0.9615384615384616,13,0,0.0,-1.0024718760202103,200
12,18,216,0,2,0,0,1188,1.5,1,12,0.9490740740740741,18,0,0.0,0.19744500891113032,200
8,15,120,1,2,1,0,420,1.875,1,8,0.9416666666666667,15,1,0.06666666666666667,-1.826491232064139,200
9,8,72,0,0,0,0,64,0.8888888888888888,1,8,0.5,8,0,0.0,-0.5427456467262178,200
2,17,34,0,1,0,1,34,8.5,2,2,1.0,17,0,0.0,-0.3023551044481936,200
3,5,15,1,0,0,1,10,1.6666666666666667,3,3,1.0,5,0,0.0,-0.7234176800779379,200
10,5,50,1,0,1,1,45,0.5,5,10,0.9,5,0,0.0,-1.924879427220941,200
9,10,90,0,0,0,1,80,1.1111111111111112,9,9,1.0,10,0,0.0,-1.0911383055992987,200
8,16,128,0,2,1,1,448,2.0,1,8,0.9453125,16,0,0.0,-1.2911408284546322,200
6,9,54,0,2,1,1,135,1.5,1,6,0.9074074074074074,9,0,0.0,-0.7254925166434054,200
2,6,12,1,1,1,1,12,3.0,1,2,0.9166666666666666,6,0,0.0,-0.7278094045933039,200
8,2,16,0,0,0,0,14,0.25,1,2,0.1875,2,0,0.0,-0.371933810654657,200
10,3,30,1,2,1,1,135,0.3,1,10,0.7,3,0,0.0,-0.8377255117358086,200
11,2,22,1,1,1,0,22,0.18181818181818182,10,11,0.9545454545454546,2,0,0.0,-0.8792857208584786,200
9,20,180,1,0,1,1,160,2.2222222222222223,5,9,0.9777777777777777,20,0,0.0,-2.0828787384073246,200
11,8,88,0,1,1,1,88,0.7272727272727273,5,11,0.9318181818181818,8,0,0.0,-1.5618638598626462,200
8,5,40,1,0,0,0,35,0.625,1,5,0.375,5,0,0.0,-0.7555427553583006,200
9,2,18,0,2,0,0,72,0.2222222222222222,1,9,0.5555555555555556,2,0,0.0,-0.5304516336355865,200
11,8,88,1,0,1,1,80,0.7272727272727273,6,11,0.9431818181818182,8,0,0.0,-2.50054489063655,200
12,11,132,1,0,1,1,121,0.9166666666666666,6,12,0.9545454545454546,11,0,0.0,-2.8247779758238236,200
6,5,30,1,2,0,0,75,0.8333333333333334,1,6,0.8333333333333334,5,2,0.4,-0.45786198806903655,200
9,10,90,0,2,1,0,360,1.1111111111111112,1,9,0.9111111111111111,10,0,0.0,-1.0418620756557817,200
4,18,72,1,0,1,1,54,4.5,2,4,0.9722222222222222,18,0,0.0,-0.9537332938651536,200
10,4,40,0,2,0,1,180,0.4,10,10,1.0,4,0,0.0,0.6510817608838386,200
4,10,40,0,1,1,1,40,2.5,2,4,0.95,10,0,0.0,-0.6584940471735933,200
6,15,90,0,2,0,1,225,2.5,6,6,1.0,15,0,0.0,0.3058912049358222,200
7,7,49,1,1,0,0,49,1.0,1,7,0.7551020408163265,7,0,0.0,-0.9800466865712248,200
11,2,22,0,0,1,1,20,0.18181818181818182,6,11,0.7727272727272727,2,0,0.0,-0.4352654944253733,200
7,13,91,0,1,1,0,91,1.8571428571428572,6,7,0.989010989010989,13,0,0.0,-1.2280463520300433,200
2,1,2,0,2,1,0,1,0.5,1,1,0.5,1,0,0.0,-0.3044171415145482,200
7,6,42,1,0,1,1,36,0.8571428571428571,4,7,0.9285714285714286,6,0,0.0,-1.4595471688910304,200
12,9,108,0,1,0,0,108,0.75,1,12,0.6666666666666666,9,0,0.0,-0.8515895904924924,200
11,18,198,0,2,1,0,990,1.6363636363636365,1,11,0.9494949494949495,18,0,0.0,-1.7194119212919532,200
5,19,95,1,1,0,0,95,3.8,1,5,0.9368421052631579,19,1,0.05263157894736842,-1.2364312244387925,200
8,18,144,1,0,1,1,126,2.25,4,8,0.9722222222222222,18,0,0.0,-1.8557674489867755,200
3,20,60,1,0,1,1,40,6.666666666666667,2,3,0.9833333333333333,20,0,0.0,-0.7577565195407395,200
10,13,130,1,1,0,1,130,1.3,10,10,1.0,13,0,0.0,-2.428630527332179,200
5,5,25,0,2,1,0,50,1.0,1,5,0.84,5,0,0.0,-0.5206368810179759,200
4,4,16,1,2,1,1,24,1.0,1,4,0.8125,4,0,0.0,-0.870883210708512,200
8,17,136,0,2,1,0,476,2.125,1,8,0.9485294117647058,17,0,0.0,-1.3406056304837555,200
5,14,70,0,1,0,0,70,2.8,1,5,0.9142857142857143,14,0,0.0,-0.4187362900752054,200
4,13,52,0,2,0,1,78,3.25,4,4,1.0,13,0,0.0,0.12600590656834487,200
10,15,150,1,1,0,0,150,1.5,1,10,0.8333333333333334,15,0,0.0,-1.2073506100317082,200
3,12,36,0,1,0,0,36,4.0,1,3,0.9444444444444444,12,0,0.0,-0.1720627725052284,200
4,3,12,0,1,1,1,12,0.75,2,4,0.8333333333333334,3,0,0.0,-0.4873810855455196,200
12,14,168,1,2,1,1,924,1.1666666666666667,1,12,0.9345238095238095,14,0,0.0,-2.2470621915013593,200
7,14,98,0,2,1,0,294,2.0,1,7,0.9387755102040817,14,0,0.0,-1.0951249441812,200
12,8,96,1,2,0,1,528,0.6666666666666666,12,12,1.0,8,0,0.0,-1.6130162038916196,200
6,4,24,1,2,0,1,60,0.6666666666666666,6,6,1.0,4,0,0.0,-0.6383187709872666,200
3,4,12,0,1,1,0,12,1.3333333333333333,2,3,0.9166666666666666,4,0,0.0,-0.394363878259444,200
5,16,80,0,0,0,0,64,3.2,1,5,0.875,16,0,0.0,-0.5373515812048075,200
3,14,42,0,2,0,1,42,4.666666666666667,3,3,1.0,14,0,0.0,0.08790133490795908,200
7,9,63,1,1,0,1,63,1.2857142857142858,7,7,1.0,9,0,0.0,-1.688667466181652,200
11,2,22,0,1,1,1,22,0.18181818181818182,5,11,0.7272727272727273,2,0,0.0,-0.4785978673666631,200
9,12,108,0,0,1,0,96,1.3333333333333333,1,9,0.6666666666666666,12,0,0.0,-1.0112687353917595,200
9,8,72,1,0,0,1,64,0.8888888888888888,9,9,1.0,8,0,0.0,-2.3646652698930697,200
4,18,72,1,1,0,1,72,4.5,4,4,1.0,18,0,0.0,-0.9815933742064443,200
10,14,140,0,2,1,1,630,1.4,1,10,0.9357142857142857,14,0,0.0,-1.1635173963112748,200
6,11,66,0,0,0,1,55,1.8333333333333333,6,6,1.0,11,0,0.0,-0.6228021680532744,200
2,17,34,0,0,1,0,17,8.5,1,2,0.9705882352941176,17,0,0.0,-0.3551941457136759,200
10,14,140,0,1,0,1,140,1.4,10,10,1.0,14,0,0.0,-0.40521168487869347,200
2,3,6,0,0,1,1,3,1.5,1,2,0.8333333333333334,3,0,0.0,-0.35271626997250904,200
11,1,11,1,1,0,1,11,0.09090909090909091,11,11,1.0,1,0,0.0,-0.09879665113737057,200
11,18,198,0,2,0,1,990,1.6363636363636365,11,11,1.0,18,0,0.0,0.6399629098957534,200
7,6,42,0,1,0,0,42,0.8571428571428571,1,7,0.7142857142857143,6,0,0.0,-0.6653557980456283,200
12,7,84,1,0,0,1,77,0.5833333333333334,12,12,1.0,7,0,0.0,-3.1767781822855765,200
8,4,32,0,1,0,1,32,0.5,8,8,1.0,4,0,0.0,-0.28092431652443806,200
8,13,104,1,2,1,0,364,1.625,1,8,0.9326923076923077,13,1,0.07692307692307693,-1.8456167135749708,200
3,11,33,0,0,1,0,22,3.6666666666666665,1,3,0.9090909090909091,11,0,0.0,-0.48232927315606594,200
7,4,28,1,1,1,1,28,0.5714285714285714,3,7,0.8571428571428571,4,0,0.0,-1.3958711609772605,200
5,7,35,1,0,1,1,28,1.4,3,5,0.9428571428571428,7,0,0.0,-1.0629587970995598,200
4,3,12,0,1,0,1,12,0.75,4,4,1.0,3,0,0.0,-0.15748188738291613,200
2,12,24,0,0,1,1,12,6.0,1,2,0.9583333333333334,12,0,0.0,-0.36149766334066347,200
6,2,12,1,1,0,1,12,0.3333333333333333,6,6,1.0,2,0,0.0,-0.5438364172523446,200
2,3,6,1,2,0,1,3,1.5,2,2,1.0,3,0,0.0,-0.5192468857749504,200
3,19,57,1,0,1,0,38,6.333333333333333,1,3,0.9473684210526315,19,0,0.0,-0.8508609022329137,200
5,20,100,1,0,1,0,80,4.0,1,5,0.9,20,0,0.0,-1.2197586253407569,200
5,12,60,0,1,1,1,60,2.4,2,5,0.95,12,0,0.0,-0.8007201830940959,200
4,17,68,1,2,0,1,102,4.25,4,4,1.0,17,0,0.0,-0.9470964791223857,200
11,3,33,0,2,1,1,165,0.2727272727272727,1,11,0.696969696969697,3,0,0.0,-0.3897917689156338,200
10,20,200,1,1,1,1,200,2.0,5,10,0.975,20,0,0.0,-2.3437179301822244,200
8,11,88,1,2,1,1,308,1.375,1,8,0.9204545454545454,11,0,0.0,-1.6923219262848892,200
8,19,152,1,1,1,0,152,2.375,7,8,0.993421052631579,19,0,0.0,-1.8066641048002312,200
12,8,96,0,1,1,1,96,0.6666666666666666,6,12,0.9375,8,0,0.0,-1.6267613720825729,200
2,6,12,1,2,0,0,6,3.0,1,2,0.9166666666666666,6,0,0.0,-0.6733141844146509,200
6,2,12,1,0,1,0,10,0.3333333333333333,1,2,0.25,2,0,0.0,-0.5990970638221036,200
6,18,108,0,1,1,1,108,3.0,3,6,0.9722222222222222,18,0,0.0,-1.0344332815582005,200
8,11,88,0,2,0,1,308,1.375,8,8,1.0,11,0,0.0,0.4355910099625778,200
2,20,40,1,2,1,0,20,10.0,1,2,0.975,20,0,0.0,-0.6411956494171553,200
8,19,152,0,1,1,1,152,2.375,4,8,0.9736842105263158,19,0,0.0,-1.5031157669769617,200
2,12,24,0,1,0,0,24,6.0,1,2,0.9583333333333334,12,0,0.0,-0.2910753780821264,200
2,3,6,0,2,0,0,3,1.5,1,2,0.8333333333333334,3,0,0.0,-0.2853067557862293,200
7,10,70,1,0,1,0,60,1.4285714285714286,1,7,0.7,10,0,0.0,-1.6775938578385763,200
3,15,45,1,0,1,1,30,5.0,2,3,0.9777777777777777,15,0,0.0,-0.7718818987804089,200
10,8,80,1,0,0,0,72,0.8,1,8,0.45,8,0,0.0,-0.9543427968236374,200
11,14,154,1,2,1,0,770,1.2727272727272727,1,11,0.935064935064935,14,0,0.0,-2.346505672028093,200
2,10,20,0,1,0,0,20,5.0,1,2,0.95,10,0,0.0,-0.29532171172035426,200
5,5,25,0,0,0,0,20,1.0,1,5,0.6,5,0,0.0,-0.5057129532009373,200
9,10,90,0,1,0,0,90,1.1111111111111112,1,9,0.7777777777777778,10,0,0.0,-0.810075098680754,200
9,9,81,1,1,0,0,81,1.0,1,9,0.7530864197530864,9,1,0.1111111111111111,-1.119405028537165,200
7,8,56,1,0,1,1,48,1.1428571428571428,4,7,0.9464285714285714,8,0,0.0,-1.6354541111432694,200
9,10,90,0,0,0,0,80,1.1111111111111112,1,9,0.6,10,0,0.0,-0.5908177124826359,200
5,11,55,0,2,1,0,110,2.2,1,5,0.9272727272727272,11,0,0.0,-0.7079033095615969,200
5,9,45,0,2,0,0,90,1.8,1,5,0.9111111111111111,9,0,0.0,-0.09464025338912473,200
2,3,6,1,0,1,1,3,1.5,1,2,0.8333333333333334,3,1,0.3333333333333333,-0.6067135066711049,200
4,20,80,0,1,1,0,80,5.0,3,4,0.9875,20,0,0.0,-0.6222501351841863,200
6,8,48,1,1,1,1,48,1.3333333333333333,3,6,0.9375,8,0,0.0,-1.3185231062803406,200
11,4,44,1,2,1,1,220,0.36363636363636365,1,11,0.7727272727272727,4,0,0.0,-0.7834827110229861,200
7,12,84,1,1,0,0,84,1.7142857142857142,1,7,0.8571428571428571,12,0,0.0,-1.221465447394844,200
10,17,170,0,1,1,0,170,1.7,9,10,0.9941176470588236,17,0,0.0,-1.9702668413565916,200
3,3,9,0,1,0,0,9,1.0,1,3,0.7777777777777778,3,0,0.0,-0.23765692576249411,200
9,18,162,0,1,0,0,162,2.0,1,9,0.8765432098765432,18,0,0.0,-1.1321793417979071,200
11,13,143,1,0,1,1,130,1.1818181818181819,6,11,0.965034965034965,13,0,0.0,-2.5587636293434874,200
11,13,143,0,2,1,0,715,1.1818181818181819,1,11,0.9300699300699301,13,0,0.0,-1.2765166165366442,200
4,2,8,0,2,1,0,12,0.5,1,4,0.625,2,0,0.0,-0.3266361964819362,200
2,11,22,1,1,0,1,22,5.5,2,2,1.0,11,0,0.0,-0.7944267470626271,200
7,20,140,1,2,0,1,420,2.857142857142857,7,7,1.0,20,0,0.0,-1.5307477883101097,200
4,10,40,0,0,1,1,30,2.5,2,4,0.95,10,0,0.0,-0.5763466553793793,200
6,11,66,0,1,0,1,66,1.8333333333333333,6,6,1.0,11,0,0.0,-0.25081474589314623,200
3,13,39,0,0,1,1,26,4.333333333333333,2,3,0.9743589743589743,13,0,0.0,-0.44162770314837996,200
11,10,110,0,2,1,1,550,0.9090909090909091,1,11,0.9090909090909091,10,0,0.0,-0.8282305714693038,200
11,3,33,1,2,0,1,165,0.2727272727272727,11,11,1.0,3,0,0.0,-0.4106274113600176,200
3,16,48,1,0,0,0,32,5.333333333333333,1,3,0.9375,16,0,0.0,-0.7924119233380937,200
12,3,36,1,1,0,1,36,0.25,12,12,1.0,3,0,0.0,-1.2965844158297752,200
5,13,65,1,1,1,0,65,2.6,4,5,0.9846153846153847,13,0,0.0,-1.1211559584138604,200
8,4,32,1,2,1,0,112,0.5,1,8,0.78125,4,3,0.75,-0.2793607680819802,200
6,12,72,1,0,1,0,60,2.0,1,6,0.7916666666666666,12,0,0.0,-1.428193625870656,200
4,6,24,0,2,0,1,36,1.5,4,4,1.0,6,0,0.0,0.1578615156717017,200
5,3,15,0,1,0,1,15,0.6,5,5,1.0,3,0,0.0,-0.017948653472884043,200
12,10,120,1,0,0,1,110,0.8333333333333334,12,12,1.0,10,0,0.0,-3.0198959456652275,200
9,16,144,1,1,0,0,144,1.7777777777777777,1,9,0.8611111111111112,16,0,0.0,-1.3279976993971285,200
2,14,28,0,1,1,0,28,7.0,1,2,0.9642857142857143,14,0,0.0,-0.3790467647433556,200
4,17,68,1,2,1,0,102,4.25,1,4,0.9558823529411765,17,2,0.11764705882352941,-1.018400943831727,200
11,14,154,1,0,0,0,140,1.2727272727272727,1,11,0.6428571428571429,14,0,0.0,-1.069505386567174,200
4,4,16,0,0,0,1,12,1.0,4,4,1.0,4,0,0.0,-0.33783447257593907,200
9,4,36,1,2,0,0,144,0.4444444444444444,1,9,0.7777777777777778,4,4,1.0,nan,200
11,14,154,0,0,0,0,140,1.2727272727272727,1,11,0.6428571428571429,14,0,0.0,-0.6268810266697358,200
3,7,21,1,1,1,1,21,2.3333333333333335,1,3,0.9047619047619048,7,1,0.14285714285714285,-0.8753100615976541,200
9,11,99,1,2,0,0,396,1.2222222222222223,1,9,0.9191919191919192,11,1,0.09090909090909091,-1.6241398844935622,200
3,9,27,1,0,1,1,18,3.0,2,3,0.9629629629629629,9,0,0.0,-0.7851114238289819,200
9,16,144,1,2,0,1,576,1.7777777777777777,9,9,1.0,16,0,0.0,-1.972402506119129,200
9,17,153,0,2,0,1,612,1.8888888888888888,9,9,1.0,17,0,0.0,0.516409158470722,200
7,4,28,0,2,0,1,84,0.5714285714285714,7,7,1.0,4,0,0.0,0.5295890608305506,200
4,13,52,0,2,1,0,78,3.25,1,4,0.9423076923076923,13,0,0.0,-0.6091882346416689,200
6,17,102,1,1,1,1,102,2.8333333333333335,3,6,0.9705882352941176,17,0,0.0,-1.353274796088326,200
8,9,72,1,0,0,0,63,1.125,1,8,0.6111111111111112,9,0,0.0,-0.905880379862908,200
8,12,96,0,0,1,0,84,1.5,1,8,0.7083333333333334,12,0,0.0,-0.9844566455262724,200
6,17,102,1,2,0,1,255,2.8333333333333335,6,6,1.0,17,0,0.0,-1.3373483994084072,200
3,12,36,0,0,1,0,24,4.0,1,3,0.9166666666666666,12,0,0.0,-0.4774694275648123,200
7,10,70,0,0,0,1,60,1.4285714285714286,7,7,1.0,10,0,0.0,-0.892604406921309,200
5,16,80,1,0,0,0,64,3.2,1,5,0.875,16,1,0.0625,-1.006565533235696,200
10,8,80,0,0,0,1,72,0.8,10,10,1.0,8,0,0.0,-1.303709310585984,200
2,10,20,1,0,0,0,10,5.0,1,2,0.95,10,0,0.0,-0.7399531162190349,200
7,19,133,1,1,1,1,133,2.7142857142857144,3,7,0.9699248120300752,19,0,0.0,-1.631924473045182,200
2,16,32,1,1,0,0,32,8.0,1,2,0.96875,16,1,0.0625,-0.6005758080626157,200
4,6,24,0,0,1,1,18,1.5,2,4,0.9166666666666666,6,0,0.0,-0.5312899729835897,200
12,14,168,0,2,1,0,924,1.1666666666666667,1,12,0.9345238095238095,14,0,0.0,-1.4370239434122651,200
2,5,10,1,1,1,0,10,2.5,1,2,0.9,5,0,0.0,-0.7898998059391721,200
12,8,96,0,0,1,0,88,0.6666666666666666,1,8,0.375,8,0,0.0,-0.6761951002414754,200
6,13,78,1,0,0,0,65,2.1666666666666665,1,6,0.8076923076923077,13,2,0.15384615384615385,-0.9198012642567169,200
9,5,45,1,1,0,1,45,0.5555555555555556,9,9,1.0,5,0,0.0,-1.97098636602302,200
11,19,209,1,1,0,1,209,1.7272727272727273,11,11,1.0,19,0,0.0,-2.6715456186676962,200
4,14,56,1,2,0,0,84,3.5,1,4,0.9464285714285714,14,0,0.0,-0.9889044346191761,200
6,9,54,1,2,1,1,135,1.5,1,6,0.9074074074074074,9,1,0.1111111111111111,-1.4064959592262136,200
6,10,60,0,2,1,0,150,1.6666666666666667,1,6,0.9166666666666666,10,0,0.0,-0.8556631715569565,200
8,7,56,0,0,1,0,49,0.875,1,7,0.5,7,0,0.0,-0.6336917993883378,200
7,3,21,1,1,1,0,21,0.42857142857142855,6,7,0.9523809523809523,3,0,0.0,-1.098304149099181,200
10,9,90,0,2,1,0,405,0.9,1,10,0.9,9,0,0.0,-0.9230628852584377,200
11,3,33,1,2,0,1,165,0.2727272727272727,11,11,1.0,3,0,0.0,-1.0120326416372876,200
4,20,80,1,0,0,1,60,5.0,4,4,1.0,20,0,0.0,-0.973465055525169,200
10,3,30,0,1,1,0,30,0.3,9,10,0.9666666666666667,3,0,0.0,-0.509417814625561,200
4,18,72,1,0,1,0,54,4.5,1,4,0.9166666666666666,18,0,0.0,-1.011175712589325,200
6,14,84,0,0,1,1,70,2.3333333333333335,3,6,0.9642857142857143,14,0,0.0,-0.9865843487038921,200
9,10,90,0,2,1,1,360,1.1111111111111112,1,9,0.9111111111111111,10,0,0.0,-0.8264980567042062,200
3,3,9,0,2,0,1,9,1.0,3,3,1.0,3,0,0.0,0.02506213866964013,200
12,2,24,0,1,1,1,24,0.16666666666666666,6,12,0.75,2,0,0.0,-0.4324951162045315,200
5,10,50,0,0,1,0,40,2.0,1,5,0.8,10,0,0.0,-0.6999325534883732,200
3,6,18,1,2,1,0,18,2.0,1,3,0.8888888888888888,6,0,0.0,-0.8279362676856483,200
7,13,91,1,0,1,0,78,1.8571428571428572,1,7,0.7692307692307693,13,0,0.0,-1.3304844872527912,200
7,15,105,0,2,0,1,315,2.142857142857143,7,7,1.0,15,0,0.0,0.42629492890250925,200
5,10,50,1,1,0,1,50,2.0,5,5,1.0,10,0,0.0,-1.1554460038773167,200
11,10,110,0,2,1,0,550,0.9090909090909091,1,11,0.9090909090909091,10,0,0.0,-1.0614766883871358,200
6,7,42,0,0,1,0,35,1.1666666666666667,1,6,0.6428571428571429,7,0,0.0,-0.5835893271552751,200
4,13,52,0,2,1,0,78,3.25,1,4,0.9423076923076923,13,0,0.0,-0.5994017499714478,200
9,5,45,0,0,0,0,40,0.5555555555555556,1,5,0.3333333333333333,5,0,0.0,-0.48121605247101956,200
3,6,18,0,2,0,0,18,2.0,1,3,0.8888888888888888,6,0,0.0,-0.2490519679450795,200
12,8,96,1,2,1,1,528,0.6666666666666666,1,12,0.8854166666666666,8,0,0.0,-1.198870504631443,200
11,16,176,1,0,1,0,160,1.4545454545454546,1,11,0.6875,16,0,0.0,-2.441032281323957,200
5,4,20,1,1,0,0,20,0.8,1,5,0.7,4,1,0.25,-0.651394465219616,200
4,5,20,0,0,1,1,15,1.25,2,4,0.9,5,0,0.0,-0.47440778560570185,200
12,11,132,0,2,1,1,726,0.9166666666666666,1,12,0.9166666666666666,11,0,0.0,-0.9125751560490286,200
12,4,48,1,0,0,0,44,0.3333333333333333,1,4,0.20833333333333334,4,0,0.0,-0.592065179429332,200
6,1,6,1,1,0,0,6,0.16666666666666666,1,1,0.16666666666666666,1,1,1.0,nan,200
11,16,176,1,1,0,1,176,1.4545454545454546,11,11,1.0,16,0,0.0,-2.626289116257373,200
10,3,30,0,2,1,1,135,0.3,1,10,0.7,3,0,0.0,-0.34333505717394347,200
9,18,162,1,0,1,1,144,2.0,5,9,0.9753086419753086,18,0,0.0,-2.078380917565379,200
8,6,48,0,0,1,0,42,0.75,1,6,0.4375,6,0,0.0,-0.5605241043180185,200
11,5,55,1,1,0,0,55,0.45454545454545453,1,9,0.45454545454545453,5,1,0.2,-0.6362300660880781,200
2,17,34,1,2,1,0,17,8.5,1,2,0.9705882352941176,17,0,0.0,-0.670365452599273,200
4,2,8,0,0,0,1,6,0.5,4,4,1.0,2,0,0.0,-0.445437199776706,200
6,20,120,1,1,0,0,120,3.3333333333333335,1,6,0.925,20,2,0.1,-1.3843622969735485,200
2,13,26,0,1,1,0,26,6.5,1,2,0.9615384615384616,13,0,0.0,-0.3617562527783368,200
4,16,64,0,2,1,0,96,4.0,1,4,0.953125,16,0,0.0,-0.6264635156303573,200
3,11,33,1,0,1,1,22,3.6666666666666665,2,3,0.9696969696969697,11,0,0.0,-0.7930188226772718,200
8,16,128,1,0,0,0,112,2.0,1,8,0.78125,16,0,0.0,-0.9284697401300345,200
11,10,110,0,1,1,1,110,0.9090909090909091,5,11,0.9454545454545454,10,0,0.0,-1.7990098636646883,200
3,5,15,0,1,0,1,15,1.6666666666666667,3,3,1.0,5,0,0.0,0.08218780022095645,200
6,2,12,1,1,0,0,12,0.3333333333333333,1,3,0.3333333333333333,2,0,0.0,-0.5823390107086099,200
5,9,45,0,2,1,1,90,1.8,1,5,0.9111111111111111,9,0,0.0,-0.6830476176225443,200
4,16,64,0,2,1,0,96,4.0,1,4,0.953125,16,0,0.0,-0.6398379554982035,200
5,7,35,0,2,0,1,70,1.4,5,5,1.0,7,0,0.0,0.2570348373763074,200
11,4,44,0,0,0,0,40,0.36363636363636365,1,4,0.22727272727272727,4,0,0.0,-0.4634612260140258,200
4,13,52,0,0,1,0,39,3.25,1,4,0.8846153846153846,13,0,0.0,-0.6265566813455034,200
5,16,80,1,2,1,0,160,3.2,1,5,0.95,16,1,0.0625,-1.1988598778904305,200
3,4,12,0,0,0,1,8,1.3333333333333333,3,3,1.0,4,0,0.0,-0.33194947157603144,200
2,4,8,0,2,0,1,4,2.0,2,2,1.0,4,0,0.0,-0.15304757936817084,200
2,4,8,0,2,0,0,4,2.0,1,2,0.875,4,0,0.0,-0.3166823009276892,200
4,6,24,1,2,0,0,36,1.5,1,4,0.875,6,0,0.0,-0.8818312247611169,200
2,1,2,0,2,0,1,1,0.5,2,2,1.0,1,0,0.0,-0.3264934738934836,200
2,10,20,1,0,0,1,10,5.0,2,2,1.0,10,0,0.0,-0.7080644741099591,200
4,14,56,1,2,0,0,84,3.5,1,4,0.9464285714285714,14,1,0.07142857142857142,-0.981516474210538,200
10,6,60,0,0,0,0,54,0.6,1,6,0.35,6,0,0.0,-0.5006819967539408,200
6,1,6,1,2,1,0,15,0.16666666666666666,1,1,0.16666666666666666,1,0,0.0,-0.30577709228688466,200
6,14,84,0,0,0,0,70,2.3333333333333335,1,6,0.8214285714285714,14,0,0.0,-0.6101302334804162,200
5,11,55,1,1,1,0,55,2.2,4,5,0.9818181818181818,11,0,0.0,-1.1446467124533424,200
12,3,36,1,2,1,1,198,0.25,1,12,0.6944444444444444,3,1,0.3333333333333333,-0.6042802063430635,200
4,8,32,0,2,1,1,48,2.0,1,4,0.90625,8,0,0.0,-0.5385634006556319,200
10,8,80,0,2,1,0,360,0.8,1,10,0.8875,8,0,0.0,-0.8138865196574929,200
3,3,9,0,1,0,1,9,1.0,3,3,1.0,3,0,0.0,0.051730917513235136,200
10,14,140,1,2,0,0,630,1.4,1,10,0.9357142857142857,14,0,0.0,-2.03378218424936,200
10,14,140,0,0,1,1,126,1.4,5,10,0.9642857142857143,14,0,0.0,-1.7735859542455428,200
8,12,96,0,1,0,1,96,1.5,8,8,1.0,12,0,0.0,-0.26470691785265116,200
12,2,24,0,2,0,1,132,0.16666666666666666,12,12,1.0,2,0,0.0,0.983930904317971,200
5,14,70,1,1,0,0,70,2.8,1,5,0.9142857142857143,14,0,0.0,-1.190934146736391,200
8,10,80,1,2,0,0,280,1.25,1,8,0.9125,10,0,0.0,-1.5063582248044605,200
5,10,50,0,1,0,1,50,2.0,5,5,1.0,10,0,0.0,0.10607825467342674,200
5,9,45,0,1,0,1,45,1.8,5,5,1.0,9,0,0.0,0.12922328453150952,200
5,11,55,0,1,0,0,55,2.2,1,5,0.8909090909090909,11,0,0.0,-0.4976541887380793,200
6,5,30,1,0,1,0,25,0.8333333333333334,1,5,0.5,5,3,0.6,-0.6321509767151263,200
3,15,45,0,0,1,1,30,5.0,2,3,0.9777777777777777,15,0,0.0,-0.45614776375811616,200
3,4,12,1,2,1,0,12,1.3333333333333333,1,3,0.8333333333333334,4,0,0.0,-0.7938098145860721,200
7,19,133,0,1,1,1,133,2.7142857142857144,3,7,0.9699248120300752,19,0,0.0,-1.2664733037460176,200
6,3,18,0,1,0,1,18,0.5,6,6,1.0,3,0,0.0,-0.24170490779194861,200
3,16,48,0,2,1,1,48,5.333333333333333,1,3,0.9583333333333334,16,0,0.0,-0.48516581323679137,200
8,14,112,1,1,0,0,112,1.75,1,8,0.8571428571428571,14,1,0.07142857142857142,-1.2610459777578402,200
4,14,56,0,1,0,0,56,3.5,1,4,0.9285714285714286,14,0,0.0,-0.4816438816474034,200
9,9,81,1,0,1,1,72,1.0,5,9,0.9506172839506173,9,0,0.0,-2.1512940695331384,200
10,9,90,0,2,1,0,405,0.9,1,10,0.9,9,0,0.0,-0.9465640839743568,200
3,12,36,0,2,0,1,36,4.0,3,3,1.0,12,0,0.0,0.06346622029720309,200
6,20,120,0,2,0,0,300,3.3333333333333335,1,6,0.9583333333333334,20,0,0.0,-0.0021354745844252647,200
8,19,152,0,0,0,0,133,2.375,1,8,0.8157894736842105,19,0,0.0,-0.6590178925807377,200
7,20,140,0,0,1,1,120,2.857142857142857,4,7,0.9785714285714285,20,0,0.0,-1.25488875627472,200
7,2,14,0,2,1,1,42,0.2857142857142857,1,7,0.5714285714285714,2,0,0.0,-0.3148368468724818,200
11,14,154,1,0,0,0,140,1.2727272727272727,1,11,0.6428571428571429,14,1,0.07142857142857142,-0.9384785534808379,200
4,9,36,1,1,0,0,36,2.25,1,4,0.8888888888888888,9,1,0.1111111111111111,-0.8669933101040775,200
9,11,99,1,1,0,1,99,1.2222222222222223,9,9,1.0,11,0,0.0,-2.1238788828494406,200
8,1,8,1,0,1,0,7,0.125,1,1,0.125,1,0,0.0,-0.29925858437361724,200
11,18,198,0,1,1,0,198,1.6363636363636365,10,11,0.9949494949494949,18,0,0.0,-2.212450524899649,200
2,6,12,1,0,1,1,6,3.0,1,2,0.9166666666666666,6,1,0.16666666666666666,-0.7328145818829657,200
11,19,209,1,2,0,0,1045,1.7272727272727273,1,11,0.9521531100478469,19,0,0.0,-2.5030591275122007,200
7,11,77,0,0,0,0,66,1.5714285714285714,1,7,0.7272727272727273,11,0,0.0,-0.5776677534686823,200
4,12,48,1,0,0,0,36,3.0,1,4,0.875,12,0,0.0,-0.8574469044933204,200
9,14,126,1,2,0,0,504,1.5555555555555556,1,9,0.9365079365079365,14,0,0.0,-1.8915411585332993,200
10,4,40,1,2,0,0,180,0.4,1,10,0.775,4,0,0.0,-0.7180729872923243,200
8,5,40,0,0,0,0,35,0.625,1,5,0.375,5,0,0.0,-0.48927093385104536,200
7,6,42,1,1,0,0,42,0.8571428571428571,1,7,0.7142857142857143,6,0,0.0,-0.9834587773378436,200
6,12,72,0,2,1,0,180,2.0,1,6,0.9305555555555556,12,0,0.0,-0.8961217066133762,200
11,11,121,0,1,1,0,121,1.0,10,11,0.9917355371900827,11,0,0.0,-1.8469181182115666,200
4,14,56,0,1,0,1,56,3.5,4,4,1.0,14,0,0.0,-0.1671840295749948,200
2,14,28,1,0,0,1,14,7.0,2,2,1.0,14,0,0.0,-0.7294279130077909,200
10,16,160,1,2,0,0,720,1.6,1,10,0.94375,16,1,0.0625,-2.1453714350666817,200
5,10,50,1,1,1,1,50,2.0,2,5,0.94,10,0,0.0,-1.2236207789775684,200
8,6,48,1,0,0,0,42,0.75,1,6,0.4375,6,0,0.0,-0.7982445428186186,200
8,13,104,0,1,1,1,104,1.625,4,8,0.9615384615384616,13,0,0.0,-1.4680858396742935,200
5,18,90,0,2,0,1,180,3.6,5,5,1.0,18,0,0.0,0.2751382008389432,200
10,13,130,0,1,0,0,130,1.3,1,10,0.8076923076923077,13,0,0.0,-0.9529037435738705,200
10,9,90,1,2,0,0,405,0.9,1,10,0.9,9,1,0.1111111111111111,-1.3812183446158053,200
5,16,80,1,1,0,1,80,3.2,5,5,1.0,16,0,0.0,-1.1979655187825387,200
5,18,90,0,1,0,0,90,3.6,1,5,0.9333333333333333,18,0,0.0,-0.4599316661048512,200
9,7,63,0,1,1,1,63,0.7777777777777778,4,9,0.9206349206349206,7,0,0.0,-1.1079409387251642,200
5,16,80,1,2,0,0,160,3.2,1,5,0.95,16,0,0.0,-1.1617837974916634,200
12,5,60,1,1,0,0,60,0.4166666666666667,1,9,0.4166666666666667,5,1,0.2,-0.7052995040070511,200
4,18,72,0,0,0,1,54,4.5,4,4,1.0,18,0,0.0,-0.33974964548519726,200
2,20,40,1,2,1,0,20,10.0,1,2,0.975,20,0,0.0,-0.6761640537277148,200
8,7,56,0,0,1,1,49,0.875,4,8,0.9285714285714286,7,0,0.0,-0.9435266799992031,200
8,12,96,0,1,1,0,96,1.5,7,8,0.9895833333333334,12,0,0.0,-1.4259220029544462,200
2,13,26,1,2,0,0,13,6.5,1,2,0.9615384615384616,13,1,0.07692307692307693,-0.716113414096772,200
6,4,24,0,2,1,0,60,0.6666666666666666,1,6,0.7916666666666666,4,0,0.0,-0.4330792624350177,200
8,3,24,0,2,0,0,84,0.375,1,8,0.7083333333333334,3,0,0.0,0.2707142727845838,200
4,11,44,1,1,0,1,44,2.75,4,4,1.0,11,0,0.0,-0.940005027355789,200
7,11,77,1,2,1,1,231,1.5714285714285714,1,7,0.922077922077922,11,0,0.0,-1.3530545549057444,200
3,13,39,1,1,1,0,39,4.333333333333333,2,3,0.9743589743589743,13,0,0.0,-0.8108112176233034,200
9,20,180,0,1,0,0,180,2.2222222222222223,1,9,0.8888888888888888,20,0,0.0,-1.1146783588467675,200
8,1,8,1,0,1,0,7,0.125,1,1,0.125,1,1,1.0,nan,200
10,5,50,0,2,0,1,225,0.5,10,10,1.0,5,0,0.0,0.6365963393922437,200
2,16,32,1,0,0,0,16,8.0,1,2,0.96875,16,0,0.0,-0.6762259313713532,200
6,13,78,1,2,0,1,195,2.1666666666666665,6,6,1.0,13,0,0.0,-1.3006287473023905,200
2,13,26,1,0,1,1,13,6.5,1,2,0.9615384615384616,13,0,0.0,-0.6554387063620242,200
8,3,24,0,0,0,1,21,0.375,8,8,1.0,3,0,0.0,-0.6307182438316854,200
7,17,119,1,1,1,0,119,2.4285714285714284,6,7,0.9915966386554622,17,0,0.0,-1.5726391149151235,200
2,2,4,0,2,1,0,2,1.0,1,2,0.75,2,0,0.0,-0.34506335506115354,200
12,9,108,1,1,0,0,108,0.75,1,12,0.6666666666666666,9,1,0.1111111111111111,-0.9827911077669326,200
12,11,132,1,2,1,1,726,0.9166666666666666,1,12,0.9166666666666666,11,0,0.0,-1.536765999792121,200
8,5,40,0,2,1,1,140,0.625,1,8,0.825,5,0,0.0,-0.47814629613350756,200
11,4,44,0,2,1,1,220,0.36363636363636365,1,11,0.7727272727272727,4,0,0.0,-0.40292658369110596,200
10,1,10,0,1,1,0,10,0.1,9,9,0.9,1,0,0.0,-0.0013436777549974675,200
11,11,121,0,2,1,1,605,1.0,1,11,0.9173553719008265,11,0,0.0,-0.8920581843880276,200
4,6,24,0,0,0,1,18,1.5,4,4,1.0,6,0,0.0,-0.34338724993669206,200
4,6,24,0,1,0,0,24,1.5,1,4,0.8333333333333334,6,0,0.0,-0.5021629990729028,200
3,6,18,0,1,1,1,18,2.0,1,3,0.8888888888888888,6,0,0.0,-0.4800913823990273,200
4,20,80,1,1,0,1,80,5.0,4,4,1.0,20,0,0.0,-0.9610034249168081,200
12,13,156,0,1,1,0,156,1.0833333333333333,11,12,0.9935897435897436,13,0,0.0,-2.197529392273416,200
11,2,22,0,2,0,1,110,0.18181818181818182,11,11,1.0,2,0,0.0,0.9503943320332118,200
5,19,95,0,2,0,1,190,3.8,5,5,1.0,19,0,0.0,0.2864199914824715,200
10,4,40,0,0,0,0,36,0.4,1,4,0.25,4,0,0.0,-0.4487063118450047,200
3,10,30,0,0,1,1,20,3.3333333333333335,2,3,0.9666666666666667,10,0,0.0,-0.4553213715688956,200
11,4,44,0,2,0,0,220,0.36363636363636365,1,11,0.7727272727272727,4,0,0.0,0.2806190297015724,200
7,14,98,0,2,0,0,294,2.0,1,7,0.9387755102040817,14,0,0.0,0.02036902840844811,200
3,7,21,0,0,1,0,14,2.3333333333333335,1,3,0.8571428571428571,7,0,0.0,-0.43894201556099416,200
8,12,96,1,1,0,0,96,1.5,1,8,0.8333333333333334,12,0,0.0,-1.1829454472560468,200
5,4,20,1,0,1,0,16,0.8,1,4,0.5,4,1,0.25,-0.634744257032869,200
2,6,12,1,2,1,0,6,3.0,1,2,0.9166666666666666,6,5,0.8333333333333334,-0.31971615003741854,200
7,1,7,0,2,0,1,21,0.14285714285714285,7,7,1.0,1,0,0.0,-0.10392958168857408,200
3,20,60,0,1,0,1,60,6.666666666666667,3,3,1.0,20,0,0.0,0.07860443128155357,200
2,14,28,1,1,0,1,28,7.0,2,2,1.0,14,0,0.0,-0.7911300519015203,200
8,2,16,0,0,0,0,14,0.25,1,2,0.1875,2,0,0.0,-0.41014458505232176,200
4,17,68,1,0,1,1,51,4.25,2,4,0.9705882352941176,17,0,0.0,-0.9693699849688575,200
8,7,56,0,1,0,0,56,0.875,1,8,0.7142857142857143,7,0,0.0,-0.7142321873232612,200
8,10,80,0,1,1,0,80,1.25,7,8,0.9875,10,0,0.0,-1.3263267483996277,200
11,16,176,1,2,0,0,880,1.4545454545454546,1,11,0.9431818181818182,16,0,0.0,-2.223374878109988,200
6,1,6,0,2,1,1,15,0.16666666666666666,1,1,0.16666666666666666,1,0,0.0,-0.2897134089466361,200
5,17,85,0,0,1,1,68,3.4,3,5,0.9764705882352941,17,0,0.0,-0.8168608659196271,200
12,9,108,1,1,0,0,108,0.75,1,12,0.6666666666666666,9,0,0.0,-1.1637871781620681,200
5,18,90,0,2,1,1,180,3.6,1,5,0.9555555555555556,18,0,0.0,-0.822668884152528,200
12,1,12,1,0,0,0,11,0.08333333333333333,1,1,0.08333333333333333,1,0,0.0,-0.3253818077443909,200
8,7,56,0,1,0,1,56,0.875,8,8,1.0,7,0,0.0,-0.2441650691851332,200
8,6,48,1,0,1,1,42,0.75,4,8,0.9166666666666666,6,0,0.0,-1.463551866584829,200
12,20,240,1,0,1,0,220,1.6666666666666667,1,12,0.725,20,0,0.0,-2.9053476938064913,200
2,3,6,1,0,0,1,3,1.5,2,2,1.0,3,0,0.0,-0.5293152912674745,200
2,20,40,1,0,1,1,20,10.0,1,2,0.975,20,5,0.25,-0.690247091822168,200
4,18,72,0,0,0,1,54,4.5,4,4,1.0,18,0,0.0,-0.348255417690089,200
9,7,63,1,1,0,0,63,0.7777777777777778,1,9,0.6825396825396826,7,1,0.14285714285714285,-0.8928990854901554,200
8,6,48,0,2,1,0,168,0.75,1,8,0.8541666666666666,6,0,0.0,-0.6537560380833026,200
5,17,85,0,1,0,1,85,3.4,5,5,1.0,17,0,0.0,0.12215703512022627,200
7,11,77,1,0,1,0,66,1.5714285714285714,1,7,0.7272727272727273,11,0,0.0,-1.5744410929481027,200
4,9,36,1,2,0,0,54,2.25,1,4,0.9166666666666666,9,0,0.0,-0.9062286494271524,200
6,17,102,0,1,1,1,102,2.8333333333333335,3,6,0.9705882352941176,17,0,0.0,-1.0036595906225425,200
7,12,84,0,1,1,0,84,1.7142857142857142,6,7,0.9880952380952381,12,0,0.0,-1.2195984424053101,200
7,17,119,1,1,1,0,119,2.4285714285714284,6,7,0.9915966386554622,17,0,0.0,-1.5615257782564458,200
10,6,60,1,2,0,0,270,0.6,1,10,0.85,6,0,0.0,-1.1426488751520427,200
11,1,11,1,0,0,1,10,0.09090909090909091,11,11,1.0,1,0,0.0,-0.13325783911931297,200
4,11,44,1,1,1,0,44,2.75,3,4,0.9772727272727273,11,0,0.0,-0.9753770901342627,200
6,13,78,1,2,0,1,195,2.1666666666666665,6,6,1.0,13,0,0.0,-1.353450822335824,200
3,16,48,1,1,0,0,48,5.333333333333333,1,3,0.9583333333333334,16,0,0.0,-0.7783672104492615,200
6,13,78,0,1,1,0,78,2.1666666666666665,5,6,0.9871794871794872,13,0,0.0,-0.9822350409578129,200
11,16,176,1,0,0,1,160,1.4545454545454546,11,11,1.0,16,0,0.0,-2.6608266977649095,200
8,8,64,1,1,0,1,64,1.0,8,8,1.0,8,0,0.0,-1.9722245277151502,200
4,8,32,0,1,0,1,32,2.0,4,4,1.0,8,0,0.0,-0.1725291125901192,200
3,6,18,1,0,0,0,12,2.0,1,3,0.8333333333333334,6,0,0.0,-0.616289783704892,200
7,7,49,1,1,0,0,49,1.0,1,7,0.7551020408163265,7,0,0.0,-0.9850162627231446,200
4,1,4,0,1,0,0,4,0.25,1,1,0.25,1,0,0.0,-0.2702731295465437,200
6,3,18,1,0,1,1,15,0.5,3,6,0.8333333333333334,3,0,0.0,-0.9371347131953933,200
4,18,72,1,0,0,1,54,4.5,4,4,1.0,18,0,0.0,-0.9715802359748723,200
7,19,133,1,2,0,0,399,2.7142857142857144,1,7,0.9548872180451128,19,2,0.10526315789473684,-1.5507776730801406,200
7,17,119,1,1,0,1,119,2.4285714285714284,7,7,1.0,17,0,0.0,-1.6067923892764873,200
5,3,15,1,1,1,1,15,0.6,2,5,0.8,3,0,0.0,-0.9261382752071377,200
8,19,152,1,1,1,1,152,2.375,4,8,0.9736842105263158,19,0,0.0,-1.8427646089089267,200
10,18,180,1,0,0,1,162,1.8,10,10,1.0,18,0,0.0,-2.403000603162308,200
9,20,180,1,2,1,0,720,2.2222222222222223,1,9,0.9555555555555556,20,5,0.25,-2.121147189757597,200
2,7,14,1,2,1,0,7,3.5,1,2,0.9285714285714286,7,2,0.2857142857142857,-0.5820947641062575,200
2,5,10,0,2,1,1,5,2.5,1,2,0.9,5,0,0.0,-0.32693708418798284,200
8,20,160,1,0,0,0,140,2.5,1,8,0.825,20,2,0.1,-1.1691959624429482,200
3,16,48,1,1,1,0,48,5.333333333333333,2,3,0.9791666666666666,16,0,0.0,-0.7957570352366873,200
5,15,75,1,0,1,1,60,3.0,3,5,0.9733333333333334,15,0,0.0,-1.172065793277868,200
12,8,96,1,2,1,1,528,0.6666666666666666,1,12,0.8854166666666666,8,1,0.125,-1.6793206579078448,200
4,12,48,1,1,1,0,48,3.0,3,4,0.9791666666666666,12,0,0.0,-0.9596936572739495,200
5,19,95,1,0,0,0,76,3.8,1,5,0.8947368421052632,19,0,0.0,-1.0406342117646514,200
8,5,40,0,0,1,1,35,0.625,4,8,0.9,5,0,0.0,-0.7797109609926812,200
8,9,72,0,1,0,1,72,1.125,8,8,1.0,9,0,0.0,-0.25373158769648796,200
9,19,171,0,2,1,1,684,2.111111111111111,1,9,0.9532163742690059,19,0,0.0,-1.5432788352086368,200
6,16,96,0,2,0,1,240,2.6666666666666665,6,6,1.0,16,0,0.0,0.3487417072375257,200
4,1,4,1,2,1,0,6,0.25,1,1,0.25,1,1,1.0,nan,200
8,16,128,0,0,1,0,112,2.0,1,8,0.78125,16,0,0.0,-1.27228959222618,200
8,14,112,0,2,1,1,392,1.75,1,8,0.9375,14,0,0.0,-1.1242422014268423,200
4,2,8,1,2,0,0,12,0.5,1,4,0.625,2,1,0.5,-0.2851047982896224,200
2,18,36,1,2,0,0,18,9.0,1,2,0.9722222222222222,18,2,0.1111111111111111,-0.6791866287234485,200
4,19,76,1,2,1,1,114,4.75,1,4,0.9605263157894737,19,1,0.05263157894736842,-1.0285251036673266,200
7,16,112,0,0,1,1,96,2.2857142857142856,4,7,0.9732142857142857,16,0,0.0,-1.2050186291998237,200
10,19,190,0,1,0,1,190,1.9,10,10,1.0,19,0,0.0,-0.34596205475810354,200
12,18,216,1,0,1,1,198,1.5,6,12,0.9722222222222222,18,0,0.0,-2.858829171734085,200
11,9,99,1,2,0,1,495,0.8181818181818182,11,11,1.0,9,0,0.0,-1.8578908703435515,200
3,20,60,0,2,0,1,60,6.666666666666667,3,3,1.0,20,0,0.0,0.09683513579357456,200
3,4,12,0,0,1,1,8,1.3333333333333333,2,3,0.9166666666666666,4,0,0.0,-0.38314265702126654,200
11,12,132,0,0,1,0,120,1.0909090909090908,1,11,0.5833333333333334,12,0,0.0,-1.01131618039043,200
6,7,42,1,0,0,0,35,1.1666666666666667,1,6,0.6428571428571429,7,1,0.14285714285714285,-0.8206511436440791,200
11,13,143,1,2,0,0,715,1.1818181818181819,1,11,0.9300699300699301,13,2,0.15384615384615385,-1.9173608468638113,200
2,16,32,1,1,1,0,32,8.0,1,2,0.96875,16,0,0.0,-0.7051008767972725,200
10,16,160,1,0,0,1,144,1.6,10,10,1.0,16,0,0.0,-2.4232998001687274,200
2,10,20,0,1,0,1,20,5.0,2,2,1.0,10,0,0.0,-0.30890912581135044,200
3,8,24,1,0,0,1,16,2.6666666666666665,3,3,1.0,8,0,0.0,-0.7565749926234956,200
3,9,27,1,2,1,1,27,3.0,1,3,0.9259259259259259,9,0,0.0,-0.7955582987094656,200
3,18,54,1,2,1,1,54,6.0,1,3,0.9629629629629629,18,0,0.0,-0.8357572561520892,200
7,2,14,0,1,0,1,14,0.2857142857142857,7,7,1.0,2,0,0.0,-0.18344242445771888,200
4,17,68,0,1,1,0,68,4.25,3,4,0.9852941176470589,17,0,0.0,-0.6115257751461087,200
9,17,153,1,2,1,0,612,1.8888888888888888,1,9,0.9477124183006536,17,0,0.0,-2.1086528974795953,200
8,2,16,0,2,0,1,56,0.25,8,8,1.0,2,0,0.0,0.7269348918920557,200
10,14,140,1,0,0,0,126,1.4,1,10,0.6785714285714286,14,0,0.0,-0.9130786901665248,200
9,18,162,1,0,0,0,144,2.0,1,9,0.7777777777777778,18,0,0.0,-1.0618355673446065,200
4,7,28,1,1,1,1,28,1.75,2,4,0.9285714285714286,7,0,0.0,-0.9931139540296442,200
11,15,165,1,2,0,1,825,1.3636363636363635,11,11,1.0,15,0,0.0,-2.387138453916171,200
9,15,135,0,2,0,1,540,1.6666666666666667,9,9,1.0,15,0,0.0,0.5498478504157108,200
7,18,126,0,0,0,1,108,2.5714285714285716,7,7,1.0,18,0,0.0,-0.9857362092062139,200
6,3,18,1,1,0,1,18,0.5,6,6,1.0,3,0,0.0,-1.0844318384473768,200
11,11,121,0,1,1,1,121,1.0,5,11,0.9504132231404959,11,0,0.0,-1.9283870645659626,200
5,6,30,1,2,1,0,60,1.2,1,5,0.8666666666666667,6,1,0.16666666666666666,-0.9840526125414204,200
8,1,8,0,2,0,1,28,0.125,8,8,1.0,1,0,0.0,-0.12043425170228889,200
9,1,9,0,2,1,1,36,0.1111111111111111,1,1,0.1111111111111111,1,0,0.0,-0.28456286822458743,200
12,11,132,0,1,1,0,132,0.9166666666666666,11,12,0.9924242424242424,11,0,0.0,-2.010394674852379,200
9,16,144,1,2,1,1,576,1.7777777777777777,1,9,0.9444444444444444,16,0,0.0,-2.124364292117326,200
2,2,4,0,2,1,1,2,1.0,1,2,0.75,2,0,0.0,-0.3205785872011565,200
4,13,52,1,1,1,0,52,3.25,3,4,0.9807692307692307,13,0,0.0,-1.0003531140357973,200
7,16,112,0,2,0,0,336,2.2857142857142856,1,7,0.9464285714285714,16,0,0.0,0.046281972496774175,200
6,1,6,1,1,1,0,6,0.16666666666666666,5,5,0.8333333333333334,1,0,0.0,-0.2542512329953422,200
8,16,128,0,0,0,1,112,2.0,8,8,1.0,16,0,0.0,-1.0210913980113276,200
2,9,18,0,1,0,0,18,4.5,1,2,0.9444444444444444,9,0,0.0,-0.3339284232074589,200
5,1,5,1,0,1,0,4,0.2,1,1,0.2,1,0,0.0,-0.2674651830395138,200
4,5,20,1,2,0,0,30,1.25,1,4,0.85,5,1,0.2,-0.7647224337563663,200
7,7,49,1,2,1,0,147,1.0,1,7,0.8775510204081632,7,0,0.0,-1.4617246948997449,200
2,3,6,1,1,0,0,6,1.5,1,2,0.8333333333333334,3,1,0.3333333333333333,-0.6020795823690044,200
3,6,18,0,0,0,0,12,2.0,1,3,0.8333333333333334,6,0,0.0,-0.4584749441637709,200
9,9,81,0,1,0,0,81,1.0,1,9,0.7530864197530864,9,0,0.0,-0.7996128927824803,200
3,12,36,0,1,1,1,36,4.0,1,3,0.9444444444444444,12,0,0.0,-0.4825636433518683,200
3,14,42,0,1,0,0,42,4.666666666666667,1,3,0.9523809523809523,14,0,0.0,-0.19493637075800724,200
3,19,57,0,0,0,0,38,6.333333333333333,1,3,0.9473684210526315,19,0,0.0,-0.4476915765882758,200
12,15,180,0,1,0,1,180,1.25,12,12,1.0,15,0,0.0,-0.4217850553155231,200
7,6,42,0,0,0,1,36,0.8571428571428571,7,7,1.0,6,0,0.0,-0.8463825522876526,200
5,3,15,1,2,1,1,30,0.6,1,5,0.7333333333333333,3,1,0.3333333333333333,-0.5646566160336555,200
5,12,60,1,0,1,0,48,2.4,1,5,0.8333333333333334,12,2,0.16666666666666666,-1.1555475409164395,200
12,16,192,1,0,0,0,176,1.3333333333333333,1,12,0.65625,16,0,0.0,-0.9654661698630107,200
7,13,91,0,2,1,1,273,1.8571428571428572,1,7,0.9340659340659341,13,0,0.0,-1.0001485069544565,200
5,16,80,0,1,0,1,80,3.2,5,5,1.0,16,0,0.0,0.1013138485878796,200
3,20,60,0,1,1,1,60,6.666666666666667,1,3,0.9666666666666667,20,0,0.0,-0.48847116627889703,200
9,18,162,0,1,0,1,162,2.0,9,9,1.0,18,0,0.0,-0.053234839662714556,200
10,7,70,1,1,0,1,70,0.7,10,10,1.0,7,0,0.0,-2.311132799108002,200
5,8,40,1,1,1,1,40,1.6,2,5,0.925,8,0,0.0,-1.1525619248229406,200
7,8,56,1,2,1,0,168,1.1428571428571428,1,7,0.8928571428571429,8,0,0.0,-1.4168162859256344,200
12,10,120,0,0,0,0,110,0.8333333333333334,1,10,0.4583333333333333,10,0,0.0,-0.5679081548931708,200
3,15,45,0,1,1,0,45,5.0,2,3,0.9777777777777777,15,0,0.0,-0.4469530471008015,200
3,13,39,1,1,1,0,39,4.333333333333333,2,3,0.9743589743589743,13,0,0.0,-0.7873114641888843,200
3,14,42,1,1,1,0,42,4.666666666666667,2,3,0.9761904761904762,14,0,0.0,-0.7713788578359793,200
4,3,12,1,0,1,1,9,0.75,2,4,0.8333333333333334,3,0,0.0,-0.7212953548357159,200
2,9,18,1,1,0,1,18,4.5,2,2,1.0,9,0,0.0,-0.8687564266653163,200
6,14,84,1,2,0,0,210,2.3333333333333335,1,6,0.9404761904761905,14,0,0.0,-1.3127875415089711,200
2,3,6,0,1,0,1,6,1.5,2,2,1.0,3,0,0.0,-0.25788166947506247,200
10,17,170,1,2,1,1,765,1.7,1,10,0.9470588235294117,17,0,0.0,-2.1263066565891946,200
5,17,85,0,0,0,0,68,3.4,1,5,0.8823529411764706,17,0,0.0,-0.5653527055944403,200
3,3,9,0,2,1,0,9,1.0,1,3,0.7777777777777778,3,0,0.0,-0.3774842654122764,200
7,1,7,0,2,0,1,21,0.14285714285714285,7,7,1.0,1,0,0.0,-0.11205539465185371,200
9,8,72,1,2,0,1,288,0.8888888888888888,9,9,1.0,8,0,0.0,-1.601276143023747,200
5,9,45,1,2,1,1,90,1.8,1,5,0.9111111111111111,9,1,0.1111111111111111,-1.125405566350034,200
6,5,30,1,0,0,0,25,0.8333333333333334,1,5,0.5,5,0,0.0,-0.6509691620304002,200
8,20,160,0,2,1,0,560,2.5,1,8,0.95625,20,0,0.0,-1.4401017272060843,200
7,19,133,1,2,1,1,399,2.7142857142857144,1,7,0.9548872180451128,19,0,0.0,-1.6966425726722194,200
3,4,12,1,2,1,0,12,1.3333333333333333,1,3,0.8333333333333334,4,1,0.25,-0.8728083863932087,200
8,11,88,1,1,0,0,88,1.375,1,8,0.8181818181818182,11,0,0.0,-1.2549367210473221,200
12,15,180,0,2,1,1,990,1.25,1,12,0.9388888888888889,15,0,0.0,-1.2622749913323796,200
3,1,3,0,1,1,0,3,0.3333333333333333,2,2,0.6666666666666666,1,0,0.0,-0.2825043206948116,200
6,6,36,1,2,0,0,90,1.0,1,6,0.8611111111111112,6,0,0.0,-1.0584262308651913,200
5,17,85,1,2,0,1,170,3.4,5,5,1.0,17,0,0.0,-1.11282350727403,200
10,13,130,0,2,0,0,585,1.3,1,10,0.9307692307692308,13,0,0.0,0.16057405931580793,200
2,1,2,0,0,0,0,1,0.5,1,1,0.5,1,0,0.0,-0.285371530417526,200
10,1,10,0,2,1,1,45,0.1,1,1,0.1,1,0,0.0,-0.29970161500477854,200
5,6,30,0,1,0,1,30,1.2,5,5,1.0,6,0,0.0,0.11871053177805553,200
7,16,112,0,2,0,0,336,2.2857142857142856,1,7,0.9464285714285714,16,0,0.0,0.011472139045214292,200
12,18,216,0,2,0,1,1188,1.5,12,12,1.0,18,0,0.0,0.6078563793012808,200
8,9,72,0,2,1,0,252,1.125,1,8,0.9027777777777778,9,0,0.0,-0.8997655054608893,200
11,1,11,0,1,1,1,11,0.09090909090909091,5,5,0.45454545454545453,1,0,0.0,-0.1556763645623544,200
6,3,18,0,2,1,0,45,0.5,1,6,0.7222222222222222,3,0,0.0,-0.34448442583468625,200
5,15,75,1,0,1,0,60,3.0,1,5,0.8666666666666667,15,2,0.13333333333333333,-1.2495410340367215,200
9,18,162,1,2,0,0,648,2.0,1,9,0.9506172839506173,18,1,0.05555555555555555,-2.0128918224680166,200
4,9,36,1,1,0,0,36,2.25,1,4,0.8888888888888888,9,0,0.0,-0.977206260359735,200
5,11,55,0,0,1,1,44,2.2,3,5,0.9636363636363636,11,0,0.0,-0.7497010272301762,200
6,15,90,0,1,0,1,90,2.5,6,6,1.0,15,0,0.0,-0.2768977378477926,200
12,6,72,0,2,1,0,396,0.5,1,12,0.8472222222222222,6,0,0.0,-0.7373729679905756,200
12,12,144,0,1,1,0,144,1.0,11,12,0.9930555555555556,12,0,0.0,-2.0780335500785148,200
10,8,80,0,2,1,0,360,0.8,1,10,0.8875,8,0,0.0,-0.8440095031556143,200
2,19,38,1,1,0,1,38,9.5,2,2,1.0,19,0,0.0,-0.8137603017616094,200
2,6,12,1,1,1,0,12,3.0,1,2,0.9166666666666666,6,0,0.0,-0.6767210849407626,200
11,2,22,0,1,0,1,22,0.18181818181818182,11,11,1.0,2,0,0.0,-0.2304846689869688,200
8,16,128,0,0,0,0,112,2.0,1,8,0.78125,16,0,0.0,-0.6541229811387342,200
8,18,144,1,2,1,0,504,2.25,1,8,0.9513888888888888,18,1,0.05555555555555555,-1.832514918674543,200
8,4,32,1,1,0,0,32,0.5,1,7,0.5,4,1,0.25,-0.6314754405627021,200
6,6,36,1,2,1,0,90,1.0,1,6,0.8611111111111112,6,0,0.0,-1.317905385891543,200
10,20,200,0,1,0,1,200,2.0,10,10,1.0,20,0,0.0,-0.4009104609486558,200
11,12,132,0,1,0,1,132,1.0909090909090908,11,11,1.0,12,0,0.0,-0.2678105902165806,200
7,20,140,0,2,1,1,420,2.857142857142857,1,7,0.9571428571428572,20,0,0.0,-1.2621958697796558,200
9,13,117,1,1,1,0,117,1.4444444444444444,8,9,0.9914529914529915,13,0,0.0,-2.0814429139736768,200
2,20,40,0,0,1,1,20,10.0,1,2,0.975,20,0,0.0,-0.3298376817483506,200
9,20,180,0,2,1,1,720,2.2222222222222223,1,9,0.9555555555555556,20,0,0.0,-1.6174656069122186,200
4,5,20,1,2,0,0,30,1.25,1,4,0.85,5,2,0.4,-0.5755629661892652,200
10,2,20,0,1,1,0,20,0.2,9,10,0.95,2,0,0.0,-0.382090918965734,200
6,9,54,0,0,1,1,45,1.5,3,6,0.9444444444444444,9,0,0.0,-0.867939345423723,200
3,11,33,0,1,1,0,33,3.6666666666666665,2,3,0.9696969696969697,11,0,0.0,-0.44616610141030255,200
4,1,4,1,1,0,1,4,0.25,4,4,1.0,1,0,0.0,-0.31392863129815396,200
8,20,160,0,0,1,0,140,2.5,1,8,0.825,20,0,0.0,-1.4265388254985971,200
8,16,128,0,0,0,1,112,2.0,8,8,1.0,16,0,0.0,-0.9767455736835403,200
3,4,12,0,2,0,0,12,1.3333333333333333,1,3,0.8333333333333334,4,0,0.0,-0.2877380973366127,200
9,10,90,1,0,0,1,80,1.1111111111111112,9,9,1.0,10,0,0.0,-2.1377132128403966,200
6,6,36,0,0,1,1,30,1.0,3,6,0.9166666666666666,6,0,0.0,-0.7561741103769059,200
11,19,209,1,1,0,0,209,1.7272727272727273,1,11,0.8564593301435407,19,2,0.10526315789473684,-1.475931468193507,200
4,2,8,0,0,1,1,6,0.5,2,4,0.75,2,0,0.0,-0.3641220105591177,200
4,5,20,0,1,0,0,20,1.25,1,4,0.8,5,0,0.0,-0.487662899849993,200
5,6,30,0,0,0,1,24,1.2,5,5,1.0,6,0,0.0,-0.6456806571296931,200
7,9,63,0,1,1,1,63,1.2857142857142858,3,7,0.9365079365079365,9,0,0.0,-1.1347762064258275,200
12,3,36,1,1,0,1,36,0.25,12,12,1.0,3,0,0.0,-1.3496122099065668,200
9,16,144,0,1,1,0,144,1.7777777777777777,8,9,0.9930555555555556,16,0,0.0,-1.7011343551419822,200
3,13,39,0,2,1,1,39,4.333333333333333,1,3,0.9487179487179487,13,0,0.0,-0.49863184415360085,200
7,8,56,0,1,0,0,56,1.1428571428571428,1,7,0.7857142857142857,8,0,0.0,-0.7031711754478397,200
12,2,24,1,2,0,1,132,0.16666666666666666,12,12,1.0,2,0,0.0,-0.7268858263980362,200
8,12,96,1,0,1,0,84,1.5,1,8,0.7083333333333334,12,0,0.0,-1.6116813938399106,200
4,1,4,1,0,0,1,3,0.25,4,4,1.0,1,0,0.0,-0.29677698827063825,200
3,9,27,1,2,0,1,27,3.0,3,3,1.0,9,0,0.0,-0.7542094716968875,200
11,12,132,0,1,1,1,132,1.0909090909090908,5,11,0.9545454545454546,12,0,0.0,-1.998407448193664,200
9,9,81,0,2,0,0,324,1.0,1,9,0.9012345679012346,9,0,0.0,0.2074965634684183,200
11,6,66,1,2,1,1,330,0.5454545454545454,1,11,0.8484848484848485,6,0,0.0,-0.955353313078314,200
4,4,16,1,0,1,0,12,1.0,1,4,0.625,4,1,0.25,-0.8985802472919515,200
12,19,228,0,1,0,0,228,1.5833333333333333,1,12,0.8421052631578947,19,0,0.0,-1.294154878601611,200
5,7,35,0,2,0,1,70,1.4,5,5,1.0,7,0,0.0,0.2888093144786657,200
10,9,90,1,1,0,0,90,0.9,1,10,0.7222222222222222,9,0,0.0,-0.9815669696325445,200
4,7,28,1,1,1,1,28,1.75,2,4,0.9285714285714286,7,0,0.0,-1.0649715008425165,200
6,19,114,1,2,0,1,285,3.1666666666666665,6,6,1.0,19,0,0.0,-1.3053088556088797,200
7,6,42,1,1,1,1,42,0.8571428571428571,3,7,0.9047619047619048,6,0,0.0,-1.6311125904782136,200
3,10,30,1,0,0,1,20,3.3333333333333335,3,3,1.0,10,0,0.0,-0.789224853501534,200
9,18,162,0,1,1,0,162,2.0,8,9,0.9938271604938271,18,0,0.0,-1.7064498591564212,200
12,17,204,1,0,0,1,187,1.4166666666666667,12,12,1.0,17,0,0.0,-2.9509129971893415,200
4,15,60,0,2,0,1,90,3.75,4,4,1.0,15,0,0.0,0.13167256735172037,200
12,20,240,1,0,0,1,220,1.6666666666666667,12,12,1.0,20,0,0.0,-2.9344145284216894,200
5,15,75,0,0,1,1,60,3.0,3,5,0.9733333333333334,15,0,0.0,-0.7875506207493445,200
9,12,108,0,0,0,1,96,1.3333333333333333,9,9,1.0,12,0,0.0,-1.2132406519415673,200
8,2,16,0,0,0,0,14,0.25,1,2,0.1875,2,0,0.0,-0.42476537101340406,200
6,17,102,1,2,1,1,255,2.8333333333333335,1,6,0.9509803921568627,17,1,0.058823529411764705,-1.40104048535243,200
3,20,60,1,1,1,1,60,6.666666666666667,1,3,0.9666666666666667,20,0,0.0,-0.7999222240246546,200
2,3,6,0,2,1,0,3,1.5,1,2,0.8333333333333334,3,0,0.0,-0.30732892190529304,200
11,9,99,1,0,1,1,90,0.8181818181818182,6,11,0.9494949494949495,9,0,0.0,-2.3935436265928387,200
10,17,170,0,1,0,0,170,1.7,1,10,0.8529411764705882,17,0,0.0,-1.2360941943063812,200
2,11,22,0,1,0,0,22,5.5,1,2,0.9545454545454546,11,0,0.0,-0.2658335645721247,200
3,19,57,1,1,0,1,57,6.333333333333333,3,3,1.0,19,0,0.0,-0.7475046086034418,200
12,3,36,0,0,1,1,33,0.25,6,12,0.8333333333333334,3,0,0.0,-0.636540194196308,200
9,7,63,1,0,1,1,56,0.7777777777777778,5,9,0.9365079365079365,7,0,0.0,-2.030691966998465,200
4,20,80,1,1,1,1,80,5.0,2,4,0.975,20,0,0.0,-0.9267953639357261,200
7,4,28,0,1,0,1,28,0.5714285714285714,7,7,1.0,4,0,0.0,-0.09014433132143596,200
2,17,34,0,0,0,1,17,8.5,2,2,1.0,17,0,0.0,-0.19098496260083553,200
5,3,15,1,1,1,0,15,0.6,4,5,0.9333333333333333,3,0,0.0,-0.8737132125880707,200
11,11,121,0,1,1,0,121,1.0,10,11,0.9917355371900827,11,0,0.0,-1.9045338945918262,200
3,8,24,1,1,1,0,24,2.6666666666666665,2,3,0.9583333333333334,8,0,0.0,-0.7582087363809785,200
11,7,77,1,2,1,1,385,0.6363636363636364,1,11,0.8701298701298701,7,0,0.0,-1.1986627013708904,200
10,12,120,1,0,1,0,108,1.2,1,10,0.625,12,0,0.0,-1.8588429536815863,200
10,6,60,0,0,0,1,54,0.6,10,10,1.0,6,0,0.0,-1.1020842615837327,200
5,20,100,1,0,0,0,80,4.0,1,5,0.9,20,0,0.0,-1.0879952462259161,200
9,8,72,1,0,0,1,64,0.8888888888888888,9,9,1.0,8,0,0.0,-2.320583082432805,200
3,10,30,1,0,1,0,20,3.3333333333333335,1,3,0.9,10,1,0.1,-0.8840639772410007,200
12,10,120,0,2,1,0,660,0.8333333333333334,1,12,0.9083333333333333,10,0,0.0,-1.0899534366107586,200
8,11,88,0,1,1,0,88,1.375,7,8,0.9886363636363636,11,0,0.0,-1.3894597733437513,200
9,4,36,0,0,1,1,32,0.4444444444444444,5,9,0.8888888888888888,4,0,0.0,-0.7470298646603892,200
4,18,72,1,1,1,1,72,4.5,2,4,0.9722222222222222,18,0,0.0,-0.9591831402509393,200
7,19,133,1,0,0,1,114,2.7142857142857144,7,7,1.0,19,0,0.0,-1.5877660612039586,200
5,15,75,0,1,0,1,75,3.0,5,5,1.0,15,0,0.0,0.08765796686851879,200
3,14,42,0,0,1,0,28,4.666666666666667,1,3,0.9285714285714286,14,0,0.0,-0.4686541166598706,200
9,18,162,0,0,0,1,144,2.0,9,9,1.0,18,0,0.0,-1.24103764369966,200
8,8,64,1,2,0,1,224,1.0,8,8,1.0,8,0,0.0,-1.4868642421462985,200
12,2,24,1,0,1,0,22,0.16666666666666666,1,2,0.125,2,0,0.0,-0.3527348565202581,200
6,16,96,0,2,0,1,240,2.6666666666666665,6,6,1.0,16,0,0.0,0.3474574995758228,200
8,4,32,1,1,0,0,32,0.5,1,7,0.5,4,1,0.25,-0.6216157728007635,200
12,5,60,0,0,0,1,55,0.4166666666666667,12,12,1.0,5,0,0.0,-0.9265574994858722,200
6,15,90,0,2,1,0,225,2.5,1,6,0.9444444444444444,15,0,0.0,-0.9654540689139475,200
11,6,66,1,0,0,0,60,0.5454545454545454,1,6,0.3181818181818182,6,1,0.16666666666666666,-0.689908173774476,200
2,12,24,1,2,1,1,12,6.0,1,2,0.9583333333333334,12,0,0.0,-0.675147358673008,200
8,11,88,1,1,1,0,88,1.375,7,8,0.9886363636363636,11,0,0.0,-1.8351667778306424,200
7,7,49,0,0,1,0,42,1.0,1,7,0.5714285714285714,7,0,0.0,-0.5987392891443312,200
2,20,40,0,1,1,0,40,10.0,1,2,0.975,20,0,0.0,-0.32120354708317217,200
7,16,112,0,2,1,0,336,2.2857142857142856,1,7,0.9464285714285714,16,0,0.0,-1.1331337549091498,200
7,4,28,0,2,1,1,84,0.5714285714285714,1,7,0.7857142857142857,4,0,0.0,-0.42035384058004416,200
8,15,120,0,0,1,1,105,1.875,4,8,0.9666666666666667,15,0,0.0,-1.4133649561879198,200
4,9,36,1,0,0,0,27,2.25,1,4,0.8333333333333334,9,0,0.0,-0.8096857902832232,200
10,19,190,1,1,1,1,190,1.9,5,10,0.9736842105263158,19,0,0.0,-2.322969715426133,200
9,5,45,0,0,0,1,40,0.5555555555555556,9,9,1.0,5,0,0.0,-0.8395833892123642,200
12,6,72,1,1,0,1,72,0.5,12,12,1.0,6,0,0.0,-3.254189939484094,200
12,2,24,1,2,0,1,132,0.16666666666666666,12,12,1.0,2,0,0.0,-0.3294098121176155,200
11,10,110,0,0,1,0,100,0.9090909090909091,1,10,0.5,10,0,0.0,-0.8111892046828773,200
5,11,55,0,1,0,1,55,2.2,5,5,1.0,11,0,0.0,0.12331948543015626,200
5,4,20,1,0,1,0,16,0.8,1,4,0.5,4,0,0.0,-0.8622265066160852,200
11,10,110,0,1,0,1,110,0.9090909090909091,11,11,1.0,10,0,0.0,-0.2603878264473874,200
8,19,152,0,0,1,0,133,2.375,1,8,0.8157894736842105,19,0,0.0,-1.3958160518566896,200
4,9,36,1,0,0,1,27,2.25,4,4,1.0,9,0,0.0,-0.9796968501666494,200
9,8,72,0,2,0,0,288,0.8888888888888888,1,9,0.8888888888888888,8,0,0.0,0.2098280879772359,200
7,6,42,0,1,0,1,42,0.8571428571428571,7,7,1.0,6,0,0.0,-0.04496639683301785,200
7,12,84,0,2,1,0,252,1.7142857142857142,1,7,0.9285714285714286,12,0,0.0,-1.0245955531036537,200
11,16,176,1,2,1,0,880,1.4545454545454546,1,11,0.9431818181818182,16,0,0.0,-2.583651081972136,200
9,20,180,1,2,0,0,720,2.2222222222222223,1,9,0.9555555555555556,20,0,0.0,-2.023452173551136,200
5,1,5,0,1,1,0,5,0.2,4,4,0.8,1,0,0.0,-0.15418088635338345,200
9,5,45,1,1,1,1,45,0.5555555555555556,4,9,0.8888888888888888,5,0,0.0,-1.3125863353771423,200
2,10,20,1,1,0,0,20,5.0,1,2,0.95,10,0,0.0,-0.5651852822780161,200
11,12,132,0,2,0,1,660,1.0909090909090908,11,11,1.0,12,0,0.0,0.6318292672592041,200
7,19,133,0,0,1,1,114,2.7142857142857144,4,7,0.9774436090225563,19,0,0.0,-1.2412637295591686,200
9,12,108,0,2,0,0,432,1.3333333333333333,1,9,0.9259259259259259,12,0,0.0,0.1510561086480192,200
10,5,50,0,0,1,1,45,0.5,5,10,0.9,5,0,0.0,-0.8699476623251748,200
7,19,133,1,1,1,0,133,2.7142857142857144,6,7,0.9924812030075187,19,0,0.0,-1.5744591842448021,200
11,7,77,1,2,0,0,385,0.6363636363636364,1,11,0.8701298701298701,7,3,0.42857142857142855,-0.8401861291768922,200
9,9,81,0,2,0,0,324,1.0,1,9,0.9012345679012346,9,0,0.0,0.13966058709866938,200
8,17,136,0,1,0,1,136,2.125,8,8,1.0,17,0,0.0,-0.2496865237226246,200
12,19,228,0,0,0,0,209,1.5833333333333333,1,12,0.7105263157894737,19,0,0.0,-0.6479032469663253,200
4,15,60,0,2,1,1,90,3.75,1,4,0.95,15,0,0.0,-0.6482040932209979,200
9,2,18,1,0,1,0,16,0.2222222222222222,1,2,0.16666666666666666,2,1,0.5,-0.3317265035790764,200
9,8,72,1,0,0,0,64,0.8888888888888888,1,8,0.5,8,1,0.125,-0.7306120781874124,200
4,14,56,0,2,1,1,84,3.5,1,4,0.9464285714285714,14,0,0.0,-0.6186656747277116,200
10,4,40,1,1,0,0,40,0.4,1,7,0.4,4,0,0.0,-0.7066588068850875,200
9,2,18,1,0,0,0,16,0.2222222222222222,1,2,0.16666666666666666,2,1,0.5,-0.32956497172572136,200
10,16,160,1,2,0,1,720,1.6,10,10,1.0,16,0,0.0,-2.2132834031041395,200
3,20,60,1,0,0,1,40,6.666666666666667,3,3,1.0,20,0,0.0,-0.8123560467765802,200
9,13,117,0,1,1,1,117,1.4444444444444444,4,9,0.9572649572649573,13,0,0.0,-1.621878902071819,200
6,20,120,1,2,0,0,300,3.3333333333333335,1,6,0.9583333333333334,20,0,0.0,-1.3825155587474676,200
4,17,68,1,2,0,0,102,4.25,1,4,0.9558823529411765,17,0,0.0,-0.949617400501885,200
3,4,12,1,0,1,1,8,1.3333333333333333,2,3,0.9166666666666666,4,0,0.0,-0.7342203115296884,200
2,19,38,1,1,1,0,38,9.5,1,2,0.9736842105263158,19,0,0.0,-0.6428577109364843,200
9,19,171,0,1,1,1,171,2.111111111111111,4,9,0.9707602339181286,19,0,0.0,-1.7334355047363634,200
10,7,70,0,2,0,0,315,0.7,1,10,0.8714285714285714,7,0,0.0,0.2647480329187083,200
8,17,136,0,2,1,0,476,2.125,1,8,0.9485294117647058,17,0,0.0,-1.3531941731128323,200
12,5,60,0,1,1,1,60,0.4166666666666667,6,12,0.9,5,0,0.0,-1.0934226915265886,200
5,19,95,1,0,0,1,76,3.8,5,5,1.0,19,0,0.0,-1.1528388196922885,200
9,2,18,1,0,0,0,16,0.2222222222222222,1,2,0.16666666666666666,2,1,0.5,-0.2916715396450899,200
5,19,95,1,0,1,1,76,3.8,3,5,0.9789473684210527,19,0,0.0,-1.1684104458008702,200
11,20,220,0,1,1,1,220,1.8181818181818181,5,11,0.9727272727272728,20,0,0.0,-2.241868684815749,200
11,19,209,1,1,1,1,209,1.7272727272727273,5,11,0.9712918660287081,19,0,0.0,-2.612768586866898,200
8,14,112,1,2,1,0,392,1.75,1,8,0.9375,14,0,0.0,-1.8298069143589066,200
3,4,12,1,1,1,0,12,1.3333333333333333,2,3,0.9166666666666666,4,0,0.0,-0.7964918607540777,200
8,6,48,1,2,1,1,168,0.75,1,8,0.8541666666666666,6,0,0.0,-0.979558263836432,200
9,20,180,0,1,0,1,180,2.2222222222222223,9,9,1.0,20,0,0.0,-0.07362767854438168,200
2,10,20,1,0,0,1,10,5.0,2,2,1.0,10,0,0.0,-0.6522679117587811,200
8,14,112,0,1,0,1,112,1.75,8,8,1.0,14,0,0.0,-0.2696501698027983,200
7,9,63,0,0,1,1,54,1.2857142857142858,4,7,0.9523809523809523,9,0,0.0,-0.9977950366820613,200
5,13,65,0,2,0,1,130,2.6,5,5,1.0,13,0,0.0,0.2883537577057868,200
12,5,60,1,0,0,1,55,0.4166666666666667,12,12,1.0,5,0,0.0,-2.9840386886883548,200
8,7,56,0,0,1,0,49,0.875,1,7,0.5,7,0,0.0,-0.6048430552244425,200
10,20,200,1,2,1,0,900,2.0,1,10,0.955,20,0,0.0,-2.366946901713507,200
12,2,24,1,1,1,1,24,0.16666666666666666,6,12,0.75,2,0,0.0,-0.8899265063312777,200
11,17,187,0,1,0,1,187,1.5454545454545454,11,11,1.0,17,0,0.0,-0.20195111127537246,200
2,2,4,0,0,1,1,2,1.0,1,2,0.75,2,0,0.0,-0.3433625487544745,200
8,20,160,1,1,0,1,160,2.5,8,8,1.0,20,0,0.0,-1.8241373565797596,200
10,6,60,0,2,1,0,270,0.6,1,10,0.85,6,0,0.0,-0.6339371299422123,200
6,6,36,0,2,1,1,90,1.0,1,6,0.8611111111111112,6,0,0.0,-0.5648139791661092,200
10,2,20,0,1,0,1,20,0.2,10,10,1.0,2,0,0.0,-0.21062310682854024,200
5,2,10,1,0,1,1,8,0.4,3,5,0.8,2,1,0.5,-0.31329595114373165,200
12,15,180,0,0,0,1,165,1.25,12,12,1.0,15,0,0.0,-1.7353843477426003,200
4,11,44,1,0,1,1,33,2.75,2,4,0.9545454545454546,11,0,0.0,-0.819027526027716,200
4,9,36,0,2,1,0,54,2.25,1,4,0.9166666666666666,9,0,0.0,-0.5814091970944995,200
3,10,30,0,2,0,0,30,3.3333333333333335,1,3,0.9333333333333333,10,0,0.0,-0.22653855643246915,200
11,2,22,0,1,1,1,22,0.18181818181818182,5,11,0.7272727272727273,2,0,0.0,-0.45800263958184806,200
5,18,90,1,0,0,1,72,3.6,5,5,1.0,18,0,0.0,-1.1843245041960593,200
3,19,57,0,0,1,0,38,6.333333333333333,1,3,0.9473684210526315,19,0,0.0,-0.4826035518067496,200
3,16,48,0,2,0,0,48,5.333333333333333,1,3,0.9583333333333334,16,0,0.0,-0.1832883995413855,200
3,5,15,0,2,1,1,15,1.6666666666666667,1,3,0.8666666666666667,5,0,0.0,-0.4242464767112674,200
7,5,35,0,1,0,0,35,0.7142857142857143,1,7,0.6571428571428571,5,0,0.0,-0.6050957465166685,200
9,15,135,0,2,1,0,540,1.6666666666666667,1,9,0.9407407407407408,15,0,0.0,-1.3561120729390985,200
8,15,120,0,1,1,0,120,1.875,7,8,0.9916666666666667,15,0,0.0,-1.4578831185333,200
10,17,170,1,1,0,1,170,1.7,10,10,1.0,17,0,0.0,-2.3555698590425704,200
10,8,80,0,1,0,1,80,0.8,10,10,1.0,8,0,0.0,-0.3305531200148974,200
9,18,162,0,0,0,0,144,2.0,1,9,0.7777777777777778,18,0,0.0,-0.6439102769472498,200
10,9,90,0,2,0,1,405,0.9,10,10,1.0,9,0,0.0,0.5448114645931664,200
8,1,8,0,2,1,0,28,0.125,1,1,0.125,1,0,0.0,-0.32474680440120207,200
8,20,160,1,0,0,1,140,2.5,8,8,1.0,20,0,0.0,-1.876001717273198,200
12,19,228,1,1,1,1,228,1.5833333333333333,6,12,0.9736842105263158,19,0,0.0,-2.862734629740763,200
2,5,10,0,0,1,0,5,2.5,1,2,0.9,5,0,0.0,-0.36110380544393905,200
5,7,35,1,0,1,0,28,1.4,1,5,0.7142857142857143,7,0,0.0,-1.0758506511486026,200
6,8,48,0,0,1,0,40,1.3333333333333333,1,6,0.6875,8,0,0.0,-0.6428925757304298,200
3,9,27,0,0,1,1,18,3.0,2,3,0.9629629629629629,9,0,0.0,-0.42887688803217683,200
10,10,100,0,2,1,0,450,1.0,1,10,0.91,10,0,0.0,-1.0598276335078256,200
6,3,18,1,1,1,1,18,0.5,3,6,0.8333333333333334,3,0,0.0,-1.168927039057859,200
5,14,70,1,1,0,1,70,2.8,5,5,1.0,14,0,0.0,-1.1532263465348644,200
4,16,64,0,2,0,0,96,4.0,1,4,0.953125,16,0,0.0,-0.18709271512008063,200
10,12,120,1,1,0,0,120,1.2,1,10,0.7916666666666666,12,0,0.0,-1.291161302934585,200
3,3,9,0,1,0,1,9,1.0,3,3,1.0,3,0,0.0,0.07410733640928918,200
6,8,48,0,1,0,1,48,1.3333333333333333,6,6,1.0,8,0,0.0,-0.27597691416844183,200
9,10,90,1,2,1,1,360,1.1111111111111112,1,9,0.9111111111111111,10,0,0.0,-1.726689220041354,200
3,11,33,0,2,1,1,33,3.6666666666666665,1,3,0.9393939393939394,11,0,0.0,-0.47051684089064194,200
11,8,88,1,1,0,0,88,0.7272727272727273,1,11,0.6590909090909091,8,0,0.0,-1.0736798482142174,200
2,11,22,0,2,0,1,11,5.5,2,2,1.0,11,0,0.0,-0.16683842596886236,200
4,20,80,0,0,0,1,60,5.0,4,4,1.0,20,0,0.0,-0.34992193485449763,200
5,14,70,0,1,1,1,70,2.8,2,5,0.9571428571428572,14,0,0.0,-0.8023802977558031,200
5,1,5,1,0,0,0,4,0.2,1,1,0.2,1,0,0.0,-0.3204853755679861,200
5,1,5,1,1,1,1,5,0.2,2,2,0.4,1,0,0.0,-0.3095903810535803,200
3,14,42,1,2,0,0,42,4.666666666666667,1,3,0.9523809523809523,14,1,0.07142857142857142,-0.805757048241136,200
6,2,12,1,0,0,1,10,0.3333333333333333,6,6,1.0,2,0,0.0,-0.768682138769056,200
6,1,6,1,2,0,1,15,0.16666666666666666,6,6,1.0,1,0,0.0,-0.26089845259286465,200
9,16,144,1,0,1,1,128,1.7777777777777777,5,9,0.9722222222222222,16,0,0.0,-2.120580416745097,200
11,6,66,0,0,1,1,60,0.5454545454545454,6,11,0.9242424242424242,6,0,0.0,-1.070543421879081,200
2,9,18,1,1,0,1,18,4.5,2,2,1.0,9,0,0.0,-0.8064831215538987,200
6,11,66,0,2,1,1,165,1.8333333333333333,1,6,0.9242424242424242,11,0,0.0,-0.8449211863566006,200
9,13,117,1,2,0,1,468,1.4444444444444444,9,9,1.0,13,0,0.0,-1.9928784057650668,200
11,16,176,1,0,1,1,160,1.4545454545454546,6,11,0.9715909090909091,16,0,0.0,-2.5901404080484967,200
10,7,70,1,2,0,1,315,0.7,10,10,1.0,7,0,0.0,-1.5203313942563264,200
4,17,68,0,0,1,1,51,4.25,2,4,0.9705882352941176,17,0,0.0,-0.6043845025365296,200
7,16,112,1,2,1,1,336,2.2857142857142856,1,7,0.9464285714285714,16,0,0.0,-1.7232707158557818,200
12,4,48,0,1,1,1,48,0.3333333333333333,6,12,0.875,4,0,0.0,-0.8840067401764167,200
6,9,54,0,0,1,0,45,1.5,1,6,0.7222222222222222,9,0,0.0,-0.7292096061875261,200
3,12,36,1,2,0,0,36,4.0,1,3,0.9444444444444444,12,0,0.0,-0.793436633563367,200
4,10,40,1,2,0,1,60,2.5,4,4,1.0,10,0,0.0,-0.9438036267632316,200
8,7,56,1,1,1,0,56,0.875,7,8,0.9821428571428571,7,0,0.0,-1.7623575976086006,200
7,8,56,1,0,0,0,48,1.1428571428571428,1,7,0.625,8,0,0.0,-0.7502769581443272,200
6,16,96,1,1,0,0,96,2.6666666666666665,1,6,0.90625,16,1,0.0625,-1.3202252578359233,200
6,5,30,1,1,1,1,30,0.8333333333333334,3,6,0.9,5,0,0.0,-1.5101264997550978,200
6,20,120,0,2,1,0,300,3.3333333333333335,1,6,0.9583333333333334,20,0,0.0,-1.030986491622767,200
11,16,176,1,0,0,1,160,1.4545454545454546,11,11,1.0,16,0,0.0,-2.7513925420133907,200
5,8,40,0,1,1,0,40,1.6,4,5,0.975,8,0,0.0,-0.7134282754228856,200
3,20,60,1,0,0,1,40,6.666666666666667,3,3,1.0,20,1,0.05,-0.7517557560993844,200
4,2,8,0,1,1,1,8,0.5,2,4,0.75,2,0,0.0,-0.560267694942322,200
2,18,36,0,0,0,1,18,9.0,2,2,1.0,18,0,0.0,-0.10733178889113477,200
4,20,80,0,0,1,1,60,5.0,2,4,0.975,20,0,0.0,-0.627898571237242,200
8,6,48,0,1,1,1,48,0.75,4,8,0.9166666666666666,6,0,0.0,-1.004624266352792,200
12,10,120,1,2,1,1,660,0.8333333333333334,1,12,0.9083333333333333,10,0,0.0,-1.5614328500145418,200
12,1,12,1,0,0,1,11,0.08333333333333333,12,12,1.0,1,0,0.0,-0.0842736519861524,200
8,10,80,0,2,1,1,280,1.25,1,8,0.9125,10,0,0.0,-0.8094306853760546,200
6,12,72,0,2,0,1,180,2.0,6,6,1.0,12,0,0.0,0.3112502750241983,200
2,10,20,0,0,1,1,10,5.0,1,2,0.95,10,0,0.0,-0.33303067192454533,200
7,11,77,1,1,1,1,77,1.5714285714285714,3,7,0.948051948051948,11,0,0.0,-1.6198359241301734,200
9,14,126,0,2,1,0,504,1.5555555555555556,1,9,0.9365079365079365,14,0,0.0,-1.2948155591684012,200
4,2,8,1,1,1,1,8,0.5,2,4,0.75,2,0,0.0,-0.671611639769491,200
7,16,112,1,1,0,1,112,2.2857142857142856,7,7,1.0,16,0,0.0,-1.589312109988755,200
6,7,42,0,1,1,1,42,1.1666666666666667,3,6,0.9285714285714286,7,0,0.0,-0.8784663354130047,200
3,19,57,0,2,1,1,57,6.333333333333333,1,3,0.9649122807017544,19,0,0.0,-0.4937670297988211,200
4,6,24,0,1,1,1,24,1.5,2,4,0.9166666666666666,6,0,0.0,-0.6018523844481987,200
5,15,75,1,1,1,0,75,3.0,4,5,0.9866666666666667,15,0,0.0,-1.1617183969441678,200
5,16,80,1,2,1,1,160,3.2,1,5,0.95,16,0,0.0,-1.2642849595537808,200
7,16,112,0,0,0,0,96,2.2857142857142856,1,7,0.8125,16,0,0.0,-0.627292943565591,200
4,13,52,1,2,1,0,78,3.25,1,4,0.9423076923076923,13,0,0.0,-0.9768442957828405,200
8,17,136,1,2,1,0,476,2.125,1,8,0.9485294117647058,17,0,0.0,-1.869618413632252,200
2,12,24,1,2,1,0,12,6.0,1,2,0.9583333333333334,12,1,0.08333333333333333,-0.6927593551693624,200
10,5,50,0,2,0,1,225,0.5,10,10,1.0,5,0,0.0,0.6030903248379842,200
10,8,80,1,1,0,1,80,0.8,10,10,1.0,8,0,0.0,-2.5773129626793936,200
11,18,198,0,1,1,0,198,1.6363636363636365,10,11,0.9949494949494949,18,0,0.0,-2.1994986368715463,200
2,8,16,1,1,1,1,16,4.0,1,2,0.9375,8,1,0.125,-0.7326285448794196,200
3,11,33,0,0,0,0,22,3.6666666666666665,1,3,0.9090909090909091,11,0,0.0,-0.44070820941232375,200
7,8,56,1,0,1,1,48,1.1428571428571428,4,7,0.9464285714285714,8,0,0.0,-1.521430108379907,200
11,13,143,0,0,0,0,130,1.1818181818181819,1,11,0.6153846153846154,13,0,0.0,-0.6171363909234822,200
4,3,12,1,0,1,0,9,0.75,1,3,0.5,3,0,0.0,-0.5573797463841119,200
9,19,171,1,2,0,0,684,2.111111111111111,1,9,0.9532163742690059,19,0,0.0,-1.987463472582326,200
2,18,36,1,0,0,0,18,9.0,1,2,0.9722222222222222,18,0,0.0,-0.7372847326464816,200
11,8,88,1,2,1,1,440,0.7272727272727273,1,11,0.8863636363636364,8,0,0.0,-1.2666781699916196,200
8,4,32,0,1,1,0,32,0.5,7,8,0.96875,4,0,0.0,-0.7022622227858124,200
11,20,220,0,2,1,1,1100,1.8181818181818181,1,11,0.9545454545454546,20,0,0.0,-1.7006225162211026,200
2,13,26,1,0,0,1,13,6.5,2,2,1.0,13,0,0.0,-0.6139837616120345,200
5,2,10,0,2,1,0,20,0.4,1,5,0.6,2,0,0.0,-0.29115854473230823,200
8,16,128,0,1,0,1,128,2.0,8,8,1.0,16,0,0.0,-0.20765250120914733,200
9,17,153,1,2,1,1,612,1.8888888888888888,1,9,0.9477124183006536,17,0,0.0,-2.1854344120636306,200
4,14,56,0,2,1,0,84,3.5,1,4,0.9464285714285714,14,0,0.0,-0.6398597644636945,200
9,2,18,1,0,0,1,16,0.2222222222222222,9,9,1.0,2,0,0.0,-0.7311451321914556,200
5,11,55,0,2,1,0,110,2.2,1,5,0.9272727272727272,11,0,0.0,-0.7213234598190392,200
3,8,24,0,1,1,0,24,2.6666666666666665,2,3,0.9583333333333334,8,0,0.0,-0.4512593294621914,200
9,17,153,1,2,0,0,612,1.8888888888888888,1,9,0.9477124183006536,17,0,0.0,-2.0434885537261196,200
12,17,204,1,1,0,1,204,1.4166666666666667,12,12,1.0,17,0,0.0,-2.9124467463870376,200
6,6,36,0,1,0,1,36,1.0,6,6,1.0,6,0,0.0,-0.2604381232297433,200
4,6,24,1,2,1,0,36,1.5,1,4,0.875,6,0,0.0,-0.9866302592068051,200
3,20,60,0,2,1,0,60,6.666666666666667,1,3,0.9666666666666667,20,0,0.0,-0.4607377316344955,200
5,1,5,1,0,0,0,4,0.2,1,1,0.2,1,1,1.0,nan,200
3,16,48,1,1,1,1,48,5.333333333333333,1,3,0.9583333333333334,16,1,0.0625,-0.8052899751587735,200
12,12,144,1,2,0,1,792,1.0,12,12,1.0,12,0,0.0,-2.3317174978240107,200
12,16,192,1,0,1,0,176,1.3333333333333333,1,12,0.65625,16,0,0.0,-2.5406092335888695,200
5,16,80,1,2,1,1,160,3.2,1,5,0.95,16,1,0.0625,-1.2389545602018033,200
10,12,120,0,2,1,0,540,1.2,1,10,0.925,12,0,0.0,-1.206524584981834,200
12,4,48,0,2,0,1,264,0.3333333333333333,12,12,1.0,4,0,0.0,0.7772861502977166,200
4,12,48,1,2,1,1,72,3.0,1,4,0.9375,12,0,0.0,-0.9939601590880968,200
4,6,24,0,2,0,1,36,1.5,4,4,1.0,6,0,0.0,0.16936045635064378,200
6,16,96,0,2,0,0,240,2.6666666666666665,1,6,0.9479166666666666,16,0,0.0,-0.05000915046235651,200
8,4,32,0,2,0,0,112,0.5,1,8,0.78125,4,0,0.0,0.06300832005416519,200
12,19,228,0,2,1,0,1254,1.5833333333333333,1,12,0.9517543859649122,19,0,0.0,-1.8996054579939239,200
10,6,60,1,0,1,0,54,0.6,1,6,0.35,6,1,0.16666666666666666,-1.040791602334422,200
9,1,9,0,2,0,1,36,0.1111111111111111,9,9,1.0,1,0,0.0,-0.08277426296204854,200
5,18,90,0,0,0,1,72,3.6,5,5,1.0,18,0,0.0,-0.6235648240852483,200
8,12,96,0,0,1,0,84,1.5,1,8,0.7083333333333334,12,0,0.0,-0.980489655235279,200
6,11,66,0,2,0,1,165,1.8333333333333333,6,6,1.0,11,0,0.0,0.3228964462231167,200
5,18,90,1,2,1,0,180,3.6,1,5,0.9555555555555556,18,0,0.0,-1.1713930920204876,200
8,5,40,1,0,1,0,35,0.625,1,5,0.375,5,0,0.0,-0.8434271176595345,200
11,17,187,1,2,1,0,935,1.5454545454545454,1,11,0.946524064171123,17,2,0.11764705882352941,-2.4990452567037877,200
5,10,50,0,0,0,1,40,2.0,5,5,1.0,10,0,0.0,-0.6132747021015231,200
7,6,42,1,2,0,1,126,0.8571428571428571,7,7,1.0,6,0,0.0,-1.1065829461923165,200
7,6,42,1,1,1,1,42,0.8571428571428571,3,7,0.9047619047619048,6,0,0.0,-1.6615862387751186,200
2,14,28,0,0,1,1,14,7.0,1,2,0.9642857142857143,14,0,0.0,-0.3347323511954234,200
7,12,84,0,1,1,0,84,1.7142857142857142,6,7,0.9880952380952381,12,0,0.0,-1.2213054364956883,200
5,6,30,0,1,1,0,30,1.2,4,5,0.9666666666666667,6,0,0.0,-0.6948879940317929,200
7,18,126,0,2,0,1,378,2.5714285714285716,7,7,1.0,18,0,0.0,0.4409785307889298,200
5,11,55,0,1,1,0,55,2.2,4,5,0.9818181818181818,11,0,0.0,-0.7951576878125578,200
7,7,49,0,1,1,0,49,1.0,6,7,0.9795918367346939,7,0,0.0,-1.001668299064841,200
10,4,40,0,0,0,1,36,0.4,10,10,1.0,4,0,0.0,-0.8372448628612404,200
10,13,130,1,1,0,0,130,1.3,1,10,0.8076923076923077,13,0,0.0,-1.1627131781086117,200
11,10,110,1,0,1,1,100,0.9090909090909091,6,11,0.9545454545454546,10,0,0.0,-2.639935734292739,200
6,10,60,0,2,1,0,150,1.6666666666666667,1,6,0.9166666666666666,10,0,0.0,-0.8237358698998414,200
2,5,10,0,1,1,0,10,2.5,1,2,0.9,5,0,0.0,-0.33667545833611584,200
4,1,4,1,0,0,0,3,0.25,1,1,0.25,1,0,0.0,-0.28484419690642016,200
7,10,70,1,2,0,1,210,1.4285714285714286,7,7,1.0,10,0,0.0,-1.4321515321408969,200
7,5,35,1,2,1,0,105,0.7142857142857143,1,7,0.8285714285714286,5,0,0.0,-1.2153833286593982,200
8,15,120,0,2,0,0,420,1.875,1,8,0.9416666666666667,15,0,0.0,0.056736230892187066,200
5,1,5,1,1,1,1,5,0.2,2,2,0.4,1,0,0.0,-0.2780439258747512,200
6,12,72,1,0,1,0,60,2.0,1,6,0.7916666666666666,12,0,0.0,-1.3790825940413076,200
7,18,126,0,1,1,1,126,2.5714285714285716,3,7,0.9682539682539683,18,0,0.0,-1.2736648877761505,200
2,19,38,0,0,1,0,19,9.5,1,2,0.9736842105263158,19,0,0.0,-0.3245031828302969,200
2,5,10,0,0,0,1,5,2.5,2,2,1.0,5,0,0.0,-0.13608454631439085,200
7,1,7,0,0,1,0,6,0.14285714285714285,1,1,0.14285714285714285,1,0,0.0,-0.30188964236724053,200
8,13,104,0,2,1,0,364,1.625,1,8,0.9326923076923077,13,0,0.0,-1.1557859723795951,200
2,20,40,0,1,1,0,40,10.0,1,2,0.975,20,0,0.0,-0.3645806264094746,200
12,4,48,1,0,0,0,44,0.3333333333333333,1,4,0.20833333333333334,4,1,0.25,-0.613925278476048,200
4,17,68,1,1,0,0,68,4.25,1,4,0.9411764705882353,17,0,0.0,-0.9323706597392438,200
11,18,198,1,1,0,1,198,1.6363636363636365,11,11,1.0,18,0,0.0,-2.6446520676805028,200
5,17,85,0,2,0,1,170,3.4,5,5,1.0,17,0,0.0,0.25454468074635206,200
10,1,10,1,2,0,0,45,0.1,1,1,0.1,1,1,1.0,nan,200
3,13,39,1,1,1,1,39,4.333333333333333,1,3,0.9487179487179487,13,1,0.07692307692307693,-0.7859161163120587,200
7,20,140,1,2,1,0,420,2.857142857142857,1,7,0.9571428571428572,20,3,0.15,-1.629364844620401,200
3,7,21,1,0,0,1,14,2.3333333333333335,3,3,1.0,7,0,0.0,-0.8101475563616571,200
3,7,21,1,0,1,1,14,2.3333333333333335,2,3,0.9523809523809523,7,0,0.0,-0.7537484596934533,200
11,14,154,0,2,0,1,770,1.2727272727272727,11,11,1.0,14,0,0.0,0.6141291848036611,200
4,1,4,0,1,0,0,4,0.25,1,1,0.25,1,0,0.0,-0.3256039492166283,200
9,2,18,0,2,1,1,72,0.2222222222222222,1,9,0.5555555555555556,2,0,0.0,-0.30726151152067843,200
12,8,96,0,0,0,0,88,0.6666666666666666,1,8,0.375,8,0,0.0,-0.5537324476643622,200
2,7,14,0,2,1,0,7,3.5,1,2,0.9285714285714286,7,0,0.0,-0.34151251918964176,200
8,18,144,0,2,1,1,504,2.25,1,8,0.9513888888888888,18,0,0.0,-1.380397964904914,200
11,2,22,0,1,0,0,22,0.18181818181818182,1,3,0.18181818181818182,2,0,0.0,-0.4257942008475567,200
11,7,77,0,2,0,0,385,0.6363636363636364,1,11,0.8701298701298701,7,0,0.0,0.33103617243050965,200
12,15,180,0,2,1,0,990,1.25,1,12,0.9388888888888889,15,0,0.0,-1.4622236269001172,200
4,9,36,0,0,1,1,27,2.25,2,4,0.9444444444444444,9,0,0.0,-0.5842494679457765,200
3,20,60,1,0,0,1,40,6.666666666666667,3,3,1.0,20,0,0.0,-0.7529113713876419,200
7,3,21,0,2,0,0,63,0.42857142857142855,1,7,0.7142857142857143,3,0,0.0,0.1949995158968597,200
11,14,154,1,1,0,1,154,1.2727272727272727,11,11,1.0,14,0,0.0,-2.699720330088173,200
9,8,72,0,0,1,0,64,0.8888888888888888,1,8,0.5,8,0,0.0,-0.6631327914830525,200
8,10,80,0,2,0,1,280,1.25,8,8,1.0,10,0,0.0,0.4138555354100322,200
9,13,117,1,2,0,0,468,1.4444444444444444,1,9,0.9316239316239316,13,1,0.07692307692307693,-1.7713755426254758,200
8,17,136,1,0,1,1,119,2.125,4,8,0.9705882352941176,17,0,0.0,-1.8575817062411615,200
12,2,24,1,0,0,1,22,0.16666666666666666,12,12,1.0,2,0,0.0,-0.6640526317874039,200
11,16,176,0,2,1,0,880,1.4545454545454546,1,11,0.9431818181818182,16,0,0.0,-1.5672255361632839,200
6,14,84,0,0,1,0,70,2.3333333333333335,1,6,0.8214285714285714,14,0,0.0,-0.9583670947271028,200
2,15,30,1,0,0,0,15,7.5,1,2,0.9666666666666667,15,1,0.06666666666666667,-0.6765954899907256,200
10,12,120,0,0,1,1,108,1.2,5,10,0.9583333333333334,12,0,0.0,-1.6366305425309726,200
4,8,32,0,0,1,0,24,2.0,1,4,0.8125,8,0,0.0,-0.5830375724624217,200
7,8,56,1,1,1,0,56,1.1428571428571428,6,7,0.9821428571428571,8,0,0.0,-1.6068507692028717,200
5,8,40,0,2,0,1,80,1.6,5,5,1.0,8,0,0.0,0.3038731885328232,200
12,19,228,1,1,1,1,228,1.5833333333333333,6,12,0.9736842105263158,19,0,0.0,-2.8444935627970773,200
12,10,120,1,1,0,0,120,0.8333333333333334,1,12,0.7,10,2,0.2,-0.9716559183662418,200
7,19,133,0,2,0,1,399,2.7142857142857144,7,7,1.0,19,0,0.0,0.4468164996324318,200
9,15,135,1,0,0,0,120,1.6666666666666667,1,9,0.7333333333333333,15,1,0.06666666666666667,-0.9722957840519963,200
5,11,55,1,2,1,1,110,2.2,1,5,0.9272727272727272,11,0,0.0,-1.1947752565091567,200
4,8,32,1,0,0,0,24,2.0,1,4,0.8125,8,0,0.0,-0.7972819029783911,200
3,9,27,1,0,0,1,18,3.0,3,3,1.0,9,0,0.0,-0.78293115229232,200
8,2,16,0,2,0,1,56,0.25,8,8,1.0,2,0,0.0,0.7236688659238341,200
7,13,91,0,2,0,0,273,1.8571428571428572,1,7,0.9340659340659341,13,0,0.0,0.046155542285600024,200
7,17,119,0,1,1,0,119,2.4285714285714284,6,7,0.9915966386554622,17,0,0.0,-1.245156395199718,200
4,1,4,0,0,0,0,3,0.25,1,1,0.25,1,0,0.0,-0.3443858193359215,200
8,17,136,0,0,1,0,119,2.125,1,8,0.7941176470588235,17,0,0.0,-1.3581393216930413,200
7,9,63,1,2,1,1,189,1.2857142857142858,1,7,0.9047619047619048,9,0,0.0,-1.4692202962767278,200
8,7,56,0,0,0,0,49,0.875,1,7,0.5,7,0,0.0,-0.5125137867018026,200
8,4,32,1,0,0,0,28,0.5,1,4,0.3125,4,0,0.0,-0.5996482632928328,200
12,5,60,1,0,1,1,55,0.4166666666666667,6,12,0.9,5,0,0.0,-2.185299586456272,200
11,7,77,0,1,0,0,77,0.6363636363636364,1,11,0.6103896103896104,7,0,0.0,-0.6919673859188722,200
6,7,42,0,1,1,0,42,1.1666666666666667,5,6,0.9761904761904762,7,0,0.0,-0.8970952901784828,200
3,16,48,0,2,1,0,48,5.333333333333333,1,3,0.9583333333333334,16,0,0.0,-0.46887201079054375,200
11,3,33,1,1,0,0,33,0.2727272727272727,1,5,0.2727272727272727,3,1,0.3333333333333333,-0.276233917576138,200
12,14,168,0,0,0,1,154,1.1666666666666667,12,12,1.0,14,0,0.0,-1.5748256540060077,200
8,20,160,1,1,1,0,160,2.5,7,8,0.99375,20,0,0.0,-1.8132713891682328,200
5,19,95,0,0,1,1,76,3.8,3,5,0.9789473684210527,19,0,0.0,-0.7983458816733949,200
12,11,132,0,1,1,0,132,0.9166666666666666,11,12,0.9924242424242424,11,0,0.0,-2.072806737206149,200
4,16,64,0,0,1,0,48,4.0,1,4,0.90625,16,0,0.0,-0.6450231274830474,200
3,3,9,1,0,1,1,6,1.0,2,3,0.8888888888888888,3,0,0.0,-0.9811536088136806,200
2,9,18,1,0,0,1,9,4.5,2,2,1.0,9,0,0.0,-0.6592106770500212,200
7,10,70,0,0,0,1,60,1.4285714285714286,7,7,1.0,10,0,0.0,-0.9751321931694089,200
11,16,176,1,2,0,1,880,1.4545454545454546,11,11,1.0,16,0,0.0,-2.435589008024054,200
12,3,36,0,0,1,0,33,0.25,1,3,0.16666666666666666,3,0,0.0,-0.3838720853852531,200
11,13,143,1,0,0,1,130,1.1818181818181819,11,11,1.0,13,0,0.0,-2.783115481954396,200
11,2,22,0,1,1,0,22,0.18181818181818182,10,11,0.9545454545454546,2,0,0.0,-0.30919885292286936,200
8,18,144,0,2,1,0,504,2.25,1,8,0.9513888888888888,18,0,0.0,-1.3893153182958216,200
12,17,204,0,2,0,0,1122,1.4166666666666667,1,12,0.946078431372549,17,0,0.0,0.19952048151266435,200
10,3,30,0,0,1,0,27,0.3,1,3,0.2,3,0,0.0,-0.39021002644252084,200
11,11,121,1,0,0,1,110,1.0,11,11,1.0,11,0,0.0,-2.822099589144552,200
9,9,81,0,1,0,0,81,1.0,1,9,0.7530864197530864,9,0,0.0,-0.877559380404433,200
10,20,200,0,0,1,0,180,2.0,1,10,0.775,20,0,0.0,-1.6898948117251131,200
12,17,204,0,0,0,0,187,1.4166666666666667,1,12,0.6764705882352942,17,0,0.0,-0.6484970189025892,200
8,2,16,1,1,0,0,16,0.25,1,3,0.25,2,0,0.0,-0.6125111097526887,200
5,5,25,0,0,1,1,20,1.0,3,5,0.92,5,0,0.0,-0.5576345565668465,200
9,9,81,1,2,1,0,324,1.0,1,9,0.9012345679012346,9,1,0.1111111111111111,-1.890349955627703,200
4,5,20,0,0,0,0,15,1.25,1,4,0.7,5,0,0.0,-0.4953356226166971,200
12,18,216,1,2,0,0,1188,1.5,1,12,0.9490740740740741,18,1,0.05555555555555555,-2.5271984099877702,200
12,10,120,0,0,0,1,110,0.8333333333333334,12,12,1.0,10,0,0.0,-1.509151262031295,200
10,8,80,1,2,1,0,360,0.8,1,10,0.8875,8,0,0.0,-1.871555916964895,200
10,7,70,0,0,0,0,63,0.7,1,7,0.4,7,0,0.0,-0.5490086955220037,200
5,5,25,1,2,1,1,50,1.0,1,5,0.84,5,1,0.2,-1.094659463057142,200
4,19,76,1,0,0,0,57,4.75,1,4,0.9210526315789473,19,0,0.0,-0.9658109351788845,200
12,6,72,0,0,1,1,66,0.5,6,12,0.9166666666666666,6,0,0.0,-1.1002704887374335,200
11,9,99,1,0,1,0,90,0.8181818181818182,1,9,0.45454545454545453,9,0,0.0,-1.8824610643398096,200
12,13,156,0,1,1,1,156,1.0833333333333333,6,12,0.9615384615384616,13,0,0.0,-2.215840771176469,200
9,6,54,1,1,0,0,54,0.6666666666666666,1,9,0.6296296296296297,6,0,0.0,-0.9247470917933882,200
4,1,4,1,0,1,1,3,0.25,2,2,0.5,1,0,0.0,-0.2753140816667393,200
11,3,33,1,0,0,1,30,0.2727272727272727,11,11,1.0,3,0,0.0,-1.193818373596508,200
10,2,20,1,2,1,1,90,0.2,1,10,0.55,2,1,0.5,-0.274311006693498,200
10,1,10,1,2,0,1,45,0.1,10,10,1.0,1,0,0.0,-0.18109733122452407,200
9,6,54,0,2,1,0,216,0.6666666666666666,1,9,0.8518518518518519,6,0,0.0,-0.6966460817957638,200
12,17,204,1,2,1,0,1122,1.4166666666666667,1,12,0.946078431372549,17,1,0.058823529411764705,-1.9395176472759912,200
10,2,20,1,1,1,0,20,0.2,9,10,0.95,2,0,0.0,-0.7057780810595571,200
3,4,12,1,0,0,1,8,1.3333333333333333,3,3,1.0,4,0,0.0,-0.794538280294213,200
10,1,10,1,2,1,0,45,0.1,1,1,0.1,1,1,1.0,nan,200
2,19,38,0,2,1,0,19,9.5,1,2,0.9736842105263158,19,0,0.0,-0.30310550138928255,200
8,17,136,1,0,0,0,119,2.125,1,8,0.7941176470588235,17,0,0.0,-1.0053368825994817,200
6,3,18,0,2,1,0,45,0.5,1,6,0.7222222222222222,3,0,0.0,-0.3842641603318927,200
4,17,68,1,1,1,0,68,4.25,3,4,0.9852941176470589,17,0,0.0,-0.936273278932714,200
8,16,128,0,0,1,0,112,2.0,1,8,0.78125,16,0,0.0,-1.274958609442057,200
12,9,108,1,2,0,1,594,0.75,12,12,1.0,9,0,0.0,-1.8969428209247277,200
11,3,33,0,1,0,1,33,0.2727272727272727,11,11,1.0,3,0,0.0,-0.2864690526092428,200
12,6,72,1,0,1,1,66,0.5,6,12,0.9166666666666666,6,0,0.0,-2.2160695246146553,200
4,11,44,1,2,0,1,66,2.75,4,4,1.0,11,0,0.0,-0.930367988881282,200
5,8,40,1,2,0,1,80,1.6,5,5,1.0,8,0,0.0,-1.0986082144642562,200
4,12,48,0,0,1,0,36,3.0,1,4,0.875,12,0,0.0,-0.6473901485729087,200
4,4,16,0,0,1,0,12,1.0,1,4,0.625,4,0,0.0,-0.4472863978126766,200
6,14,84,1,1,0,0,84,2.3333333333333335,1,6,0.8928571428571429,14,1,0.07142857142857142,-1.2139654550964893,200
8,2,16,0,1,0,1,16,0.25,8,8,1.0,2,0,0.0,-0.2174438230640754,200
12,3,36,0,1,1,0,36,0.25,11,12,0.9722222222222222,3,0,0.0,-0.6111136776286326,200
4,14,56,1,2,0,1,84,3.5,4,4,1.0,14,0,0.0,-0.9112841315248753,200
8,11,88,0,0,0,0,77,1.375,1,8,0.6818181818181818,11,0,0.0,-0.5976633781307338,200
12,20,240,0,0,1,0,220,1.6666666666666667,1,12,0.725,20,0,0.0,-1.7959564100939527,200
9,3,27,1,2,0,0,108,0.3333333333333333,1,9,0.7037037037037037,3,2,0.6666666666666666,-0.31224320237714165,200
4,19,76,1,2,0,0,114,4.75,1,4,0.9605263157894737,19,1,0.05263157894736842,-0.9712568994937792,200
8,13,104,1,1,0,0,104,1.625,1,8,0.8461538461538461,13,0,0.0,-1.2825185404493267,200
2,2,4,1,1,1,0,4,1.0,1,2,0.75,2,1,0.5,-0.30480400397543844,200
8,9,72,0,2,1,0,252,1.125,1,8,0.9027777777777778,9,0,0.0,-0.8819007404554358,200
4,3,12,0,1,0,0,12,0.75,1,4,0.6666666666666666,3,0,0.0,-0.4521851505496493,200
9,10,90,0,0,0,1,80,1.1111111111111112,9,9,1.0,10,0,0.0,-1.2154970732111983,200
10,11,110,0,0,1,1,99,1.1,5,10,0.9545454545454546,11,0,0.0,-1.4996699746229343,200
11,19,209,1,1,1,1,209,1.7272727272727273,5,11,0.9712918660287081,19,0,0.0,-2.5997727123645578,200
11,12,132,1,1,0,0,132,1.0909090909090908,1,11,0.7727272727272727,12,0,0.0,-1.4568908502551836,200
3,15,45,0,1,0,0,45,5.0,1,3,0.9555555555555556,15,0,0.0,-0.1970641867352984,200
3,18,54,1,2,0,0,54,6.0,1,3,0.9629629629629629,18,0,0.0,-0.7906528230520614,200
7,18,126,0,0,1,1,108,2.5714285714285716,4,7,0.9761904761904762,18,0,0.0,-1.2334217046197973,200
12,11,132,1,2,1,1,726,0.9166666666666666,1,12,0.9166666666666666,11,0,0.0,-2.2356746128934732,200
9,8,72,0,1,1,0,72,0.8888888888888888,8,9,0.9861111111111112,8,0,0.0,-1.259850767610772,200
5,16,80,1,1,0,0,80,3.2,1,5,0.925,16,0,0.0,-1.1964588001353542,200
8,11,88,1,0,0,0,77,1.375,1,8,0.6818181818181818,11,2,0.18181818181818182,-0.7585194291127978,200
12,14,168,1,1,1,0,168,1.1666666666666667,11,12,0.9940476190476191,14,0,0.0,-2.8377952606395187,200
10,19,190,1,0,1,0,171,1.9,1,10,0.7631578947368421,19,0,0.0,-2.432281623162162,200
3,20,60,1,2,0,1,60,6.666666666666667,3,3,1.0,20,0,0.0,-0.7817461009777421,200
3,3,9,0,2,0,1,9,1.0,3,3,1.0,3,0,0.0,0.07560505971807374,200
5,12,60,0,2,1,0,120,2.4,1,5,0.9333333333333333,12,0,0.0,-0.7453312500485834,200
11,15,165,1,1,1,0,165,1.3636363636363635,10,11,0.9939393939393939,15,0,0.0,-2.574396504021284,200
2,4,8,1,0,0,0,4,2.0,1,2,0.875,4,1,0.25,-0.30693255192761637,200
4,5,20,1,0,1,1,15,1.25,2,4,0.9,5,0,0.0,-0.9392291979591371,200
7,9,63,0,2,1,0,189,1.2857142857142858,1,7,0.9047619047619048,9,0,0.0,-0.7982312955250767,200
4,3,12,0,2,0,0,18,0.75,1,4,0.75,3,0,0.0,-0.07771980995984278,200
2,10,20,1,2,0,0,10,5.0,1,2,0.95,10,0,0.0,-0.7106924824479347,200
8,18,144,1,1,0,0,144,2.25,1,8,0.8888888888888888,18,1,0.05555555555555555,-1.4500524417291425,200
7,15,105,1,1,1,1,105,2.142857142857143,3,7,0.9619047619047619,15,0,0.0,-1.5926372245995533,200
6,7,42,0,1,0,0,42,1.1666666666666667,1,6,0.7857142857142857,7,0,0.0,-0.703854847576824,200
10,11,110,1,2,0,1,495,1.1,10,10,1.0,11,0,0.0,-1.8657935022569356,200
2,16,32,1,0,1,0,16,8.0,1,2,0.96875,16,0,0.0,-0.6715232004901787,200
7,6,42,1,1,1,0,42,0.8571428571428571,6,7,0.9761904761904762,6,0,0.0,-1.5414401690818655,200
7,8,56,0,1,0,0,56,1.1428571428571428,1,7,0.7857142857142857,8,0,0.0,-0.7985953140410305,200
9,15,135,0,0,0,0,120,1.6666666666666667,1,9,0.7333333333333333,15,0,0.0,-0.6393603760293118,200
2,5,10,1,0,1,0,5,2.5,1,2,0.9,5,5,1.0,nan,200
5,10,50,0,1,0,0,50,2.0,1,5,0.88,10,0,0.0,-0.5129866772408426,200
3,11,33,0,1,1,1,33,3.6666666666666665,1,3,0.9393939393939394,11,0,0.0,-0.4994846375457209,200
3,3,9,0,1,0,0,9,1.0,1,3,0.7777777777777778,3,0,0.0,-0.23168240346595032,200
4,8,32,0,1,0,1,32,2.0,4,4,1.0,8,0,0.0,-0.20352923667350067,200
2,7,14,0,0,1,1,7,3.5,1,2,0.9285714285714286,7,0,0.0,-0.3340399785967693,200
7,3,21,0,0,0,1,18,0.42857142857142855,7,7,1.0,3,0,0.0,-0.5148635238248287,200
12,19,228,0,2,0,0,1254,1.5833333333333333,1,12,0.9517543859649122,19,0,0.0,0.200387684142527,200
10,19,190,0,2,0,0,855,1.9,1,10,0.9526315789473684,19,0,0.0,0.1691879947854568,200
11,16,176,1,0,1,0,160,1.4545454545454546,1,11,0.6875,16,0,0.0,-2.5037907770494714,200
6,4,24,0,0,0,1,20,0.6666666666666666,6,6,1.0,4,0,0.0,-0.7185238215322219,200
10,11,110,0,2,0,0,495,1.1,1,10,0.9181818181818182,11,0,0.0,0.1761647223497205,200
5,3,15,0,2,0,0,30,0.6,1,5,0.7333333333333333,3,0,0.0,-0.021919982082104168,200
4,4,16,0,0,1,0,12,1.0,1,4,0.625,4,0,0.0,-0.40460721112695075,200
8,3,24,0,1,1,0,24,0.375,7,8,0.9583333333333334,3,0,0.0,-0.53457180720172,200
9,18,162,0,2,1,1,648,2.0,1,9,0.9506172839506173,18,0,0.0,-1.4570037648071066,200
6,7,42,0,2,1,1,105,1.1666666666666667,1,6,0.8809523809523809,7,0,0.0,-0.5998941756925747,200
6,17,102,0,2,0,0,255,2.8333333333333335,1,6,0.9509803921568627,17,0,0.0,-0.08692098028687828,200
9,6,54,1,0,0,1,48,0.6666666666666666,9,9,1.0,6,0,0.0,-2.2042919443724616,200
7,9,63,0,1,1,0,63,1.2857142857142858,6,7,0.9841269841269841,9,0,0.0,-1.1078534671852052,200
8,6,48,1,2,1,1,168,0.75,1,8,0.8541666666666666,6,0,0.0,-1.0483116791232718,200
8,13,104,0,1,0,1,104,1.625,8,8,1.0,13,0,0.0,-0.25883258090581396,200
5,2,10,0,2,1,1,20,0.4,1,5,0.6,2,0,0.0,-0.35472613039878875,200
4,9,36,1,1,1,0,36,2.25,3,4,0.9722222222222222,9,0,0.0,-0.8765481064264798,200
5,19,95,0,1,1,0,95,3.8,4,5,0.9894736842105263,19,0,0.0,-0.8101171847383499,200
4,3,12,1,2,0,0,18,0.75,1,4,0.75,3,0,0.0,-0.5282324662725991,200
11,18,198,1,0,1,0,180,1.6363636363636365,1,11,0.7222222222222222,18,3,0.16666666666666666,-2.414197323935594,200
10,8,80,0,2,0,1,360,0.8,10,10,1.0,8,0,0.0,0.5620592157225192,200
8,20,160,0,1,1,1,160,2.5,4,8,0.975,20,0,0.0,-1.5051115534616033,200
10,1,10,0,2,0,0,45,0.1,1,1,0.1,1,0,0.0,-0.2584696116256969,200
11,13,143,0,1,1,0,143,1.1818181818181819,10,11,0.993006993006993,13,0,0.0,-2.054864867974052,200
8,10,80,0,0,0,1,70,1.25,8,8,1.0,10,0,0.0,-0.9488074130131412,200
7,17,119,1,1,1,0,119,2.4285714285714284,6,7,0.9915966386554622,17,0,0.0,-1.5873723037719287,200
9,1,9,0,2,1,1,36,0.1111111111111111,1,1,0.1111111111111111,1,0,0.0,-0.2764275227396523,200
6,14,84,1,2,0,1,210,2.3333333333333335,6,6,1.0,14,0,0.0,-1.3273851993814192,200
3,13,39,0,1,1,0,39,4.333333333333333,2,3,0.9743589743589743,13,0,0.0,-0.48744600017076917,200
9,11,99,0,2,1,1,396,1.2222222222222223,1,9,0.9191919191919192,11,0,0.0,-0.8895637372400864,200
11,1,11,1,1,0,0,11,0.09090909090909091,1,1,0.09090909090909091,1,1,1.0,nan,200
9,14,126,1,0,1,0,112,1.5555555555555556,1,9,0.7142857142857143,14,0,0.0,-2.1240713415328623,200
8,5,40,0,1,0,0,40,0.625,1,8,0.6,5,0,0.0,-0.6255884308934258,200
6,5,30,1,2,0,0,75,0.8333333333333334,1,6,0.8333333333333334,5,4,0.8,-0.32253448703830095,200
9,15,135,0,1,0,1,135,1.6666666666666667,9,9,1.0,15,0,0.0,-0.05456597395070861,200
8,6,48,0,2,0,1,168,0.75,8,8,1.0,6,0,0.0,0.5615401757379264,200
12,2,24,1,0,0,1,22,0.16666666666666666,12,12,1.0,2,0,0.0,-0.747179202116526,200
12,10,120,1,1,0,0,120,0.8333333333333334,1,12,0.7,10,2,0.2,-1.0059904792712306,200
2,5,10,0,2,1,1,5,2.5,1,2,0.9,5,0,0.0,-0.346146320266133,200
4,2,8,1,0,0,1,6,0.5,4,4,1.0,2,0,0.0,-0.5608913200876199,200
12,12,144,0,0,0,0,132,1.0,1,12,0.5416666666666666,12,0,0.0,-0.6431960420030493,200
8,3,24,0,0,0,1,21,0.375,8,8,1.0,3,0,0.0,-0.6450693706033179,200
10,4,40,1,0,0,1,36,0.4,10,10,1.0,4,0,0.0,-2.072908273792606,200
3,20,60,0,0,0,0,40,6.666666666666667,1,3,0.95,20,0,0.0,-0.45738467569921293,200
11,4,44,0,2,0,0,220,0.36363636363636365,1,11,0.7727272727272727,4,0,0.0,0.24791067882289497,200
11,5,55,0,2,1,0,275,0.45454545454545453,1,11,0.8181818181818182,5,0,0.0,-0.587248200600097,200
9,17,153,1,2,0,0,612,1.8888888888888888,1,9,0.9477124183006536,17,1,0.058823529411764705,-1.9602118894109937,200
5,13,65,0,2,1,1,130,2.6,1,5,0.9384615384615385,13,0,0.0,-0.7992864172116659,200
9,20,180,0,2,1,1,720,2.2222222222222223,1,9,0.9555555555555556,20,0,0.0,-1.5613035100751385,200
3,3,9,1,1,0,0,9,1.0,1,3,0.7777777777777778,3,1,0.3333333333333333,-0.595010989537865,200
12,3,36,0,2,0,1,198,0.25,12,12,1.0,3,0,0.0,0.6694391052477809,200
5,7,35,0,2,0,0,70,1.4,1,5,0.8857142857142857,7,0,0.0,-0.04788972641282179,200
9,5,45,0,0,1,1,40,0.5555555555555556,5,9,0.9111111111111111,5,0,0.0,-0.7592444835378215,200
12,20,240,1,1,1,0,240,1.6666666666666667,11,12,0.9958333333333333,20,0,0.0,-2.8275033065686253,200
3,8,24,0,2,1,0,24,2.6666666666666665,1,3,0.9166666666666666,8,0,0.0,-0.46765536037038796,200
5,1,5,1,0,1,0,4,0.2,1,1,0.2,1,1,1.0,nan,200
3,7,21,0,2,1,1,21,2.3333333333333335,1,3,0.9047619047619048,7,0,0.0,-0.46398894187017575,200
11,5,55,1,2,1,1,275,0.45454545454545453,1,11,0.8181818181818182,5,1,0.2,-0.7682886513963475,200
5,9,45,1,0,0,1,36,1.8,5,5,1.0,9,0,0.0,-1.2274534233439105,200
3,5,15,1,2,0,1,15,1.6666666666666667,3,3,1.0,5,0,0.0,-0.7139181420585937,200
8,19,152,1,2,1,1,532,2.375,1,8,0.9539473684210527,19,0,0.0,-1.928595194844962,200
4,12,48,0,0,1,0,36,3.0,1,4,0.875,12,0,0.0,-0.6173205379944817,200
11,15,165,0,1,1,1,165,1.3636363636363635,5,11,0.9636363636363636,15,0,0.0,-2.1870620929123734,200
9,19,171,0,2,1,1,684,2.111111111111111,1,9,0.9532163742690059,19,0,0.0,-1.5167013154552713,200
2,15,30,1,2,1,1,15,7.5,1,2,0.9666666666666667,15,1,0.06666666666666667,-0.7549299335584747,200
12,14,168,0,1,1,0,168,1.1666666666666667,11,12,0.9940476190476191,14,0,0.0,-2.336419022076082,200
6,19,114,0,1,0,0,114,3.1666666666666665,1,6,0.9210526315789473,19,0,0.0,-0.7417381253163297,200
11,3,33,1,2,0,0,165,0.2727272727272727,1,11,0.696969696969697,3,0,0.0,-0.692926712150382,200
12,11,132,1,1,0,1,132,0.9166666666666666,12,12,1.0,11,0,0.0,-3.096614458950586,200
12,7,84,1,2,1,1,462,0.5833333333333334,1,12,0.8690476190476191,7,1,0.14285714285714285,-1.3955708325562928,200
2,12,24,0,0,1,1,12,6.0,1,2,0.9583333333333334,12,0,0.0,-0.32717097358405495,200
7,9,63,0,1,1,1,63,1.2857142857142858,3,7,0.9365079365079365,9,0,0.0,-1.1410850961443462,200
4,19,76,0,1,0,0,76,4.75,1,4,0.9473684210526315,19,0,0.0,-0.46862002546706166,200
6,14,84,0,0,0,0,70,2.3333333333333335,1,6,0.8214285714285714,14,0,0.0,-0.5734742078291044,200
6,8,48,0,0,0,1,40,1.3333333333333333,6,6,1.0,8,0,0.0,-0.6373636521077559,200
12,11,132,1,2,1,0,726,0.9166666666666666,1,12,0.9166666666666666,11,1,0.09090909090909091,-2.300699449055183,200
10,17,170,1,1,1,0,170,1.7,9,10,0.9941176470588236,17,0,0.0,-2.3184396434184515,200
10,12,120,1,0,1,0,108,1.2,1,10,0.625,12,0,0.0,-2.040169179844404,200
3,19,57,1,0,0,1,38,6.333333333333333,3,3,1.0,19,0,0.0,-0.7286022296544485,200
6,14,84,0,0,0,0,70,2.3333333333333335,1,6,0.8214285714285714,14,0,0.0,-0.6138034658337642,200
7,3,21,1,1,0,0,21,0.42857142857142855,1,5,0.42857142857142855,3,0,0.0,-0.7040392231010635,200
9,10,90,0,1,1,0,90,1.1111111111111112,8,9,0.9888888888888889,10,0,0.0,-1.4874456402593297,200
2,10,20,1,1,1,1,20,5.0,1,2,0.95,10,0,0.0,-0.6867389049266799,200
10,1,10,1,0,1,1,9,0.1,5,5,0.5,1,0,0.0,-0.17887683529635462,200
12,13,156,0,0,0,0,143,1.0833333333333333,1,12,0.5769230769230769,13,0,0.0,-0.6522625160103651,200
2,10,20,1,1,1,0,20,5.0,1,2,0.95,10,0,0.0,-0.6434737752827171,200
2,3,6,1,0,0,0,3,1.5,1,2,0.8333333333333334,3,1,0.3333333333333333,-0.6056209318041779,200
10,7,70,1,1,0,0,70,0.7,1,10,0.6428571428571429,7,0,0.0,-0.9761389507916303,200
2,4,8,1,1,0,0,8,2.0,1,2,0.875,4,0,0.0,-0.6077535937901465,200
12,4,48,0,2,1,1,264,0.3333333333333333,1,12,0.7708333333333334,4,0,0.0,-0.38900688610701234,200
12,3,36,1,1,0,0,36,0.25,1,5,0.25,3,1,0.3333333333333333,-0.5972029371628373,200
12,2,24,0,1,1,0,24,0.16666666666666666,11,12,0.9583333333333334,2,0,0.0,-0.31419219830727707,200
2,17,34,1,0,1,0,17,8.5,1,2,0.9705882352941176,17,3,0.17647058823529413,-0.7101161289268926,200
3,12,36,1,2,1,1,36,4.0,1,3,0.9444444444444444,12,1,0.08333333333333333,-0.7552430196891943,200
9,20,180,1,0,0,0,160,2.2222222222222223,1,9,0.8,20,0,0.0,-1.2058259630491976,200
3,14,42,0,2,0,0,42,4.666666666666667,1,3,0.9523809523809523,14,0,0.0,-0.19603519557047977,200
7,19,133,1,1,1,1,133,2.7142857142857144,3,7,0.9699248120300752,19,0,0.0,-1.5878592706392443,200
3,19,57,0,2,0,1,57,6.333333333333333,3,3,1.0,19,0,0.0,0.08463182968981217,200
2,11,22,0,2,0,0,11,5.5,1,2,0.9545454545454546,11,0,0.0,-0.2682765891654962,200
4,11,44,0,0,1,0,33,2.75,1,4,0.8636363636363636,11,0,0.0,-0.6341328181427983,200
4,7,28,1,0,0,0,21,1.75,1,4,0.7857142857142857,7,0,0.0,-0.6863292338305779,200
8,16,128,1,0,1,1,112,2.0,4,8,0.96875,16,0,0.0,-1.7853856115017213,200
6,15,90,0,2,0,0,225,2.5,1,6,0.9444444444444444,15,0,0.0,-0.03084337343287536,200
3,15,45,0,1,0,0,45,5.0,1,3,0.9555555555555556,15,0,0.0,-0.20163849818030488,200
4,13,52,1,0,1,0,39,3.25,1,4,0.8846153846153846,13,1,0.07692307692307693,-1.0396082708540162,200
2,20,40,1,1,0,1,40,10.0,2,2,1.0,20,0,0.0,-0.8276187703965239,200
4,6,24,0,0,1,1,18,1.5,2,4,0.9166666666666666,6,0,0.0,-0.5203800826465422,200
7,12,84,0,2,1,1,252,1.7142857142857142,1,7,0.9285714285714286,12,0,0.0,-0.9724208156727496,200
12,6,72,1,1,1,0,72,0.5,11,12,0.9861111111111112,6,0,0.0,-2.6982419483084557,200
11,4,44,1,0,0,0,40,0.36363636363636365,1,4,0.22727272727272727,4,0,0.0,-0.548684803585396,200
11,10,110,0,0,1,0,100,0.9090909090909091,1,10,0.5,10,0,0.0,-0.8059232280588625,200
4,8,32,0,1,0,1,32,2.0,4,4,1.0,8,0,0.0,-0.16434226280026837,200
10,1,10,0,0,1,1,9,0.1,5,5,0.5,1,0,0.0,-0.17975968626951003,200
6,18,108,0,2,0,1,270,3.0,6,6,1.0,18,0,0.0,0.33650239748765315,200
3,14,42,0,0,1,1,28,4.666666666666667,2,3,0.9761904761904762,14,0,0.0,-0.4514056626606683,200
9,6,54,0,1,1,1,54,0.6666666666666666,4,9,0.9074074074074074,6,0,0.0,-1.0448180953860087,200
5,12,60,1,2,0,0,120,2.4,1,5,0.9333333333333333,12,0,0.0,-1.1504018925738058,200
9,13,117,1,1,1,1,117,1.4444444444444444,4,9,0.9572649572649573,13,0,0.0,-2.086042497546789,200
12,7,84,0,0,0,1,77,0.5833333333333334,12,12,1.0,7,0,0.0,-1.4108938852395174,200
10,5,50,0,1,0,0,50,0.5,1,9,0.5,5,0,0.0,-0.6248715281118066,200
6,2,12,0,2,1,0,30,0.3333333333333333,1,6,0.5833333333333334,2,0,0.0,-0.2989262556867,200
9,20,180,0,1,0,0,180,2.2222222222222223,1,9,0.8888888888888888,20,0,0.0,-1.0429695353807664,200
3,18,54,1,2,1,1,54,6.0,1,3,0.9629629629629629,18,0,0.0,-0.8488939119773277,200
5,13,65,0,0,0,0,52,2.6,1,5,0.8461538461538461,13,0,0.0,-0.5690554962525588,200
3,8,24,1,1,0,0,24,2.6666666666666665,1,3,0.9166666666666666,8,0,0.0,-0.8119228721812156,200
12,1,12,0,2,0,1,66,0.08333333333333333,12,12,1.0,1,0,0.0,0.043670759692779657,200
7,7,49,1,2,0,1,147,1.0,7,7,1.0,7,0,0.0,-1.3656065335082248,200
5,12,60,1,1,0,1,60,2.4,5,5,1.0,12,0,0.0,-1.154456114155564,200
2,18,36,1,2,0,1,18,9.0,2,2,1.0,18,0,0.0,-0.670633416605368,200
7,7,49,0,0,1,0,42,1.0,1,7,0.5714285714285714,7,0,0.0,-0.5787030366781637,200
2,2,4,0,0,0,0,2,1.0,1,2,0.75,2,0,0.0,-0.40526423122294136,200
5,9,45,1,2,1,0,90,1.8,1,5,0.9111111111111111,9,0,0.0,-1.1548533669893202,200
3,6,18,0,2,0,0,18,2.0,1,3,0.8888888888888888,6,0,0.0,-0.22538310550149007,200
2,5,10,0,0,1,0,5,2.5,1,2,0.9,5,0,0.0,-0.35817771702331,200
11,15,165,0,1,0,1,165,1.3636363636363635,11,11,1.0,15,0,0.0,-0.18628944953766546,200
2,1,2,1,2,1,0,1,0.5,1,1,0.5,1,0,0.0,-0.25943060906186494,200
5,15,75,0,0,1,0,60,3.0,1,5,0.8666666666666667,15,0,0.0,-0.8328179106277102,200
5,12,60,1,0,0,1,48,2.4,5,5,1.0,12,0,0.0,-1.2173666183182892,200
7,2,14,0,1,0,1,14,0.2857142857142857,7,7,1.0,2,0,0.0,-0.22630917189441416,200
8,12,96,0,2,0,0,336,1.5,1,8,0.9270833333333334,12,0,0.0,0.06130175667217752,200
5,20,100,0,2,1,1,200,4.0,1,5,0.96,20,0,0.0,-0.8586717207048502,200
2,11,22,0,1,1,1,22,5.5,1,2,0.9545454545454546,11,0,0.0,-0.3995787387299375,200
11,15,165,0,0,0,1,150,1.3636363636363635,11,11,1.0,15,0,0.0,-1.697906294168114,200
6,15,90,1,2,1,1,225,2.5,1,6,0.9444444444444444,15,0,0.0,-1.4053803099553146,200
4,3,12,0,2,1,1,18,0.75,1,4,0.75,3,0,0.0,-0.3296610312380877,200
2,18,36,0,2,1,0,18,9.0,1,2,0.9722222222222222,18,0,0.0,-0.35887585723619364,200
4,2,8,1,2,1,0,12,0.5,1,4,0.625,2,0,0.0,-0.5962151750562608,200
11,4,44,0,2,1,0,220,0.36363636363636365,1,11,0.7727272727272727,4,0,0.0,-0.45034465473666324,200
3,15,45,0,1,1,1,45,5.0,1,3,0.9555555555555556,15,0,0.0,-0.47252688070792076,200
4,10,40,1,2,1,1,60,2.5,1,4,0.925,10,1,0.1,-0.9380302224628484,200
12,4,48,1,1,0,1,48,0.3333333333333333,12,12,1.0,4,0,0.0,-2.1183066271436886,200
10,1,10,1,2,1,0,45,0.1,1,1,0.1,1,0,0.0,-0.29757477587999026,200
3,11,33,1,2,0,0,33,3.6666666666666665,1,3,0.9393939393939394,11,3,0.2727272727272727,-0.7365740554166692,200
6,20,120,1,0,1,0,100,3.3333333333333335,1,6,0.875,20,0,0.0,-1.4355524885866033,200
10,3,30,1,2,0,1,135,0.3,10,10,1.0,3,0,0.0,-0.8945308799925072,200
2,18,36,0,0,0,1,18,9.0,2,2,1.0,18,0,0.0,-0.152736880417416,200
5,9,45,0,2,0,1,90,1.8,5,5,1.0,9,0,0.0,0.3081813007211326,200
3,11,33,0,2,1,0,33,3.6666666666666665,1,3,0.9393939393939394,11,0,0.0,-0.46712267325848233,200
3,12,36,1,1,1,1,36,4.0,1,3,0.9444444444444444,12,0,0.0,-0.8096207944932501,200
6,5,30,0,1,0,0,30,0.8333333333333334,1,6,0.7,5,0,0.0,-0.6696873667840392,200
4,2,8,0,1,1,1,8,0.5,2,4,0.75,2,0,0.0,-0.5428255663799691,200
11,8,88,1,2,1,1,440,0.7272727272727273,1,11,0.8863636363636364,8,0,0.0,-1.3347015133527553,200
9,4,36,1,1,0,1,36,0.4444444444444444,9,9,1.0,4,0,0.0,-1.7798077258113723,200
12,6,72,1,1,1,0,72,0.5,11,12,0.9861111111111112,6,0,0.0,-2.4699085823720535,200
5,12,60,0,0,1,1,48,2.4,3,5,0.9666666666666667,12,0,0.0,-0.7721922839895937,200
6,4,24,0,0,0,1,20,0.6666666666666666,6,6,1.0,4,0,0.0,-0.6921014998492142,200
4,1,4,0,1,0,1,4,0.25,4,4,1.0,1,0,0.0,-0.21909436569539353,200
8,9,72,1,2,1,0,252,1.125,1,8,0.9027777777777778,9,0,0.0,-1.6953829121397161,200
11,2,22,1,2,1,1,110,0.18181818181818182,1,11,0.5454545454545454,2,1,0.5,-0.3037747265963256,200
12,10,120,0,0,1,1,110,0.8333333333333334,6,12,0.95,10,0,0.0,-1.6652084638164892,200
3,14,42,1,0,0,0,28,4.666666666666667,1,3,0.9285714285714286,14,0,0.0,-0.8650867376419784,200
4,18,72,0,0,1,1,54,4.5,2,4,0.9722222222222222,18,0,0.0,-0.624213025085216,200
2,9,18,1,2,0,1,9,4.5,2,2,1.0,9,1,0.1111111111111111,-0.6326215978092173,200
6,6,36,1,0,0,1,30,1.0,6,6,1.0,6,0,0.0,-1.4180579300368563,200
12,17,204,0,0,1,1,187,1.4166666666666667,6,12,0.9705882352941176,17,0,0.0,-2.2013097485975854,200
10,19,190,1,1,0,1,190,1.9,10,10,1.0,19,0,0.0,-2.400378124693317,200
3,7,21,0,2,0,0,21,2.3333333333333335,1,3,0.9047619047619048,7,0,0.0,-0.21602850467416554,200
5,6,30,1,2,0,0,60,1.2,1,5,0.8666666666666667,6,0,0.0,-1.0011438608187253,200
9,15,135,0,0,1,0,120,1.6666666666666667,1,9,0.7333333333333333,15,0,0.0,-1.244007623758718,200
2,5,10,1,2,1,1,5,2.5,1,2,0.9,5,0,0.0,-0.5220918824088504,200
7,2,14,1,2,1,1,42,0.2857142857142857,1,7,0.5714285714285714,2,0,0.0,-0.6867939006603506,200
5,4,20,1,1,0,0,20,0.8,1,5,0.7,4,3,0.75,-0.28367696634011613,200
8,11,88,1,2,1,1,308,1.375,1,8,0.9204545454545454,11,0,0.0,-1.71664529493412,200
5,8,40,0,1,1,1,40,1.6,2,5,0.925,8,0,0.0,-0.730063095516756,200
12,5,60,1,0,1,1,55,0.4166666666666667,6,12,0.9,5,0,0.0,-1.867741108221555,200
2,4,8,0,1,1,0,8,2.0,1,2,0.875,4,0,0.0,-0.34348724256153085,200
8,3,24,1,2,1,0,84,0.375,1,8,0.7083333333333334,3,2,0.6666666666666666,-0.2956825739883883,200
12,11,132,0,2,1,0,726,0.9166666666666666,1,12,0.9166666666666666,11,0,0.0,-1.170499799688604,200
3,20,60,0,2,1,1,60,6.666666666666667,1,3,0.9666666666666667,20,0,0.0,-0.4665418655889025,200
4,11,44,0,2,0,1,66,2.75,4,4,1.0,11,0,0.0,0.182750757174679,200
10,5,50,1,2,1,1,225,0.5,1,10,0.82,5,0,0.0,-0.9695400235052625,200
10,16,160,0,0,1,0,144,1.6,1,10,0.71875,16,0,0.0,-1.3281184463960896,200
2,17,34,1,2,0,1,17,8.5,2,2,1.0,17,0,0.0,-0.6778307117373594,200
10,8,80,1,2,1,0,360,0.8,1,10,0.8875,8,2,0.25,-1.3988892382414264,200
6,8,48,1,2,0,0,120,1.3333333333333333,1,6,0.8958333333333334,8,1,0.125,-1.1680017108704714,200
10,10,100,1,0,0,0,90,1.0,1,10,0.55,10,1,0.1,-0.8997672021655875,200
6,2,12,0,0,1,1,10,0.3333333333333333,3,6,0.75,2,0,0.0,-0.45207816631608405,200
7,20,140,1,2,1,0,420,2.857142857142857,1,7,0.9571428571428572,20,3,0.15,-1.6441774603797883,200
9,6,54,1,2,1,0,216,0.6666666666666666,1,9,0.8518518518518519,6,1,0.16666666666666666,-1.0951676383504538,200
11,11,121,1,1,0,0,121,1.0,1,11,0.7520661157024794,11,0,0.0,-1.0682750967382535,200
3,13,39,0,2,1,1,39,4.333333333333333,1,3,0.9487179487179487,13,0,0.0,-0.44903633380296876,200
9,6,54,0,2,0,0,216,0.6666666666666666,1,9,0.8518518518518519,6,0,0.0,0.21788813878410718,200
11,11,121,0,0,0,1,110,1.0,11,11,1.0,11,0,0.0,-1.4439129707290013,200
10,8,80,1,2,1,0,360,0.8,1,10,0.8875,8,0,0.0,-1.598898795787091,200
10,18,180,1,2,1,0,810,1.8,1,10,0.95,18,0,0.0,-2.27820445677156,200
9,9,81,1,0,1,0,72,1.0,1,9,0.5555555555555556,9,0,0.0,-1.6357091244129358,200
6,5,30,1,0,0,1,25,0.8333333333333334,6,6,1.0,5,0,0.0,-1.4888265422940727,200
5,11,55,1,1,1,1,55,2.2,2,5,0.9454545454545454,11,0,0.0,-1.2070917497890634,200
11,10,110,1,1,0,0,110,0.9090909090909091,1,11,0.7272727272727273,10,1,0.1,-1.0679215625587195,200
2,15,30,1,1,0,1,30,7.5,2,2,1.0,15,1,0.06666666666666667,-0.8104843930245053,200
3,8,24,0,2,0,0,24,2.6666666666666665,1,3,0.9166666666666666,8,0,0.0,-0.23824853198599172,200
6,13,78,1,0,1,0,65,2.1666666666666665,1,6,0.8076923076923077,13,0,0.0,-1.4771020217491375,200
4,6,24,0,2,1,0,36,1.5,1,4,0.875,6,0,0.0,-0.48896720193733767,200
6,6,36,0,1,1,0,36,1.0,5,6,0.9722222222222222,6,0,0.0,-0.8561038447911151,200
2,20,40,1,0,0,1,20,10.0,2,2,1.0,20,0,0.0,-0.7068541590097013,200
10,15,150,0,0,1,0,135,1.5,1,10,0.7,15,0,0.0,-1.2828127547890293,200
3,8,24,1,2,0,0,24,2.6666666666666665,1,3,0.9166666666666666,8,0,0.0,-0.8833337701301516,200
2,18,36,1,2,0,1,18,9.0,2,2,1.0,18,0,0.0,-0.6151422271114672,200
3,15,45,1,0,1,0,30,5.0,1,3,0.9333333333333333,15,1,0.06666666666666667,-0.8268566494702062,200
8,4,32,1,1,0,0,32,0.5,1,7,0.5,4,1,0.25,-0.5260421084952119,200
9,15,135,1,0,1,0,120,1.6666666666666667,1,9,0.7333333333333333,15,1,0.06666666666666667,-2.1511562433163998,200
6,3,18,0,2,1,1,45,0.5,1,6,0.7222222222222222,3,0,0.0,-0.3539958084568321,200
2,3,6,0,2,0,1,3,1.5,2,2,1.0,3,0,0.0,-0.16256628937114542,200
7,5,35,0,0,0,0,30,0.7142857142857143,1,5,0.42857142857142855,5,0,0.0,-0.4660717740333648,200
2,3,6,0,1,1,1,6,1.5,1,2,0.8333333333333334,3,0,0.0,-0.31562921686623363,200
8,20,160,0,0,0,1,140,2.5,8,8,1.0,20,0,0.0,-0.9979983060702252,200
6,12,72,1,2,0,1,180,2.0,6,6,1.0,12,0,0.0,-1.341277545255289,200
10,14,140,0,1,0,0,140,1.4,1,10,0.8214285714285714,14,0,0.0,-1.1058504321854175,200
3,14,42,0,1,0,0,42,4.666666666666667,1,3,0.9523809523809523,14,0,0.0,-0.23022612769355008,200
8,20,160,0,1,1,0,160,2.5,7,8,0.99375,20,0,0.0,-1.475593064132874,200
7,7,49,0,0,1,0,42,1.0,1,7,0.5714285714285714,7,0,0.0,-0.5951864614887274,200
4,14,56,0,2,1,1,84,3.5,1,4,0.9464285714285714,14,0,0.0,-0.6504367935502795,200
7,10,70,0,2,1,0,210,1.4285714285714286,1,7,0.9142857142857143,10,0,0.0,-0.8559755187767054,200
5,14,70,1,2,0,0,140,2.8,1,5,0.9428571428571428,14,5,0.35714285714285715,-1.0962004181051397,200
9,20,180,0,0,0,0,160,2.2222222222222223,1,9,0.8,20,0,0.0,-0.6781215611835513,200
7,17,119,1,2,0,1,357,2.4285714285714284,7,7,1.0,17,0,0.0,-1.5679604339883493,200
6,5,30,0,1,1,0,30,0.8333333333333334,5,6,0.9666666666666667,5,0,0.0,-0.7953273399843921,200
8,6,48,1,1,0,1,48,0.75,8,8,1.0,6,0,0.0,-2.0274030313832228,200
4,13,52,0,2,1,1,78,3.25,1,4,0.9423076923076923,13,0,0.0,-0.6245810578545427,200
5,3,15,0,0,0,0,12,0.6,1,3,0.4,3,0,0.0,-0.389186629945972,200
4,3,12,1,1,0,1,12,0.75,4,4,1.0,3,0,0.0,-0.9367756439404378,200
8,18,144,0,2,1,0,504,2.25,1,8,0.9513888888888888,18,0,0.0,-1.3816888988945375,200
4,17,68,1,1,0,0,68,4.25,1,4,0.9411764705882353,17,0,0.0,-0.9761938210834101,200
10,7,70,0,0,1,1,63,0.7,5,10,0.9285714285714286,7,0,0.0,-1.1188769442263098,200
11,15,165,0,0,0,0,150,1.3636363636363635,1,11,0.6666666666666666,15,0,0.0,-0.6292429031429242,200
8,12,96,0,0,1,0,84,1.5,1,8,0.7083333333333334,12,0,0.0,-1.0042803912137956,200
7,8,56,1,2,0,0,168,1.1428571428571428,1,7,0.8928571428571429,8,0,0.0,-1.0631225424981312,200
7,5,35,0,2,0,0,105,0.7142857142857143,1,7,0.8285714285714286,5,0,0.0,0.15695277118140266,200
5,19,95,0,0,1,0,76,3.8,1,5,0.8947368421052632,19,0,0.0,-0.838257982685538,200
12,8,96,1,2,0,1,528,0.6666666666666666,12,12,1.0,8,0,0.0,-1.80372075770328,200
8,5,40,0,2,0,0,140,0.625,1,8,0.825,5,0,0.0,0.1350085391203037,200
5,13,65,1,1,0,1,65,2.6,5,5,1.0,13,0,0.0,-1.0935796203866743,200
6,2,12,1,0,0,0,10,0.3333333333333333,1,2,0.25,2,0,0.0,-0.6063170940192844,200
7,9,63,1,1,1,1,63,1.2857142857142858,3,7,0.9365079365079365,9,0,0.0,-1.6540232693172385,200
9,17,153,1,0,0,1,136,1.8888888888888888,9,9,1.0,17,0,0.0,-2.1914723263652793,200
2,5,10,0,0,0,1,5,2.5,2,2,1.0,5,0,0.0,-0.16890783571997625,200
11,15,165,1,0,0,0,150,1.3636363636363635,1,11,0.6666666666666666,15,0,0.0,-0.9748011411386854,200
4,19,76,1,0,1,0,57,4.75,1,4,0.9210526315789473,19,0,0.0,-0.9799680933242569,200
7,3,21,1,2,1,1,63,0.42857142857142855,1,7,0.7142857142857143,3,1,0.3333333333333333,-0.46313805194191066,200
8,12,96,1,1,1,0,96,1.5,7,8,0.9895833333333334,12,0,0.0,-1.844436219183373,200
10,17,170,1,0,1,1,153,1.7,5,10,0.9705882352941176,17,0,0.0,-2.3524768057055554,200
3,1,3,1,1,0,1,3,0.3333333333333333,3,3,1.0,1,0,0.0,-0.2991586322576794,200
10,20,200,0,2,0,1,900,2.0,10,10,1.0,20,0,0.0,0.5579528547122516,200
12,9,108,1,2,1,0,594,0.75,1,12,0.8981481481481481,9,0,0.0,-1.886311998679689,200
6,2,12,1,2,1,0,30,0.3333333333333333,1,6,0.5833333333333334,2,0,0.0,-0.5744668435021208,200
4,7,28,1,1,0,1,28,1.75,4,4,1.0,7,0,0.0,-1.005103500606793,200
10,17,170,1,2,0,0,765,1.7,1,10,0.9470588235294117,17,0,0.0,-2.2147745242322703,200
2,6,12,0,2,0,0,6,3.0,1,2,0.9166666666666666,6,0,0.0,-0.30855579681901857,200
11,19,209,1,2,0,1,1045,1.7272727272727273,11,11,1.0,19,0,0.0,-2.536657489682266,200
12,18,216,1,1,0,0,216,1.5,1,12,0.8333333333333334,18,0,0.0,-1.4848679267721978,200
12,7,84,1,1,0,1,84,0.5833333333333334,12,12,1.0,7,0,0.0,-3.0384235828339055,200
5,10,50,1,0,0,0,40,2.0,1,5,0.8,10,0,0.0,-0.9327094028294748,200
11,13,143,1,1,0,1,143,1.1818181818181819,11,11,1.0,13,0,0.0,-2.6434012176895956,200
12,5,60,1,1,1,0,60,0.4166666666666667,11,12,0.9833333333333333,5,0,0.0,-2.304823987106526,200
11,11,121,0,1,1,1,121,1.0,5,11,0.9504132231404959,11,0,0.0,-1.8726489243920301,200
3,18,54,1,2,1,0,54,6.0,1,3,0.9629629629629629,18,0,0.0,-0.81457635388201,200
6,17,102,1,1,1,1,102,2.8333333333333335,3,6,0.9705882352941176,17,0,0.0,-1.3734233386803527,200
7,12,84,0,1,1,0,84,1.7142857142857142,6,7,0.9880952380952381,12,0,0.0,-1.192208543763871,200
3,19,57,1,1,0,0,57,6.333333333333333,1,3,0.9649122807017544,19,0,0.0,-0.7703095487192568,200
11,20,220,0,2,0,0,1100,1.8181818181818181,1,11,0.9545454545454546,20,0,0.0,0.15700509966044515,200
2,3,6,0,1,0,0,6,1.5,1,2,0.8333333333333334,3,0,0.0,-0.29661231870927185,200
3,6,18,1,1,1,0,18,2.0,2,3,0.9444444444444444,6,0,0.0,-0.8255748345674133,200
5,11,55,0,0,1,1,44,2.2,3,5,0.9636363636363636,11,0,0.0,-0.7799613746499113,200
10,15,150,1,2,0,0,675,1.5,1,10,0.94,15,0,0.0,-2.107367669084286,200
6,6,36,0,1,0,1,36,1.0,6,6,1.0,6,0,0.0,-0.251134807575445,200
11,15,165,0,2,0,0,825,1.3636363636363635,1,11,0.9393939393939394,15,0,0.0,0.19419642816317326,200
11,8,88,1,1,0,0,88,0.7272727272727273,1,11,0.6590909090909091,8,0,0.0,-1.1366621405583808,200
8,10,80,0,2,1,0,280,1.25,1,8,0.9125,10,0,0.0,-0.9403445713320882,200
2,11,22,0,2,1,0,11,5.5,1,2,0.9545454545454546,11,0,0.0,-0.331200300882091,200
4,6,24,1,1,1,0,24,1.5,3,4,0.9583333333333334,6,0,0.0,-0.9853367757756788,200
4,3,12,1,0,0,1,9,0.75,4,4,1.0,3,0,0.0,-1.012202445028915,200
7,18,126,1,0,0,1,108,2.5714285714285716,7,7,1.0,18,0,0.0,-1.6198634508864793,200
12,16,192,1,0,1,0,176,1.3333333333333333,1,12,0.65625,16,0,0.0,-2.214089583244606,200
12,13,156,1,1,1,1,156,1.0833333333333333,6,12,0.9615384615384616,13,0,0.0,-2.87346483350512,200
4,19,76,1,1,1,0,76,4.75,3,4,0.9868421052631579,19,0,0.0,-0.9224954642495767,200
4,10,40,1,0,1,1,30,2.5,2,4,0.95,10,0,0.0,-1.0250007089763498,200
5,5,25,0,0,1,1,20,1.0,3,5,0.92,5,0,0.0,-0.5999713599943329,200
3,3,9,1,0,0,0,6,1.0,1,3,0.6666666666666666,3,1,0.3333333333333333,-0.37865949110731273,200
11,3,33,1,0,1,1,30,0.2727272727272727,6,11,0.8484848484848485,3,0,0.0,-1.2484234714019782,200
4,13,52,1,1,0,0,52,3.25,1,4,0.9230769230769231,13,1,0.07692307692307693,-0.9875814179040864,200
10,11,110,0,0,1,1,99,1.1,5,10,0.9545454545454546,11,0,0.0,-1.4626705632870765,200
5,2,10,1,1,1,0,10,0.4,4,5,0.9,2,0,0.0,-0.7081457964675334,200
9,17,153,1,1,0,1,153,1.8888888888888888,9,9,1.0,17,0,0.0,-2.1345308309928366,200
12,8,96,1,2,0,0,528,0.6666666666666666,1,12,0.8854166666666666,8,0,0.0,-1.5591852774384745,200
4,7,28,1,0,0,0,21,1.75,1,4,0.7857142857142857,7,0,0.0,-0.7640293477738569,200
11,4,44,1,1,0,0,44,0.36363636363636365,1,7,0.36363636363636365,4,2,0.5,-0.6180709037219491,200
2,6,12,1,2,1,0,6,3.0,1,2,0.9166666666666666,6,0,0.0,-0.8625692548442803,200
6,8,48,0,2,0,0,120,1.3333333333333333,1,6,0.8958333333333334,8,0,0.0,-0.010387191025302004,200
6,2,12,1,2,1,1,30,0.3333333333333333,1,6,0.5833333333333334,2,0,0.0,-0.6581120371667895,200
4,4,16,1,2,1,1,24,1.0,1,4,0.8125,4,0,0.0,-0.6406957265759239,200
3,4,12,0,1,0,1,12,1.3333333333333333,3,3,1.0,4,0,0.0,0.13740108899187806,200
9,11,99,1,0,0,0,88,1.2222222222222223,1,9,0.6363636363636364,11,3,0.2727272727272727,-0.8730364883938321,200
8,15,120,1,0,1,1,105,1.875,4,8,0.9666666666666667,15,0,0.0,-1.855832273862489,200
12,5,60,1,0,0,0,55,0.4166666666666667,1,5,0.25,5,4,0.8,-0.30887188612341887,200
11,12,132,0,1,0,1,132,1.0909090909090908,11,11,1.0,12,0,0.0,-0.2885915149898814,200
10,4,40,0,2,0,1,180,0.4,10,10,1.0,4,0,0.0,0.7283811704162887,200
2,10,20,1,1,0,0,20,5.0,1,2,0.95,10,2,0.2,-0.5572984124398478,200
2,18,36,1,2,0,1,18,9.0,2,2,1.0,18,1,0.05555555555555555,-0.6820575320633625,200
6,2,12,1,1,1,0,12,0.3333333333333333,5,6,0.9166666666666666,2,1,0.5,-0.27015376791633167,200
2,19,38,1,0,1,0,19,9.5,1,2,0.9736842105263158,19,0,0.0,-0.6972501688207512,200
11,12,132,0,1,0,1,132,1.0909090909090908,11,11,1.0,12,0,0.0,-0.21166671935280493,200
7,10,70,1,2,1,1,210,1.4285714285714286,1,7,0.9142857142857143,10,1,0.1,-1.3880660549263613,200
2,6,12,0,1,0,0,12,3.0,1,2,0.9166666666666666,6,0,0.0,-0.3301168260921939,200
12,20,240,0,1,1,0,240,1.6666666666666667,11,12,0.9958333333333333,20,0,0.0,-2.4977430990618377,200
11,17,187,1,1,1,0,187,1.5454545454545454,10,11,0.9946524064171123,17,0,0.0,-2.5826188455565675,200
12,6,72,0,0,0,1,66,0.5,12,12,1.0,6,0,0.0,-1.135499761475698,200
6,2,12,0,0,1,0,10,0.3333333333333333,1,2,0.25,2,0,0.0,-0.3378827761163202,200
5,10,50,0,1,0,1,50,2.0,5,5,1.0,10,0,0.0,0.06388284462857913,200
4,9,36,0,2,1,1,54,2.25,1,4,0.9166666666666666,9,0,0.0,-0.5829052858347644,200
5,11,55,0,1,0,0,55,2.2,1,5,0.8909090909090909,11,0,0.0,-0.4362947745471708,200
4,19,76,1,0,1,1,57,4.75,2,4,0.9736842105263158,19,0,0.0,-1.0054753766647477,200
10,5,50,1,0,0,0,45,0.5,1,5,0.3,5,1,0.2,-0.648077434846005,200
8,14,112,1,2,1,1,392,1.75,1,8,0.9375,14,0,0.0,-1.817374111481182,200
4,10,40,1,1,0,1,40,2.5,4,4,1.0,10,0,0.0,-0.9928534833169291,200
2,8,16,0,0,1,0,8,4.0,1,2,0.9375,8,0,0.0,-0.34426039360672533,200
6,9,54,1,1,1,1,54,1.5,3,6,0.9444444444444444,9,0,0.0,-1.3713109321247823,200
3,8,24,0,1,1,1,24,2.6666666666666665,1,3,0.9166666666666666,8,0,0.0,-0.46926293137067265,200
4,7,28,0,2,0,1,42,1.75,4,4,1.0,7,0,0.0,0.15042587342030636,200
5,19,95,1,2,0,0,190,3.8,1,5,0.9578947368421052,19,0,0.0,-1.1319798590581516,200
11,16,176,0,0,0,1,160,1.4545454545454546,11,11,1.0,16,0,0.0,-1.5420375777328612,200
5,17,85,1,0,1,1,68,3.4,3,5,0.9764705882352941,17,0,0.0,-1.126122137470963,200
7,8,56,0,0,1,1,48,1.1428571428571428,4,7,0.9464285714285714,8,0,0.0,-0.9498135028078295,200
5,10,50,0,2,1,1,100,2.0,1,5,0.92,10,0,0.0,-0.7200072411308607,200
7,12,84,0,1,1,0,84,1.7142857142857142,6,7,0.9880952380952381,12,0,0.0,-1.2109409570906025,200
10,10,100,0,2,1,1,450,1.0,1,10,0.91,10,0,0.0,-0.8124205600598258,200
11,3,33,1,1,0,0,33,0.2727272727272727,1,5,0.2727272727272727,3,2,0.6666666666666666,-0.3138075683758268,200
12,18,216,1,0,0,0,198,1.5,1,12,0.6944444444444444,18,1,0.05555555555555555,-1.093113837944915,200
5,6,30,1,2,0,0,60,1.2,1,5,0.8666666666666667,6,0,0.0,-0.8566173977787828,200
8,15,120,1,1,1,0,120,1.875,7,8,0.9916666666666667,15,0,0.0,-1.82244085396676,200
11,12,132,0,2,1,1,660,1.0909090909090908,1,11,0.9242424242424242,12,0,0.0,-1.009809723120527,200
7,17,119,0,1,0,1,119,2.4285714285714284,7,7,1.0,17,0,0.0,0.08272659358360356,200
12,4,48,0,0,0,0,44,0.3333333333333333,1,4,0.20833333333333334,4,0,0.0,-0.4058485756715315,200
12,7,84,0,1,1,0,84,0.5833333333333334,11,12,0.9880952380952381,7,0,0.0,-1.3600417673578074,200
5,13,65,1,0,1,1,52,2.6,3,5,0.9692307692307692,13,0,0.0,-1.1915355083450518,200
12,19,228,0,2,0,0,1254,1.5833333333333333,1,12,0.9517543859649122,19,0,0.0,0.20810298023949075,200
4,18,72,1,1,0,0,72,4.5,1,4,0.9444444444444444,18,1,0.05555555555555555,-1.0143660337494402,200
7,11,77,0,0,0,1,66,1.5714285714285714,7,7,1.0,11,0,0.0,-0.9038152684284101,200
6,17,102,1,2,1,1,255,2.8333333333333335,1,6,0.9509803921568627,17,1,0.058823529411764705,-1.3999949155999438,200
11,2,22,0,0,1,1,20,0.18181818181818182,6,11,0.7727272727272727,2,0,0.0,-0.5005937944045348,200
8,7,56,1,0,0,1,49,0.875,8,8,1.0,7,0,0.0,-2.337606113304917,200
6,4,24,0,0,1,1,20,0.6666666666666666,3,6,0.875,4,0,0.0,-0.582671390722697,200
7,15,105,1,0,0,0,90,2.142857142857143,1,7,0.8,15,2,0.13333333333333333,-1.0235579919083955,200
3,14,42,1,0,0,0,28,4.666666666666667,1,3,0.9285714285714286,14,0,0.0,-0.8524280352400261,200
8,6,48,0,2,0,0,168,0.75,1,8,0.8541666666666666,6,0,0.0,0.08303069468728538,200
11,2,22,0,1,0,0,22,0.18181818181818182,1,3,0.18181818181818182,2,0,0.0,-0.4415132103084381,200
2,2,4,1,0,0,0,2,1.0,1,2,0.75,2,0,0.0,-0.6126341377501978,200
3,9,27,0,2,0,1,27,3.0,3,3,1.0,9,0,0.0,0.09811121485221407,200
11,12,132,0,2,1,0,660,1.0909090909090908,1,11,0.9242424242424242,12,0,0.0,-1.2323911844509337,200
12,6,72,1,1,1,1,72,0.5,6,12,0.9166666666666666,6,0,0.0,-2.531507514506951,200
8,1,8,0,0,0,1,7,0.125,8,8,1.0,1,0,0.0,-0.10313091206344943,200
10,3,30,0,1,0,0,30,0.3,1,5,0.3,3,0,0.0,-0.48964374136462036,200
8,11,88,0,2,1,0,308,1.375,1,8,0.9204545454545454,11,0,0.0,-0.9914758635092279,200
12,13,156,0,2,1,0,858,1.0833333333333333,1,12,0.9294871794871795,13,0,0.0,-1.337500083273608,200
4,10,40,0,1,0,0,40,2.5,1,4,0.9,10,0,0.0,-0.48914989829350247,200
11,14,154,0,2,1,1,770,1.2727272727272727,1,11,0.935064935064935,14,0,0.0,-1.1780952399089704,200
11,2,22,0,0,0,0,20,0.18181818181818182,1,2,0.13636363636363635,2,0,0.0,-0.3568403762277735,200
4,15,60,1,2,0,1,90,3.75,4,4,1.0,15,0,0.0,-0.9467404188306082,200
6,5,30,0,2,1,1,75,0.8333333333333334,1,6,0.8333333333333334,5,0,0.0,-0.4655607077996792,200
11,13,143,0,1,1,1,143,1.1818181818181819,5,11,0.958041958041958,13,0,0.0,-2.0980001034607185,200
2,20,40,1,1,1,1,40,10.0,1,2,0.975,20,0,0.0,-0.6740452704060481,200
10,6,60,1,0,1,1,54,0.6,5,10,0.9166666666666666,6,0,0.0,-2.093966481236051,200
2,13,26,1,2,1,1,13,6.5,1,2,0.9615384615384616,13,0,0.0,-0.7598404984103849,200
9,9,81,0,1,0,0,81,1.0,1,9,0.7530864197530864,9,0,0.0,-0.8759979195774044,200
6,12,72,1,2,1,0,180,2.0,1,6,0.9305555555555556,12,0,0.0,-1.4144896691473892,200
10,19,190,0,0,1,0,171,1.9,1,10,0.7631578947368421,19,0,0.0,-1.627505687392036,200
12,9,108,1,2,1,0,594,0.75,1,12,0.8981481481481481,9,1,0.1111111111111111,-1.8702720076227328,200
4,6,24,0,2,0,0,36,1.5,1,4,0.875,6,0,0.0,-0.15228561484389277,200
5,19,95,0,2,0,0,190,3.8,1,5,0.9578947368421052,19,0,0.0,-0.08293141912802977,200
6,14,84,1,1,1,0,84,2.3333333333333335,5,6,0.9880952380952381,14,0,0.0,-1.3428459043504664,200
8,20,160,1,2,1,0,560,2.5,1,8,0.95625,20,0,0.0,-1.8581836283624773,200
9,9,81,0,0,0,0,72,1.0,1,9,0.5555555555555556,9,0,0.0,-0.5624707081450534,200
11,9,99,1,0,1,1,90,0.8181818181818182,6,11,0.9494949494949495,9,0,0.0,-2.539088326000607,200
5,13,65,1,2,1,1,130,2.6,1,5,0.9384615384615385,13,1,0.07692307692307693,-1.1899435624250594,200
3,3,9,0,2,0,1,9,1.0,3,3,1.0,3,0,0.0,0.057614203162844775,200
8,2,16,0,1,1,1,16,0.25,4,8,0.75,2,0,0.0,-0.4869974114399764,200
8,9,72,1,1,0,1,72,1.125,8,8,1.0,9,0,0.0,-1.99896943417711,200
2,2,4,0,0,1,1,2,1.0,1,2,0.75,2,0,0.0,-0.3597448977654216,200
9,6,54,0,1,1,0,54,0.6666666666666666,8,9,0.9814814814814815,6,0,0.0,-0.9860923541542858,200
4,19,76,1,2,0,0,114,4.75,1,4,0.9605263157894737,19,0,0.0,-0.9729588704210654,200
9,7,63,1,0,0,0,56,0.7777777777777778,1,7,0.4444444444444444,7,0,0.0,-0.8443469135770117,200
4,8,32,1,1,1,1,32,2.0,2,4,0.9375,8,0,0.0,-1.0192786086940153,200
11,18,198,1,1,1,1,198,1.6363636363636365,5,11,0.9696969696969697,18,0,0.0,-2.5992643013804986,200
10,3,30,1,0,1,0,27,0.3,1,3,0.2,3,0,0.0,-0.5357115807397611,200
5,12,60,0,0,1,0,48,2.4,1,5,0.8333333333333334,12,0,0.0,-0.7637938771524081,200
10,10,100,0,1,1,1,100,1.0,5,10,0.95,10,0,0.0,-1.7124533500234411,200
7,13,91,0,1,1,1,91,1.8571428571428572,3,7,0.9560439560439561,13,0,0.0,-1.2319458957023002,200
3,10,30,0,2,1,1,30,3.3333333333333335,1,3,0.9333333333333333,10,0,0.0,-0.45015430900491016,200
6,11,66,0,2,0,0,165,1.8333333333333333,1,6,0.9242424242424242,11,0,0.0,-0.013444526711142234,200
4,3,12,1,2,1,1,18,0.75,1,4,0.75,3,0,0.0,-1.0026742305898448,200
7,9,63,1,1,0,1,63,1.2857142857142858,7,7,1.0,9,0,0.0,-1.8692716971230687,200
4,20,80,1,0,1,1,60,5.0,2,4,0.975,20,0,0.0,-0.9654248104201163,200
9,6,54,0,1,1,1,54,0.6666666666666666,4,9,0.9074074074074074,6,0,0.0,-1.0396538058410656,200
9,11,99,0,2,1,1,396,1.2222222222222223,1,9,0.9191919191919192,11,0,0.0,-0.9117466011705067,200
6,9,54,1,2,0,1,135,1.5,6,6,1.0,9,0,0.0,-1.259307149728466,200
9,8,72,0,1,0,0,72,0.8888888888888888,1,9,0.7222222222222222,8,0,0.0,-0.8497215328969465,200
8,7,56,0,0,0,1,49,0.875,8,8,1.0,7,0,0.0,-0.858520677058688,200
4,15,60,1,0,1,0,45,3.75,1,4,0.9,15,0,0.0,-1.0376607455846631,200
3,12,36,1,2,1,0,36,4.0,1,3,0.9444444444444444,12,0,0.0,-0.8457105453391055,200
3,16,48,0,0,1,1,32,5.333333333333333,2,3,0.9791666666666666,16,0,0.0,-0.4454098173919591,200
6,17,102,0,0,0,0,85,2.8333333333333335,1,6,0.8529411764705882,17,0,0.0,-0.5936765367832963,200
6,8,48,1,0,1,0,40,1.3333333333333333,1,6,0.6875,8,0,0.0,-1.2289518192465234,200
4,14,56,0,2,0,1,84,3.5,4,4,1.0,14,0,0.0,0.14594438002481777,200
9,9,81,1,2,1,0,324,1.0,1,9,0.9012345679012346,9,0,0.0,-1.9845943321650334,200
6,11,66,0,0,0,1,55,1.8333333333333333,6,6,1.0,11,0,0.0,-0.6804692620553594,200
12,17,204,1,0,1,1,187,1.4166666666666667,6,12,0.9705882352941176,17,0,0.0,-2.8606411142428505,200
4,9,36,1,1,1,0,36,2.25,3,4,0.9722222222222222,9,0,0.0,-0.9516395051963952,200
2,8,16,1,0,1,0,8,4.0,1,2,0.9375,8,0,0.0,-0.6318814588404913,200
10,11,110,1,0,0,0,99,1.1,1,10,0.5909090909090909,11,0,0.0,-0.897689237539004,200
3,12,36,1,2,1,0,36,4.0,1,3,0.9444444444444444,12,0,0.0,-0.7931922937455085,200
9,18,162,0,1,1,0,162,2.0,8,9,0.9938271604938271,18,0,0.0,-1.7216428478691652,200
8,11,88,1,2,0,1,308,1.375,8,8,1.0,11,0,0.0,-1.6458105875323548,200
12,1,12,0,1,0,1,12,0.08333333333333333,12,12,1.0,1,0,0.0,0.0388933563752684,200
9,8,72,1,1,0,0,72,0.8888888888888888,1,9,0.7222222222222222,8,0,0.0,-0.9758215414138883,200
9,3,27,0,2,1,0,108,0.3333333333333333,1,9,0.7037037037037037,3,0,0.0,-0.37294921050718105,200
11,16,176,0,0,0,0,160,1.4545454545454546,1,11,0.6875,16,0,0.0,-0.6260926919393022,200
7,17,119,1,2,1,1,357,2.4285714285714284,1,7,0.9495798319327731,17,0,0.0,-1.6883253925151251,200
11,19,209,0,1,1,0,209,1.7272727272727273,10,11,0.9952153110047847,19,0,0.0,-2.2129916114984716,200
7,3,21,1,1,0,0,21,0.42857142857142855,1,5,0.42857142857142855,3,0,0.0,-0.6807484850387452,200
2,17,34,1,1,1,1,34,8.5,1,2,0.9705882352941176,17,1,0.058823529411764705,-0.6921814722265843,200
12,9,108,0,1,1,1,108,0.75,6,12,0.9444444444444444,9,0,0.0,-1.7054099403620337,200
9,8,72,1,1,0,0,72,0.8888888888888888,1,9,0.7222222222222222,8,0,0.0,-1.0189720568866676,200
10,2,20,0,2,1,0,90,0.2,1,10,0.55,2,0,0.0,-0.3040333637480069,200
8,15,120,1,2,1,0,420,1.875,1,8,0.9416666666666667,15,0,0.0,-1.8543714090528896,200
2,1,2,0,1,1,1,2,0.5,1,1,0.5,1,0,0.0,-0.3204990768631192,200
3,8,24,0,0,0,0,16,2.6666666666666665,1,3,0.875,8,0,0.0,-0.4458437440486293,200
6,9,54,1,2,1,1,135,1.5,1,6,0.9074074074074074,9,1,0.1111111111111111,-1.5429135484604215,200
9,12,108,1,2,1,0,432,1.3333333333333333,1,9,0.9259259259259259,12,0,0.0,-2.0055687893816145,200
11,4,44,0,1,0,1,44,0.36363636363636365,11,11,1.0,4,0,0.0,-0.3520548145936771,200
4,20,80,0,0,1,1,60,5.0,2,4,0.975,20,0,0.0,-0.6290049529859577,200
9,14,126,0,2,0,0,504,1.5555555555555556,1,9,0.9365079365079365,14,0,0.0,0.14558367052385804,200
2,10,20,0,1,1,0,20,5.0,1,2,0.95,10,0,0.0,-0.33543546525185297,200
11,1,11,0,1,1,1,11,0.09090909090909091,5,5,0.45454545454545453,1,0,0.0,-0.197528334724127,200
6,14,84,0,2,0,1,210,2.3333333333333335,6,6,1.0,14,0,0.0,0.32140061852627355,200
8,4,32,1,1,1,0,32,0.5,7,8,0.96875,4,0,0.0,-1.5957804091829177,200
4,11,44,0,1,1,1,44,2.75,2,4,0.9545454545454546,11,0,0.0,-0.6454515656018291,200
10,3,30,1,2,0,0,135,0.3,1,10,0.7,3,0,0.0,-0.5566935856163157,200
10,5,50,0,2,0,0,225,0.5,1,10,0.82,5,0,0.0,0.32181125947479916,200
6,18,108,0,0,0,0,90,3.0,1,6,0.8611111111111112,18,0,0.0,-0.6084986060911671,200
8,12,96,1,0,1,0,84,1.5,1,8,0.7083333333333334,12,0,0.0,-1.7343125893276832,200
6,4,24,0,0,0,0,20,0.6666666666666666,1,4,0.4166666666666667,4,0,0.0,-0.43855696061784816,200
9,18,162,1,1,1,1,162,2.0,4,9,0.9691358024691358,18,0,0.0,-2.1112891507884917,200
7,18,126,1,2,1,1,378,2.5714285714285716,1,7,0.9523809523809523,18,0,0.0,-1.6913584275139746,200
8,11,88,1,1,0,1,88,1.375,8,8,1.0,11,0,0.0,-1.918627303476513,200
9,12,108,1,1,1,0,108,1.3333333333333333,8,9,0.9907407407407407,12,0,0.0,-2.068129329471188,200
2,16,32,0,2,0,0,16,8.0,1,2,0.96875,16,0,0.0,-0.2746843387553784,200
11,18,198,0,1,0,0,198,1.6363636363636365,1,11,0.8484848484848485,18,0,0.0,-1.2124105919329848,200
2,12,24,0,0,1,1,12,6.0,1,2,0.9583333333333334,12,0,0.0,-0.3422933071775061,200
2,14,28,0,0,0,1,14,7.0,2,2,1.0,14,0,0.0,-0.12775135140326024,200
3,4,12,1,2,1,1,12,1.3333333333333333,1,3,0.8333333333333334,4,1,0.25,-0.7695648158099352,200
8,5,40,0,1,1,1,40,0.625,4,8,0.9,5,0,0.0,-0.8907004673105138,200
4,10,40,0,2,0,0,60,2.5,1,4,0.925,10,0,0.0,-0.14848571554994913,200
5,9,45,1,0,0,0,36,1.8,1,5,0.7777777777777778,9,0,0.0,-0.7252990176352663,200
6,4,24,0,1,1,1,24,0.6666666666666666,3,6,0.875,4,0,0.0,-0.6613227915354272,200
2,6,12,0,1,0,0,12,3.0,1,2,0.9166666666666666,6,0,0.0,-0.27252603123182784,200
9,2,18,1,1,1,1,18,0.2222222222222222,4,9,0.7222222222222222,2,0,0.0,-0.8106036370434562,200
12,11,132,0,0,0,1,121,0.9166666666666666,12,12,1.0,11,0,0.0,-1.4392385050970051,200
5,6,30,1,0,1,1,24,1.2,3,5,0.9333333333333333,6,0,0.0,-1.21374930297704,200
4,9,36,0,1,1,0,36,2.25,3,4,0.9722222222222222,9,0,0.0,-0.5948920061293188,200
11,20,220,1,2,0,0,1100,1.8181818181818181,1,11,0.9545454545454546,20,0,0.0,-2.504185355877908,200
5,14,70,1,0,1,1,56,2.8,3,5,0.9714285714285714,14,0,0.0,-1.1639815857867546,200
9,2,18,0,2,0,0,72,0.2222222222222222,1,9,0.5555555555555556,2,0,0.0,-0.5356269618737428,200
8,18,144,0,0,0,0,126,2.25,1,8,0.8055555555555556,18,0,0.0,-0.6511648731175447,200
12,6,72,1,2,1,1,396,0.5,1,12,0.8472222222222222,6,1,0.16666666666666666,-1.0477262387452022,200
7,13,91,0,0,0,1,78,1.8571428571428572,7,7,1.0,13,0,0.0,-0.9826540913345391,200
2,15,30,1,2,1,0,15,7.5,1,2,0.9666666666666667,15,1,0.06666666666666667,-0.7313523446938972,200
8,18,144,1,0,0,1,126,2.25,8,8,1.0,18,0,0.0,-1.8543140879747748,200
4,13,52,0,0,1,0,39,3.25,1,4,0.8846153846153846,13,0,0.0,-0.6300855482131942,200
6,15,90,0,1,1,0,90,2.5,5,6,0.9888888888888889,15,0,0.0,-1.0243872536465652,200
10,8,80,1,0,1,0,72,0.8,1,8,0.45,8,0,0.0,-1.5397846540692353,200
3,16,48,0,1,1,0,48,5.333333333333333,2,3,0.9791666666666666,16,0,0.0,-0.4450295054069578,200
2,3,6,0,2,1,0,3,1.5,1,2,0.8333333333333334,3,0,0.0,-0.36299231766678475,200
6,19,114,0,1,1,1,114,3.1666666666666665,3,6,0.9736842105263158,19,0,0.0,-1.0201343832363965,200
7,11,77,1,2,0,1,231,1.5714285714285714,7,7,1.0,11,0,0.0,-1.460387140229782,200
6,12,72,1,1,0,0,72,2.0,1,6,0.875,12,0,0.0,-1.260526070807363,200
4,1,4,1,0,1,0,3,0.25,1,1,0.25,1,0,0.0,-0.35074483120897554,200
10,19,190,0,1,0,0,190,1.9,1,10,0.868421052631579,19,0,0.0,-1.1601899257368966,200
7,15,105,1,2,0,1,315,2.142857142857143,7,7,1.0,15,0,0.0,-1.5560257162668552,200
12,7,84,1,0,0,0,77,0.5833333333333334,1,7,0.3333333333333333,7,6,0.8571428571428571,-0.27989567595089504,200
6,18,108,0,2,0,0,270,3.0,1,6,0.9537037037037037,18,0,0.0,-0.04875177954886525,200
9,11,99,1,0,1,1,88,1.2222222222222223,5,9,0.9595959595959596,11,0,0.0,-2.080229359967049,200
5,19,95,1,2,0,0,190,3.8,1,5,0.9578947368421052,19,0,0.0,-1.1758498202868977,200
11,13,143,0,2,1,0,715,1.1818181818181819,1,11,0.9300699300699301,13,0,0.0,-1.3232392214786863,200
12,1,12,0,2,0,0,66,0.08333333333333333,1,1,0.08333333333333333,1,0,0.0,-0.32526628662360274,200
7,11,77,1,0,0,1,66,1.5714285714285714,7,7,1.0,11,0,0.0,-1.676982613675141,200
12,16,192,0,2,1,0,1056,1.3333333333333333,1,12,0.9427083333333334,16,0,0.0,-1.6378185458188455,200
7,5,35,0,2,1,0,105,0.7142857142857143,1,7,0.8285714285714286,5,0,0.0,-0.5444273780708314,200
11,18,198,1,2,1,1,990,1.6363636363636365,1,11,0.9494949494949495,18,0,0.0,-2.5620648559896178,200
4,11,44,0,1,1,0,44,2.75,3,4,0.9772727272727273,11,0,0.0,-0.6003240598842603,200
12,13,156,0,1,0,1,156,1.0833333333333333,12,12,1.0,13,0,0.0,-0.42702436875228694,200
7,15,105,0,0,0,0,90,2.142857142857143,1,7,0.8,15,0,0.0,-0.6417286916782726,200
11,19,209,0,0,0,0,190,1.7272727272727273,1,11,0.7368421052631579,19,0,0.0,-0.6598483886258396,200
10,18,180,0,1,1,0,180,1.8,9,10,0.9944444444444445,18,0,0.0,-1.9685104344594342,200
7,19,133,0,0,0,1,114,2.7142857142857144,7,7,1.0,19,0,0.0,-1.023694775236353,200
2,5,10,1,1,1,0,10,2.5,1,2,0.9,5,0,0.0,-0.7160307432580528,200
2,17,34,0,1,0,0,34,8.5,1,2,0.9705882352941176,17,0,0.0,-0.2929581795936269,200
4,6,24,0,1,1,0,24,1.5,3,4,0.9583333333333334,6,0,0.0,-0.5451021426103085,200
9,19,171,1,1,0,0,171,2.111111111111111,1,9,0.8830409356725146,19,0,0.0,-1.5809029686210216,200
8,5,40,1,2,1,1,140,0.625,1,8,0.825,5,0,0.0,-0.8808201544957807,200
11,4,44,1,0,0,0,40,0.36363636363636365,1,4,0.22727272727272727,4,0,0.0,-0.3982319584807728,200
9,7,63,0,1,1,1,63,0.7777777777777778,4,9,0.9206349206349206,7,0,0.0,-1.0798273590529857,200
4,19,76,1,1,1,0,76,4.75,3,4,0.9868421052631579,19,0,0.0,-0.9471479935671734,200
8,11,88,0,2,0,0,308,1.375,1,8,0.9204545454545454,11,0,0.0,0.06945465301593984,200
8,3,24,0,2,1,1,84,0.375,1,8,0.7083333333333334,3,0,0.0,-0.36271573784176936,200
3,7,21,1,1,1,0,21,2.3333333333333335,2,3,0.9523809523809523,7,0,0.0,-0.6899213258464826,200
9,11,99,0,2,0,0,396,1.2222222222222223,1,9,0.9191919191919192,11,0,0.0,0.1303183820296889,200
12,3,36,1,0,1,1,33,0.25,6,12,0.8333333333333334,3,0,0.0,-1.3092985901687362,200
8,7,56,0,1,0,0,56,0.875,1,8,0.7142857142857143,7,0,0.0,-0.7022738381023176,200
2,13,26,1,0,1,0,13,6.5,1,2,0.9615384615384616,13,0,0.0,-0.6900355372849349,200
3,4,12,1,2,1,1,12,1.3333333333333333,1,3,0.8333333333333334,4,0,0.0,-0.7211782063286629,200
10,8,80,1,0,1,1,72,0.8,5,10,0.9375,8,0,0.0,-2.1347054854641634,200
8,5,40,0,2,1,0,140,0.625,1,8,0.825,5,0,0.0,-0.5854820356198219,200
10,17,170,1,0,0,0,153,1.7,1,10,0.7352941176470589,17,1,0.058823529411764705,-1.1674576840566198,200
2,5,10,1,0,1,0,5,2.5,1,2,0.9,5,0,0.0,-0.7141903636976169,200
3,13,39,0,1,1,1,39,4.333333333333333,1,3,0.9487179487179487,13,0,0.0,-0.480555759497092,200
10,11,110,0,0,0,1,99,1.1,10,10,1.0,11,0,0.0,-1.29808959999542,200
7,15,105,0,2,1,0,315,2.142857142857143,1,7,0.9428571428571428,15,0,0.0,-1.1265090259429071,200
7,18,126,1,0,1,1,108,2.5714285714285716,4,7,0.9761904761904762,18,0,0.0,-1.5957135385851577,200
7,3,21,1,2,1,0,63,0.42857142857142855,1,7,0.7142857142857143,3,1,0.3333333333333333,-0.6201215257722122,200
10,6,60,0,2,0,1,270,0.6,10,10,1.0,6,0,0.0,0.6168886807129632,200
8,13,104,0,0,0,1,91,1.625,8,8,1.0,13,0,0.0,-0.9996704276717212,200
3,20,60,0,2,0,1,60,6.666666666666667,3,3,1.0,20,0,0.0,0.11740713736029613,200
8,12,96,1,1,1,1,96,1.5,4,8,0.9583333333333334,12,0,0.0,-1.871927336368419,200
2,2,4,1,1,1,0,4,1.0,1,2,0.75,2,0,0.0,-0.5672012731564917,200
8,7,56,0,2,0,1,196,0.875,8,8,1.0,7,0,0.0,0.4875495011598553,200
7,1,7,0,2,1,1,21,0.14285714285714285,1,1,0.14285714285714285,1,0,0.0,-0.30861448547065323,200
8,15,120,0,0,1,0,105,1.875,1,8,0.7666666666666667,15,0,0.0,-1.201706615851206,200
10,17,170,1,1,0,1,170,1.7,10,10,1.0,17,0,0.0,-2.361602492773328,200
5,3,15,1,1,1,1,15,0.6,2,5,0.8,3,0,0.0,-0.6675543252897866,200
11,18,198,0,0,1,0,180,1.6363636363636365,1,11,0.7222222222222222,18,0,0.0,-1.5508588712389457,200
6,11,66,1,1,1,0,66,1.8333333333333333,5,6,0.9848484848484849,11,0,0.0,-1.3397214060896305,200
12,16,192,1,1,1,1,192,1.3333333333333333,6,12,0.96875,16,0,0.0,-2.8515934500995783,200
11,6,66,1,0,1,0,60,0.5454545454545454,1,6,0.3181818181818182,6,0,0.0,-0.9999709813300435,200
11,7,77,1,0,0,0,70,0.6363636363636364,1,7,0.36363636363636365,7,0,0.0,-0.8651233129446448,200
7,17,119,1,0,1,0,102,2.4285714285714284,1,7,0.8235294117647058,17,1,0.058823529411764705,-1.6494045961992656,200
12,20,240,0,0,0,0,220,1.6666666666666667,1,12,0.725,20,0,0.0,-0.6819453217391984,200
11,4,44,0,2,0,0,220,0.36363636363636365,1,11,0.7727272727272727,4,0,0.0,0.3205533081942324,200
9,9,81,0,2,1,1,324,1.0,1,9,0.9012345679012346,9,0,0.0,-0.7615985889342047,200
5,13,65,0,2,1,1,130,2.6,1,5,0.9384615384615385,13,0,0.0,-0.79247177362439,200
12,4,48,0,0,0,0,44,0.3333333333333333,1,4,0.20833333333333334,4,0,0.0,-0.4499576194395129,200
7,1,7,0,1,0,0,7,0.14285714285714285,1,1,0.14285714285714285,1,0,0.0,-0.301300437412247,200
5,12,60,0,2,0,1,120,2.4,5,5,1.0,12,0,0.0,0.2919371349498389,200
12,4,48,1,1,1,0,48,0.3333333333333333,11,12,0.9791666666666666,4,0,0.0,-1.715905117607741,200
9,2,18,1,1,0,1,18,0.2222222222222222,9,9,1.0,2,0,0.0,-0.8138007688303645,200
4,11,44,0,0,1,1,33,2.75,2,4,0.9545454545454546,11,0,0.0,-0.5991255073889027,200
4,6,24,0,0,1,1,18,1.5,2,4,0.9166666666666666,6,0,0.0,-0.5136210002783157,200
2,18,36,1,1,1,1,36,9.0,1,2,0.9722222222222222,18,0,0.0,-0.6621330411799131,200
12,7,84,1,0,0,1,77,0.5833333333333334,12,12,1.0,7,0,0.0,-3.0198596419688215,200
3,4,12,0,0,1,0,8,1.3333333333333333,1,3,0.75,4,0,0.0,-0.40886466034092206,200
9,11,99,1,2,0,1,396,1.2222222222222223,9,9,1.0,11,0,0.0,-1.7695357556442894,200
12,5,60,0,1,1,1,60,0.4166666666666667,6,12,0.9,5,0,0.0,-1.1003032678944011,200
8,5,40,1,0,1,1,35,0.625,4,8,0.9,5,0,0.0,-1.2779700300060821,200
12,19,228,0,0,0,0,209,1.5833333333333333,1,12,0.7105263157894737,19,0,0.0,-0.664014964819718,200
6,6,36,0,2,0,0,90,1.0,1,6,0.8611111111111112,6,0,0.0,-0.08374853459124308,200
11,5,55,1,0,0,1,50,0.45454545454545453,11,11,1.0,5,0,0.0,-2.413780127306223,200
2,1,2,0,2,0,1,1,0.5,2,2,1.0,1,0,0.0,-0.3216357426772711,200
5,14,70,0,0,1,1,56,2.8,3,5,0.9714285714285714,14,0,0.0,-0.7899488727357346,200
4,8,32,0,2,1,1,48,2.0,1,4,0.90625,8,0,0.0,-0.5630525668074916,200
10,7,70,1,0,1,0,63,0.7,1,7,0.4,7,0,0.0,-1.1944158873793573,200
9,7,63,1,2,0,0,252,0.7777777777777778,1,9,0.873015873015873,7,2,0.2857142857142857,-0.9653507308062841,200
3,2,6,0,1,1,0,6,0.6666666666666666,2,3,0.8333333333333334,2,0,0.0,-0.3516975374647263,200
8,11,88,1,0,0,1,77,1.375,8,8,1.0,11,0,0.0,-1.9087433418663655,200
9,19,171,0,1,0,1,171,2.111111111111111,9,9,1.0,19,0,0.0,-0.02653082828335294,200
11,7,77,0,0,0,0,70,0.6363636363636364,1,7,0.36363636363636365,7,0,0.0,-0.4959024079461445,200
10,16,160,1,1,1,1,160,1.6,5,10,0.96875,16,0,0.0,-2.3141260666553314,200
4,10,40,1,2,0,0,60,2.5,1,4,0.925,10,2,0.2,-1.0717503930940318,200
6,15,90,0,2,0,0,225,2.5,1,6,0.9444444444444444,15,0,0.0,-0.051713636880986194,200
11,10,110,1,0,0,1,100,0.9090909090909091,11,11,1.0,10,0,0.0,-2.7929397783135177,200
8,8,64,0,2,1,0,224,1.0,1,8,0.890625,8,0,0.0,-0.7882523353315595,200
12,12,144,0,1,1,0,144,1.0,11,12,0.9930555555555556,12,0,0.0,-2.208533575657595,200
12,3,36,1,1,1,0,36,0.25,11,12,0.9722222222222222,3,0,0.0,-1.0982374727687563,200
5,1,5,0,1,1,1,5,0.2,2,2,0.4,1,0,0.0,-0.3310220517936983,200
7,16,112,1,0,1,1,96,2.2857142857142856,4,7,0.9732142857142857,16,0,0.0,-1.597655524802191,200
4,3,12,0,1,0,0,12,0.75,1,4,0.6666666666666666,3,0,0.0,-0.4606164283782893,200
8,15,120,1,2,1,1,420,1.875,1,8,0.9416666666666667,15,0,0.0,-1.831743427086432,200
12,4,48,0,2,0,1,264,0.3333333333333333,12,12,1.0,4,0,0.0,0.7677471442894505,200
7,1,7,1,0,1,1,6,0.14285714285714285,4,4,0.5714285714285714,1,0,0.0,-0.3009420160588634,200
11,13,143,1,1,0,1,143,1.1818181818181819,11,11,1.0,13,0,0.0,-2.6872217118183865,200
11,14,154,1,1,1,1,154,1.2727272727272727,5,11,0.961038961038961,14,0,0.0,-2.5982693215837513,200
11,6,66,1,2,1,1,330,0.5454545454545454,1,11,0.8484848484848485,6,0,0.0,-0.9699733132523192,200
12,20,240,1,0,1,0,220,1.6666666666666667,1,12,0.725,20,0,0.0,-2.815563952221309,200
10,16,160,1,2,0,0,720,1.6,1,10,0.94375,16,1,0.0625,-2.0994403229608474,200
10,14,140,0,0,0,0,126,1.4,1,10,0.6785714285714286,14,0,0.0,-0.6378178388133549,200
10,14,140,1,2,1,0,630,1.4,1,10,0.9357142857142857,14,0,0.0,-2.269827620027937,200
2,6,12,0,2,1,0,6,3.0,1,2,0.9166666666666666,6,0,0.0,-0.3487861477954427,200
8,8,64,1,1,1,0,64,1.0,7,8,0.984375,8,0,0.0,-1.7462188535109637,200
12,11,132,1,1,0,1,132,0.9166666666666666,12,12,1.0,11,0,0.0,-2.9189258563336637,200
7,15,105,0,2,1,0,315,2.142857142857143,1,7,0.9428571428571428,15,0,0.0,-1.1157019079142487,200
4,6,24,1,0,0,0,18,1.5,1,4,0.75,6,0,0.0,-0.7789813429846298,200
2,7,14,0,0,0,1,7,3.5,2,2,1.0,7,0,0.0,-0.08864682670230584,200
3,3,9,0,0,1,0,6,1.0,1,3,0.6666666666666666,3,0,0.0,-0.3465224121508388,200
8,15,120,1,1,0,1,120,1.875,8,8,1.0,15,0,0.0,-1.9258336249503734,200
8,10,80,0,0,0,1,70,1.25,8,8,1.0,10,0,0.0,-0.9400255855452714,200
10,18,180,1,1,0,1,180,1.8,10,10,1.0,18,0,0.0,-2.4081919936789804,200
8,18,144,1,0,0,1,126,2.25,8,8,1.0,18,0,0.0,-1.9210783428337606,200
4,7,28,0,1,0,1,28,1.75,4,4,1.0,7,0,0.0,-0.1869150192384374,200
7,9,63,1,1,1,0,63,1.2857142857142858,6,7,0.9841269841269841,9,0,0.0,-1.5641937947081657,200
2,2,4,0,1,0,0,4,1.0,1,2,0.75,2,0,0.0,-0.31561101315497897,200
6,13,78,1,0,1,1,65,2.1666666666666665,3,6,0.9615384615384616,13,0,0.0,-1.379419451916212,200
3,15,45,0,2,0,0,45,5.0,1,3,0.9555555555555556,15,0,0.0,-0.19374587004139834,200
9,2,18,1,1,1,1,18,0.2222222222222222,4,9,0.7222222222222222,2,0,0.0,-0.7168848431924554,200
3,14,42,0,0,1,1,28,4.666666666666667,2,3,0.9761904761904762,14,0,0.0,-0.4757611551909828,200
4,10,40,0,2,0,1,60,2.5,4,4,1.0,10,0,0.0,0.1341630733713006,200
3,12,36,1,0,1,1,24,4.0,2,3,0.9722222222222222,12,1,0.08333333333333333,-0.7833336128233679,200
6,19,114,0,1,0,1,114,3.1666666666666665,6,6,1.0,19,0,0.0,-0.2440306944625576,200
11,20,220,0,0,1,1,200,1.8181818181818181,6,11,0.9772727272727273,20,0,0.0,-2.1405088713452165,200
9,14,126,1,2,1,0,504,1.5555555555555556,1,9,0.9365079365079365,14,2,0.14285714285714285,-1.9564572473633814,200
2,10,20,1,0,0,1,10,5.0,2,2,1.0,10,0,0.0,-0.7052790875570032,200
8,9,72,0,1,1,1,72,1.125,4,8,0.9444444444444444,9,0,0.0,-1.2469485470637738,200
12,9,108,0,0,1,0,99,0.75,1,9,0.4166666666666667,9,0,0.0,-0.7578082593397759,200
6,3,18,1,2,0,1,45,0.5,6,6,1.0,3,0,0.0,-0.6916794447098471,200
5,11,55,1,0,1,0,44,2.2,1,5,0.8181818181818182,11,0,0.0,-1.23965519430259,200
3,2,6,1,2,1,0,6,0.6666666666666666,1,3,0.6666666666666666,2,0,0.0,-0.5961355394394509,200
4,14,56,1,0,0,1,42,3.5,4,4,1.0,14,0,0.0,-0.976633446474486,200
3,9,27,1,0,0,0,18,3.0,1,3,0.8888888888888888,9,1,0.1111111111111111,-0.9358705804967896,200
4,14,56,1,0,0,0,42,3.5,1,4,0.8928571428571429,14,2,0.14285714285714285,-0.9008593448897229,200
9,18,162,0,1,0,1,162,2.0,9,9,1.0,18,0,0.0,-0.06077826147681087,200
3,13,39,0,1,1,0,39,4.333333333333333,2,3,0.9743589743589743,13,0,0.0,-0.4557233025297262,200
2,17,34,0,1,0,0,34,8.5,1,2,0.9705882352941176,17,0,0.0,-0.325792211081906,200
10,20,200,0,0,0,1,180,2.0,10,10,1.0,20,0,0.0,-1.406288282929847,200
3,10,30,0,1,1,1,30,3.3333333333333335,1,3,0.9333333333333333,10,0,0.0,-0.46102104561944957,200
10,11,110,0,1,1,1,110,1.1,5,10,0.9545454545454546,11,0,0.0,-1.7298520064169867,200
12,11,132,0,2,0,1,726,0.9166666666666666,12,12,1.0,11,0,0.0,0.6493628497879036,200
11,10,110,0,2,0,0,550,0.9090909090909091,1,11,0.9090909090909091,10,0,0.0,0.2049119953766669,200
8,1,8,1,0,0,0,7,0.125,1,1,0.125,1,0,0.0,-0.28390750301847467,200
3,11,33,0,0,1,0,22,3.6666666666666665,1,3,0.9090909090909091,11,0,0.0,-0.48128808960004243,200
7,19,133,0,0,0,1,114,2.7142857142857144,7,7,1.0,19,0,0.0,-0.9994161529589718,200
2,11,22,0,0,1,0,11,5.5,1,2,0.9545454545454546,11,0,0.0,-0.3289377315553863,200
12,11,132,0,2,1,1,726,0.9166666666666666,1,12,0.9166666666666666,11,0,0.0,-0.902204448769307,200
4,16,64,1,2,0,0,96,4.0,1,4,0.953125,16,2,0.125,-0.9173979672658188,200
9,6,54,0,1,1,0,54,0.6666666666666666,8,9,0.9814814814814815,6,0,0.0,-0.9889082952441424,200
2,14,28,1,2,1,0,14,7.0,1,2,0.9642857142857143,14,0,0.0,-0.6628774382613247,200
8,18,144,1,1,1,1,144,2.25,4,8,0.9722222222222222,18,0,0.0,-1.8284351003684194,200
9,19,171,0,0,0,1,152,2.111111111111111,9,9,1.0,19,0,0.0,-1.3098351822150147,200
5,6,30,1,2,1,1,60,1.2,1,5,0.8666666666666667,6,0,0.0,-1.0740207009934601,200
9,19,171,1,0,0,1,152,2.111111111111111,9,9,1.0,19,0,0.0,-2.13283501514663,200
2,15,30,1,1,0,1,30,7.5,2,2,1.0,15,0,0.0,-0.9001889383278947,200
9,3,27,1,1,0,0,27,0.3333333333333333,1,5,0.3333333333333333,3,1,0.3333333333333333,-0.5916175402624214,200
7,7,49,0,1,1,0,49,1.0,6,7,0.9795918367346939,7,0,0.0,-1.0003976076729462,200
6,5,30,0,0,0,0,25,0.8333333333333334,1,5,0.5,5,0,0.0,-0.5060584829252253,200
2,13,26,1,1,1,1,26,6.5,1,2,0.9615384615384616,13,2,0.15384615384615385,-0.6932371435962944,200
11,11,121,1,0,1,1,110,1.0,6,11,0.9586776859504132,11,0,0.0,-2.6115019268705875,200
6,12,72,0,1,0,1,72,2.0,6,6,1.0,12,0,0.0,-0.23434781060641816,200
3,14,42,1,1,0,0,42,4.666666666666667,1,3,0.9523809523809523,14,0,0.0,-0.7848235234570616,200
5,2,10,0,2,1,0,20,0.4,1,5,0.6,2,0,0.0,-0.2901989536075931,200
2,16,32,1,2,1,0,16,8.0,1,2,0.96875,16,1,0.0625,-0.6326764790448779,200
9,20,180,0,2,0,0,720,2.2222222222222223,1,9,0.9555555555555556,20,0,0.0,0.13266007941904526,200
8,5,40,1,0,1,1,35,0.625,4,8,0.9,5,0,0.0,-1.5112476653295297,200
9,3,27,1,1,0,0,27,0.3333333333333333,1,5,0.3333333333333333,3,0,0.0,-0.6345596814827287,200
4,9,36,0,2,1,0,54,2.25,1,4,0.9166666666666666,9,0,0.0,-0.5433308512412776,200
8,4,32,0,1,1,0,32,0.5,7,8,0.96875,4,0,0.0,-0.6914022236686154,200
4,20,80,0,0,0,0,60,5.0,1,4,0.925,20,0,0.0,-0.49504256796969626,200
5,16,80,0,1,1,0,80,3.2,4,5,0.9875,16,0,0.0,-0.8093753143110664,200
7,18,126,0,1,0,0,126,2.5714285714285716,1,7,0.9047619047619048,18,0,0.0,-0.7676047141296504,200
5,16,80,0,2,0,1,160,3.2,5,5,1.0,16,0,0.0,0.2809558654090229,200
9,1,9,1,1,1,1,9,0.1111111111111111,4,4,0.4444444444444444,1,0,0.0,-0.28486269764152816,200
5,12,60,1,1,1,1,60,2.4,2,5,0.95,12,0,0.0,-1.1530053512217504,200
10,16,160,0,0,0,0,144,1.6,1,10,0.71875,16,0,0.0,-0.6644453313348956,200
7,1,7,1,0,0,0,6,0.14285714285714285,1,1,0.14285714285714285,1,0,0.0,-0.2616160191760757,200
4,1,4,0,2,1,1,6,0.25,1,1,0.25,1,0,0.0,-0.2875107940910894,200
11,1,11,1,1,0,0,11,0.09090909090909091,1,1,0.09090909090909091,1,0,0.0,-0.2945312024402502,200
7,19,133,0,1,1,1,133,2.7142857142857144,3,7,0.9699248120300752,19,0,0.0,-1.265758858590677,200
3,1,3,0,0,0,1,2,0.3333333333333333,3,3,1.0,1,0,0.0,-0.2386482985155301,200
7,6,42,0,2,0,0,126,0.8571428571428571,1,7,0.8571428571428571,6,0,0.0,0.025909776358608458,200
5,2,10,0,1,0,0,10,0.4,1,3,0.4,2,0,0.0,-0.47543796223669493,200
5,15,75,0,1,1,0,75,3.0,4,5,0.9866666666666667,15,0,0.0,-0.7915521354382455,200
9,10,90,0,2,0,0,360,1.1111111111111112,1,9,0.9111111111111111,10,0,0.0,0.1830220191979717,200
5,11,55,0,0,1,1,44,2.2,3,5,0.9636363636363636,11,0,0.0,-0.7480920543673448,200
6,3,18,1,2,1,1,45,0.5,1,6,0.7222222222222222,3,0,0.0,-1.0083422805329336,200
11,3,33,1,1,0,0,33,0.2727272727272727,1,5,0.2727272727272727,3,1,0.3333333333333333,-0.4857989123555,200
8,5,40,0,2,0,0,140,0.625,1,8,0.825,5,0,0.0,0.18518481055107813,200
3,10,30,0,1,0,1,30,3.3333333333333335,3,3,1.0,10,0,0.0,0.07938360060462239,200
10,17,170,0,1,1,0,170,1.7,9,10,0.9941176470588236,17,0,0.0,-1.9665389202636223,200
9,4,36,0,1,1,0,36,0.4444444444444444,8,9,0.9722222222222222,4,0,0.0,-0.7313357069824675,200
7,16,112,0,2,1,0,336,2.2857142857142856,1,7,0.9464285714285714,16,0,0.0,-1.1521866337167201,200
5,8,40,0,2,1,0,80,1.6,1,5,0.9,8,0,0.0,-0.642460748041031,200
5,2,10,0,0,0,1,8,0.4,5,5,1.0,2,0,0.0,-0.4074006929353732,200
12,2,24,1,2,0,0,132,0.16666666666666666,1,12,0.5416666666666666,2,0,0.0,-0.6446694271852902,200
4,8,32,0,1,1,0,32,2.0,3,4,0.96875,8,0,0.0,-0.5782303690347962,200
12,13,156,1,2,0,1,858,1.0833333333333333,12,12,1.0,13,0,0.0,-2.5176360553168555,200
10,8,80,1,2,0,1,360,0.8,10,10,1.0,8,0,0.0,-1.6022370733001123,200
6,9,54,1,1,0,1,54,1.5,6,6,1.0,9,0,0.0,-1.5069841551565704,200
8,15,120,1,1,1,0,120,1.875,7,8,0.9916666666666667,15,0,0.0,-1.8208217474802182,200
6,14,84,0,2,1,0,210,2.3333333333333335,1,6,0.9404761904761905,14,0,0.0,-0.9582011437112125,200
8,4,32,1,1,0,1,32,0.5,8,8,1.0,4,0,0.0,-1.6528512626731982,200
4,13,52,1,0,0,0,39,3.25,1,4,0.8846153846153846,13,1,0.07692307692307693,-0.8296346259628867,200
9,8,72,1,2,1,1,288,0.8888888888888888,1,9,0.8888888888888888,8,1,0.125,-1.2735069194855582,200
10,3,30,0,2,1,1,135,0.3,1,10,0.7,3,0,0.0,-0.35836690198923193,200
4,7,28,0,2,1,1,42,1.75,1,4,0.8928571428571429,7,0,0.0,-0.555949855104468,200
7,14,98,1,0,1,1,84,2.0,4,7,0.9693877551020408,14,0,0.0,-1.6420218999422018,200
7,12,84,0,2,1,1,252,1.7142857142857142,1,7,0.9285714285714286,12,0,0.0,-0.9518096839140107,200
3,11,33,0,0,0,0,22,3.6666666666666665,1,3,0.9090909090909091,11,0,0.0,-0.4376275925105371,200
11,3,33,0,0,1,1,30,0.2727272727272727,6,11,0.8484848484848485,3,0,0.0,-0.5345977073363615,200
12,1,12,1,2,1,0,66,0.08333333333333333,1,1,0.08333333333333333,1,0,0.0,-0.3339652548754068,200
11,16,176,0,2,0,0,880,1.4545454545454546,1,11,0.9431818181818182,16,0,0.0,0.19849791218653384,200
6,17,102,1,2,1,1,255,2.8333333333333335,1,6,0.9509803921568627,17,0,0.0,-1.4190848314783018,200
9,8,72,0,0,1,0,64,0.8888888888888888,1,8,0.5,8,0,0.0,-0.6749565155622103,200
3,14,42,0,0,0,0,28,4.666666666666667,1,3,0.9285714285714286,14,0,0.0,-0.44811539842707054,200
12,20,240,0,1,1,1,240,1.6666666666666667,6,12,0.975,20,0,0.0,-2.51794100007562,200
11,14,154,1,1,1,1,154,1.2727272727272727,5,11,0.961038961038961,14,0,0.0,-2.598555640436766,200
7,1,7,1,1,0,1,7,0.14285714285714285,7,7,1.0,1,0,0.0,-0.13660124093382434,200
8,4,32,0,1,1,1,32,0.5,4,8,0.875,4,0,0.0,-0.791046556403126,200
6,8,48,1,2,0,1,120,1.3333333333333333,6,6,1.0,8,0,0.0,-1.201337424967909,200
7,20,140,1,2,1,0,420,2.857142857142857,1,7,0.9571428571428572,20,0,0.0,-1.6381850510545808,200
3,5,15,1,1,1,0,15,1.6666666666666667,2,3,0.9333333333333333,5,0,0.0,-0.7745294619841595,200
12,12,144,1,1,0,1,144,1.0,12,12,1.0,12,0,0.0,-2.9495855931767663,200
5,17,85,0,2,1,1,170,3.4,1,5,0.9529411764705882,17,0,0.0,-0.8410209826919152,200
8,7,56,0,1,0,0,56,0.875,1,8,0.7142857142857143,7,0,0.0,-0.6655455830608568,200
5,12,60,0,1,0,0,60,2.4,1,5,0.9,12,0,0.0,-0.5169539394168866,200
5,4,20,0,1,1,0,20,0.8,4,5,0.95,4,0,0.0,-0.5566095780036301,200
3,18,54,1,2,0,1,54,6.0,3,3,1.0,18,0,0.0,-0.7720605952778131,200
9,14,126,1,1,1,1,126,1.5555555555555556,4,9,0.9603174603174603,14,0,0.0,-2.0589850041520292,200
2,19,38,0,2,0,1,19,9.5,2,2,1.0,19,0,0.0,-0.1039532912066041,200
5,1,5,0,2,0,1,10,0.2,5,5,1.0,1,0,0.0,-0.15184260229289126,200
7,1,7,0,0,0,0,6,0.14285714285714285,1,1,0.14285714285714285,1,0,0.0,-0.28976097592398814,200
8,8,64,0,1,1,1,64,1.0,4,8,0.9375,8,0,0.0,-1.2071369761710309,200
11,4,44,1,1,1,1,44,0.36363636363636365,5,11,0.8636363636363636,4,0,0.0,-1.8560877486237646,200
3,6,18,1,2,0,0,18,2.0,1,3,0.8888888888888888,6,1,0.16666666666666666,-0.8137986518978482,200
6,11,66,1,0,1,1,55,1.8333333333333333,3,6,0.9545454545454546,11,0,0.0,-1.3859100357333551,200
9,13,117,1,2,0,1,468,1.4444444444444444,9,9,1.0,13,0,0.0,-1.8438319419890723,200
7,5,35,1,2,1,0,105,0.7142857142857143,1,7,0.8285714285714286,5,0,0.0,-1.0806774432156556,200
12,3,36,1,2,0,0,198,0.25,1,12,0.6944444444444444,3,2,0.6666666666666666,-0.28610482190189007,200
12,6,72,1,1,0,1,72,0.5,12,12,1.0,6,0,0.0,-3.072086079490618,200
7,16,112,0,1,0,0,112,2.2857142857142856,1,7,0.8928571428571429,16,0,0.0,-0.7460193898325614,200
3,18,54,0,1,0,0,54,6.0,1,3,0.9629629629629629,18,0,0.0,-0.18854972449353136,200
10,1,10,1,2,0,1,45,0.1,10,10,1.0,1,0,0.0,-0.12165824738784072,200
2,7,14,0,2,1,0,7,3.5,1,2,0.9285714285714286,7,0,0.0,-0.30928199201584805,200
11,1,11,1,1,0,0,11,0.09090909090909091,1,1,0.09090909090909091,1,0,0.0,-0.2826579963200779,200
5,4,20,1,1,1,0,20,0.8,4,5,0.95,4,0,0.0,-0.9204717407112089,200
2,6,12,0,0,0,0,6,3.0,1,2,0.9166666666666666,6,0,0.0,-0.3147065896650609,200
11,15,165,1,1,1,1,165,1.3636363636363635,5,11,0.9636363636363636,15,0,0.0,-2.593999679012144,200
6,12,72,1,1,0,0,72,2.0,1,6,0.875,12,0,0.0,-1.2132590148808549,200
11,18,198,0,1,1,0,198,1.6363636363636365,10,11,0.9949494949494949,18,0,0.0,-2.2262170940882022,200
7,9,63,0,0,0,0,54,1.2857142857142858,1,7,0.6666666666666666,9,0,0.0,-0.5433130739399704,200
5,12,60,0,2,0,1,120,2.4,5,5,1.0,12,0,0.0,0.2886819575221486,200
7,18,126,0,2,1,0,378,2.5714285714285716,1,7,0.9523809523809523,18,0,0.0,-1.2187757749768915,200
12,16,192,1,0,0,1,176,1.3333333333333333,12,12,1.0,16,0,0.0,-3.015370324622574,200
10,4,40,0,0,0,1,36,0.4,10,10,1.0,4,0,0.0,-0.849587587582024,200
2,7,14,0,1,0,1,14,3.5,2,2,1.0,7,0,0.0,-0.3287092265759602,200
5,3,15,0,2,0,1,30,0.6,5,5,1.0,3,0,0.0,0.28846645267774434,200
2,4,8,1,0,0,1,4,2.0,2,2,1.0,4,0,0.0,-0.6728725705895366,200
3,5,15,1,2,0,0,15,1.6666666666666667,1,3,0.8666666666666667,5,2,0.4,-0.6971861528214405,200
2,4,8,0,1,1,1,8,2.0,1,2,0.875,4,0,0.0,-0.36837918979985856,200
8,13,104,1,2,1,0,364,1.625,1,8,0.9326923076923077,13,0,0.0,-1.8495298136422602,200
2,19,38,0,2,0,1,19,9.5,2,2,1.0,19,0,0.0,-0.15019938048362858,200
12,8,96,0,2,0,0,528,0.6666666666666666,1,12,0.8854166666666666,8,0,0.0,0.20322448428387918,200
4,4,16,1,0,1,0,12,1.0,1,4,0.625,4,2,0.5,-0.5984646960217499,200
3,6,18,1,1,0,1,18,2.0,3,3,1.0,6,0,0.0,-0.9740622851857884,200
5,15,75,1,1,1,1,75,3.0,2,5,0.96,15,0,0.0,-1.1387734941644476,200
12,11,132,1,2,0,1,726,0.9166666666666666,12,12,1.0,11,0,0.0,-2.241980172955703,200
8,18,144,0,2,1,0,504,2.25,1,8,0.9513888888888888,18,0,0.0,-1.3715117385087092,200
7,16,112,0,2,1,1,336,2.2857142857142856,1,7,0.9464285714285714,16,0,0.0,-1.1590178974490646,200
8,8,64,0,0,0,0,56,1.0,1,8,0.5625,8,0,0.0,-0.5571761646980822,200
10,7,70,0,0,1,0,63,0.7,1,7,0.4,7,0,0.0,-0.6139854405293923,200
6,11,66,0,1,0,1,66,1.8333333333333333,6,6,1.0,11,0,0.0,-0.2997780783608946,200
10,19,190,1,0,0,1,171,1.9,10,10,1.0,19,0,0.0,-2.433371864177462,200
12,20,240,1,2,0,0,1320,1.6666666666666667,1,12,0.9541666666666667,20,1,0.05,-2.7551554954123723,200
4,3,12,0,2,1,0,18,0.75,1,4,0.75,3,0,0.0,-0.3612914123681952,200
4,5,20,1,1,1,0,20,1.25,3,4,0.95,5,0,0.0,-0.957893985285369,200
12,8,96,1,2,1,1,528,0.6666666666666666,1,12,0.8854166666666666,8,0,0.0,-1.3328878670857152,200
6,16,96,1,0,1,0,80,2.6666666666666665,1,6,0.84375,16,0,0.0,-1.492794753085739,200
10,8,80,1,1,1,1,80,0.8,5,10,0.9375,8,0,0.0,-2.389724120241498,200
10,2,20,1,0,1,1,18,0.2,5,10,0.75,2,0,0.0,-0.7686824830559141,200
12,7,84,0,2,1,1,462,0.5833333333333334,1,12,0.8690476190476191,7,0,0.0,-0.5988845688704827,200
10,11,110,0,1,1,0,110,1.1,9,10,0.990909090909091,11,0,0.0,-1.7910364588171561,200
5,13,65,1,2,0,0,130,2.6,1,5,0.9384615384615385,13,1,0.07692307692307693,-1.1393159932000911,200
10,2,20,0,1,0,1,20,0.2,10,10,1.0,2,0,0.0,-0.1487776382700566,200
6,11,66,0,1,0,1,66,1.8333333333333333,6,6,1.0,11,0,0.0,-0.27640492520657184,200
3,15,45,0,0,1,1,30,5.0,2,3,0.9777777777777777,15,0,0.0,-0.46293400078714253,200
12,12,144,1,1,1,0,144,1.0,11,12,0.9930555555555556,12,0,0.0,-2.8696367491670074,200
12,16,192,0,2,0,1,1056,1.3333333333333333,12,12,1.0,16,0,0.0,0.6277749649006403,200
6,15,90,1,1,1,1,90,2.5,3,6,0.9666666666666667,15,0,0.0,-1.3766711915471377,200
4,8,32,0,0,1,1,24,2.0,2,4,0.9375,8,0,0.0,-0.5523041870684332,200
5,12,60,0,2,1,0,120,2.4,1,5,0.9333333333333333,12,0,0.0,-0.741139544912317,200
6,15,90,0,0,1,0,75,2.5,1,6,0.8333333333333334,15,0,0.0,-0.9737370651958009,200
9,2,18,0,2,1,0,72,0.2222222222222222,1,9,0.5555555555555556,2,0,0.0,-0.26044885921643496,200
2,17,34,0,0,1,1,17,8.5,1,2,0.9705882352941176,17,0,0.0,-0.33051474128169983,200
11,4,44,1,2,1,0,220,0.36363636363636365,1,11,0.7727272727272727,4,0,0.0,-1.051573825241847,200
8,5,40,1,0,1,1,35,0.625,4,8,0.9,5,0,0.0,-1.3265061815141106,200
2,1,2,1,1,1,1,2,0.5,1,1,0.5,1,0,0.0,-0.32231575562180453,200
4,4,16,1,1,0,0,16,1.0,1,4,0.75,4,1,0.25,-0.6342818734557548,200
9,20,180,1,1,1,1,180,2.2222222222222223,4,9,0.9722222222222222,20,0,0.0,-2.0668052101881282,200
10,8,80,1,1,0,1,80,0.8,10,10,1.0,8,0,0.0,-2.5273836265353835,200
10,16,160,0,2,1,0,720,1.6,1,10,0.94375,16,0,0.0,-1.5644981613853903,200
10,13,130,1,2,1,0,585,1.3,1,10,0.9307692307692308,13,0,0.0,-2.2255349948043848,200
11,11,121,1,2,1,1,605,1.0,1,11,0.9173553719008265,11,2,0.18181818181818182,-2.247540326174826,200
9,13,117,0,1,0,1,117,1.4444444444444444,9,9,1.0,13,0,0.0,-0.06692534346731907,200
10,15,150,0,2,1,1,675,1.5,1,10,0.94,15,0,0.0,-1.2916042646185026,200
4,16,64,0,0,0,0,48,4.0,1,4,0.90625,16,0,0.0,-0.5026381620979085,200
11,4,44,1,1,1,0,44,0.36363636363636365,10,11,0.9772727272727273,4,0,0.0,-2.0205121660585372,200
11,6,66,0,1,1,1,66,0.5454545454545454,5,11,0.9090909090909091,6,0,0.0,-1.2182158392257318,200
2,10,20,1,0,1,1,10,5.0,1,2,0.95,10,1,0.1,-0.6889085435830421,200
9,1,9,1,2,1,1,36,0.1111111111111111,1,1,0.1111111111111111,1,1,1.0,nan,200
4,4,16,0,2,1,1,24,1.0,1,4,0.8125,4,0,0.0,-0.4147035643024139,200
11,18,198,1,2,1,0,990,1.6363636363636365,1,11,0.9494949494949495,18,0,0.0,-2.6309106036590975,200
9,2,18,1,2,0,0,72,0.2222222222222222,1,9,0.5555555555555556,2,1,0.5,-0.3026391038399563,200
8,2,16,1,0,1,1,14,0.25,4,8,0.75,2,0,0.0,-0.6613213550937286,200
9,14,126,0,0,1,0,112,1.5555555555555556,1,9,0.7142857142857143,14,0,0.0,-1.1801004314063184,200
8,12,96,1,1,0,0,96,1.5,1,8,0.8333333333333334,12,0,0.0,-1.308465719472623,200
5,9,45,1,1,1,1,45,1.8,2,5,0.9333333333333333,9,0,0.0,-1.15626492179804,200
12,3,36,0,1,1,1,36,0.25,6,12,0.8333333333333334,3,0,0.0,-0.6065686178215105,200
9,17,153,1,0,0,1,136,1.8888888888888888,9,9,1.0,17,0,0.0,-2.171718160997039,200
9,19,171,1,2,0,0,684,2.111111111111111,1,9,0.9532163742690059,19,0,0.0,-2.036572367162377,200
5,16,80,0,1,1,1,80,3.2,2,5,0.9625,16,0,0.0,-0.8126441726582705,200
2,18,36,1,2,1,1,18,9.0,1,2,0.9722222222222222,18,1,0.05555555555555555,-0.6865939964884445,200
6,16,96,1,1,1,1,96,2.6666666666666665,3,6,0.96875,16,0,0.0,-1.3795398047158327,200
4,3,12,1,0,0,0,9,0.75,1,3,0.5,3,0,0.0,-0.5241019299305582,200
2,14,28,1,2,1,0,14,7.0,1,2,0.9642857142857143,14,0,0.0,-0.7116674861088055,200
6,5,30,1,1,0,0,30,0.8333333333333334,1,6,0.7,5,0,0.0,-0.7212302865831693,200
11,1,11,1,0,1,0,10,0.09090909090909091,1,1,0.09090909090909091,1,0,0.0,-0.33400274492705156,200
9,6,54,0,0,0,1,48,0.6666666666666666,9,9,1.0,6,0,0.0,-0.9855414127489122,200
7,14,98,0,1,0,1,98,2.0,7,7,1.0,14,0,0.0,0.0043243191426692385,200
7,14,98,1,1,1,1,98,2.0,3,7,0.9591836734693877,14,0,0.0,-1.612033656372958,200
10,11,110,1,0,1,1,99,1.1,5,10,0.9545454545454546,11,0,0.0,-2.3500460537052463,200
4,12,48,0,2,1,1,72,3.0,1,4,0.9375,12,0,0.0,-0.6290373836190845,200
10,16,160,1,1,1,0,160,1.6,9,10,0.99375,16,0,0.0,-2.313754426506896,200
12,11,132,0,0,1,0,121,0.9166666666666666,1,11,0.5,11,0,0.0,-0.880373828233558,200
8,14,112,1,0,0,0,98,1.75,1,8,0.75,14,0,0.0,-0.9578669429627732,200
5,14,70,1,2,1,0,140,2.8,1,5,0.9428571428571428,14,0,0.0,-1.2049491550227587,200
5,16,80,1,1,1,0,80,3.2,4,5,0.9875,16,0,0.0,-1.1550904005850058,200
9,2,18,1,1,0,1,18,0.2222222222222222,9,9,1.0,2,0,0.0,-0.6677214399014868,200
10,15,150,1,2,0,1,675,1.5,10,10,1.0,15,0,0.0,-2.2337185809918254,200
9,17,153,1,2,1,0,612,1.8888888888888888,1,9,0.9477124183006536,17,0,0.0,-2.1093710956010336,200
2,19,38,0,1,1,0,38,9.5,1,2,0.9736842105263158,19,0,0.0,-0.3599895586461341,200
4,4,16,1,0,0,0,12,1.0,1,4,0.625,4,0,0.0,-0.7194791977983002,200
7,9,63,0,0,1,1,54,1.2857142857142858,4,7,0.9523809523809523,9,0,0.0,-1.025769206452933,200
6,20,120,0,1,1,1,120,3.3333333333333335,3,6,0.975,20,0,0.0,-1.0110413795143962,200
2,4,8,1,0,0,0,4,2.0,1,2,0.875,4,3,0.75,-0.31765326709421354,200
9,10,90,0,0,1,0,80,1.1111111111111112,1,9,0.6,10,0,0.0,-0.8444721277022074,200
12,15,180,1,1,0,1,180,1.25,12,12,1.0,15,0,0.0,-2.956843030251847,200
8,6,48,0,0,1,0,42,0.75,1,6,0.4375,6,0,0.0,-0.5306764178117557,200
7,15,105,1,2,1,1,315,2.142857142857143,1,7,0.9428571428571428,15,0,0.0,-1.6568280167467686,200
3,11,33,1,2,1,0,33,3.6666666666666665,1,3,0.9393939393939394,11,0,0.0,-0.8558061978698659,200
6,15,90,1,0,1,0,75,2.5,1,6,0.8333333333333334,15,0,0.0,-1.4858485374624417,200
5,12,60,0,0,1,0,48,2.4,1,5,0.8333333333333334,12,0,0.0,-0.7801308266999378,200
4,6,24,0,1,1,1,24,1.5,2,4,0.9166666666666666,6,0,0.0,-0.595078764159236,200
4,2,8,0,1,0,0,8,0.5,1,3,0.5,2,0,0.0,-0.45534873642256707,200
5,15,75,0,2,0,0,150,3.0,1,5,0.9466666666666667,15,0,0.0,-0.031582085046397645,200
10,2,20,0,2,1,1,90,0.2,1,10,0.55,2,0,0.0,-0.3090573841227863,200
12,18,216,0,2,0,0,1188,1.5,1,12,0.9490740740740741,18,0,0.0,0.199528425691049,200
7,3,21,1,1,1,0,21,0.42857142857142855,6,7,0.9523809523809523,3,0,0.0,-0.9342591106525383,200
9,17,153,0,0,1,1,136,1.8888888888888888,5,9,0.9738562091503268,17,0,0.0,-1.6480541933870927,200
11,8,88,1,1,0,0,88,0.7272727272727273,1,11,0.6590909090909091,8,0,0.0,-0.9268811815965001,200
3,14,42,1,1,1,0,42,4.666666666666667,2,3,0.9761904761904762,14,0,0.0,-0.8190594041436399,200
9,8,72,0,0,1,0,64,0.8888888888888888,1,8,0.5,8,0,0.0,-0.6644208249300007,200
12,12,144,1,2,1,0,792,1.0,1,12,0.9236111111111112,12,1,0.08333333333333333,-2.150154955845362,200
11,7,77,1,2,0,0,385,0.6363636363636364,1,11,0.8701298701298701,7,3,0.42857142857142855,-0.8711013871650479,200
8,16,128,0,0,0,1,112,2.0,8,8,1.0,16,0,0.0,-0.999877191899415,200
5,19,95,0,1,0,1,95,3.8,5,5,1.0,19,0,0.0,0.11176607612255307,200
12,13,156,0,2,1,0,858,1.0833333333333333,1,12,0.9294871794871795,13,0,0.0,-1.3736125530150975,200
2,14,28,1,0,1,1,14,7.0,1,2,0.9642857142857143,14,0,0.0,-0.6760226205554991,200
10,11,110,1,2,0,0,495,1.1,1,10,0.9181818181818182,11,0,0.0,-1.8035181325979615,200
4,14,56,1,1,1,1,56,3.5,2,4,0.9642857142857143,14,0,0.0,-0.9871718419117331,200
5,12,60,0,0,1,1,48,2.4,3,5,0.9666666666666667,12,0,0.0,-0.783506303171769,200
11,16,176,0,2,0,0,880,1.4545454545454546,1,11,0.9431818181818182,16,0,0.0,0.22486339632071825,200
10,20,200,0,1,1,0,200,2.0,9,10,0.995,20,0,0.0,-1.9879059524443292,200
10,6,60,1,0,1,1,54,0.6,5,10,0.9166666666666666,6,0,0.0,-2.142607216563131,200
12,10,120,0,1,0,0,120,0.8333333333333334,1,12,0.7,10,0,0.0,-0.8508085822522897,200
3,11,33,1,2,1,1,33,3.6666666666666665,1,3,0.9393939393939394,11,0,0.0,-0.8254190799355994,200
6,20,120,0,2,0,0,300,3.3333333333333335,1,6,0.9583333333333334,20,0,0.0,-0.06346500955703385,200
5,2,10,1,0,0,0,8,0.4,1,2,0.3,2,1,0.5,-0.31064971288370313,200
2,5,10,0,0,1,0,5,2.5,1,2,0.9,5,0,0.0,-0.3515020377082756,200
9,2,18,1,0,0,1,16,0.2222222222222222,9,9,1.0,2,0,0.0,-0.5660328676403505,200
9,16,144,0,2,1,0,576,1.7777777777777777,1,9,0.9444444444444444,16,0,0.0,-1.4254614683393068,200
2,8,16,1,2,1,1,8,4.0,1,2,0.9375,8,0,0.0,-0.6579581143845366,200
8,17,136,0,2,1,0,476,2.125,1,8,0.9485294117647058,17,0,0.0,-1.347858260451125,200
12,6,72,1,1,0,0,72,0.5,1,11,0.5,6,0,0.0,-0.9304110348243799,200
12,19,228,0,0,0,1,209,1.5833333333333333,12,12,1.0,19,0,0.0,-1.7308995438296715,200
9,15,135,0,2,0,1,540,1.6666666666666667,9,9,1.0,15,0,0.0,0.5218013876617612,200
9,12,108,1,2,0,1,432,1.3333333333333333,9,9,1.0,12,0,0.0,-1.8927262990300957,200
10,3,30,1,0,0,1,27,0.3,10,10,1.0,3,0,0.0,-1.2991924162563022,200
4,20,80,0,2,1,0,120,5.0,1,4,0.9625,20,0,0.0,-0.6260947668855069,200
3,2,6,0,2,1,1,6,0.6666666666666666,1,3,0.6666666666666666,2,0,0.0,-0.35342385433229045,200
7,14,98,1,0,1,1,84,2.0,4,7,0.9693877551020408,14,0,0.0,-1.6005918838677695,200
7,20,140,0,2,1,1,420,2.857142857142857,1,7,0.9571428571428572,20,0,0.0,-1.2345672802146515,200
10,2,20,1,2,0,0,90,0.2,1,10,0.55,2,0,0.0,-0.5151032544130862,200
9,20,180,1,2,1,0,720,2.2222222222222223,1,9,0.9555555555555556,20,0,0.0,-2.0773785777026346,200
10,5,50,1,1,0,0,50,0.5,1,9,0.5,5,0,0.0,-0.7672188163052522,200
5,3,15,0,1,0,1,15,0.6,5,5,1.0,3,0,0.0,0.03009640437030937,200
12,5,60,0,1,0,1,60,0.4166666666666667,12,12,1.0,5,0,0.0,-0.3698295410734124,200
11,8,88,1,0,0,1,80,0.7272727272727273,11,11,1.0,8,0,0.0,-2.3293282714428405,200
6,5,30,1,1,0,1,30,0.8333333333333334,6,6,1.0,5,0,0.0,-1.4258230106879066,200
10,14,140,0,0,1,0,126,1.4,1,10,0.6785714285714286,14,0,0.0,-1.158129713429976,200
5,17,85,0,2,1,1,170,3.4,1,5,0.9529411764705882,17,0,0.0,-0.8537039228366183,200
10,6,60,0,2,1,1,270,0.6,1,10,0.85,6,0,0.0,-0.5374109298612914,200
8,3,24,0,0,0,1,21,0.375,8,8,1.0,3,0,0.0,-0.7004720771813506,200
8,7,56,1,2,0,0,196,0.875,1,8,0.875,7,0,0.0,-1.0980664303782646,200
3,14,42,0,0,1,0,28,4.666666666666667,1,3,0.9285714285714286,14,0,0.0,-0.4670869453827123,200
7,13,91,0,1,0,1,91,1.8571428571428572,7,7,1.0,13,0,0.0,0.08263660789124948,200
3,12,36,1,2,0,1,36,4.0,3,3,1.0,12,0,0.0,-0.8351743725640429,200
3,14,42,0,2,0,0,42,4.666666666666667,1,3,0.9523809523809523,14,0,0.0,-0.19266044704840093,200
5,6,30,1,0,0,1,24,1.2,5,5,1.0,6,0,0.0,-1.3080332332654723,200
7,15,105,1,0,1,0,90,2.142857142857143,1,7,0.8,15,1,0.06666666666666667,-1.655150892887522,200
9,7,63,1,2,1,0,252,0.7777777777777778,1,9,0.873015873015873,7,0,0.0,-1.438852508048094,200
3,11,33,0,2,1,1,33,3.6666666666666665,1,3,0.9393939393939394,11,0,0.0,-0.500140111997876,200
5,1,5,0,2,1,0,10,0.2,1,1,0.2,1,0,0.0,-0.2945327385219305,200
2,10,20,1,2,1,0,10,5.0,1,2,0.95,10,0,0.0,-0.693361882368824,200
7,4,28,0,1,0,0,28,0.5714285714285714,1,7,0.5714285714285714,4,0,0.0,-0.598325975534207,200
10,15,150,0,1,0,0,150,1.5,1,10,0.8333333333333334,15,0,0.0,-1.0685000966556526,200
9,13,117,0,2,0,0,468,1.4444444444444444,1,9,0.9316239316239316,13,0,0.0,0.18329120332688884,200
5,3,15,0,2,1,1,30,0.6,1,5,0.7333333333333333,3,0,0.0,-0.3758438402867319,200
5,16,80,0,2,1,1,160,3.2,1,5,0.95,16,0,0.0,-0.8248661645455307,200
5,5,25,0,2,1,1,50,1.0,1,5,0.84,5,0,0.0,-0.4449036602099051,200
12,7,84,1,0,1,1,77,0.5833333333333334,6,12,0.9285714285714286,7,0,0.0,-2.6014386136339795,200
10,3,30,0,2,0,0,135,0.3,1,10,0.7,3,0,0.0,0.3710023331167201,200
7,7,49,1,1,0,0,49,1.0,1,7,0.7551020408163265,7,1,0.14285714285714285,-0.9520343471982408,200
2,8,16,1,2,1,0,8,4.0,1,2,0.9375,8,0,0.0,-0.6873266574658586,200
9,13,117,0,2,1,0,468,1.4444444444444444,1,9,0.9316239316239316,13,0,0.0,-1.2100266160656818,200
8,8,64,0,2,1,0,224,1.0,1,8,0.890625,8,0,0.0,-0.8105223111357583,200
6,12,72,0,0,0,1,60,2.0,6,6,1.0,12,0,0.0,-0.6742804235900322,200
12,20,240,1,0,1,1,220,1.6666666666666667,6,12,0.975,20,0,0.0,-2.8689309748297753,200
5,3,15,1,0,1,1,12,0.6,3,5,0.8666666666666667,3,0,0.0,-0.8148310544819395,200
10,5,50,0,0,1,0,45,0.5,1,5,0.3,5,0,0.0,-0.48194325432845575,200
6,5,30,0,1,1,1,30,0.8333333333333334,3,6,0.9,5,0,0.0,-0.7436576393979137,200
3,14,42,0,1,1,0,42,4.666666666666667,2,3,0.9761904761904762,14,0,0.0,-0.4485109400057482,200
4,5,20,1,2,1,0,30,1.25,1,4,0.85,5,0,0.0,-0.9215762350752654,200
5,3,15,0,1,1,0,15,0.6,4,5,0.9333333333333333,3,0,0.0,-0.4976201482376743,200
3,8,24,1,0,0,1,16,2.6666666666666665,3,3,1.0,8,0,0.0,-0.8888761386990746,200
8,7,56,0,1,0,0,56,0.875,1,8,0.7142857142857143,7,0,0.0,-0.7407246200993558,200
10,8,80,1,2,1,1,360,0.8,1,10,0.8875,8,0,0.0,-1.3544622031022042,200
6,14,84,0,1,1,0,84,2.3333333333333335,5,6,0.9880952380952381,14,0,0.0,-0.9948149197479063,200
2,19,38,0,1,0,1,38,9.5,2,2,1.0,19,0,0.0,-0.3024605145794233,200
9,1,9,1,2,0,0,36,0.1111111111111111,1,1,0.1111111111111111,1,0,0.0,-0.29557363333723563,200
11,19,209,0,2,1,0,1045,1.7272727272727273,1,11,0.9521531100478469,19,0,0.0,-1.8434231038603408,200
11,15,165,1,2,1,1,825,1.3636363636363635,1,11,0.9393939393939394,15,0,0.0,-2.2087329022121223,200
5,7,35,0,1,0,1,35,1.4,5,5,1.0,7,0,0.0,0.08846082756776606,200
2,16,32,1,0,0,0,16,8.0,1,2,0.96875,16,0,0.0,-0.6938286984806986,200
2,5,10,0,0,1,0,5,2.5,1,2,0.9,5,0,0.0,-0.34366905807283793,200
10,13,130,1,0,1,0,117,1.3,1,10,0.6538461538461539,13,1,0.07692307692307693,-2.0414489157435485,200
12,1,12,1,1,1,0,12,0.08333333333333333,11,11,0.9166666666666666,1,0,0.0,-0.06856989596360874,200
10,12,120,0,0,0,1,108,1.2,10,10,1.0,12,0,0.0,-1.3060737953837762,200
6,2,12,1,1,0,0,12,0.3333333333333333,1,3,0.3333333333333333,2,1,0.5,-0.31322068134652037,200
10,19,190,1,1,0,0,190,1.9,1,10,0.868421052631579,19,0,0.0,-1.5939061094301896,200
12,6,72,1,2,0,1,396,0.5,12,12,1.0,6,0,0.0,-1.4704843905877256,200
4,11,44,1,2,1,0,66,2.75,1,4,0.9318181818181818,11,0,0.0,-0.9478996537769321,200
6,1,6,0,1,1,0,6,0.16666666666666666,5,5,0.8333333333333334,1,0,0.0,-0.18585084584877268,200
10,15,150,0,1,0,0,150,1.5,1,10,0.8333333333333334,15,0,0.0,-1.0466686487373869,200
11,17,187,1,1,1,1,187,1.5454545454545454,5,11,0.9679144385026738,17,0,0.0,-2.6146431414821705,200
6,17,102,1,2,0,1,255,2.8333333333333335,6,6,1.0,17,0,0.0,-1.327945374012765,200
9,8,72,0,2,1,1,288,0.8888888888888888,1,9,0.8888888888888888,8,0,0.0,-0.6844020506875087,200
5,7,35,0,2,0,0,70,1.4,1,5,0.8857142857142857,7,0,0.0,-0.10691548340721871,200
4,17,68,1,1,0,1,68,4.25,4,4,1.0,17,0,0.0,-0.9320738601937013,200
12,4,48,0,0,0,0,44,0.3333333333333333,1,4,0.20833333333333334,4,0,0.0,-0.4198489455347689,200
11,3,33,0,2,0,0,165,0.2727272727272727,1,11,0.696969696969697,3,0,0.0,0.5416813399869028,200
4,4,16,0,2,0,1,24,1.0,4,4,1.0,4,0,0.0,0.175924331177598,200
9,8,72,0,0,1,0,64,0.8888888888888888,1,8,0.5,8,0,0.0,-0.6555794978305015,200
8,9,72,0,2,0,0,252,1.125,1,8,0.9027777777777778,9,0,0.0,0.12843221074774178,200
7,2,14,0,2,0,0,42,0.2857142857142857,1,7,0.5714285714285714,2,0,0.0,-0.5102323088296865,200
7,18,126,1,2,1,0,378,2.5714285714285716,1,7,0.9523809523809523,18,0,0.0,-1.6310612988592195,200
10,4,40,1,0,0,0,36,0.4,1,4,0.25,4,1,0.25,-0.6528732174157507,200
4,8,32,0,1,0,0,32,2.0,1,4,0.875,8,0,0.0,-0.4663877139969497,200
4,13,52,1,0,1,0,39,3.25,1,4,0.8846153846153846,13,1,0.07692307692307693,-1.090179393042363,200
4,15,60,0,0,1,1,45,3.75,2,4,0.9666666666666667,15,0,0.0,-0.6104994568929878,200
8,15,120,0,1,0,0,120,1.875,1,8,0.8666666666666667,15,0,0.0,-0.950749217812578,200
7,6,42,1,1,1,0,42,0.8571428571428571,6,7,0.9761904761904762,6,0,0.0,-1.5779127907945583,200
11,10,110,0,2,1,1,550,0.9090909090909091,1,11,0.9090909090909091,10,0,0.0,-0.8378972904925777,200
6,5,30,1,1,0,1,30,0.8333333333333334,6,6,1.0,5,0,0.0,-1.439442002845401,200
9,7,63,1,2,1,1,252,0.7777777777777778,1,9,0.873015873015873,7,1,0.14285714285714285,-1.030513234651758,200
4,16,64,1,0,1,0,48,4.0,1,4,0.90625,16,1,0.0625,-1.0121156152538637,200
3,14,42,0,2,1,0,42,4.666666666666667,1,3,0.9523809523809523,14,0,0.0,-0.4321618313551515,200
12,9,108,1,2,1,1,594,0.75,1,12,0.8981481481481481,9,0,0.0,-1.6522305911797621,200
2,12,24,1,0,0,0,12,6.0,1,2,0.9583333333333334,12,0,0.0,-0.6386896666822409,200
5,19,95,1,0,1,0,76,3.8,1,5,0.8947368421052632,19,0,0.0,-1.2174542076432366,200
7,9,63,0,2,1,0,189,1.2857142857142858,1,7,0.9047619047619048,9,0,0.0,-0.8359175595333996,200
2,9,18,1,1,0,0,18,4.5,1,2,0.9444444444444444,9,4,0.4444444444444444,-0.6040639221819197,200
7,14,98,0,1,0,1,98,2.0,7,7,1.0,14,0,0.0,0.06319932414999402,200
7,11,77,1,2,1,0,231,1.5714285714285714,1,7,0.922077922077922,11,1,0.09090909090909091,-1.5977056902973128,200
4,12,48,0,2,1,0,72,3.0,1,4,0.9375,12,0,0.0,-0.6088612471788193,200
8,9,72,0,0,0,0,63,1.125,1,8,0.6111111111111112,9,0,0.0,-0.5553937106874366,200
10,8,80,0,2,0,0,360,0.8,1,10,0.8875,8,0,0.0,0.1177548398454234,200
9,1,9,1,0,1,0,8,0.1111111111111111,1,1,0.1111111111111111,1,0,0.0,-0.30409380434000344,200
10,9,90,0,2,0,0,405,0.9,1,10,0.9,9,0,0.0,0.20452320321000803,200
11,6,66,0,1,0,0,66,0.5454545454545454,1,11,0.5454545454545454,6,0,0.0,-0.7320380909276129,200
2,20,40,1,0,0,1,20,10.0,2,2,1.0,20,0,0.0,-0.6266048641744576,200
9,19,171,0,1,1,0,171,2.111111111111111,8,9,0.9941520467836257,19,0,0.0,-1.7275704003359147,200
8,8,64,1,0,0,0,56,1.0,1,8,0.5625,8,0,0.0,-0.833790101339982,200
9,10,90,0,2,0,0,360,1.1111111111111112,1,9,0.9111111111111111,10,0,0.0,0.08582126860651529,200
6,11,66,0,2,0,0,165,1.8333333333333333,1,6,0.9242424242424242,11,0,0.0,-0.021848817715452114,200
11,18,198,1,1,1,0,198,1.6363636363636365,10,11,0.9949494949494949,18,0,0.0,-2.5786840618819022,200
10,16,160,1,2,1,0,720,1.6,1,10,0.94375,16,1,0.0625,-2.3325022047753787,200
9,8,72,1,1,0,1,72,0.8888888888888888,9,9,1.0,8,0,0.0,-2.2564974669541797,200
2,2,4,0,2,1,1,2,1.0,1,2,0.75,2,0,0.0,-0.32137099960052623,200
10,7,70,1,0,0,0,63,0.7,1,7,0.4,7,0,0.0,-0.7901086153179507,200
7,19,133,0,1,1,0,133,2.7142857142857144,6,7,0.9924812030075187,19,0,0.0,-1.261242212718388,200
12,11,132,0,1,0,1,132,0.9166666666666666,12,12,1.0,11,0,0.0,-0.3859742844073764,200
5,2,10,1,0,1,1,8,0.4,3,5,0.8,2,0,0.0,-0.6280087183898915,200
9,10,90,0,2,0,1,360,1.1111111111111112,9,9,1.0,10,0,0.0,0.5202980618527501,200
4,5,20,0,0,0,0,15,1.25,1,4,0.7,5,0,0.0,-0.4913197708836298,200
2,19,38,0,1,1,1,38,9.5,1,2,0.9736842105263158,19,0,0.0,-0.335583348782451,200
10,14,140,1,2,1,0,630,1.4,1,10,0.9357142857142857,14,0,0.0,-2.215854657997972,200
9,9,81,1,1,0,1,81,1.0,9,9,1.0,9,0,0.0,-2.306089371706882,200
11,18,198,0,1,1,1,198,1.6363636363636365,5,11,0.9696969696969697,18,0,0.0,-2.2186611855082266,200
4,7,28,1,1,0,0,28,1.75,1,4,0.8571428571428571,7,3,0.42857142857142855,-0.7557212460252787,200
10,2,20,1,0,0,1,18,0.2,10,10,1.0,2,0,0.0,-0.8229543187480849,200
4,1,4,1,0,1,1,3,0.25,2,2,0.5,1,0,0.0,-0.2901474255241152,200
9,2,18,1,0,1,1,16,0.2222222222222222,5,9,0.7777777777777778,2,0,0.0,-0.7285950303182447,200
5,20,100,1,0,1,0,80,4.0,1,5,0.9,20,0,0.0,-1.1910364281454002,200
6,5,30,0,1,1,1,30,0.8333333333333334,3,6,0.9,5,0,0.0,-0.7018983196771498,200
5,8,40,0,2,1,1,80,1.6,1,5,0.9,8,0,0.0,-0.6336334732885311,200
2,11,22,0,1,0,0,22,5.5,1,2,0.9545454545454546,11,0,0.0,-0.2647495790994488,200
4,4,16,1,0,0,0,12,1.0,1,4,0.625,4,0,0.0,-0.5664698781743426,200
3,14,42,1,0,1,0,28,4.666666666666667,1,3,0.9285714285714286,14,0,0.0,-0.8119185942758366,200
7,10,70,0,0,1,1,60,1.4285714285714286,4,7,0.9571428571428572,10,0,0.0,-1.0525256352790586,200
8,11,88,0,0,1,1,77,1.375,4,8,0.9545454545454546,11,0,0.0,-1.220411960403116,200
5,12,60,0,1,0,0,60,2.4,1,5,0.9,12,0,0.0,-0.4345421747543333,200
7,16,112,0,1,0,1,112,2.2857142857142856,7,7,1.0,16,0,0.0,0.056068594118329027,200
10,11,110,0,1,0,1,110,1.1,10,10,1.0,11,0,0.0,-0.3510255833103532,200
2,8,16,1,1,1,1,16,4.0,1,2,0.9375,8,0,0.0,-0.6720980348829364,200
5,8,40,0,0,1,1,32,1.6,3,5,0.95,8,0,0.0,-0.6845267273839981,200
6,8,48,1,2,1,0,120,1.3333333333333333,1,6,0.8958333333333334,8,1,0.125,-1.1173557181665994,200
5,10,50,0,2,1,1,100,2.0,1,5,0.92,10,0,0.0,-0.7165845426829657,200
12,14,168,0,2,0,0,924,1.1666666666666667,1,12,0.9345238095238095,14,0,0.0,0.2116481281273613,200
7,16,112,1,1,0,1,112,2.2857142857142856,7,7,1.0,16,0,0.0,-1.5928172929468887,200
9,20,180,1,0,0,1,160,2.2222222222222223,9,9,1.0,20,0,0.0,-2.1640349894590054,200
8,6,48,0,2,0,0,168,0.75,1,8,0.8541666666666666,6,0,0.0,0.11672926355747928,200
4,12,48,1,0,1,0,36,3.0,1,4,0.875,12,0,0.0,-0.9996812147766022,200
3,1,3,1,2,1,0,3,0.3333333333333333,1,1,0.3333333333333333,1,0,0.0,-0.3381831068658308,200
12,18,216,0,1,1,1,216,1.5,6,12,0.9722222222222222,18,0,0.0,-2.4769788194545805,200
10,16,160,1,1,0,1,160,1.6,10,10,1.0,16,0,0.0,-2.379034992013128,200
5,13,65,0,0,1,1,52,2.6,3,5,0.9692307692307692,13,0,0.0,-0.7773128535497568,200
12,10,120,0,1,0,1,120,0.8333333333333334,12,12,1.0,10,0,0.0,-0.3708032271998016,200
5,16,80,1,0,1,1,64,3.2,3,5,0.975,16,0,0.0,-1.1378948946603384,200
7,19,133,0,1,1,0,133,2.7142857142857144,6,7,0.9924812030075187,19,0,0.0,-1.2343297843346155,200
4,10,40,0,0,1,1,30,2.5,2,4,0.95,10,0,0.0,-0.581201791650102,200
2,12,24,1,0,1,0,12,6.0,1,2,0.9583333333333334,12,1,0.08333333333333333,-0.6647889312455718,200
11,9,99,0,2,0,1,495,0.8181818181818182,11,11,1.0,9,0,0.0,0.6375752291321064,200
7,18,126,0,0,1,1,108,2.5714285714285716,4,7,0.9761904761904762,18,0,0.0,-1.2269574857049534,200
9,7,63,1,0,0,1,56,0.7777777777777778,9,9,1.0,7,0,0.0,-2.269142250174689,200
11,11,121,0,2,1,1,605,1.0,1,11,0.9173553719008265,11,0,0.0,-0.888330935143398,200
7,9,63,0,2,1,0,189,1.2857142857142858,1,7,0.9047619047619048,9,0,0.0,-0.7978344053804609,200
6,8,48,1,1,1,0,48,1.3333333333333333,5,6,0.9791666666666666,8,0,0.0,-1.3229712065173773,200
5,17,85,1,1,1,1,85,3.4,2,5,0.9647058823529412,17,0,0.0,-1.1758931641182893,200
7,5,35,0,0,0,0,30,0.7142857142857143,1,5,0.42857142857142855,5,0,0.0,-0.48703645844031285,200
10,6,60,1,1,1,0,60,0.6,9,10,0.9833333333333333,6,0,0.0,-2.3516010392976034,200
7,6,42,0,0,0,1,36,0.8571428571428571,7,7,1.0,6,0,0.0,-0.8751423091049371,200
5,5,25,1,1,1,1,25,1.0,2,5,0.88,5,0,0.0,-1.1328978147010829,200
4,2,8,1,1,0,0,8,0.5,1,3,0.5,2,1,0.5,-0.301613596235276,200
9,13,117,1,2,0,1,468,1.4444444444444444,9,9,1.0,13,0,0.0,-1.868718129369049,200
9,5,45,0,0,1,0,40,0.5555555555555556,1,5,0.3333333333333333,5,0,0.0,-0.45966791966714643,200
9,7,63,0,2,1,0,252,0.7777777777777778,1,9,0.873015873015873,7,0,0.0,-0.7835115660688324,200
9,18,162,1,2,0,0,648,2.0,1,9,0.9506172839506173,18,1,0.05555555555555555,-1.9945093932848825,200
9,16,144,0,2,1,0,576,1.7777777777777777,1,9,0.9444444444444444,16,0,0.0,-1.4310811361129963,200
10,19,190,0,2,0,0,855,1.9,1,10,0.9526315789473684,19,0,0.0,0.14328020915240094,200
7,5,35,0,1,0,1,35,0.7142857142857143,7,7,1.0,5,0,0.0,-0.023913738712350585,200
5,3,15,1,2,0,1,30,0.6,5,5,1.0,3,0,0.0,-0.2744827157876549,200
6,5,30,0,2,0,0,75,0.8333333333333334,1,6,0.8333333333333334,5,0,0.0,0.08138187030007944,200
9,11,99,0,2,0,1,396,1.2222222222222223,9,9,1.0,11,0,0.0,0.5400438592738551,200
11,7,77,1,1,0,1,77,0.6363636363636364,11,11,1.0,7,0,0.0,-3.0200241602903892,200
6,9,54,0,0,0,1,45,1.5,6,6,1.0,9,0,0.0,-0.6039664898027659,200
6,10,60,1,0,0,1,50,1.6666666666666667,6,6,1.0,10,0,0.0,-1.4583635940013073,200
10,7,70,1,2,1,0,315,0.7,1,10,0.8714285714285714,7,0,0.0,-1.5905304064458785,200
11,14,154,1,2,1,1,770,1.2727272727272727,1,11,0.935064935064935,14,0,0.0,-1.9168976274893053,200
6,16,96,1,1,0,1,96,2.6666666666666665,6,6,1.0,16,0,0.0,-1.3764015303591417,200
9,11,99,1,1,0,0,99,1.2222222222222223,1,9,0.797979797979798,11,1,0.09090909090909091,-1.1449007154350912,200
6,8,48,0,2,1,0,120,1.3333333333333333,1,6,0.8958333333333334,8,0,0.0,-0.7005972098438539,200
6,12,72,1,2,0,1,180,2.0,6,6,1.0,12,0,0.0,-1.2955731029717985,200
3,10,30,1,1,1,1,30,3.3333333333333335,1,3,0.9333333333333333,10,0,0.0,-0.8122046079860312,200
3,6,18,1,0,1,1,12,2.0,2,3,0.9444444444444444,6,0,0.0,-0.7461735407428202,200
4,4,16,0,2,0,0,24,1.0,1,4,0.8125,4,0,0.0,-0.22041967525615402,200
6,12,72,1,0,0,0,60,2.0,1,6,0.7916666666666666,12,0,0.0,-0.9526636767990941,200
6,16,96,0,2,0,0,240,2.6666666666666665,1,6,0.9479166666666666,16,0,0.0,-0.05753157678086885,200
4,1,4,1,0,0,1,3,0.25,4,4,1.0,1,0,0.0,-0.27435787744089557,200
12,18,216,1,1,0,0,216,1.5,1,12,0.8333333333333334,18,0,0.0,-1.5966217694069567,200
7,5,35,1,2,0,1,105,0.7142857142857143,7,7,1.0,5,0,0.0,-0.76548408919822,200
3,2,6,0,0,1,0,4,0.6666666666666666,1,2,0.5,2,0,0.0,-0.3298481978891565,200
8,7,56,1,1,1,1,56,0.875,4,8,0.9285714285714286,7,0,0.0,-1.5118868294558894,200
11,8,88,0,1,0,0,88,0.7272727272727273,1,11,0.6590909090909091,8,0,0.0,-0.8515829940447719,200
8,5,40,1,1,0,1,40,0.625,8,8,1.0,5,0,0.0,-1.9697075480444852,200
10,11,110,1,1,1,1,110,1.1,5,10,0.9545454545454546,11,0,0.0,-2.380311490250161,200
4,2,8,0,2,1,1,12,0.5,1,4,0.625,2,0,0.0,-0.29346666085436524,200
9,12,108,1,1,0,1,108,1.3333333333333333,9,9,1.0,12,0,0.0,-2.1252209440981678,200
10,6,60,0,0,1,1,54,0.6,5,10,0.9166666666666666,6,0,0.0,-1.076174487575692,200
7,18,126,0,0,0,1,108,2.5714285714285716,7,7,1.0,18,0,0.0,-0.9870557858343457,200
6,2,12,0,2,1,0,30,0.3333333333333333,1,6,0.5833333333333334,2,0,0.0,-0.27949116862109175,200
8,14,112,0,1,1,0,112,1.75,7,8,0.9910714285714286,14,0,0.0,-1.4533740098523182,200
8,12,96,1,1,0,0,96,1.5,1,8,0.8333333333333334,12,1,0.08333333333333333,-1.1016418359026636,200
2,20,40,0,1,1,1,40,10.0,1,2,0.975,20,0,0.0,-0.3622517029873568,200
11,1,11,1,2,0,1,55,0.09090909090909091,11,11,1.0,1,0,0.0,-0.21964231123705147,200
11,4,44,0,1,1,1,44,0.36363636363636365,5,11,0.8636363636363636,4,0,0.0,-0.8755018450802289,200
7,3,21,0,2,1,0,63,0.42857142857142855,1,7,0.7142857142857143,3,0,0.0,-0.3936137581658583,200
11,2,22,1,1,1,0,22,0.18181818181818182,10,11,0.9545454545454546,2,0,0.0,-0.7442985167689101,200
8,10,80,0,0,0,1,70,1.25,8,8,1.0,10,0,0.0,-0.945498601762919,200
2,3,6,0,2,1,1,3,1.5,1,2,0.8333333333333334,3,0,0.0,-0.33186038037195026,200
12,5,60,1,0,0,1,55,0.4166666666666667,12,12,1.0,5,0,0.0,-2.417047460707057,200
10,5,50,0,1,1,0,50,0.5,9,10,0.98,5,0,0.0,-1.0547358208771027,200
4,9,36,0,2,1,1,54,2.25,1,4,0.9166666666666666,9,0,0.0,-0.5648156208936105,200
8,10,80,1,1,0,0,80,1.25,1,8,0.8,10,0,0.0,-1.1352622760633078,200
11,15,165,1,2,1,1,825,1.3636363636363635,1,11,0.9393939393939394,15,0,0.0,-2.2872520748981433,200
4,11,44,1,0,0,1,33,2.75,4,4,1.0,11,0,0.0,-0.9547540056917571,200
4,16,64,0,0,1,1,48,4.0,2,4,0.96875,16,0,0.0,-0.6087597671908788,200
5,14,70,0,0,0,0,56,2.8,1,5,0.8571428571428571,14,0,0.0,-0.5373947847603734,200
10,13,130,0,1,0,0,130,1.3,1,10,0.8076923076923077,13,0,0.0,-1.0188415759129097,200
9,3,27,0,2,1,1,108,0.3333333333333333,1,9,0.7037037037037037,3,0,0.0,-0.3364959372114647,200
10,14,140,1,2,0,0,630,1.4,1,10,0.9357142857142857,14,0,0.0,-2.021176780884132,200
3,13,39,1,2,1,0,39,4.333333333333333,1,3,0.9487179487179487,13,1,0.07692307692307693,-0.787749617564032,200
12,13,156,1,1,1,1,156,1.0833333333333333,6,12,0.9615384615384616,13,0,0.0,-2.860896102507337,200
9,8,72,0,1,0,1,72,0.8888888888888888,9,9,1.0,8,0,0.0,-0.1741094206141959,200
4,11,44,0,1,0,0,44,2.75,1,4,0.9090909090909091,11,0,0.0,-0.4587546745331502,200
6,17,102,0,1,1,0,102,2.8333333333333335,5,6,0.9901960784313726,17,0,0.0,-1.0212388048847763,200
11,6,66,0,1,1,1,66,0.5454545454545454,5,11,0.9090909090909091,6,0,0.0,-1.1910767607428958,200
2,4,8,1,2,1,1,4,2.0,1,2,0.875,4,0,0.0,-0.5337707793601321,200
4,8,32,1,0,0,0,24,2.0,1,4,0.8125,8,0,0.0,-0.8599918712701552,200
3,12,36,0,1,1,1,36,4.0,1,3,0.9444444444444444,12,0,0.0,-0.49479961836332276,200
9,1,9,1,1,1,0,9,0.1111111111111111,8,8,0.8888888888888888,1,0,0.0,-0.0989034069873129,200
10,3,30,0,2,1,1,135,0.3,1,10,0.7,3,0,0.0,-0.36088565733170974,200
9,5,45,0,2,1,0,180,0.5555555555555556,1,9,0.8222222222222222,5,0,0.0,-0.5967330825831872,200
7,1,7,0,0,0,0,6,0.14285714285714285,1,1,0.14285714285714285,1,0,0.0,-0.296990965845003,200
6,6,36,1,0,0,1,30,1.0,6,6,1.0,6,0,0.0,-1.523604352290428,200
3,8,24,0,1,1,1,24,2.6666666666666665,1,3,0.9166666666666666,8,0,0.0,-0.45234687298841325,200
2,14,28,0,1,0,1,28,7.0,2,2,1.0,14,0,0.0,-0.33807552056027285,200
8,9,72,1,1,0,0,72,1.125,1,8,0.7777777777777778,9,0,0.0,-1.029332103895303,200
8,6,48,0,1,1,0,48,0.75,7,8,0.9791666666666666,6,0,0.0,-0.9736313325078676,200
8,15,120,1,1,1,0,120,1.875,7,8,0.9916666666666667,15,0,0.0,-1.8274652754426326,200
2,15,30,1,2,0,1,15,7.5,2,2,1.0,15,0,0.0,-0.7075730425221279,200
9,5,45,1,2,1,0,180,0.5555555555555556,1,9,0.8222222222222222,5,0,0.0,-1.2906514686774333,200
5,9,45,1,2,1,1,90,1.8,1,5,0.9111111111111111,9,1,0.1111111111111111,-1.1470439828802572,200
10,20,200,1,0,1,1,180,2.0,5,10,0.975,20,0,0.0,-2.321794615059854,200
7,8,56,1,1,0,0,56,1.1428571428571428,1,7,0.7857142857142857,8,0,0.0,-0.9877757289473114,200
7,8,56,0,0,0,0,48,1.1428571428571428,1,7,0.625,8,0,0.0,-0.5424061933176209,200
4,20,80,0,0,0,0,60,5.0,1,4,0.925,20,0,0.0,-0.4829396242609354,200
8,17,136,0,2,0,0,476,2.125,1,8,0.9485294117647058,17,0,0.0,0.06549310763759607,200
9,5,45,0,0,0,0,40,0.5555555555555556,1,5,0.3333333333333333,5,0,0.0,-0.4897531690339908,200
6,7,42,0,0,1,1,35,1.1666666666666667,3,6,0.9285714285714286,7,0,0.0,-0.771740882229823,200
3,8,24,1,0,0,1,16,2.6666666666666665,3,3,1.0,8,0,0.0,-0.7878624339619092,200
11,5,55,0,1,1,1,55,0.45454545454545453,5,11,0.8909090909090909,5,0,0.0,-1.0677079911869378,200
8,2,16,0,0,1,1,14,0.25,4,8,0.75,2,0,0.0,-0.40070568343671353,200
6,5,30,1,1,0,1,30,0.8333333333333334,6,6,1.0,5,0,0.0,-1.4937240558169662,200
7,13,91,0,0,0,0,78,1.8571428571428572,1,7,0.7692307692307693,13,0,0.0,-0.6135398604984896,200
2,11,22,1,1,1,0,22,5.5,1,2,0.9545454545454546,11,1,0.09090909090909091,-0.6846773773920024,200
3,18,54,1,0,0,0,36,6.0,1,3,0.9444444444444444,18,0,0.0,-0.8463854684089109,200
4,11,44,1,1,1,1,44,2.75,2,4,0.9545454545454546,11,0,0.0,-0.9823266385010185,200
9,14,126,0,0,0,1,112,1.5555555555555556,9,9,1.0,14,0,0.0,-1.2852917266293196,200
6,13,78,1,1,0,1,78,2.1666666666666665,6,6,1.0,13,0,0.0,-1.3763055867125025,200
4,19,76,0,2,0,0,114,4.75,1,4,0.9605263157894737,19,0,0.0,-0.15044133637772775,200
5,17,85,0,0,0,0,68,3.4,1,5,0.8823529411764706,17,0,0.0,-0.5637280489894733,200
3,10,30,1,0,1,0,20,3.3333333333333335,1,3,0.9,10,1,0.1,-0.7967375676140538,200
9,1,9,1,1,1,1,9,0.1111111111111111,4,4,0.4444444444444444,1,0,0.0,-0.21824963230748473,200
3,8,24,1,0,0,1,16,2.6666666666666665,3,3,1.0,8,0,0.0,-0.8369316627248619,200
3,16,48,1,0,1,1,32,5.333333333333333,2,3,0.9791666666666666,16,0,0.0,-0.8684273250190567,200
7,17,119,0,1,0,0,119,2.4285714285714284,1,7,0.8991596638655462,17,0,0.0,-0.8021461906842243,200
10,1,10,1,2,0,0,45,0.1,1,1,0.1,1,0,0.0,-0.2647392420416715,200
7,8,56,0,2,0,0,168,1.1428571428571428,1,7,0.8928571428571429,8,0,0.0,0.10976565289898771,200
2,1,2,0,2,0,0,1,0.5,1,1,0.5,1,0,0.0,-0.2654558860531499,200
9,18,162,1,0,1,1,144,2.0,5,9,0.9753086419753086,18,0,0.0,-2.0732554572455357,200
4,6,24,1,0,0,0,18,1.5,1,4,0.75,6,0,0.0,-0.6457766622762502,200
7,15,105,1,1,1,0,105,2.142857142857143,6,7,0.9904761904761905,15,0,0.0,-1.5709868078666678,200
12,5,60,0,2,1,1,330,0.4166666666666667,1,12,0.8166666666666667,5,0,0.0,-0.4972315710481822,200
3,18,54,0,2,1,1,54,6.0,1,3,0.9629629629629629,18,0,0.0,-0.483779389501898,200
12,15,180,1,2,0,1,990,1.25,12,12,1.0,15,0,0.0,-2.573790731354696,200
12,5,60,0,0,1,0,55,0.4166666666666667,1,5,0.25,5,0,0.0,-0.48381666488005964,200
7,17,119,1,1,1,1,119,2.4285714285714284,3,7,0.9663865546218487,17,0,0.0,-1.6150382737335065,200
7,4,28,1,1,1,0,28,0.5714285714285714,6,7,0.9642857142857143,4,0,0.0,-1.2451785718801145,200
11,9,99,0,1,0,1,99,0.8181818181818182,11,11,1.0,9,0,0.0,-0.30865984901105525,200
10,4,40,1,2,0,0,180,0.4,1,10,0.775,4,0,0.0,-0.736341013477049,200
3,16,48,1,0,1,1,32,5.333333333333333,2,3,0.9791666666666666,16,0,0.0,-0.7954052360678125,200
2,17,34,0,0,0,1,17,8.5,2,2,1.0,17,0,0.0,-0.15728512316918022,200
11,1,11,1,1,0,1,11,0.09090909090909091,11,11,1.0,1,0,0.0,-0.08963389613334188,200
7,12,84,0,1,0,0,84,1.7142857142857142,1,7,0.8571428571428571,12,0,0.0,-0.7610848974998848,200
2,9,18,1,2,0,1,9,4.5,2,2,1.0,9,0,0.0,-0.7017815985540066,200
3,18,54,0,0,0,0,36,6.0,1,3,0.9444444444444444,18,0,0.0,-0.42293292894682,200
7,4,28,0,0,0,1,24,0.5714285714285714,7,7,1.0,4,0,0.0,-0.7900243124681207,200
2,16,32,0,2,0,1,16,8.0,2,2,1.0,16,0,0.0,-0.1014922811512867,200
2,8,16,1,0,0,0,8,4.0,1,2,0.9375,8,0,0.0,-0.6945487688644079,200
5,20,100,1,0,0,0,80,4.0,1,5,0.9,20,0,0.0,-1.11039606715362,200
8,14,112,1,2,0,0,392,1.75,1,8,0.9375,14,0,0.0,-1.7158394677051139,200
6,17,102,1,0,1,1,85,2.8333333333333335,3,6,0.9705882352941176,17,0,0.0,-1.371720233515524,200
10,16,160,1,0,1,0,144,1.6,1,10,0.71875,16,0,0.0,-2.2479299010496314,200
4,13,52,1,1,0,0,52,3.25,1,4,0.9230769230769231,13,0,0.0,-0.9583928522510978,200
5,16,80,1,2,0,1,160,3.2,5,5,1.0,16,0,0.0,-1.1088635267858173,200
5,8,40,1,2,0,1,80,1.6,5,5,1.0,8,0,0.0,-1.10064143934408,200
3,10,30,1,1,0,0,30,3.3333333333333335,1,3,0.9333333333333333,10,0,0.0,-0.798871423000378,200
7,6,42,1,0,1,0,36,0.8571428571428571,1,6,0.5,6,0,0.0,-1.1056498827678618,200
8,12,96,0,1,0,1,96,1.5,8,8,1.0,12,0,0.0,-0.27758169491987256,200
4,16,64,0,2,1,1,96,4.0,1,4,0.953125,16,0,0.0,-0.6529558990748567,200
5,6,30,1,0,0,1,24,1.2,5,5,1.0,6,0,0.0,-1.3108499293101048,200
12,14,168,1,2,0,0,924,1.1666666666666667,1,12,0.9345238095238095,14,0,0.0,-2.245325815025441,200
7,16,112,0,2,1,0,336,2.2857142857142856,1,7,0.9464285714285714,16,0,0.0,-1.1592458518442625,200
9,3,27,1,2,0,1,108,0.3333333333333333,9,9,1.0,3,0,0.0,-0.7352372785385648,200
2,17,34,0,2,1,0,17,8.5,1,2,0.9705882352941176,17,0,0.0,-0.3361570048369001,200
7,4,28,0,2,1,0,84,0.5714285714285714,1,7,0.7857142857142857,4,0,0.0,-0.48729739651868975,200
12,9,108,1,1,0,1,108,0.75,12,12,1.0,9,0,0.0,-2.966227426034485,200
10,20,200,0,2,0,0,900,2.0,1,10,0.955,20,0,0.0,0.13714877283996527,200
3,1,3,0,2,0,0,3,0.3333333333333333,1,1,0.3333333333333333,1,0,0.0,-0.30891275307852695,200
5,3,15,1,0,0,0,12,0.6,1,3,0.4,3,0,0.0,-0.5598819538438881,200
11,2,22,1,2,0,0,110,0.18181818181818182,1,11,0.5454545454545454,2,0,0.0,-0.6197426965094024,200
11,11,121,0,0,0,0,110,1.0,1,11,0.5454545454545454,11,0,0.0,-0.6126456238817471,200
2,19,38,0,0,0,0,19,9.5,1,2,0.9736842105263158,19,0,0.0,-0.28489492447118525,200
6,19,114,1,2,0,0,285,3.1666666666666665,1,6,0.956140350877193,19,0,0.0,-1.3891635830660385,200
3,20,60,1,0,0,0,40,6.666666666666667,1,3,0.95,20,2,0.1,-0.8616652045524409,200
5,13,65,1,0,1,1,52,2.6,3,5,0.9692307692307692,13,0,0.0,-1.185095056748987,200
2,19,38,0,1,1,0,38,9.5,1,2,0.9736842105263158,19,0,0.0,-0.3490647128877573,200
10,20,200,1,0,0,0,180,2.0,1,10,0.775,20,0,0.0,-1.2109213977359732,200
5,4,20,1,0,1,0,16,0.8,1,4,0.5,4,1,0.25,-0.6857866568397561,200
7,8,56,1,1,1,1,56,1.1428571428571428,3,7,0.9285714285714286,8,0,0.0,-1.5974169237328615,200
8,15,120,0,2,1,0,420,1.875,1,8,0.9416666666666667,15,0,0.0,-1.2566558552477824,200
9,4,36,1,1,1,0,36,0.4444444444444444,8,9,0.9722222222222222,4,0,0.0,-1.7042418145166942,200
2,6,12,0,0,1,1,6,3.0,1,2,0.9166666666666666,6,0,0.0,-0.33462171630000614,200
3,3,9,1,1,0,0,9,1.0,1,3,0.7777777777777778,3,0,0.0,-0.570419210631134,200
8,11,88,0,1,1,0,88,1.375,7,8,0.9886363636363636,11,0,0.0,-1.3922478993889602,200
7,17,119,0,2,1,1,357,2.4285714285714284,1,7,0.9495798319327731,17,0,0.0,-1.1849081827380388,200
8,1,8,0,2,0,0,28,0.125,1,1,0.125,1,0,0.0,-0.2658791738512254,200
4,17,68,1,0,1,0,51,4.25,1,4,0.9117647058823529,17,0,0.0,-1.0028569067295274,200
8,13,104,0,2,1,1,364,1.625,1,8,0.9326923076923077,13,0,0.0,-1.0408828018244185,200
2,17,34,1,2,0,0,17,8.5,1,2,0.9705882352941176,17,9,0.5294117647058824,-0.6564989655136391,200
4,4,16,0,2,0,0,24,1.0,1,4,0.8125,4,0,0.0,-0.22420036667818985,200
7,1,7,1,0,0,0,6,0.14285714285714285,1,1,0.14285714285714285,1,0,0.0,-0.29159732953258977,200
10,17,170,1,2,0,1,765,1.7,10,10,1.0,17,0,0.0,-2.2170098831038474,200
11,14,154,0,0,0,1,140,1.2727272727272727,11,11,1.0,14,0,0.0,-1.5934007818176261,200
4,7,28,0,1,1,0,28,1.75,3,4,0.9642857142857143,7,0,0.0,-0.5621702086295896,200
5,1,5,1,1,1,0,5,0.2,4,4,0.8,1,0,0.0,-0.22515104090882687,200
9,9,81,0,1,0,1,81,1.0,9,9,1.0,9,0,0.0,-0.14503363294164215,200
12,17,204,0,0,1,1,187,1.4166666666666667,6,12,0.9705882352941176,17,0,0.0,-2.258482713091155,200
10,16,160,0,0,0,0,144,1.6,1,10,0.71875,16,0,0.0,-0.6462290895699291,200
8,10,80,1,0,1,0,70,1.25,1,8,0.65,10,0,0.0,-1.399970771263833,200
2,12,24,0,1,1,1,24,6.0,1,2,0.9583333333333334,12,0,0.0,-0.34605243908624195,200
10,14,140,0,0,1,1,126,1.4,5,10,0.9642857142857143,14,0,0.0,-1.7018132787771183,200
10,2,20,1,0,0,1,18,0.2,10,10,1.0,2,0,0.0,-0.7295790661018358,200
2,15,30,0,1,1,0,30,7.5,1,2,0.9666666666666667,15,0,0.0,-0.35006342532427404,200
2,18,36,0,2,1,1,18,9.0,1,2,0.9722222222222222,18,0,0.0,-0.322676953966405,200
4,3,12,1,2,1,0,18,0.75,1,4,0.75,3,0,0.0,-0.9100074033936411,200
12,5,60,0,2,1,1,330,0.4166666666666667,1,12,0.8166666666666667,5,0,0.0,-0.47950378048200215,200
5,14,70,1,2,1,0,140,2.8,1,5,0.9428571428571428,14,1,0.07142857142857142,-1.1479175482616182,200
8,19,152,1,2,1,0,532,2.375,1,8,0.9539473684210527,19,0,0.0,-1.8743777429216113,200
9,18,162,0,2,1,1,648,2.0,1,9,0.9506172839506173,18,0,0.0,-1.4751285305713044,200
8,10,80,1,1,0,1,80,1.25,8,8,1.0,10,0,0.0,-1.9208228488796986,200
6,1,6,0,2,0,0,15,0.16666666666666666,1,1,0.16666666666666666,1,0,0.0,-0.29470436665447786,200
11,15,165,1,0,0,0,150,1.3636363636363635,1,11,0.6666666666666666,15,0,0.0,-1.026922916283882,200
4,12,48,0,1,1,0,48,3.0,3,4,0.9791666666666666,12,0,0.0,-0.6099423961712536,200
4,14,56,0,1,0,1,56,3.5,4,4,1.0,14,0,0.0,-0.21355751978191112,200
12,13,156,1,0,1,1,143,1.0833333333333333,6,12,0.9615384615384616,13,0,0.0,-2.8691161833046164,200
10,16,160,0,1,0,0,160,1.6,1,10,0.84375,16,0,0.0,-1.1684142938444018,200
11,15,165,0,2,1,1,825,1.3636363636363635,1,11,0.9393939393939394,15,0,0.0,-1.250096687515457,200
5,4,20,0,1,1,1,20,0.8,2,5,0.85,4,0,0.0,-0.612209602450475,200
11,18,198,1,2,1,1,990,1.6363636363636365,1,11,0.9494949494949495,18,0,0.0,-2.590786784479308,200
2,10,20,0,2,0,1,10,5.0,2,2,1.0,10,0,0.0,-0.1508575465184135,200
11,4,44,1,0,0,0,40,0.36363636363636365,1,4,0.22727272727272727,4,3,0.75,-0.3109830580164432,200
2,17,34,0,0,1,0,17,8.5,1,2,0.9705882352941176,17,0,0.0,-0.3163939025048629,200
3,10,30,0,2,0,0,30,3.3333333333333335,1,3,0.9333333333333333,10,0,0.0,-0.23433778876610567,200
8,7,56,0,1,0,0,56,0.875,1,8,0.7142857142857143,7,0,0.0,-0.7415033931717832,200
6,12,72,0,1,0,0,72,2.0,1,6,0.875,12,0,0.0,-0.7964371466476222,200
5,13,65,0,2,1,1,130,2.6,1,5,0.9384615384615385,13,0,0.0,-0.7851944056649712,200
5,12,60,0,2,0,0,120,2.4,1,5,0.9333333333333333,12,0,0.0,-0.056164581600361904,200
5,14,70,0,0,1,1,56,2.8,3,5,0.9714285714285714,14,0,0.0,-0.7786984036586746,200
3,19,57,0,0,1,1,38,6.333333333333333,2,3,0.9824561403508771,19,0,0.0,-0.4227714705033542,200
11,18,198,1,2,1,0,990,1.6363636363636365,1,11,0.9494949494949495,18,1,0.05555555555555555,-2.6085390033133042,200
7,4,28,0,1,1,1,28,0.5714285714285714,3,7,0.8571428571428571,4,0,0.0,-0.768784155504476,200
7,11,77,0,1,0,1,77,1.5714285714285714,7,7,1.0,11,0,0.0,0.07492978910442885,200
10,18,180,0,0,1,1,162,1.8,5,10,0.9722222222222222,18,0,0.0,-1.910290066041216,200
12,7,84,1,2,0,1,462,0.5833333333333334,12,12,1.0,7,0,0.0,-1.3795045102883365,200
3,20,60,0,1,0,0,60,6.666666666666667,1,3,0.9666666666666667,20,0,0.0,-0.1587134839902037,200
8,4,32,0,1,1,0,32,0.5,7,8,0.96875,4,0,0.0,-0.7284380116727097,200
8,15,120,0,0,1,1,105,1.875,4,8,0.9666666666666667,15,0,0.0,-1.4023590406615338,200
3,8,24,0,2,1,0,24,2.6666666666666665,1,3,0.9166666666666666,8,0,0.0,-0.4272684648475597,200
6,10,60,0,1,1,1,60,1.6666666666666667,3,6,0.95,10,0,0.0,-1.010361805755215,200
12,18,216,1,1,1,0,216,1.5,11,12,0.9953703703703703,18,0,0.0,-2.866532527602424,200
9,20,180,0,1,1,1,180,2.2222222222222223,4,9,0.9722222222222222,20,0,0.0,-1.750680102944133,200
6,2,12,0,2,1,0,30,0.3333333333333333,1,6,0.5833333333333334,2,0,0.0,-0.30541362361104935,200
12,16,192,0,0,0,1,176,1.3333333333333333,12,12,1.0,16,0,0.0,-1.6526588878209287,200
7,8,56,0,0,1,1,48,1.1428571428571428,4,7,0.9464285714285714,8,0,0.0,-0.9596485608088765,200
4,18,72,0,2,0,1,108,4.5,4,4,1.0,18,0,0.0,0.1467267255586449,200
9,1,9,0,0,1,1,8,0.1111111111111111,5,5,0.5555555555555556,1,0,0.0,-0.14533322532415746,200
5,11,55,1,2,0,0,110,2.2,1,5,0.9272727272727272,11,0,0.0,-1.1628752164363534,200
12,8,96,1,0,0,1,88,0.6666666666666666,12,12,1.0,8,0,0.0,-3.05676945070606,200
6,7,42,0,2,1,1,105,1.1666666666666667,1,6,0.8809523809523809,7,0,0.0,-0.6472843032676461,200
5,5,25,1,1,1,1,25,1.0,2,5,0.88,5,0,0.0,-1.2129357559243443,200
5,7,35,0,0,1,0,28,1.4,1,5,0.7142857142857143,7,0,0.0,-0.5907475821220723,200
11,3,33,0,1,1,0,33,0.2727272727272727,10,11,0.9696969696969697,3,0,0.0,-0.5403846900404201,200
7,8,56,0,2,1,0,168,1.1428571428571428,1,7,0.8928571428571429,8,0,0.0,-0.7520875140595601,200
9,19,171,1,2,1,1,684,2.111111111111111,1,9,0.9532163742690059,19,1,0.05263157894736842,-2.1434289488958185,200
11,10,110,0,2,0,0,550,0.9090909090909091,1,11,0.9090909090909091,10,0,0.0,0.3024795856789927,200
5,8,40,0,2,1,0,80,1.6,1,5,0.9,8,0,0.0,-0.6265298459317976,200
9,11,99,0,0,0,1,88,1.2222222222222223,9,9,1.0,11,0,0.0,-1.1060047960589123,200
11,2,22,0,0,1,1,20,0.18181818181818182,6,11,0.7727272727272727,2,0,0.0,-0.47056566586509097,200
5,10,50,0,0,0,1,40,2.0,5,5,1.0,10,0,0.0,-0.6579046251349958,200
6,9,54,0,1,1,0,54,1.5,5,6,0.9814814814814815,9,0,0.0,-0.9562497402242239,200
3,13,39,1,0,1,0,26,4.333333333333333,1,3,0.9230769230769231,13,0,0.0,-0.8690346135497559,200
3,14,42,0,0,0,1,28,4.666666666666667,3,3,1.0,14,0,0.0,-0.4102637084474331,200
10,4,40,0,2,0,0,180,0.4,1,10,0.775,4,0,0.0,0.26206407238519214,200
12,7,84,0,0,0,0,77,0.5833333333333334,1,7,0.3333333333333333,7,0,0.0,-0.532498713214914,200
6,6,36,0,1,0,1,36,1.0,6,6,1.0,6,0,0.0,-0.2851726730674653,200
5,17,85,1,0,0,0,68,3.4,1,5,0.8823529411764706,17,0,0.0,-1.0300505683046985,200
4,10,40,0,1,1,0,40,2.5,3,4,0.975,10,0,0.0,-0.5987446072754292,200
12,5,60,1,2,0,1,330,0.4166666666666667,12,12,1.0,5,0,0.0,-1.105536290041661,200
12,3,36,0,1,0,0,36,0.25,1,5,0.25,3,0,0.0,-0.48816145978082853,200
7,18,126,0,2,1,0,378,2.5714285714285716,1,7,0.9523809523809523,18,0,0.0,-1.2087329984377833,200
9,15,135,0,1,1,0,135,1.6666666666666667,8,9,0.9925925925925926,15,0,0.0,-1.6636496183345446,200
10,8,80,1,2,1,1,360,0.8,1,10,0.8875,8,0,0.0,-1.5946414630749017,200
5,3,15,1,0,1,0,12,0.6,1,3,0.4,3,2,0.6666666666666666,-0.3101829447480157,200
12,5,60,0,0,0,0,55,0.4166666666666667,1,5,0.25,5,0,0.0,-0.4996802830661195,200
3,12,36,0,2,0,0,36,4.0,1,3,0.9444444444444444,12,0,0.0,-0.23995508105715146,200
9,20,180,1,2,0,0,720,2.2222222222222223,1,9,0.9555555555555556,20,0,0.0,-2.0270797199867276,200
3,14,42,1,2,0,0,42,4.666666666666667,1,3,0.9523809523809523,14,0,0.0,-0.7521584555892342,200
4,9,36,1,1,1,0,36,2.25,3,4,0.9722222222222222,9,0,0.0,-0.901173730404182,200
8,16,128,1,0,0,0,112,2.0,1,8,0.78125,16,1,0.0625,-0.9565731358066963,200
2,5,10,0,0,0,0,5,2.5,1,2,0.9,5,0,0.0,-0.31329731627906826,200
10,13,130,0,1,0,0,130,1.3,1,10,0.8076923076923077,13,0,0.0,-0.9968955131915784,200
7,9,63,1,0,1,0,54,1.2857142857142858,1,7,0.6666666666666666,9,0,0.0,-1.4985566374013555,200
9,20,180,1,1,0,1,180,2.2222222222222223,9,9,1.0,20,0,0.0,-2.0752590659032935,200
12,9,108,0,2,1,1,594,0.75,1,12,0.8981481481481481,9,0,0.0,-0.7483471971249057,200
11,11,121,0,1,1,1,121,1.0,5,11,0.9504132231404959,11,0,0.0,-1.9387142347552127,200
4,11,44,1,0,0,1,33,2.75,4,4,1.0,11,0,0.0,-0.9739776284099431,200
12,6,72,0,1,0,0,72,0.5,1,11,0.5,6,0,0.0,-0.7596097087698064,200
7,19,133,0,1,0,0,133,2.7142857142857144,1,7,0.9097744360902256,19,0,0.0,-0.7529329815956703,200
10,5,50,1,0,0,1,45,0.5,10,10,1.0,5,0,0.0,-2.297729390865832,200
5,19,95,0,2,1,1,190,3.8,1,5,0.9578947368421052,19,0,0.0,-0.8377524419781405,200
5,18,90,1,2,1,1,180,3.6,1,5,0.9555555555555556,18,0,0.0,-1.2320568295813727,200
6,13,78,0,0,1,0,65,2.1666666666666665,1,6,0.8076923076923077,13,0,0.0,-0.8967773747006816,200
6,1,6,0,1,0,0,6,0.16666666666666666,1,1,0.16666666666666666,1,0,0.0,-0.32990853307207346,200
8,16,128,1,0,1,0,112,2.0,1,8,0.78125,16,0,0.0,-1.9165517965644905,200
11,18,198,0,1,1,1,198,1.6363636363636365,5,11,0.9696969696969697,18,0,0.0,-2.231290106294519,200
4,11,44,1,0,0,1,33,2.75,4,4,1.0,11,0,0.0,-1.0387019972020866,200
5,18,90,1,1,0,0,90,3.6,1,5,0.9333333333333333,18,1,0.05555555555555555,-1.1952181367845685,200
4,1,4,1,0,0,1,3,0.25,4,4,1.0,1,0,0.0,-0.2432689263733071,200
5,3,15,0,2,0,1,30,0.6,5,5,1.0,3,0,0.0,0.28691692596319385,200
9,17,153,1,2,1,0,612,1.8888888888888888,1,9,0.9477124183006536,17,0,0.0,-2.147363084304424,200
10,10,100,1,1,1,1,100,1.0,5,10,0.95,10,0,0.0,-2.2117774283878178,200
11,1,11,0,0,0,0,10,0.09090909090909091,1,1,0.09090909090909091,1,0,0.0,-0.3330276398331794,200
2,11,22,1,0,1,0,11,5.5,1,2,0.9545454545454546,11,2,0.18181818181818182,-0.6692578535700434,200
10,15,150,0,2,0,1,675,1.5,10,10,1.0,15,0,0.0,0.5492995598551985,200
8,18,144,1,1,1,0,144,2.25,7,8,0.9930555555555556,18,0,0.0,-1.8267240830923128,200
6,13,78,1,2,1,1,195,2.1666666666666665,1,6,0.9358974358974359,13,1,0.07692307692307693,-1.3963591156084032,200
2,9,18,0,2,0,1,9,4.5,2,2,1.0,9,0,0.0,-0.11057695657154513,200
2,17,34,1,0,1,1,17,8.5,1,2,0.9705882352941176,17,2,0.11764705882352941,-0.7663647313083847,200
7,18,126,1,0,1,0,108,2.5714285714285716,1,7,0.8333333333333334,18,0,0.0,-1.687817477091411,200
11,15,165,1,1,1,0,165,1.3636363636363635,10,11,0.9939393939393939,15,0,0.0,-2.58569482168167,200
9,9,81,0,0,0,1,72,1.0,9,9,1.0,9,0,0.0,-1.1683668886569598,200
9,12,108,0,0,1,0,96,1.3333333333333333,1,9,0.6666666666666666,12,0,0.0,-0.9664844831774038,200
8,6,48,1,1,0,1,48,0.75,8,8,1.0,6,0,0.0,-1.9749018819157265,200
4,6,24,0,2,0,1,36,1.5,4,4,1.0,6,0,0.0,0.1726828119774528,200
4,9,36,1,1,0,1,36,2.25,4,4,1.0,9,0,0.0,-0.9793244560513504,200
12,12,144,1,0,0,0,132,1.0,1,12,0.5416666666666666,12,5,0.4166666666666667,-0.8657589813777846,200
5,10,50,1,0,0,1,40,2.0,5,5,1.0,10,0,0.0,-1.2320269210851784,200
12,14,168,0,1,0,0,168,1.1666666666666667,1,12,0.7857142857142857,14,0,0.0,-1.0213637079120235,200
10,17,170,1,0,0,0,153,1.7,1,10,0.7352941176470589,17,0,0.0,-1.0672249995820373,200
2,7,14,0,1,0,0,14,3.5,1,2,0.9285714285714286,7,0,0.0,-0.30809784922532946,200
7,13,91,1,0,1,1,78,1.8571428571428572,4,7,0.967032967032967,13,0,0.0,-1.6081593199529314,200
9,2,18,1,0,0,0,16,0.2222222222222222,1,2,0.16666666666666666,2,2,1.0,nan,200
11,9,99,1,0,1,1,90,0.8181818181818182,6,11,0.9494949494949495,9,0,0.0,-2.5395791904704814,200
9,12,108,1,0,1,0,96,1.3333333333333333,1,9,0.6666666666666666,12,0,0.0,-1.9133272274741322,200
6,15,90,1,1,0,1,90,2.5,6,6,1.0,15,0,0.0,-1.3539294479826918,200
9,4,36,1,2,0,1,144,0.4444444444444444,9,9,1.0,4,0,0.0,-0.7506391559684749,200
7,6,42,0,1,1,1,42,0.8571428571428571,3,7,0.9047619047619048,6,0,0.0,-0.9717259004896391,200
4,17,68,0,0,1,0,51,4.25,1,4,0.9117647058823529,17,0,0.0,-0.6354655487084998,200
2,6,12,1,2,0,0,6,3.0,1,2,0.9166666666666666,6,0,0.0,-0.7022712116291622,200
7,17,119,1,2,0,0,357,2.4285714285714284,1,7,0.9495798319327731,17,0,0.0,-1.60829817559963,200
3,18,54,1,1,0,0,54,6.0,1,3,0.9629629629629629,18,1,0.05555555555555555,-0.7661832705270657,200
7,7,49,0,1,1,0,49,1.0,6,7,0.9795918367346939,7,0,0.0,-0.9704182197572256,200
3,15,45,0,0,1,1,30,5.0,2,3,0.9777777777777777,15,0,0.0,-0.4623842974911325,200
9,15,135,0,2,1,0,540,1.6666666666666667,1,9,0.9407407407407408,15,0,0.0,-1.3880339767425924,200
10,4,40,0,0,0,1,36,0.4,10,10,1.0,4,0,0.0,-0.8480141024857983,200
8,18,144,0,2,1,1,504,2.25,1,8,0.9513888888888888,18,0,0.0,-1.3705990875376817,200
12,10,120,0,1,0,0,120,0.8333333333333334,1,12,0.7,10,0,0.0,-0.8977057845925138,200
8,19,152,0,0,0,0,133,2.375,1,8,0.8157894736842105,19,0,0.0,-0.6871852413576351,200
4,3,12,0,2,1,0,18,0.75,1,4,0.75,3,0,0.0,-0.36193154007068834,200
9,2,18,0,1,0,0,18,0.2222222222222222,1,3,0.2222222222222222,2,0,0.0,-0.5035098066596925,200
11,2,22,1,0,0,0,20,0.18181818181818182,1,2,0.13636363636363635,2,1,0.5,-0.3416853147685191,200
7,20,140,1,1,0,0,140,2.857142857142857,1,7,0.9142857142857143,20,0,0.0,-1.5425069248276941,200
4,7,28,1,0,1,0,21,1.75,1,4,0.7857142857142857,7,0,0.0,-1.0854664453922116,200
7,20,140,1,1,1,0,140,2.857142857142857,6,7,0.9928571428571429,20,0,0.0,-1.5620169990266368,200
7,15,105,0,0,1,0,90,2.142857142857143,1,7,0.8,15,0,0.0,-1.144719755517811,200
11,18,198,0,1,1,0,198,1.6363636363636365,10,11,0.9949494949494949,18,0,0.0,-2.212954779174758,200
11,2,22,0,1,1,0,22,0.18181818181818182,10,11,0.9545454545454546,2,0,0.0,-0.30502671618026883,200
12,13,156,1,1,0,1,156,1.0833333333333333,12,12,1.0,13,0,0.0,-3.0408944649640266,200
9,17,153,1,1,0,0,153,1.8888888888888888,1,9,0.869281045751634,17,1,0.058823529411764705,-1.3471392689985409,200
9,6,54,1,0,1,1,48,0.6666666666666666,5,9,0.9259259259259259,6,0,0.0,-1.706461237634648,200
12,15,180,1,2,0,1,990,1.25,12,12,1.0,15,0,0.0,-2.5556998571266343,200
5,16,80,1,0,0,0,64,3.2,1,5,0.875,16,0,0.0,-1.0482963330806756,200
12,19,228,1,0,1,0,209,1.5833333333333333,1,12,0.7105263157894737,19,0,0.0,-2.8624642728804632,200
8,20,160,0,0,1,0,140,2.5,1,8,0.825,20,0,0.0,-1.4431040156803607,200
2,1,2,0,0,1,0,1,0.5,1,1,0.5,1,0,0.0,-0.3470627767228165,200
7,14,98,1,1,1,0,98,2.0,6,7,0.9897959183673469,14,0,0.0,-1.5758621916355242,200
11,2,22,0,1,0,0,22,0.18181818181818182,1,3,0.18181818181818182,2,0,0.0,-0.48393378233233514,200
9,19,171,0,0,1,0,152,2.111111111111111,1,9,0.7894736842105263,19,0,0.0,-1.5302014243851034,200
2,15,30,0,1,1,1,30,7.5,1,2,0.9666666666666667,15,0,0.0,-0.3661389390973271,200
2,8,16,0,1,0,1,16,4.0,2,2,1.0,8,0,0.0,-0.2842188883917731,200
6,8,48,1,1,0,0,48,1.3333333333333333,1,6,0.8125,8,0,0.0,-1.0458208034463832,200
9,15,135,1,0,1,0,120,1.6666666666666667,1,9,0.7333333333333333,15,0,0.0,-2.0536384793970424,200
11,4,44,0,1,0,1,44,0.36363636363636365,11,11,1.0,4,0,0.0,-0.3629228620315777,200
4,19,76,1,0,0,0,57,4.75,1,4,0.9210526315789473,19,3,0.15789473684210525,-0.9793541820289089,200
11,12,132,1,0,1,1,120,1.0909090909090908,6,11,0.9621212121212122,12,0,0.0,-2.6054525813005593,200
8,8,64,0,2,0,1,224,1.0,8,8,1.0,8,0,0.0,0.49802324380110713,200
10,4,40,1,1,1,1,40,0.4,5,10,0.875,4,0,0.0,-1.7894900147644368,200
2,16,32,1,1,0,1,32,8.0,2,2,1.0,16,0,0.0,-0.8126796209269096,200
9,18,162,0,0,0,1,144,2.0,9,9,1.0,18,0,0.0,-1.3504573570878595,200
12,16,192,1,1,1,1,192,1.3333333333333333,6,12,0.96875,16,0,0.0,-2.856708293438293,200
8,12,96,0,1,0,1,96,1.5,8,8,1.0,12,0,0.0,-0.2568381515993728,200
7,19,133,0,0,0,0,114,2.7142857142857144,1,7,0.8421052631578947,19,0,0.0,-0.6473129018953008,200
12,16,192,1,1,1,0,192,1.3333333333333333,11,12,0.9947916666666666,16,0,0.0,-2.8223750339773073,200
2,6,12,1,1,0,0,12,3.0,1,2,0.9166666666666666,6,1,0.16666666666666666,-0.5686620514051139,200
3,10,30,1,2,1,1,30,3.3333333333333335,1,3,0.9333333333333333,10,0,0.0,-0.7720968700540174,200
2,2,4,0,0,0,0,2,1.0,1,2,0.75,2,0,0.0,-0.41488821645413515,200
5,18,90,1,1,1,1,90,3.6,2,5,0.9666666666666667,18,0,0.0,-1.1585383844495414,200
6,12,72,1,2,1,0,180,2.0,1,6,0.9305555555555556,12,2,0.16666666666666666,-1.30305967463685,200
9,13,117,1,1,0,1,117,1.4444444444444444,9,9,1.0,13,0,0.0,-2.128519327663153,200
4,9,36,0,2,1,0,54,2.25,1,4,0.9166666666666666,9,0,0.0,-0.5588363812646859,200
7,10,70,1,1,0,0,70,1.4285714285714286,1,7,0.8285714285714286,10,1,0.1,-1.1537059903719287,200
8,7,56,0,1,0,1,56,0.875,8,8,1.0,7,0,0.0,-0.29084702160933584,200
6,17,102,1,2,1,0,255,2.8333333333333335,1,6,0.9509803921568627,17,0,0.0,-1.3981700783182265,200
10,10,100,1,2,1,0,450,1.0,1,10,0.91,10,0,0.0,-2.0945731310454314,200
7,19,133,1,0,1,0,114,2.7142857142857144,1,7,0.8421052631578947,19,0,0.0,-1.6836349740738474,200
2,15,30,1,0,0,1,15,7.5,2,2,1.0,15,1,0.06666666666666667,-0.7148311221211042,200
7,3,21,1,0,1,0,18,0.42857142857142855,1,3,0.2857142857142857,3,1,0.3333333333333333,-0.581361927324947,200
7,9,63,0,0,1,0,54,1.2857142857142858,1,7,0.6666666666666666,9,0,0.0,-0.7398121694614518,200
3,14,42,1,1,1,1,42,4.666666666666667,1,3,0.9523809523809523,14,0,0.0,-0.8030703139326537,200
2,18,36,1,0,0,1,18,9.0,2,2,1.0,18,0,0.0,-0.6493228701492111,200
4,10,40,0,0,1,0,30,2.5,1,4,0.85,10,0,0.0,-0.5925027361105755,200
8,15,120,0,0,0,0,105,1.875,1,8,0.7666666666666667,15,0,0.0,-0.62873335479675,200
12,8,96,1,0,0,1,88,0.6666666666666666,12,12,1.0,8,0,0.0,-3.0603624031992913,200
6,2,12,0,0,1,1,10,0.3333333333333333,3,6,0.75,2,0,0.0,-0.4408664780950743,200
5,13,65,1,1,0,0,65,2.6,1,5,0.9076923076923077,13,0,0.0,-1.0969954158765787,200
3,18,54,0,0,1,0,36,6.0,1,3,0.9444444444444444,18,0,0.0,-0.4652077756508184,200
8,16,128,0,2,1,0,448,2.0,1,8,0.9453125,16,0,0.0,-1.3167588672952386,200
9,2,18,0,0,0,1,16,0.2222222222222222,9,9,1.0,2,0,0.0,-0.3982972639913022,200
9,7,63,1,0,1,1,56,0.7777777777777778,5,9,0.9365079365079365,7,0,0.0,-1.9808470846252908,200
7,19,133,0,2,1,1,399,2.7142857142857144,1,7,0.9548872180451128,19,0,0.0,-1.2280144132055215,200
10,6,60,0,0,1,1,54,0.6,5,10,0.9166666666666666,6,0,0.0,-0.9554262646143089,200
4,18,72,0,2,1,1,108,4.5,1,4,0.9583333333333334,18,0,0.0,-0.615548044145305,200
6,4,24,1,1,0,0,24,0.6666666666666666,1,6,0.625,4,1,0.25,-0.7313006886841064,200
4,14,56,1,0,0,0,42,3.5,1,4,0.8928571428571429,14,0,0.0,-0.9267207574235714,200
7,13,91,1,1,1,1,91,1.8571428571428572,3,7,0.9560439560439561,13,0,0.0,-1.6028319132516284,200
12,17,204,1,1,1,1,204,1.4166666666666667,6,12,0.9705882352941176,17,0,0.0,-2.8509468580931654,200
9,4,36,0,2,1,0,144,0.4444444444444444,1,9,0.7777777777777778,4,0,0.0,-0.46856051940061316,200
4,2,8,0,1,1,0,8,0.5,3,4,0.875,2,0,0.0,-0.3598639435438285,200
9,8,72,0,0,1,0,64,0.8888888888888888,1,8,0.5,8,0,0.0,-0.6619759656648778,200
8,7,56,0,2,1,0,196,0.875,1,8,0.875,7,0,0.0,-0.7316913376600392,200
6,12,72,1,1,0,0,72,2.0,1,6,0.875,12,0,0.0,-1.1013590350857883,200
8,15,120,1,1,1,1,120,1.875,4,8,0.9666666666666667,15,0,0.0,-1.8740588383250116,200
5,15,75,1,1,0,1,75,3.0,5,5,1.0,15,0,0.0,-1.1716773015896194,200
6,1,6,1,1,0,0,6,0.16666666666666666,1,1,0.16666666666666666,1,1,1.0,nan,200
5,13,65,0,1,0,1,65,2.6,5,5,1.0,13,0,0.0,0.06186434564492743,200
5,19,95,1,0,0,1,76,3.8,5,5,1.0,19,0,0.0,-1.1868497394896298,200
6,15,90,0,0,0,1,75,2.5,6,6,1.0,15,0,0.0,-0.6043817748491829,200
4,12,48,0,0,0,1,36,3.0,4,4,1.0,12,0,0.0,-0.360179506575843,200
2,19,38,0,2,0,1,19,9.5,2,2,1.0,19,0,0.0,-0.1404776772065411,200
2,4,8,0,2,1,0,4,2.0,1,2,0.875,4,0,0.0,-0.31694035895162087,200
4,16,64,0,0,0,0,48,4.0,1,4,0.90625,16,0,0.0,-0.5081369662802253,200
4,10,40,0,0,1,1,30,2.5,2,4,0.95,10,0,0.0,-0.5803037533610593,200
4,6,24,0,0,0,1,18,1.5,4,4,1.0,6,0,0.0,-0.3464408284830461,200
3,14,42,0,1,1,1,42,4.666666666666667,1,3,0.9523809523809523,14,0,0.0,-0.4695652281682523,200
4,11,44,0,2,1,0,66,2.75,1,4,0.9318181818181818,11,0,0.0,-0.6010026019935403,200
4,13,52,1,2,0,0,78,3.25,1,4,0.9423076923076923,13,2,0.15384615384615385,-0.986969475144055,200
12,4,48,1,2,1,0,264,0.3333333333333333,1,12,0.7708333333333334,4,0,0.0,-0.9747355654950202,200
11,9,99,0,1,1,1,99,0.8181818181818182,5,11,0.9393939393939394,9,0,0.0,-1.7176589057856118,200
7,20,140,1,1,0,0,140,2.857142857142857,1,7,0.9142857142857143,20,0,0.0,-1.5293847022142557,200
10,15,150,0,1,0,1,150,1.5,10,10,1.0,15,0,0.0,-0.42070377744398363,200
10,13,130,1,2,0,0,585,1.3,1,10,0.9307692307692308,13,0,0.0,-1.825065137788475,200
5,9,45,1,0,1,0,36,1.8,1,5,0.7777777777777778,9,0,0.0,-1.2140514306397823,200
7,6,42,0,0,0,0,36,0.8571428571428571,1,6,0.5,6,0,0.0,-0.46865942421210305,200
10,1,10,1,1,1,1,10,0.1,5,5,0.5,1,0,0.0,-0.22938777492362172,200
6,18,108,1,1,0,1,108,3.0,6,6,1.0,18,0,0.0,-1.3655318112051824,200
12,1,12,0,0,1,1,11,0.08333333333333333,6,6,0.5,1,0,0.0,-0.10893851246210182,200
6,1,6,0,2,0,0,15,0.16666666666666666,1,1,0.16666666666666666,1,0,0.0,-0.30294936461990307,200
4,18,72,1,1,0,0,72,4.5,1,4,0.9444444444444444,18,1,0.05555555555555555,-1.0034086014616765,200
10,2,20,0,0,0,1,18,0.2,10,10,1.0,2,0,0.0,-0.5104777181687377,200
3,19,57,1,1,0,0,57,6.333333333333333,1,3,0.9649122807017544,19,1,0.05263157894736842,-0.8313050698968742,200
9,8,72,1,0,1,1,64,0.8888888888888888,5,9,0.9444444444444444,8,0,0.0,-2.1036246168670414,200
8,16,128,0,2,1,0,448,2.0,1,8,0.9453125,16,0,0.0,-1.2985571967785083,200
10,1,10,1,0,0,0,9,0.1,1,1,0.1,1,1,1.0,nan,200
11,15,165,1,0,1,1,150,1.3636363636363635,6,11,0.9696969696969697,15,0,0.0,-2.5826031579464614,200
7,19,133,1,0,1,0,114,2.7142857142857144,1,7,0.8421052631578947,19,0,0.0,-1.7045264422830342,200
10,14,140,1,2,0,1,630,1.4,10,10,1.0,14,0,0.0,-2.1552790543229157,200
8,15,120,1,2,1,0,420,1.875,1,8,0.9416666666666667,15,0,0.0,-1.8424348005590796,200
12,3,36,0,2,1,1,198,0.25,1,12,0.6944444444444444,3,0,0.0,-0.3414402800854386,200
7,20,140,0,1,0,1,140,2.857142857142857,7,7,1.0,20,0,0.0,0.08737213004958,200
6,16,96,1,1,1,1,96,2.6666666666666665,3,6,0.96875,16,0,0.0,-1.3503269451959676,200
9,7,63,1,2,1,0,252,0.7777777777777778,1,9,0.873015873015873,7,0,0.0,-1.5769827698279792,200
12,9,108,0,1,0,1,108,0.75,12,12,1.0,9,0,0.0,-0.4222344021868439,200
5,12,60,0,2,1,1,120,2.4,1,5,0.9333333333333333,12,0,0.0,-0.7521555248998345,200
6,20,120,0,2,1,0,300,3.3333333333333335,1,6,0.9583333333333334,20,0,0.0,-1.05246595699503,200
12,13,156,1,1,1,1,156,1.0833333333333333,6,12,0.9615384615384616,13,0,0.0,-2.886526026921109,200
4,20,80,0,1,0,0,80,5.0,1,4,0.95,20,0,0.0,-0.47946422697254854,200
6,20,120,0,0,1,0,100,3.3333333333333335,1,6,0.875,20,0,0.0,-1.0641351850836378,200
5,20,100,0,0,0,1,80,4.0,5,5,1.0,20,0,0.0,-0.6607980756596361,200
11,2,22,0,1,0,1,22,0.18181818181818182,11,11,1.0,2,0,0.0,-0.18955751871832516,200
6,4,24,1,0,1,0,20,0.6666666666666666,1,4,0.4166666666666667,4,0,0.0,-0.8860276337048518,200
3,1,3,1,1,1,1,3,0.3333333333333333,1,1,0.3333333333333333,1,0,0.0,-0.31105836578589013,200
8,6,48,1,2,0,1,168,0.75,8,8,1.0,6,0,0.0,-1.3185578213159759,200
12,13,156,1,1,1,1,156,1.0833333333333333,6,12,0.9615384615384616,13,0,0.0,-2.849709232038309,200
10,19,190,1,0,0,1,171,1.9,10,10,1.0,19,0,0.0,-2.4125354825598935,200
6,15,90,0,2,0,0,225,2.5,1,6,0.9444444444444444,15,0,0.0,0.03223775140362478,200
12,8,96,0,0,1,0,88,0.6666666666666666,1,8,0.375,8,0,0.0,-0.6859375272641106,200
5,7,35,1,2,0,0,70,1.4,1,5,0.8857142857142857,7,0,0.0,-0.938301915855062,200
11,12,132,0,1,1,1,132,1.0909090909090908,5,11,0.9545454545454546,12,0,0.0,-2.009059154794763,200
8,12,96,1,1,0,1,96,1.5,8,8,1.0,12,0,0.0,-1.88741731462781,200
7,3,21,0,2,0,1,63,0.42857142857142855,7,7,1.0,3,0,0.0,0.4641859877692531,200
11,18,198,1,1,0,0,198,1.6363636363636365,1,11,0.8484848484848485,18,1,0.05555555555555555,-1.4318383055159258,200
8,2,16,1,0,0,1,14,0.25,8,8,1.0,2,0,0.0,-0.7035517866913533,200
5,4,20,0,0,1,1,16,0.8,3,5,0.9,4,0,0.0,-0.5395872598944631,200
9,20,180,1,2,0,1,720,2.2222222222222223,9,9,1.0,20,0,0.0,-2.0160698256890957,200
10,6,60,1,2,0,1,270,0.6,10,10,1.0,6,0,0.0,-1.686107981748219,200
8,2,16,1,2,1,0,56,0.25,1,8,0.5625,2,1,0.5,-0.3203568633634469,200
7,20,140,0,2,0,0,420,2.857142857142857,1,7,0.9571428571428572,20,0,0.0,0.009110480916055418,200
11,1,11,1,2,0,1,55,0.09090909090909091,11,11,1.0,1,0,0.0,-0.09066068086877076,200
9,12,108,0,0,0,1,96,1.3333333333333333,9,9,1.0,12,0,0.0,-1.1938660259417682,200
2,7,14,1,0,0,0,7,3.5,1,2,0.9285714285714286,7,0,0.0,-0.6502695435501065,200
3,10,30,0,2,0,1,30,3.3333333333333335,3,3,1.0,10,0,0.0,0.07716687830082451,200
3,4,12,1,1,0,0,12,1.3333333333333333,1,3,0.8333333333333334,4,0,0.0,-0.779657437719756,200
2,13,26,1,0,0,0,13,6.5,1,2,0.9615384615384616,13,0,0.0,-0.5809967233667552,200
3,1,3,1,1,1,1,3,0.3333333333333333,1,1,0.3333333333333333,1,1,1.0,nan,200
4,15,60,0,0,1,0,45,3.75,1,4,0.9,15,0,0.0,-0.6108731587656904,200
8,6,48,1,1,1,0,48,0.75,7,8,0.9791666666666666,6,0,0.0,-1.7195713608959595,200
4,4,16,1,1,1,1,16,1.0,2,4,0.875,4,0,0.0,-0.8744262001917608,200
4,12,48,1,1,1,1,48,3.0,2,4,0.9583333333333334,12,0,0.0,-0.9407907560265607,200
9,16,144,0,1,0,1,144,1.7777777777777777,9,9,1.0,16,0,0.0,-0.06820894510819303,200
7,14,98,1,0,1,0,84,2.0,1,7,0.7857142857142857,14,0,0.0,-1.604814412007478,200
12,2,24,0,1,1,0,24,0.16666666666666666,11,12,0.9583333333333334,2,0,0.0,-0.32197899529326995,200
8,1,8,0,2,0,0,28,0.125,1,1,0.125,1,0,0.0,-0.32947832717146947,200
10,17,170,1,0,0,1,153,1.7,10,10,1.0,17,0,0.0,-2.3596583677449656,200
7,3,21,1,0,1,1,18,0.42857142857142855,4,7,0.8571428571428571,3,0,0.0,-0.9346608885221201,200
2,6,12,0,0,0,1,6,3.0,2,2,1.0,6,0,0.0,-0.14728730213350705,200
9,18,162,1,0,0,1,144,2.0,9,9,1.0,18,0,0.0,-2.1666703133686602,200
8,11,88,0,1,0,1,88,1.375,8,8,1.0,11,0,0.0,-0.2923246991898117,200
12,8,96,0,2,1,1,528,0.6666666666666666,1,12,0.8854166666666666,8,0,0.0,-0.6593332032900711,200
8,1,8,1,1,1,1,8,0.125,4,4,0.5,1,0,0.0,-0.22053117031867558,200
5,18,90,0,0,0,0,72,3.6,1,5,0.8888888888888888,18,0,0.0,-0.5486072024148134,200
9,2,18,0,2,0,1,72,0.2222222222222222,9,9,1.0,2,0,0.0,0.8544548746768271,200
3,2,6,1,1,0,0,6,0.6666666666666666,1,3,0.6666666666666666,2,1,0.5,-0.31983037753778293,200
4,13,52,1,2,0,1,78,3.25,4,4,1.0,13,0,0.0,-0.9495278202737891,200
6,9,54,1,0,1,0,45,1.5,1,6,0.7222222222222222,9,1,0.1111111111111111,-1.3106045744008057,200
4,20,80,0,2,0,0,120,5.0,1,4,0.9625,20,0,0.0,-0.15263806543796463,200
9,2,18,1,2,0,0,72,0.2222222222222222,1,9,0.5555555555555556,2,2,1.0,nan,200
6,18,108,0,2,1,1,270,3.0,1,6,0.9537037037037037,18,0,0.0,-1.0525517904321637,200
11,11,121,0,0,0,0,110,1.0,1,11,0.5454545454545454,11,0,0.0,-0.5924584300815655,200
12,17,204,0,0,1,0,187,1.4166666666666667,1,12,0.6764705882352942,17,0,0.0,-1.416466216055757,200
12,12,144,0,2,0,1,792,1.0,12,12,1.0,12,0,0.0,0.623585138926499,200
8,13,104,0,2,0,0,364,1.625,1,8,0.9326923076923077,13,0,0.0,0.07592496974754438,200
5,18,90,1,1,0,1,90,3.6,5,5,1.0,18,0,0.0,-1.1095896771841816,200
3,18,54,0,0,0,0,36,6.0,1,3,0.9444444444444444,18,0,0.0,-0.4141632816019659,200
3,16,48,0,0,0,1,32,5.333333333333333,3,3,1.0,16,0,0.0,-0.3985694777928448,200
3,3,9,1,2,0,1,9,1.0,3,3,1.0,3,0,0.0,-0.8930220583961264,200
6,3,18,0,1,0,0,18,0.5,1,5,0.5,3,0,0.0,-0.49390738805589735,200
5,16,80,0,1,1,0,80,3.2,4,5,0.9875,16,0,0.0,-0.8068322325260552,200
2,20,40,1,0,0,0,20,10.0,1,2,0.975,20,0,0.0,-0.7200481065233297,200
3,12,36,0,1,1,1,36,4.0,1,3,0.9444444444444444,12,0,0.0,-0.4950145909362288,200
4,16,64,1,0,0,0,48,4.0,1,4,0.90625,16,0,0.0,-0.9492080074969903,200
8,19,152,0,1,1,0,152,2.375,7,8,0.993421052631579,19,0,0.0,-1.475924166362418,200
3,17,51,0,2,1,1,51,5.666666666666667,1,3,0.9607843137254902,17,0,0.0,-0.49022556842508297,200
8,3,24,0,0,1,1,21,0.375,4,8,0.8333333333333334,3,0,0.0,-0.5306933460225197,200
8,16,128,0,1,0,1,128,2.0,8,8,1.0,16,0,0.0,-0.2629867477507955,200
9,19,171,1,0,0,1,152,2.111111111111111,9,9,1.0,19,0,0.0,-2.1670241434292428,200
5,3,15,1,2,1,0,30,0.6,1,5,0.7333333333333333,3,2,0.6666666666666666,-0.3225731759470014,200
7,13,91,0,2,1,1,273,1.8571428571428572,1,7,0.9340659340659341,13,0,0.0,-1.0343294438609127,200
9,2,18,0,0,1,0,16,0.2222222222222222,1,2,0.16666666666666666,2,0,0.0,-0.3721589590947185,200
4,3,12,0,2,0,1,18,0.75,4,4,1.0,3,0,0.0,0.1575160631355039,200
3,7,21,1,0,0,0,14,2.3333333333333335,1,3,0.8571428571428571,7,0,0.0,-0.7188464334402135,200
6,13,78,0,1,0,0,78,2.1666666666666665,1,6,0.8846153846153846,13,0,0.0,-0.7237622713394313,200
7,9,63,1,0,0,0,54,1.2857142857142858,1,7,0.6666666666666666,9,0,0.0,-0.8331152863902884,200
2,14,28,0,0,0,0,14,7.0,1,2,0.9642857142857143,14,0,0.0,-0.29384285755731565,200
3,6,18,1,2,1,0,18,2.0,1,3,0.8888888888888888,6,0,0.0,-0.759855528486852,200
2,20,40,1,1,1,0,40,10.0,1,2,0.975,20,0,0.0,-0.6738248513024978,200
5,8,40,0,2,1,0,80,1.6,1,5,0.9,8,0,0.0,-0.6268341860642235,200
11,19,209,0,2,0,0,1045,1.7272727272727273,1,11,0.9521531100478469,19,0,0.0,0.18775196280311987,200
6,15,90,1,2,1,1,225,2.5,1,6,0.9444444444444444,15,1,0.06666666666666667,-1.3859332616211264,200
3,19,57,1,1,1,1,57,6.333333333333333,1,3,0.9649122807017544,19,0,0.0,-0.8093796262582685,200
5,10,50,0,2,1,1,100,2.0,1,5,0.92,10,0,0.0,-0.7240891837402247,200
12,6,72,1,0,1,0,66,0.5,1,6,0.2916666666666667,6,1,0.16666666666666666,-0.9820319108432131,200
7,8,56,0,0,1,0,48,1.1428571428571428,1,7,0.625,8,0,0.0,-0.6378990244340844,200
4,16,64,1,0,0,0,48,4.0,1,4,0.90625,16,1,0.0625,-0.9241204790004176,200
9,17,153,1,0,1,0,136,1.8888888888888888,1,9,0.7647058823529411,17,0,0.0,-2.1816728858682723,200
8,9,72,1,1,0,0,72,1.125,1,8,0.7777777777777778,9,2,0.2222222222222222,-0.9215455577696334,200
6,20,120,0,1,0,1,120,3.3333333333333335,6,6,1.0,20,0,0.0,-0.2804638828282623,200
6,20,120,1,0,1,1,100,3.3333333333333335,3,6,0.975,20,0,0.0,-1.3678853586786437,200
6,4,24,0,0,1,0,20,0.6666666666666666,1,4,0.4166666666666667,4,0,0.0,-0.44679101003205535,200
4,12,48,0,0,1,1,36,3.0,2,4,0.9583333333333334,12,0,0.0,-0.5987838337400135,200
11,19,209,0,2,1,0,1045,1.7272727272727273,1,11,0.9521531100478469,19,0,0.0,-1.8010358598507645,200
2,11,22,1,1,1,1,22,5.5,1,2,0.9545454545454546,11,0,0.0,-0.6422724558975063,200
5,19,95,0,2,1,0,190,3.8,1,5,0.9578947368421052,19,0,0.0,-0.8198973749567959,200
3,11,33,0,2,1,1,33,3.6666666666666665,1,3,0.9393939393939394,11,0,0.0,-0.49639246480185123,200
3,20,60,0,1,0,1,60,6.666666666666667,3,3,1.0,20,0,0.0,0.08389639305768397,200
7,5,35,0,1,1,0,35,0.7142857142857143,6,7,0.9714285714285714,5,0,0.0,-0.803825855059793,200
9,10,90,1,0,1,1,80,1.1111111111111112,5,9,0.9555555555555556,10,0,0.0,-2.1089616062928815,200
2,11,22,0,1,1,1,22,5.5,1,2,0.9545454545454546,11,0,0.0,-0.3693375022108526,200
8,19,152,0,2,1,1,532,2.375,1,8,0.9539473684210527,19,0,0.0,-1.4109779271581284,200
4,20,80,1,2,1,0,120,5.0,1,4,0.9625,20,0,0.0,-0.9776433168370805,200
2,3,6,1,0,1,0,3,1.5,1,2,0.8333333333333334,3,0,0.0,-0.5342348451841428,200
7,4,28,0,2,0,1,84,0.5714285714285714,7,7,1.0,4,0,0.0,0.5157476029020078,200
4,8,32,1,2,1,0,48,2.0,1,4,0.90625,8,0,0.0,-0.9635858824601821,200
2,17,34,0,0,0,0,17,8.5,1,2,0.9705882352941176,17,0,0.0,-0.29447356681396086,200
3,15,45,1,1,0,0,45,5.0,1,3,0.9555555555555556,15,0,0.0,-0.8646514628519173,200
12,1,12,1,2,1,0,66,0.08333333333333333,1,1,0.08333333333333333,1,0,0.0,-0.3100658132057849,200
4,7,28,1,1,1,0,28,1.75,3,4,0.9642857142857143,7,0,0.0,-0.9463935786649625,200
8,17,136,0,2,0,1,476,2.125,8,8,1.0,17,0,0.0,0.41666600905566836,200
5,5,25,1,1,1,1,25,1.0,2,5,0.88,5,0,0.0,-1.2072219163585487,200
9,13,117,1,2,1,1,468,1.4444444444444444,1,9,0.9316239316239316,13,1,0.07692307692307693,-2.079240949560062,200
12,10,120,0,1,1,0,120,0.8333333333333334,11,12,0.9916666666666667,10,0,0.0,-1.8452856281429908,200
8,18,144,1,0,0,1,126,2.25,8,8,1.0,18,0,0.0,-1.9142048045460005,200
3,10,30,1,0,1,0,20,3.3333333333333335,1,3,0.9,10,2,0.2,-0.8167187493384014,200
10,12,120,1,2,0,0,540,1.2,1,10,0.925,12,0,0.0,-1.6879992469262282,200
6,20,120,0,2,0,1,300,3.3333333333333335,6,6,1.0,20,0,0.0,0.3252649873409598,200
7,17,119,0,0,0,0,102,2.4285714285714284,1,7,0.8235294117647058,17,0,0.0,-0.6319274090762402,200
12,5,60,0,1,0,0,60,0.4166666666666667,1,9,0.4166666666666667,5,0,0.0,-0.6616227897700554,200
5,19,95,0,0,1,1,76,3.8,3,5,0.9789473684210527,19,0,0.0,-0.7949302687041179,200
7,18,126,1,1,1,1,126,2.5714285714285716,3,7,0.9682539682539683,18,0,0.0,-1.5979701501149175,200
4,16,64,1,2,0,1,96,4.0,4,4,1.0,16,0,0.0,-0.8922485896947023,200
4,4,16,0,1,1,0,16,1.0,3,4,0.9375,4,0,0.0,-0.4761977681047691,200
5,17,85,1,1,1,0,85,3.4,4,5,0.9882352941176471,17,0,0.0,-1.1414704298007938,200
10,13,130,1,0,1,0,117,1.3,1,10,0.6538461538461539,13,0,0.0,-2.0778307768256536,200
7,12,84,0,2,0,0,252,1.7142857142857142,1,7,0.9285714285714286,12,0,0.0,0.06484137747654187,200
11,15,165,0,2,1,1,825,1.3636363636363635,1,11,0.9393939393939394,15,0,0.0,-1.266096732772467,200
3,19,57,1,1,0,1,57,6.333333333333333,3,3,1.0,19,0,0.0,-0.7239686822203466,200
6,8,48,1,2,1,0,120,1.3333333333333333,1,6,0.8958333333333334,8,2,0.25,-1.3253592120811524,200
6,16,96,0,1,0,1,96,2.6666666666666665,6,6,1.0,16,0,0.0,-0.2521805819098207,200
11,18,198,0,1,0,0,198,1.6363636363636365,1,11,0.8484848484848485,18,0,0.0,-1.236659377131573,200
9,5,45,0,1,0,0,45,0.5555555555555556,1,9,0.5555555555555556,5,0,0.0,-0.673486467006999,200
9,8,72,0,1,0,1,72,0.8888888888888888,9,9,1.0,8,0,0.0,-0.14751687574254235,200
7,8,56,0,0,0,1,48,1.1428571428571428,7,7,1.0,8,0,0.0,-0.9050006036259717,200
6,2,12,0,1,0,1,12,0.3333333333333333,6,6,1.0,2,0,0.0,-0.20437470740710198,200
4,2,8,1,1,0,0,8,0.5,1,3,0.5,2,1,0.5,-0.300414596015301,200
9,16,144,1,1,1,1,144,1.7777777777777777,4,9,0.9652777777777778,16,0,0.0,-2.0673815238627222,200
9,18,162,0,1,0,1,162,2.0,9,9,1.0,18,0,0.0,-0.011097378186428981,200
5,13,65,0,1,1,1,65,2.6,2,5,0.9538461538461539,13,0,0.0,-0.8047495266298699,200
5,2,10,0,0,0,1,8,0.4,5,5,1.0,2,0,0.0,-0.4370894383942244,200
3,8,24,0,2,0,1,24,2.6666666666666665,3,3,1.0,8,0,0.0,0.0827307932223766,200
7,20,140,0,1,0,0,140,2.857142857142857,1,7,0.9142857142857143,20,0,0.0,-0.7970919132592614,200
11,16,176,0,0,1,1,160,1.4545454545454546,6,11,0.9715909090909091,16,0,0.0,-1.896845259219956,200
9,20,180,1,0,0,0,160,2.2222222222222223,1,9,0.8,20,1,0.05,-1.1984857589649596,200
6,4,24,1,0,1,1,20,0.6666666666666666,3,6,0.875,4,0,0.0,-1.062877279221351,200
9,9,81,0,2,0,1,324,1.0,9,9,1.0,9,0,0.0,0.5584844061760549,200
11,12,132,1,1,1,1,132,1.0909090909090908,5,11,0.9545454545454546,12,0,0.0,-2.59270813791367,200
9,5,45,0,1,0,1,45,0.5555555555555556,9,9,1.0,5,0,0.0,-0.27123862256452275,200
5,6,30,1,0,1,0,24,1.2,1,5,0.6666666666666666,6,1,0.16666666666666666,-1.0009436590200043,200
7,20,140,0,1,0,0,140,2.857142857142857,1,7,0.9142857142857143,20,0,0.0,-0.7484813988080533,200
8,15,120,0,0,0,1,105,1.875,8,8,1.0,15,0,0.0,-0.9998086011107226,200
4,13,52,1,2,0,0,78,3.25,1,4,0.9423076923076923,13,0,0.0,-1.061685956155408,200
8,8,64,1,0,1,0,56,1.0,1,8,0.5625,8,0,0.0,-1.3494386381302181,200
8,7,56,1,2,1,0,196,0.875,1,8,0.875,7,3,0.42857142857142855,-1.060871266117303,200
7,2,14,0,2,0,1,42,0.2857142857142857,7,7,1.0,2,0,0.0,0.6442786542207481,200
10,19,190,1,0,0,0,171,1.9,1,10,0.7631578947368421,19,0,0.0,-1.080996239834731,200
4,3,12,0,2,1,1,18,0.75,1,4,0.75,3,0,0.0,-0.3799583574975132,200
11,3,33,1,1,0,0,33,0.2727272727272727,1,5,0.2727272727272727,3,0,0.0,-0.5430947233964907,200
11,18,198,0,2,1,0,990,1.6363636363636365,1,11,0.9494949494949495,18,0,0.0,-1.7468245554440422,200
7,7,49,0,2,0,1,147,1.0,7,7,1.0,7,0,0.0,0.4572841853838511,200
10,9,90,0,0,1,0,81,0.9,1,9,0.5,9,0,0.0,-0.7592199849616961,200
5,4,20,1,2,0,0,40,0.8,1,5,0.8,4,1,0.25,-0.70562700110351,200
5,9,45,0,1,0,0,45,1.8,1,5,0.8666666666666667,9,0,0.0,-0.46207884047120734,200
11,7,77,1,0,0,0,70,0.6363636363636364,1,7,0.36363636363636365,7,1,0.14285714285714285,-0.7349187224590007,200
4,11,44,0,0,1,0,33,2.75,1,4,0.8636363636363636,11,0,0.0,-0.6047749191499738,200
8,7,56,1,1,0,1,56,0.875,8,8,1.0,7,0,0.0,-1.9333077411946078,200
12,5,60,1,0,0,1,55,0.4166666666666667,12,12,1.0,5,0,0.0,-2.6712007495266468,200
12,2,24,1,2,0,1,132,0.16666666666666666,12,12,1.0,2,0,0.0,-0.3569029534354155,200
6,1,6,1,0,0,1,5,0.16666666666666666,6,6,1.0,1,0,0.0,-0.28816428285067885,200
4,15,60,0,1,0,0,60,3.75,1,4,0.9333333333333333,15,0,0.0,-0.5058287860255938,200
8,16,128,0,1,1,1,128,2.0,4,8,0.96875,16,0,0.0,-1.4931816311038906,200
11,10,110,0,1,1,0,110,0.9090909090909091,10,11,0.990909090909091,10,0,0.0,-1.7401593620534128,200
2,20,40,1,2,1,1,20,10.0,1,2,0.975,20,1,0.05,-0.680847780876853,200
7,5,35,1,1,0,0,35,0.7142857142857143,1,7,0.6571428571428571,5,0,0.0,-0.8356200429323501,200
3,12,36,0,2,1,0,36,4.0,1,3,0.9444444444444444,12,0,0.0,-0.4508801171349773,200
9,16,144,1,0,1,0,128,1.7777777777777777,1,9,0.75,16,2,0.125,-1.995754142272097,200
12,18,216,0,2,0,0,1188,1.5,1,12,0.9490740740740741,18,0,0.0,0.15089871308900613,200
11,18,198,1,1,0,1,198,1.6363636363636365,11,11,1.0,18,0,0.0,-2.605836720461639,200
12,8,96,1,1,0,1,96,0.6666666666666666,12,12,1.0,8,0,0.0,-2.972201927144272,200
8,3,24,0,2,1,1,84,0.375,1,8,0.7083333333333334,3,0,0.0,-0.42060878228371096,200
11,9,99,1,0,0,1,90,0.8181818181818182,11,11,1.0,9,0,0.0,-2.7615207244791797,200
11,9,99,0,2,1,1,495,0.8181818181818182,1,11,0.898989898989899,9,0,0.0,-0.7266439732214403,200
8,11,88,0,0,0,1,77,1.375,8,8,1.0,11,0,0.0,-1.0362175570947687,200
9,2,18,1,2,0,1,72,0.2222222222222222,9,9,1.0,2,0,0.0,-0.18263577757187066,200
9,4,36,1,1,1,0,36,0.4444444444444444,8,9,0.9722222222222222,4,0,0.0,-1.5558306798253985,200
8,1,8,1,1,0,0,8,0.125,1,1,0.125,1,0,0.0,-0.2987072187331903,200
9,7,63,0,2,1,1,252,0.7777777777777778,1,9,0.873015873015873,7,0,0.0,-0.5830356667960573,200
12,7,84,1,0,0,0,77,0.5833333333333334,1,7,0.3333333333333333,7,0,0.0,-0.8126549754100257,200
11,14,154,1,2,0,0,770,1.2727272727272727,1,11,0.935064935064935,14,0,0.0,-2.1216420281875097,200
7,19,133,1,2,1,1,399,2.7142857142857144,1,7,0.9548872180451128,19,1,0.05263157894736842,-1.638609564357004,200
6,4,24,1,0,1,0,20,0.6666666666666666,1,4,0.4166666666666667,4,0,0.0,-1.0581054319997785,200
12,20,240,0,1,0,0,240,1.6666666666666667,1,12,0.85,20,0,0.0,-1.306507195784848,200
12,11,132,0,0,1,1,121,0.9166666666666666,6,12,0.9545454545454546,11,0,0.0,-1.6693239382220104,200
4,12,48,1,2,1,0,72,3.0,1,4,0.9375,12,1,0.08333333333333333,-0.9977007429564323,200
9,16,144,0,1,0,1,144,1.7777777777777777,9,9,1.0,16,0,0.0,-0.05686981629972276,200
8,20,160,0,1,0,1,160,2.5,8,8,1.0,20,0,0.0,-0.2574267870100864,200
11,20,220,0,2,1,1,1100,1.8181818181818181,1,11,0.9545454545454546,20,0,0.0,-1.7408756370128233,200
5,13,65,0,2,1,1,130,2.6,1,5,0.9384615384615385,13,0,0.0,-0.7643615133070008,200
11,15,165,0,1,0,1,165,1.3636363636363635,11,11,1.0,15,0,0.0,-0.19652898794611895,200
6,9,54,0,0,0,1,45,1.5,6,6,1.0,9,0,0.0,-0.5982276764034636,200
3,13,39,0,0,0,1,26,4.333333333333333,3,3,1.0,13,0,0.0,-0.3956517663953054,200
8,5,40,1,2,1,1,140,0.625,1,8,0.825,5,0,0.0,-1.0197321032146478,200
6,18,108,0,1,1,0,108,3.0,5,6,0.9907407407407407,18,0,0.0,-1.02353593985368,200
3,9,27,1,2,0,1,27,3.0,3,3,1.0,9,0,0.0,-0.745161030918396,200
8,8,64,0,0,1,1,56,1.0,4,8,0.9375,8,0,0.0,-1.1269805841627774,200
7,11,77,1,0,1,0,66,1.5714285714285714,1,7,0.7272727272727273,11,0,0.0,-1.6544668250679984,200
7,9,63,0,2,0,0,189,1.2857142857142858,1,7,0.9047619047619048,9,0,0.0,0.040582794376634215,200
2,14,28,1,0,0,0,14,7.0,1,2,0.9642857142857143,14,2,0.14285714285714285,-0.7390306947111366,200
7,18,126,1,0,0,0,108,2.5714285714285716,1,7,0.8333333333333334,18,2,0.1111111111111111,-1.0774392852789276,200
9,13,117,1,0,0,1,104,1.4444444444444444,9,9,1.0,13,0,0.0,-2.2002597201387286,200
9,10,90,0,0,1,1,80,1.1111111111111112,5,9,0.9555555555555556,10,0,0.0,-1.2758061411731463,200
7,4,28,0,0,1,0,24,0.5714285714285714,1,4,0.35714285714285715,4,0,0.0,-0.4317221365458202,200
5,20,100,0,1,0,0,100,4.0,1,5,0.94,20,0,0.0,-0.4895598360800069,200
6,3,18,1,1,0,0,18,0.5,1,5,0.5,3,0,0.0,-0.59367636973712,200
2,5,10,0,2,1,0,5,2.5,1,2,0.9,5,0,0.0,-0.3187072400730895,200
11,12,132,0,2,0,0,660,1.0909090909090908,1,11,0.9242424242424242,12,0,0.0,0.22072122368612423,200
5,15,75,1,1,1,1,75,3.0,2,5,0.96,15,0,0.0,-1.132049728965045,200
7,5,35,1,0,0,1,30,0.7142857142857143,7,7,1.0,5,0,0.0,-1.5398024399411059,200
12,17,204,1,1,0,1,204,1.4166666666666667,12,12,1.0,17,0,0.0,-2.929074593111995,200
7,19,133,0,2,0,0,399,2.7142857142857144,1,7,0.9548872180451128,19,0,0.0,0.03446054997072953,200
9,17,153,0,0,1,1,136,1.8888888888888888,5,9,0.9738562091503268,17,0,0.0,-1.6262340822603347,200
10,19,190,1,1,1,0,190,1.9,9,10,0.9947368421052631,19,0,0.0,-2.3157168764012677,200
4,17,68,0,0,1,0,51,4.25,1,4,0.9117647058823529,17,0,0.0,-0.6687766636297232,200
6,10,60,1,0,1,1,50,1.6666666666666667,3,6,0.95,10,0,0.0,-1.3628058713010176,200
12,18,216,0,2,1,0,1188,1.5,1,12,0.9490740740740741,18,0,0.0,-1.76614721817039,200
11,19,209,0,1,1,0,209,1.7272727272727273,10,11,0.9952153110047847,19,0,0.0,-2.221679177136044,200
11,7,77,1,2,0,0,385,0.6363636363636364,1,11,0.8701298701298701,7,0,0.0,-1.2396555569450705,200
2,9,18,0,0,0,1,9,4.5,2,2,1.0,9,0,0.0,-0.12727123739414176,200
10,12,120,1,2,1,1,540,1.2,1,10,0.925,12,0,0.0,-1.6858294725649694,200
8,7,56,0,0,0,1,49,0.875,8,8,1.0,7,0,0.0,-1.0191741726952144,200
8,5,40,1,0,1,0,35,0.625,1,5,0.375,5,0,0.0,-1.0516921488999125,200
8,5,40,1,2,1,1,140,0.625,1,8,0.825,5,0,0.0,-1.370903578007395,200
2,17,34,0,0,0,0,17,8.5,1,2,0.9705882352941176,17,0,0.0,-0.276916506132812,200
4,18,72,0,2,0,0,108,4.5,1,4,0.9583333333333334,18,0,0.0,-0.09796990551029533,200
11,13,143,0,2,1,0,715,1.1818181818181819,1,11,0.9300699300699301,13,0,0.0,-1.330332824764913,200
4,19,76,1,1,0,0,76,4.75,1,4,0.9473684210526315,19,0,0.0,-1.0049500785117245,200
10,2,20,0,1,1,0,20,0.2,9,10,0.95,2,0,0.0,-0.34949416661685134,200
9,11,99,0,1,1,0,99,1.2222222222222223,8,9,0.98989898989899,11,0,0.0,-1.5340778152531152,200
3,4,12,0,0,0,0,8,1.3333333333333333,1,3,0.75,4,0,0.0,-0.40281298162569495,200
3,10,30,1,0,1,0,20,3.3333333333333335,1,3,0.9,10,0,0.0,-0.9008601010030294,200
11,11,121,0,2,1,0,605,1.0,1,11,0.9173553719008265,11,0,0.0,-1.1453852340918829,200
5,9,45,0,0,1,0,36,1.8,1,5,0.7777777777777778,9,0,0.0,-0.6868508161634248,200
11,3,33,1,1,0,0,33,0.2727272727272727,1,5,0.2727272727272727,3,1,0.3333333333333333,-0.6047486235504702,200
12,15,180,0,2,1,1,990,1.25,1,12,0.9388888888888889,15,0,0.0,-1.2413659040205558,200
6,3,18,0,0,0,1,15,0.5,6,6,1.0,3,0,0.0,-0.5747235252246412,200
9,2,18,1,2,1,0,72,0.2222222222222222,1,9,0.5555555555555556,2,0,0.0,-0.6115684160619259,200
12,14,168,0,1,0,1,168,1.1666666666666667,12,12,1.0,14,0,0.0,-0.4112165375994099,200
7,1,7,0,1,0,0,7,0.14285714285714285,1,1,0.14285714285714285,1,0,0.0,-0.2850001118268914,200
7,10,70,1,2,0,1,210,1.4285714285714286,7,7,1.0,10,0,0.0,-1.401064936637302,200
10,7,70,1,2,0,1,315,0.7,10,10,1.0,7,0,0.0,-1.5077605482241743,200
6,6,36,1,1,0,0,36,1.0,1,6,0.75,6,0,0.0,-0.8503337915620234,200
3,18,54,0,0,0,1,36,6.0,3,3,1.0,18,0,0.0,-0.4016401094515015,200
5,3,15,0,0,0,0,12,0.6,1,3,0.4,3,0,0.0,-0.39394965624503214,200
6,3,18,0,0,1,1,15,0.5,3,6,0.8333333333333334,3,0,0.0,-0.4893358793289715,200
6,9,54,1,0,0,0,45,1.5,1,6,0.7222222222222222,9,0,0.0,-0.8837904273062394,200
4,18,72,0,2,1,0,108,4.5,1,4,0.9583333333333334,18,0,0.0,-0.6168701150508645,200
5,9,45,0,0,1,1,36,1.8,3,5,0.9555555555555556,9,0,0.0,-0.7539121487291395,200
2,10,20,1,0,0,0,10,5.0,1,2,0.95,10,0,0.0,-0.7315739252409807,200
11,6,66,0,1,1,0,66,0.5454545454545454,10,11,0.9848484848484849,6,0,0.0,-1.101732490649567,200
9,12,108,1,0,0,0,96,1.3333333333333333,1,9,0.6666666666666666,12,0,0.0,-0.9123035421171903,200
7,18,126,1,0,1,1,108,2.5714285714285716,4,7,0.9761904761904762,18,0,0.0,-1.6107889164984739,200
7,19,133,0,1,1,0,133,2.7142857142857144,6,7,0.9924812030075187,19,0,0.0,-1.2251397701806632,200
6,5,30,1,2,1,0,75,0.8333333333333334,1,6,0.8333333333333334,5,0,0.0,-1.0461012858044074,200
6,14,84,1,1,0,0,84,2.3333333333333335,1,6,0.8928571428571429,14,0,0.0,-1.2837100090784779,200
5,1,5,1,1,0,0,5,0.2,1,1,0.2,1,0,0.0,-0.29129155566004883,200
9,10,90,1,0,1,0,80,1.1111111111111112,1,9,0.6,10,0,0.0,-1.818505315479749,200
12,10,120,1,0,1,0,110,0.8333333333333334,1,10,0.4583333333333333,10,3,0.3,-1.219487797442739,200
11,7,77,1,0,0,1,70,0.6363636363636364,11,11,1.0,7,0,0.0,-2.6701708708163725,200
8,2,16,1,2,1,1,56,0.25,1,8,0.5625,2,0,0.0,-0.5859698953827275,200
2,9,18,1,0,0,1,9,4.5,2,2,1.0,9,0,0.0,-0.7122636299213241,200
2,19,38,1,0,1,0,19,9.5,1,2,0.9736842105263158,19,0,0.0,-0.6987501876152845,200
5,20,100,1,0,1,0,80,4.0,1,5,0.9,20,0,0.0,-1.2163195800152908,200
4,8,32,0,2,1,0,48,2.0,1,4,0.90625,8,0,0.0,-0.5062400864250738,200
2,13,26,0,1,0,1,26,6.5,2,2,1.0,13,0,0.0,-0.3152435401170578,200
10,5,50,1,2,1,1,225,0.5,1,10,0.82,5,0,0.0,-0.9646173325030627,200
6,1,6,1,2,0,1,15,0.16666666666666666,6,6,1.0,1,0,0.0,-0.28250561388831297,200
12,13,156,0,1,0,1,156,1.0833333333333333,12,12,1.0,13,0,0.0,-0.37551943549759736,200
11,10,110,0,2,1,0,550,0.9090909090909091,1,11,0.9090909090909091,10,0,0.0,-1.0809224211093842,200
12,10,120,1,0,1,1,110,0.8333333333333334,6,12,0.95,10,0,0.0,-2.8122238286125487,200
7,11,77,1,1,1,0,77,1.5714285714285714,6,7,0.987012987012987,11,0,0.0,-1.6082904633088224,200
7,14,98,0,0,0,0,84,2.0,1,7,0.7857142857142857,14,0,0.0,-0.6139610953568372,200
6,1,6,0,2,0,1,15,0.16666666666666666,6,6,1.0,1,0,0.0,-0.11587826169280536,200
7,13,91,1,2,0,0,273,1.8571428571428572,1,7,0.9340659340659341,13,0,0.0,-1.5690607054822543,200
2,10,20,0,0,1,0,10,5.0,1,2,0.95,10,0,0.0,-0.3660343800121735,200
11,8,88,1,1,0,0,88,0.7272727272727273,1,11,0.6590909090909091,8,3,0.375,-0.8003042423120211,200
4,14,56,1,1,0,0,56,3.5,1,4,0.9285714285714286,14,0,0.0,-0.9842498983731667,200
5,3,15,1,2,0,0,30,0.6,1,5,0.7333333333333333,3,1,0.3333333333333333,-0.6004801668519791,200
6,9,54,0,1,0,0,54,1.5,1,6,0.8333333333333334,9,0,0.0,-0.664011253645122,200
2,1,2,0,0,0,0,1,0.5,1,1,0.5,1,0,0.0,-0.29845861887786607,200
10,5,50,0,0,0,0,45,0.5,1,5,0.3,5,0,0.0,-0.48414892136746435,200
8,17,136,0,2,0,1,476,2.125,8,8,1.0,17,0,0.0,0.4466210345844084,200
12,12,144,0,1,0,1,144,1.0,12,12,1.0,12,0,0.0,-0.43354516138253263,200
7,18,126,0,0,1,0,108,2.5714285714285716,1,7,0.8333333333333334,18,0,0.0,-1.2019035466813524,200
12,6,72,1,0,0,0,66,0.5,1,6,0.2916666666666667,6,0,0.0,-0.7755417823499445,200
4,14,56,0,0,0,0,42,3.5,1,4,0.8928571428571429,14,0,0.0,-0.5272320967145515,200
12,17,204,0,0,1,0,187,1.4166666666666667,1,12,0.6764705882352942,17,0,0.0,-1.4522306413970172,200
4,6,24,1,1,0,1,24,1.5,4,4,1.0,6,0,0.0,-1.1333615033940996,200
2,15,30,1,1,0,0,30,7.5,1,2,0.9666666666666667,15,1,0.06666666666666667,-0.5656591696503065,200
5,20,100,1,1,1,1,100,4.0,2,5,0.97,20,0,0.0,-1.1473375352607933,200
8,5,40,0,2,1,1,140,0.625,1,8,0.825,5,0,0.0,-0.47168392055334474,200
4,18,72,0,2,1,1,108,4.5,1,4,0.9583333333333334,18,0,0.0,-0.6432039371606079,200
9,11,99,0,0,0,1,88,1.2222222222222223,9,9,1.0,11,0,0.0,-1.2174514666611735,200
10,3,30,1,1,0,1,30,0.3,10,10,1.0,3,0,0.0,-1.2649353232941989,200
11,5,55,0,0,1,1,50,0.45454545454545453,6,11,0.9090909090909091,5,0,0.0,-0.9396170475375659,200
8,13,104,0,0,0,0,91,1.625,1,8,0.7307692307692307,13,0,0.0,-0.5941009985854454,200
2,13,26,0,2,1,1,13,6.5,1,2,0.9615384615384616,13,0,0.0,-0.32090713723190434,200
8,5,40,1,2,1,0,140,0.625,1,8,0.825,5,3,0.6,-0.5925374079434944,200
8,10,80,0,2,1,0,280,1.25,1,8,0.9125,10,0,0.0,-0.9552692192230307,200
7,15,105,0,0,0,1,90,2.142857142857143,7,7,1.0,15,0,0.0,-0.9685398004068455,200
3,12,36,1,2,0,0,36,4.0,1,3,0.9444444444444444,12,0,0.0,-0.8280629061855024,200
2,9,18,1,2,1,0,9,4.5,1,2,0.9444444444444444,9,0,0.0,-0.7078226966791674,200
4,14,56,0,2,0,1,84,3.5,4,4,1.0,14,0,0.0,0.14786142503891347,200
7,7,49,1,1,1,0,49,1.0,6,7,0.9795918367346939,7,0,0.0,-1.5463222352521995,200
3,9,27,0,2,1,1,27,3.0,1,3,0.9259259259259259,9,0,0.0,-0.4960934048568915,200
4,18,72,1,1,1,0,72,4.5,3,4,0.9861111111111112,18,0,0.0,-0.9330144331199465,200
4,6,24,0,0,0,1,18,1.5,4,4,1.0,6,0,0.0,-0.35477015385115673,200
4,3,12,1,2,1,1,18,0.75,1,4,0.75,3,0,0.0,-0.7097234725331574,200
3,8,24,1,1,0,1,24,2.6666666666666665,3,3,1.0,8,0,0.0,-0.7831303646575767,200
11,1,11,0,2,1,0,55,0.09090909090909091,1,1,0.09090909090909091,1,0,0.0,-0.3092942541844396,200
11,18,198,1,0,0,0,180,1.6363636363636365,1,11,0.7222222222222222,18,0,0.0,-1.1139722127015892,200
8,8,64,0,1,1,0,64,1.0,7,8,0.984375,8,0,0.0,-1.188319729592004,200
5,9,45,0,0,0,1,36,1.8,5,5,1.0,9,0,0.0,-0.6505776709746565,200
5,3,15,0,2,0,0,30,0.6,1,5,0.7333333333333333,3,0,0.0,-0.05813568592481254,200
12,17,204,1,1,1,1,204,1.4166666666666667,6,12,0.9705882352941176,17,0,0.0,-2.870986923083548,200
5,16,80,0,0,0,0,64,3.2,1,5,0.875,16,0,0.0,-0.5536992146684395,200
11,19,209,1,2,0,1,1045,1.7272727272727273,11,11,1.0,19,0,0.0,-2.4921630916767437,200
7,4,28,1,1,0,1,28,0.5714285714285714,7,7,1.0,4,0,0.0,-1.4921648198501989,200
12,6,72,0,0,0,0,66,0.5,1,6,0.2916666666666667,6,0,0.0,-0.48013620191196044,200
2,7,14,0,2,1,0,7,3.5,1,2,0.9285714285714286,7,0,0.0,-0.35760777934437993,200
10,2,20,0,0,1,0,18,0.2,1,2,0.15,2,0,0.0,-0.32770661273215995,200
11,1,11,0,0,1,1,10,0.09090909090909091,6,6,0.5454545454545454,1,0,0.0,-0.14914047444042738,200
5,4,20,0,2,1,1,40,0.8,1,5,0.8,4,0,0.0,-0.4631582030070003,200
9,13,117,0,2,0,1,468,1.4444444444444444,9,9,1.0,13,0,0.0,0.5133270370262046,200
9,6,54,1,2,0,0,216,0.6666666666666666,1,9,0.8518518518518519,6,2,0.3333333333333333,-0.867270632459739,200
2,5,10,1,0,1,1,5,2.5,1,2,0.9,5,1,0.2,-0.8059935646375567,200
5,10,50,1,2,0,1,100,2.0,5,5,1.0,10,0,0.0,-1.108335001412808,200
5,8,40,1,1,0,0,40,1.6,1,5,0.85,8,0,0.0,-0.9467453701767488,200
8,18,144,1,1,0,1,144,2.25,8,8,1.0,18,0,0.0,-1.8235740615143754,200
10,6,60,1,1,1,1,60,0.6,5,10,0.9166666666666666,6,0,0.0,-2.3199517480107557,200
2,10,20,0,1,1,1,20,5.0,1,2,0.95,10,0,0.0,-0.35898048981823105,200
7,13,91,0,0,1,1,78,1.8571428571428572,4,7,0.967032967032967,13,0,0.0,-1.1377984721356256,200
9,19,171,1,2,0,0,684,2.111111111111111,1,9,0.9532163742690059,19,0,0.0,-1.990132661210262,200
8,1,8,0,0,1,1,7,0.125,4,4,0.5,1,0,0.0,-0.16324595999504043,200
12,5,60,1,0,1,0,55,0.4166666666666667,1,5,0.25,5,0,0.0,-0.9443814071040921,200
8,20,160,0,1,1,1,160,2.5,4,8,0.975,20,0,0.0,-1.5107431914383442,200
11,14,154,0,0,1,1,140,1.2727272727272727,6,11,0.9675324675324676,14,0,0.0,-1.844364934450028,200
10,11,110,0,2,0,0,495,1.1,1,10,0.9181818181818182,11,0,0.0,0.15201980359844766,200
11,9,99,1,0,0,1,90,0.8181818181818182,11,11,1.0,9,0,0.0,-2.769802801038411,200
6,2,12,0,2,0,0,30,0.3333333333333333,1,6,0.5833333333333334,2,0,0.0,-0.5431680669746379,200
8,15,120,0,1,0,1,120,1.875,8,8,1.0,15,0,0.0,-0.267958471006311,200
8,2,16,0,1,0,1,16,0.25,8,8,1.0,2,0,0.0,-0.20512097737832583,200
10,4,40,1,2,1,1,180,0.4,1,10,0.775,4,0,0.0,-0.9948428120197292,200
4,19,76,1,1,1,1,76,4.75,2,4,0.9736842105263158,19,0,0.0,-0.9484045367576728,200
11,8,88,1,2,1,1,440,0.7272727272727273,1,11,0.8863636363636364,8,0,0.0,-1.441451943608356,200
4,14,56,0,0,1,0,42,3.5,1,4,0.8928571428571429,14,0,0.0,-0.6306704516485102,200
5,18,90,1,0,1,0,72,3.6,1,5,0.8888888888888888,18,1,0.05555555555555555,-1.1915543806275644,200
9,16,144,1,1,1,1,144,1.7777777777777777,4,9,0.9652777777777778,16,0,0.0,-2.085505206053304,200
10,3,30,1,0,1,1,27,0.3,5,10,0.8333333333333334,3,0,0.0,-1.0866508692288983,200
3,2,6,0,0,0,1,4,0.6666666666666666,3,3,1.0,2,0,0.0,-0.3658205036589401,200
9,14,126,1,1,0,0,126,1.5555555555555556,1,9,0.8412698412698413,14,0,0.0,-1.362066492081351,200
5,9,45,1,0,0,1,36,1.8,5,5,1.0,9,0,0.0,-1.2619213777457128,200
8,19,152,1,0,0,1,133,2.375,8,8,1.0,19,0,0.0,-1.8639165334329573,200
4,17,68,1,1,0,1,68,4.25,4,4,1.0,17,0,0.0,-0.9798095201030382,200
12,19,228,0,0,0,0,209,1.5833333333333333,1,12,0.7105263157894737,19,0,0.0,-0.6592359666181931,200
3,13,39,0,2,0,0,39,4.333333333333333,1,3,0.9487179487179487,13,0,0.0,-0.15109263887947982,200
8,7,56,1,2,0,0,196,0.875,1,8,0.875,7,0,0.0,-1.2823030696602902,200
12,14,168,0,0,1,1,154,1.1666666666666667,6,12,0.9642857142857143,14,0,0.0,-1.9599877496849942,200
7,10,70,0,1,0,1,70,1.4285714285714286,7,7,1.0,10,0,0.0,-0.004219385875653492,200
8,12,96,1,2,1,1,336,1.5,1,8,0.9270833333333334,12,0,0.0,-1.7873740133357332,200
3,7,21,0,0,0,0,14,2.3333333333333335,1,3,0.8571428571428571,7,0,0.0,-0.435167042874737,200
7,6,42,1,0,1,0,36,0.8571428571428571,1,6,0.5,6,0,0.0,-1.030216308474597,200
8,13,104,1,2,1,0,364,1.625,1,8,0.9326923076923077,13,0,0.0,-1.857054786970856,200
3,3,9,0,1,0,1,9,1.0,3,3,1.0,3,0,0.0,0.03138395199219581,200
3,6,18,1,2,1,0,18,2.0,1,3,0.8888888888888888,6,0,0.0,-0.8310802886743831,200
6,8,48,1,0,0,0,40,1.3333333333333333,1,6,0.6875,8,0,0.0,-0.841364377606339,200
7,3,21,1,1,0,0,21,0.42857142857142855,1,5,0.42857142857142855,3,1,0.3333333333333333,-0.6030981730458218,200
9,6,54,0,0,1,0,48,0.6666666666666666,1,6,0.3888888888888889,6,0,0.0,-0.5566294601132741,200
7,18,126,0,2,0,1,378,2.5714285714285716,7,7,1.0,18,0,0.0,0.42673697256584175,200
9,3,27,0,2,0,0,108,0.3333333333333333,1,9,0.7037037037037037,3,0,0.0,0.36152640125354457,200
10,17,170,0,2,0,1,765,1.7,10,10,1.0,17,0,0.0,0.5462701606621991,200
4,16,64,1,0,1,1,48,4.0,2,4,0.96875,16,0,0.0,-1.0622427474207412,200
10,15,150,0,1,0,0,150,1.5,1,10,0.8333333333333334,15,0,0.0,-1.086684074494044,200
5,4,20,1,0,1,1,16,0.8,3,5,0.9,4,0,0.0,-1.1183277936000875,200
5,16,80,0,1,1,1,80,3.2,2,5,0.9625,16,0,0.0,-0.8285049969659812,200
4,20,80,0,0,1,1,60,5.0,2,4,0.975,20,0,0.0,-0.6277773917611703,200
10,2,20,1,1,0,0,20,0.2,1,3,0.2,2,0,0.0,-0.4550208015007933,200
10,14,140,1,2,1,0,630,1.4,1,10,0.9357142857142857,14,0,0.0,-2.3385145678489776,200
2,11,22,1,1,0,1,22,5.5,2,2,1.0,11,0,0.0,-0.8161499624494575,200
6,6,36,0,0,1,1,30,1.0,3,6,0.9166666666666666,6,0,0.0,-0.7001131027745285,200
3,5,15,0,1,0,1,15,1.6666666666666667,3,3,1.0,5,0,0.0,0.08602881433295585,200
2,4,8,0,2,1,0,4,2.0,1,2,0.875,4,0,0.0,-0.3476520145265583,200
9,3,27,1,2,1,1,108,0.3333333333333333,1,9,0.7037037037037037,3,0,0.0,-0.4592973270452603,200
12,17,204,1,1,1,1,204,1.4166666666666667,6,12,0.9705882352941176,17,0,0.0,-2.876768706585364,200
4,13,52,0,0,1,1,39,3.25,2,4,0.9615384615384616,13,0,0.0,-0.5932651247011174,200
10,1,10,1,2,1,1,45,0.1,1,1,0.1,1,1,1.0,nan,200
9,20,180,1,0,1,1,160,2.2222222222222223,5,9,0.9777777777777777,20,0,0.0,-2.104116925124911,200
2,5,10,0,2,0,0,5,2.5,1,2,0.9,5,0,0.0,-0.32779053562954935,200
11,17,187,1,1,0,0,187,1.5454545454545454,1,11,0.839572192513369,17,0,0.0,-1.4015227109695065,200
7,4,28,0,0,0,0,24,0.5714285714285714,1,4,0.35714285714285715,4,0,0.0,-0.47403334866849295,200
5,2,10,1,1,1,1,10,0.4,2,5,0.7,2,0,0.0,-0.6904184009932619,200
6,18,108,0,0,1,0,90,3.0,1,6,0.8611111111111112,18,0,0.0,-1.0426705300220243,200
9,5,45,0,0,0,1,40,0.5555555555555556,9,9,1.0,5,0,0.0,-0.859376568055277,200
4,15,60,1,0,0,0,45,3.75,1,4,0.9,15,3,0.2,-0.936636595695215,200
7,14,98,1,0,1,0,84,2.0,1,7,0.7857142857142857,14,0,0.0,-1.665696093218812,200
5,17,85,0,0,0,1,68,3.4,5,5,1.0,17,0,0.0,-0.6849369261252231,200
11,12,132,0,1,0,0,132,1.0909090909090908,1,11,0.7727272727272727,12,0,0.0,-1.0299623055971483,200
9,2,18,0,2,0,0,72,0.2222222222222222,1,9,0.5555555555555556,2,0,0.0,-0.5177322354607614,200
2,14,28,0,2,0,0,14,7.0,1,2,0.9642857142857143,14,0,0.0,-0.2914419740049514,200
6,14,84,1,1,0,0,84,2.3333333333333335,1,6,0.8928571428571429,14,0,0.0,-1.2531646319032477,200
9,3,27,0,0,1,1,24,0.3333333333333333,5,9,0.8518518518518519,3,0,0.0,-0.522040378537584,200
3,5,15,0,2,1,0,15,1.6666666666666667,1,3,0.8666666666666667,5,0,0.0,-0.41524778797225975,200
10,17,170,0,1,0,0,170,1.7,1,10,0.8529411764705882,17,0,0.0,-1.0256637493575504,200
9,7,63,0,0,0,0,56,0.7777777777777778,1,7,0.4444444444444444,7,0,0.0,-0.52880936177549,200
11,10,110,0,2,1,1,550,0.9090909090909091,1,11,0.9090909090909091,10,0,0.0,-0.8315337633679157,200
12,10,120,0,2,1,0,660,0.8333333333333334,1,12,0.9083333333333333,10,0,0.0,-1.0487215157998129,200
8,19,152,0,0,1,0,133,2.375,1,8,0.8157894736842105,19,0,0.0,-1.4025214870803266,200
3,9,27,0,2,1,0,27,3.0,1,3,0.9259259259259259,9,0,0.0,-0.4322319463611105,200
11,5,55,1,1,0,0,55,0.45454545454545453,1,9,0.45454545454545453,5,0,0.0,-0.89978311121722,200
4,19,76,1,2,0,0,114,4.75,1,4,0.9605263157894737,19,0,0.0,-0.9422093758993588,200
5,7,35,1,0,0,0,28,1.4,1,5,0.7142857142857143,7,0,0.0,-0.9126321572001532,200
6,11,66,1,2,1,1,165,1.8333333333333333,1,6,0.9242424242424242,11,0,0.0,-1.378352848900551,200
2,16,32,0,2,0,0,16,8.0,1,2,0.96875,16,0,0.0,-0.32589530300455016,200
2,2,4,0,2,0,0,2,1.0,1,2,0.75,2,0,0.0,-0.3707775517722036,200
9,15,135,1,2,0,1,540,1.6666666666666667,9,9,1.0,15,0,0.0,-1.9947207874499346,200
10,7,70,1,2,1,0,315,0.7,1,10,0.8714285714285714,7,0,0.0,-1.5949638708753608,200
7,7,49,0,2,0,1,147,1.0,7,7,1.0,7,0,0.0,0.4545078270201814,200
5,5,25,0,1,0,1,25,1.0,5,5,1.0,5,0,0.0,0.10730468111276915,200
3,3,9,1,2,0,1,9,1.0,3,3,1.0,3,0,0.0,-0.655903984957469,200
2,14,28,1,0,1,0,14,7.0,1,2,0.9642857142857143,14,0,0.0,-0.7582410883315998,200
7,2,14,0,1,1,1,14,0.2857142857142857,3,7,0.7142857142857143,2,0,0.0,-0.4550439606387344,200
9,7,63,1,1,0,1,63,0.7777777777777778,9,9,1.0,7,0,0.0,-2.2599284829206323,200
6,11,66,0,0,0,1,55,1.8333333333333333,6,6,1.0,11,0,0.0,-0.6257547365970937,200
12,4,48,0,2,0,1,264,0.3333333333333333,12,12,1.0,4,0,0.0,0.7744192679863248,200
8,19,152,0,2,0,1,532,2.375,8,8,1.0,19,0,0.0,0.4575515220857471,200
10,9,90,0,1,1,0,90,0.9,9,10,0.9888888888888889,9,0,0.0,-1.5550450858244553,200
7,1,7,1,1,0,1,7,0.14285714285714285,7,7,1.0,1,0,0.0,-0.19186583115047903,200
7,7,49,0,2,1,1,147,1.0,1,7,0.8775510204081632,7,0,0.0,-0.6236965355176328,200
4,15,60,1,2,0,0,90,3.75,1,4,0.95,15,0,0.0,-0.9649020110439758,200
8,1,8,1,0,1,0,7,0.125,1,1,0.125,1,0,0.0,-0.32355807116808116,200
2,20,40,1,2,1,0,20,10.0,1,2,0.975,20,0,0.0,-0.7283717157877398,200
12,18,216,0,2,1,0,1188,1.5,1,12,0.9490740740740741,18,0,0.0,-1.797842446334646,200
3,14,42,0,2,1,1,42,4.666666666666667,1,3,0.9523809523809523,14,0,0.0,-0.485750827023132,200
8,10,80,1,0,0,0,70,1.25,1,8,0.65,10,0,0.0,-0.803530116553717,200
10,19,190,0,2,1,0,855,1.9,1,10,0.9526315789473684,19,0,0.0,-1.6868931348728287,200
10,2,20,0,2,1,0,90,0.2,1,10,0.55,2,0,0.0,-0.284677953331382,200
12,9,108,1,1,1,1,108,0.75,6,12,0.9444444444444444,9,0,0.0,-2.8913680512185658,200
8,13,104,0,2,0,1,364,1.625,8,8,1.0,13,0,0.0,0.4246134775732595,200
9,2,18,0,0,1,1,16,0.2222222222222222,5,9,0.7777777777777778,2,0,0.0,-0.4726431354823732,200
3,16,48,0,2,0,0,48,5.333333333333333,1,3,0.9583333333333334,16,0,0.0,-0.1928207168273262,200
5,16,80,1,0,1,1,64,3.2,3,5,0.975,16,0,0.0,-1.1866049708696726,200
12,19,228,0,0,0,1,209,1.5833333333333333,12,12,1.0,19,0,0.0,-1.7485836982639056,200
5,9,45,0,0,0,1,36,1.8,5,5,1.0,9,0,0.0,-0.6065371619281317,200
9,16,144,0,0,1,0,128,1.7777777777777777,1,9,0.75,16,0,0.0,-1.321225381248368,200
10,3,30,0,0,1,0,27,0.3,1,3,0.2,3,0,0.0,-0.3779284671634898,200
10,18,180,1,1,0,1,180,1.8,10,10,1.0,18,0,0.0,-2.410460762191079,200
5,9,45,0,2,1,0,90,1.8,1,5,0.9111111111111111,9,0,0.0,-0.6531572723365855,200
8,11,88,0,0,0,1,77,1.375,8,8,1.0,11,0,0.0,-0.9614421937181078,200
4,9,36,1,2,1,1,54,2.25,1,4,0.9166666666666666,9,1,0.1111111111111111,-0.9222463912641325,200
4,5,20,1,1,0,1,20,1.25,4,4,1.0,5,0,0.0,-0.9891965398497015,200
8,10,80,1,1,0,0,80,1.25,1,8,0.8,10,2,0.2,-1.044815696316804,200
6,14,84,0,2,0,1,210,2.3333333333333335,6,6,1.0,14,0,0.0,0.328442696597647,200
12,6,72,0,1,0,0,72,0.5,1,11,0.5,6,0,0.0,-0.6838503480879056,200
10,5,50,0,1,0,1,50,0.5,10,10,1.0,5,0,0.0,-0.38768396433596497,200
8,18,144,0,2,0,1,504,2.25,8,8,1.0,18,0,0.0,0.43380785574183034,200
6,3,18,1,2,0,1,45,0.5,6,6,1.0,3,0,0.0,-0.9819370609244644,200
12,2,24,0,1,0,0,24,0.16666666666666666,1,3,0.16666666666666666,2,0,0.0,-0.4837639151402393,200
6,6,36,0,2,1,1,90,1.0,1,6,0.8611111111111112,6,0,0.0,-0.5870680898755388,200
5,10,50,1,0,0,0,40,2.0,1,5,0.8,10,0,0.0,-0.8863891346720756,200
6,4,24,0,1,1,0,24,0.6666666666666666,5,6,0.9583333333333334,4,0,0.0,-0.6516567987435768,200
4,7,28,1,2,1,0,42,1.75,1,4,0.8928571428571429,7,0,0.0,-1.0333742073406216,200
3,5,15,1,2,1,0,15,1.6666666666666667,1,3,0.8666666666666667,5,3,0.6,-0.5997450672064514,200
12,19,228,0,2,0,0,1254,1.5833333333333333,1,12,0.9517543859649122,19,0,0.0,0.20028551328724228,200
8,8,64,0,2,0,0,224,1.0,1,8,0.890625,8,0,0.0,0.11201961025882494,200
9,11,99,0,2,0,0,396,1.2222222222222223,1,9,0.9191919191919192,11,0,0.0,0.151941528132644,200
8,12,96,0,0,1,0,84,1.5,1,8,0.7083333333333334,12,0,0.0,-0.972762125917925,200
12,19,228,1,2,0,0,1254,1.5833333333333333,1,12,0.9517543859649122,19,0,0.0,-2.684641966073382,200
6,11,66,0,2,0,0,165,1.8333333333333333,1,6,0.9242424242424242,11,0,0.0,-0.001243243353167579,200
12,14,168,0,2,0,1,924,1.1666666666666667,12,12,1.0,14,0,0.0,0.6253238219266002,200
12,6,72,1,2,1,1,396,0.5,1,12,0.8472222222222222,6,2,0.3333333333333333,-1.051265603738193,200
10,1,10,0,2,0,1,45,0.1,10,10,1.0,1,0,0.0,-0.010435714225129357,200
3,15,45,0,1,0,0,45,5.0,1,3,0.9555555555555556,15,0,0.0,-0.2041517665585147,200
3,5,15,1,2,1,0,15,1.6666666666666667,1,3,0.8666666666666667,5,2,0.4,-0.5445094881590349,200
5,17,85,1,0,0,0,68,3.4,1,5,0.8823529411764706,17,0,0.0,-1.0724602023326177,200
9,16,144,1,1,1,1,144,1.7777777777777777,4,9,0.9652777777777778,16,0,0.0,-2.068289348085645,200
10,6,60,1,2,0,0,270,0.6,1,10,0.85,6,0,0.0,-1.1055388398513681,200
7,19,133,1,0,0,1,114,2.7142857142857144,7,7,1.0,19,0,0.0,-1.6518852545783365,200
4,17,68,1,2,1,0,102,4.25,1,4,0.9558823529411765,17,0,0.0,-1.0038715922776131,200
9,19,171,0,0,1,0,152,2.111111111111111,1,9,0.7894736842105263,19,0,0.0,-1.5171186133737242,200
12,3,36,0,2,0,1,198,0.25,12,12,1.0,3,0,0.0,0.6653573051866024,200
12,13,156,1,1,1,1,156,1.0833333333333333,6,12,0.9615384615384616,13,0,0.0,-2.888726122350157,200
8,5,40,0,2,1,1,140,0.625,1,8,0.825,5,0,0.0,-0.4918098357012771,200
9,16,144,0,1,0,0,144,1.7777777777777777,1,9,0.8611111111111112,16,0,0.0,-1.129370109381362,200
8,12,96,0,2,0,0,336,1.5,1,8,0.9270833333333334,12,0,0.0,0.07162588171968308,200
8,13,104,0,2,1,0,364,1.625,1,8,0.9326923076923077,13,0,0.0,-1.0831062607375277,200
2,12,24,1,1,1,1,24,6.0,1,2,0.9583333333333334,12,0,0.0,-0.6821057973820202,200
6,13,78,0,0,1,1,65,2.1666666666666665,3,6,0.9615384615384616,13,0,0.0,-0.9587813344996741,200
12,9,108,1,0,0,0,99,0.75,1,9,0.4166666666666667,9,0,0.0,-1.0173623757822419,200
4,6,24,0,0,1,0,18,1.5,1,4,0.75,6,0,0.0,-0.5340603716718731,200
5,2,10,1,1,0,0,10,0.4,1,3,0.4,2,1,0.5,-0.31846477416293184,200
8,7,56,1,2,0,1,196,0.875,8,8,1.0,7,0,0.0,-1.4334319705988037,200
9,14,126,0,0,0,1,112,1.5555555555555556,9,9,1.0,14,0,0.0,-1.2702144675123401,200
7,13,91,0,1,0,1,91,1.8571428571428572,7,7,1.0,13,0,0.0,0.05084280846540779,200
10,1,10,1,1,1,1,10,0.1,5,5,0.5,1,0,0.0,-0.21955371424895742,200
2,5,10,1,1,0,1,10,2.5,2,2,1.0,5,0,0.0,-0.8223394325162796,200
8,20,160,1,0,0,0,140,2.5,1,8,0.825,20,2,0.1,-1.1037710489866754,200
7,13,91,0,0,1,1,78,1.8571428571428572,4,7,0.967032967032967,13,0,0.0,-1.1405979588966677,200
5,16,80,1,1,1,0,80,3.2,4,5,0.9875,16,0,0.0,-1.1350278780777678,200
2,20,40,1,1,1,0,40,10.0,1,2,0.975,20,1,0.05,-0.6731518340780115,200
2,18,36,0,1,1,0,36,9.0,1,2,0.9722222222222222,18,0,0.0,-0.3504951343427244,200
10,9,90,1,0,0,1,81,0.9,10,10,1.0,9,0,0.0,-2.603149507666365,200
10,10,100,0,0,1,0,90,1.0,1,10,0.55,10,0,0.0,-0.8526132514194579,200
6,5,30,1,2,0,1,75,0.8333333333333334,6,6,1.0,5,0,0.0,-0.8968509730273769,200
6,20,120,0,2,1,0,300,3.3333333333333335,1,6,0.9583333333333334,20,0,0.0,-1.0328715952070326,200
11,5,55,1,2,1,0,275,0.45454545454545453,1,11,0.8181818181818182,5,0,0.0,-1.4906947599351306,200
12,20,240,0,1,0,1,240,1.6666666666666667,12,12,1.0,20,0,0.0,-0.40135570109639834,200
8,14,112,0,1,1,0,112,1.75,7,8,0.9910714285714286,14,0,0.0,-1.4655992883088445,200
6,9,54,0,2,0,1,135,1.5,6,6,1.0,9,0,0.0,0.3079806879447572,200
4,6,24,1,2,0,1,36,1.5,4,4,1.0,6,0,0.0,-0.8700265322751506,200
11,14,154,1,0,1,0,140,1.2727272727272727,1,11,0.6428571428571429,14,0,0.0,-2.1089772572840557,200
9,3,27,1,1,1,1,27,0.3333333333333333,4,9,0.8148148148148148,3,0,0.0,-0.9755668984247791,200
10,12,120,1,1,1,1,120,1.2,5,10,0.9583333333333334,12,0,0.0,-2.3585240519290847,200
2,19,38,1,1,1,1,38,9.5,1,2,0.9736842105263158,19,0,0.0,-0.6269804852705743,200
2,5,10,1,0,0,1,5,2.5,2,2,1.0,5,0,0.0,-0.6441129907536036,200
3,2,6,0,1,0,0,6,0.6666666666666666,1,3,0.6666666666666666,2,0,0.0,-0.464768768350407,200
6,16,96,0,1,0,1,96,2.6666666666666665,6,6,1.0,16,0,0.0,-0.27957518037301654,200
8,16,128,1,0,1,1,112,2.0,4,8,0.96875,16,0,0.0,-1.847638032970497,200
2,6,12,1,1,0,1,12,3.0,2,2,1.0,6,1,0.16666666666666666,-0.9257317196667649,200
6,10,60,0,0,1,1,50,1.6666666666666667,3,6,0.95,10,0,0.0,-0.8925227984890578,200
8,1,8,0,1,1,0,8,0.125,7,7,0.875,1,0,0.0,-0.09060933999869084,200
11,11,121,1,0,0,1,110,1.0,11,11,1.0,11,0,0.0,-2.748827210838891,200
8,2,16,0,1,0,1,16,0.25,8,8,1.0,2,0,0.0,-0.26020082493843066,200
10,1,10,1,0,1,1,9,0.1,5,5,0.5,1,0,0.0,-0.16398213479166604,200
2,19,38,0,1,1,1,38,9.5,1,2,0.9736842105263158,19,0,0.0,-0.35172809554091866,200
5,16,80,0,1,0,0,80,3.2,1,5,0.925,16,0,0.0,-0.40818024708603756,200
12,3,36,0,0,1,1,33,0.25,6,12,0.8333333333333334,3,0,0.0,-0.5914678574136888,200
11,16,176,0,0,0,0,160,1.4545454545454546,1,11,0.6875,16,0,0.0,-0.6593097959858458,200
12,2,24,1,2,1,1,132,0.16666666666666666,1,12,0.5416666666666666,2,0,0.0,-0.6135572707941715,200
9,1,9,0,1,0,0,9,0.1111111111111111,1,1,0.1111111111111111,1,0,0.0,-0.29034834416528976,200
2,1,2,0,1,0,1,2,0.5,2,2,1.0,1,0,0.0,-0.3011643499446797,200
4,7,28,0,2,0,1,42,1.75,4,4,1.0,7,0,0.0,0.1410920476364614,200
11,18,198,1,1,0,1,198,1.6363636363636365,11,11,1.0,18,0,0.0,-2.6368151686091297,200
11,10,110,0,1,0,1,110,0.9090909090909091,11,11,1.0,10,0,0.0,-0.2798771468934693,200
2,4,8,1,1,0,1,8,2.0,2,2,1.0,4,0,0.0,-0.8244651736708352,200
12,8,96,1,0,0,0,88,0.6666666666666666,1,8,0.375,8,0,0.0,-0.7751694638786545,200
10,9,90,1,1,0,1,90,0.9,10,10,1.0,9,0,0.0,-2.666220772423606,200
5,2,10,0,1,0,0,10,0.4,1,3,0.4,2,0,0.0,-0.43644857106764257,200
6,3,18,0,0,0,0,15,0.5,1,3,0.3333333333333333,3,0,0.0,-0.4172063024591901,200
10,6,60,1,2,0,1,270,0.6,10,10,1.0,6,0,0.0,-1.2710617659976564,200
6,17,102,0,2,1,0,255,2.8333333333333335,1,6,0.9509803921568627,17,0,0.0,-1.0095222033425837,200
12,16,192,1,1,1,0,192,1.3333333333333333,11,12,0.9947916666666666,16,0,0.0,-2.8145331255510757,200
9,1,9,1,0,0,1,8,0.1111111111111111,9,9,1.0,1,0,0.0,-0.232480016656888,200
7,2,14,1,2,1,1,42,0.2857142857142857,1,7,0.5714285714285714,2,1,0.5,-0.29489987945289997,200
3,12,36,1,1,0,0,36,4.0,1,3,0.9444444444444444,12,0,0.0,-0.8061091921166362,200
12,19,228,1,0,0,1,209,1.5833333333333333,12,12,1.0,19,0,0.0,-2.9476333338619507,200
12,1,12,1,0,1,1,11,0.08333333333333333,6,6,0.5,1,0,0.0,-0.30737441531764037,200
8,19,152,1,2,1,0,532,2.375,1,8,0.9539473684210527,19,0,0.0,-1.8708597944106804,200
6,15,90,1,0,0,0,75,2.5,1,6,0.8333333333333334,15,1,0.06666666666666667,-1.0227006751669065,200
10,14,140,0,2,1,1,630,1.4,1,10,0.9357142857142857,14,0,0.0,-1.1631522191591475,200
2,13,26,0,0,1,1,13,6.5,1,2,0.9615384615384616,13,0,0.0,-0.3140600628304115,200
12,18,216,0,1,1,1,216,1.5,6,12,0.9722222222222222,18,0,0.0,-2.477991408591253,200
8,20,160,1,0,1,0,140,2.5,1,8,0.825,20,0,0.0,-1.9474508347985344,200
10,7,70,1,0,1,1,63,0.7,5,10,0.9285714285714286,7,0,0.0,-2.0468660020910194,200
9,1,9,1,1,0,0,9,0.1111111111111111,1,1,0.1111111111111111,1,0,0.0,-0.37013339828812014,200
4,7,28,1,0,0,1,21,1.75,4,4,1.0,7,0,0.0,-1.1088562968321622,200
5,4,20,1,1,0,0,20,0.8,1,5,0.7,4,0,0.0,-0.742987690981684,200
8,12,96,1,1,0,0,96,1.5,1,8,0.8333333333333334,12,0,0.0,-1.2071183356475514,200
9,16,144,1,1,1,0,144,1.7777777777777777,8,9,0.9930555555555556,16,0,0.0,-2.0546693392761965,200
4,15,60,0,0,0,0,45,3.75,1,4,0.9,15,0,0.0,-0.5201233205315103,200
12,1,12,0,0,0,1,11,0.08333333333333333,12,12,1.0,1,0,0.0,-0.04434394644455033,200
12,4,48,0,1,0,0,48,0.3333333333333333,1,7,0.3333333333333333,4,0,0.0,-0.5639175810841812,200
6,19,114,1,1,0,1,114,3.1666666666666665,6,6,1.0,19,0,0.0,-1.3772224249661362,200
3,8,24,1,0,0,0,16,2.6666666666666665,1,3,0.875,8,0,0.0,-0.8319669975503742,200
2,18,36,0,2,1,0,18,9.0,1,2,0.9722222222222222,18,0,0.0,-0.33309436135860937,200
7,15,105,1,2,0,1,315,2.142857142857143,7,7,1.0,15,0,0.0,-1.5337557787044516,200
5,9,45,0,1,0,1,45,1.8,5,5,1.0,9,0,0.0,0.1449152866248019,200
7,4,28,1,2,0,1,84,0.5714285714285714,7,7,1.0,4,0,0.0,-1.2147659662547947,200
9,15,135,1,0,0,0,120,1.6666666666666667,1,9,0.7333333333333333,15,0,0.0,-1.0133450594369546,200
6,1,6,0,0,1,1,5,0.16666666666666666,3,3,0.5,1,0,0.0,-0.23913287505318426,200
4,15,60,1,2,1,1,90,3.75,1,4,0.95,15,0,0.0,-1.0419089547175497,200
4,8,32,0,1,1,1,32,2.0,2,4,0.9375,8,0,0.0,-0.6365776452976887,200
8,16,128,0,2,1,0,448,2.0,1,8,0.9453125,16,0,0.0,-1.2855467215546441,200
7,19,133,1,1,1,1,133,2.7142857142857144,3,7,0.9699248120300752,19,0,0.0,-1.5873475591199613,200
4,15,60,1,0,0,0,45,3.75,1,4,0.9,15,0,0.0,-0.9764236238045212,200
10,17,170,0,1,0,0,170,1.7,1,10,0.8529411764705882,17,0,0.0,-1.2059283935672933,200
10,9,90,0,0,1,1,81,0.9,5,10,0.9444444444444444,9,0,0.0,-1.3554270213933082,200
3,18,54,0,1,1,1,54,6.0,1,3,0.9629629629629629,18,0,0.0,-0.48968623787602056,200
4,11,44,1,2,1,1,66,2.75,1,4,0.9318181818181818,11,0,0.0,-0.994609046920021,200
8,15,120,1,1,0,1,120,1.875,8,8,1.0,15,0,0.0,-1.8912118345152713,200
9,8,72,1,2,1,0,288,0.8888888888888888,1,9,0.8888888888888888,8,0,0.0,-1.799504415604944,200
5,3,15,1,2,1,1,30,0.6,1,5,0.7333333333333333,3,0,0.0,-0.6955247396300861,200
9,7,63,1,1,0,1,63,0.7777777777777778,9,9,1.0,7,0,0.0,-2.3115396773495207,200
10,3,30,0,2,0,0,135,0.3,1,10,0.7,3,0,0.0,0.33618470879239487,200
10,1,10,1,0,1,1,9,0.1,5,5,0.5,1,0,0.0,-0.2693494082010742,200
12,18,216,0,1,0,0,216,1.5,1,12,0.8333333333333334,18,0,0.0,-1.2398383535429465,200
3,10,30,0,2,0,0,30,3.3333333333333335,1,3,0.9333333333333333,10,0,0.0,-0.22222390282253696,200
5,17,85,1,1,1,1,85,3.4,2,5,0.9647058823529412,17,0,0.0,-1.136529134458175,200
11,18,198,1,2,1,0,990,1.6363636363636365,1,11,0.9494949494949495,18,0,0.0,-2.46277004111352,200
9,4,36,0,0,1,0,32,0.4444444444444444,1,4,0.2777777777777778,4,0,0.0,-0.4313106119367422,200
9,13,117,0,0,1,0,104,1.4444444444444444,1,9,0.6923076923076923,13,0,0.0,-1.0683457218535817,200
8,15,120,1,1,0,0,120,1.875,1,8,0.8666666666666667,15,0,0.0,-1.4348681026769357,200
8,16,128,1,2,0,0,448,2.0,1,8,0.9453125,16,0,0.0,-1.7406126275150047,200
8,14,112,1,2,1,0,392,1.75,1,8,0.9375,14,0,0.0,-1.8859687763156994,200
9,13,117,0,2,0,0,468,1.4444444444444444,1,9,0.9316239316239316,13,0,0.0,0.1490321348206151,200
8,3,24,1,0,1,1,21,0.375,4,8,0.8333333333333334,3,0,0.0,-1.0153518467033151,200
9,2,18,0,2,0,0,72,0.2222222222222222,1,9,0.5555555555555556,2,0,0.0,-0.5491404246367124,200
5,2,10,1,0,0,1,8,0.4,5,5,1.0,2,0,0.0,-0.7550720880341847,200
9,14,126,1,1,1,0,126,1.5555555555555556,8,9,0.9920634920634921,14,0,0.0,-2.054813438782327,200
9,19,171,0,0,0,0,152,2.111111111111111,1,9,0.7894736842105263,19,0,0.0,-0.6807884063628062,200
5,16,80,0,0,0,1,64,3.2,5,5,1.0,16,0,0.0,-0.6651114962281284,200
4,11,44,1,0,0,0,33,2.75,1,4,0.8636363636363636,11,0,0.0,-0.8491645421323855,200
11,2,22,1,1,0,1,22,0.18181818181818182,11,11,1.0,2,0,0.0,-0.7620916005256085,200
10,12,120,1,2,0,1,540,1.2,10,10,1.0,12,0,0.0,-1.9786316964103303,200
7,13,91,0,2,1,0,273,1.8571428571428572,1,7,0.9340659340659341,13,0,0.0,-1.0534624550591347,200
9,11,99,0,1,0,1,99,1.2222222222222223,9,9,1.0,11,0,0.0,-0.1543957860920777,200
8,20,160,1,1,1,1,160,2.5,4,8,0.975,20,0,0.0,-1.853704171771559,200
7,6,42,1,1,0,0,42,0.8571428571428571,1,7,0.7142857142857143,6,0,0.0,-0.8848022605642364,200
8,5,40,0,2,0,0,140,0.625,1,8,0.825,5,0,0.0,0.1818402160213631,200
12,9,108,0,0,1,0,99,0.75,1,9,0.4166666666666667,9,0,0.0,-0.7400319880582332,200
10,2,20,1,2,0,0,90,0.2,1,10,0.55,2,1,0.5,-0.3437469910418547,200
9,2,18,1,0,0,1,16,0.2222222222222222,9,9,1.0,2,0,0.0,-0.7694066691280494,200
3,7,21,1,0,1,0,14,2.3333333333333335,1,3,0.8571428571428571,7,2,0.2857142857142857,-0.9323458276950821,200
6,1,6,1,2,1,0,15,0.16666666666666666,1,1,0.16666666666666666,1,1,1.0,nan,200
7,16,112,1,0,1,1,96,2.2857142857142856,4,7,0.9732142857142857,16,0,0.0,-1.6038180901467942,200
7,20,140,1,2,0,1,420,2.857142857142857,7,7,1.0,20,0,0.0,-1.5540218116240436,200
12,3,36,1,1,0,1,36,0.25,12,12,1.0,3,0,0.0,-1.2518876866742816,200
10,3,30,0,1,0,0,30,0.3,1,5,0.3,3,0,0.0,-0.46354557551526615,200
3,14,42,1,2,0,1,42,4.666666666666667,3,3,1.0,14,0,0.0,-0.7623067090617213,200
8,20,160,0,2,0,0,560,2.5,1,8,0.95625,20,0,0.0,0.05639267577139775,200
4,10,40,0,2,1,0,60,2.5,1,4,0.925,10,0,0.0,-0.5698846369228842,200
4,15,60,1,2,1,0,90,3.75,1,4,0.95,15,0,0.0,-0.9826310057825829,200
11,5,55,1,0,0,0,50,0.45454545454545453,1,5,0.2727272727272727,5,0,0.0,-0.7671226550973941,200
3,9,27,0,1,0,0,27,3.0,1,3,0.9259259259259259,9,0,0.0,-0.1926184061405117,200
12,11,132,1,0,1,0,121,0.9166666666666666,1,11,0.5,11,1,0.09090909090909091,-1.6132924487725344,200
12,13,156,0,0,1,0,143,1.0833333333333333,1,12,0.5769230769230769,13,0,0.0,-1.0576581717386586,200
5,16,80,1,1,0,0,80,3.2,1,5,0.925,16,1,0.0625,-1.1822622717654112,200
12,16,192,1,1,0,0,192,1.3333333333333333,1,12,0.8125,16,2,0.125,-1.2801585772688677,200
7,19,133,0,1,1,1,133,2.7142857142857144,3,7,0.9699248120300752,19,0,0.0,-1.2671058775588515,200
8,3,24,1,1,0,1,24,0.375,8,8,1.0,3,0,0.0,-1.3226844011740748,200
9,14,126,0,2,1,0,504,1.5555555555555556,1,9,0.9365079365079365,14,0,0.0,-1.2796842708353724,200
6,13,78,0,2,0,0,195,2.1666666666666665,1,6,0.9358974358974359,13,0,0.0,-0.03366754706764237,200
9,15,135,0,1,1,0,135,1.6666666666666667,8,9,0.9925925925925926,15,0,0.0,-1.6936595129746193,200
11,1,11,0,1,1,0,11,0.09090909090909091,10,10,0.9090909090909091,1,0,0.0,-0.041026477295405595,200
8,4,32,1,2,1,1,112,0.5,1,8,0.78125,4,0,0.0,-0.7074491593082247,200
12,5,60,0,0,1,1,55,0.4166666666666667,6,12,0.9,5,0,0.0,-0.9556529613914014,200
7,17,119,1,1,1,0,119,2.4285714285714284,6,7,0.9915966386554622,17,0,0.0,-1.5698284082988243,200
10,20,200,0,0,0,0,180,2.0,1,10,0.775,20,0,0.0,-0.6857046930120616,200
3,12,36,0,1,1,0,36,4.0,2,3,0.9722222222222222,12,0,0.0,-0.4615966014484723,200
2,5,10,1,2,1,0,5,2.5,1,2,0.9,5,3,0.6,-0.6056754866256508,200
11,9,99,0,0,0,1,90,0.8181818181818182,11,11,1.0,9,0,0.0,-1.4008055564824067,200
8,1,8,0,0,0,0,7,0.125,1,1,0.125,1,0,0.0,-0.328902336234406,200
11,14,154,1,0,1,1,140,1.2727272727272727,6,11,0.9675324675324676,14,0,0.0,-2.5968861356784947,200
9,19,171,1,0,1,0,152,2.111111111111111,1,9,0.7894736842105263,19,1,0.05263157894736842,-2.1026406357318375,200
8,11,88,0,2,0,0,308,1.375,1,8,0.9204545454545454,11,0,0.0,0.06411205314216287,200
4,18,72,1,2,0,1,108,4.5,4,4,1.0,18,0,0.0,-0.9289170997705911,200
8,7,56,0,1,1,1,56,0.875,4,8,0.9285714285714286,7,0,0.0,-1.0959144755836776,200
4,17,68,0,2,1,0,102,4.25,1,4,0.9558823529411765,17,0,0.0,-0.6445394174028777,200
8,3,24,1,2,1,1,84,0.375,1,8,0.7083333333333334,3,0,0.0,-0.5229253657367621,200
12,19,228,0,2,1,1,1254,1.5833333333333333,1,12,0.9517543859649122,19,0,0.0,-1.684578191367403,200
10,4,40,0,1,0,1,40,0.4,10,10,1.0,4,0,0.0,-0.26595490393806726,200
9,14,126,1,1,1,1,126,1.5555555555555556,4,9,0.9603174603174603,14,0,0.0,-2.080067820032243,200
9,1,9,1,1,1,1,9,0.1111111111111111,4,4,0.4444444444444444,1,0,0.0,-0.26589785067038907,200
9,17,153,0,1,1,0,153,1.8888888888888888,8,9,0.9934640522875817,17,0,0.0,-1.71192239384309,200
7,20,140,1,2,0,1,420,2.857142857142857,7,7,1.0,20,0,0.0,-1.5328070255773627,200
5,10,50,0,1,0,0,50,2.0,1,5,0.88,10,0,0.0,-0.4574261814687731,200
9,2,18,1,0,0,0,16,0.2222222222222222,1,2,0.16666666666666666,2,1,0.5,-0.3141381017069792,200
8,16,128,0,0,0,1,112,2.0,8,8,1.0,16,0,0.0,-1.0023585885249777,200
3,7,21,0,1,1,1,21,2.3333333333333335,1,3,0.9047619047619048,7,0,0.0,-0.4860190825185893,200
11,8,88,1,0,1,0,80,0.7272727272727273,1,8,0.4090909090909091,8,0,0.0,-1.268560159615541,200
10,4,40,0,0,1,1,36,0.4,5,10,0.875,4,0,0.0,-0.7415290464007065,200
5,14,70,0,0,1,0,56,2.8,1,5,0.8571428571428571,14,0,0.0,-0.8182119788795953,200
10,13,130,0,1,0,0,130,1.3,1,10,0.8076923076923077,13,0,0.0,-1.0820680496604635,200
3,20,60,1,1,0,1,60,6.666666666666667,3,3,1.0,20,0,0.0,-0.7567285287832488,200
3,13,39,1,0,0,0,26,4.333333333333333,1,3,0.9230769230769231,13,2,0.15384615384615385,-0.8410140563899946,200
6,1,6,1,2,0,0,15,0.16666666666666666,1,1,0.16666666666666666,1,1,1.0,nan,200
10,1,10,1,2,0,1,45,0.1,10,10,1.0,1,0,0.0,-0.02862867359615834,200
3,6,18,0,1,0,0,18,2.0,1,3,0.8888888888888888,6,0,0.0,-0.21923174562277992,200
12,15,180,0,1,1,1,180,1.25,6,12,0.9666666666666667,15,0,0.0,-2.391383102999446,200
2,7,14,0,0,1,1,7,3.5,1,2,0.9285714285714286,7,0,0.0,-0.359932785341293,200
9,12,108,1,0,0,1,96,1.3333333333333333,9,9,1.0,12,0,0.0,-2.2180654684734598,200
4,13,52,0,0,0,1,39,3.25,4,4,1.0,13,0,0.0,-0.31511117097492186,200
11,2,22,0,1,1,1,22,0.18181818181818182,5,11,0.7272727272727273,2,0,0.0,-0.49619201400304214,200
5,9,45,0,0,0,1,36,1.8,5,5,1.0,9,0,0.0,-0.6903404983163134,200
8,12,96,0,1,1,1,96,1.5,4,8,0.9583333333333334,12,0,0.0,-1.4112720826987653,200
3,8,24,0,2,1,1,24,2.6666666666666665,1,3,0.9166666666666666,8,0,0.0,-0.48856019219058205,200
11,20,220,1,0,1,0,200,1.8181818181818181,1,11,0.75,20,0,0.0,-2.6849987018335706,200
7,14,98,0,0,1,0,84,2.0,1,7,0.7857142857142857,14,0,0.0,-1.0578358083039048,200
7,3,21,1,0,1,1,18,0.42857142857142855,4,7,0.8571428571428571,3,0,0.0,-0.936211038541733,200
10,11,110,1,0,1,1,99,1.1,5,10,0.9545454545454546,11,0,0.0,-2.347465807691275,200
9,7,63,0,0,0,0,56,0.7777777777777778,1,7,0.4444444444444444,7,0,0.0,-0.5138803291596454,200
12,1,12,1,1,0,0,12,0.08333333333333333,1,1,0.08333333333333333,1,0,0.0,-0.30122475568393214,200
2,19,38,0,0,1,0,19,9.5,1,2,0.9736842105263158,19,0,0.0,-0.33497865197381804,200
9,12,108,1,0,1,0,96,1.3333333333333333,1,9,0.6666666666666666,12,0,0.0,-1.8198483669211096,200
10,7,70,0,2,1,1,315,0.7,1,10,0.8714285714285714,7,0,0.0,-0.6022887409958922,200
4,11,44,1,2,0,1,66,2.75,4,4,1.0,11,1,0.09090909090909091,-0.85633105082488,200
12,9,108,1,2,0,0,594,0.75,1,12,0.8981481481481481,9,0,0.0,-1.4448727958952163,200
9,2,18,1,1,0,0,18,0.2222222222222222,1,3,0.2222222222222222,2,2,1.0,nan,200
4,20,80,0,2,1,1,120,5.0,1,4,0.9625,20,0,0.0,-0.66086015938705,200
9,8,72,0,0,1,0,64,0.8888888888888888,1,8,0.5,8,0,0.0,-0.6727080677900437,200
4,2,8,0,2,0,1,12,0.5,4,4,1.0,2,0,0.0,0.32788277410223693,200
11,14,154,0,2,1,1,770,1.2727272727272727,1,11,0.935064935064935,14,0,0.0,-1.177400229894209,200
2,13,26,1,0,0,1,13,6.5,2,2,1.0,13,0,0.0,-0.6265262679443968,200
9,9,81,1,2,0,0,324,1.0,1,9,0.9012345679012346,9,0,0.0,-1.3030580655468122,200
5,19,95,0,0,0,1,76,3.8,5,5,1.0,19,0,0.0,-0.6785188764950559,200
9,17,153,1,0,0,1,136,1.8888888888888888,9,9,1.0,17,0,0.0,-2.135470713271709,200
5,8,40,0,2,1,0,80,1.6,1,5,0.9,8,0,0.0,-0.6496362995774332,200
8,2,16,1,1,0,0,16,0.25,1,3,0.25,2,0,0.0,-0.3796863099847449,200
6,17,102,0,2,0,1,255,2.8333333333333335,6,6,1.0,17,0,0.0,0.3191610857900647,200
12,6,72,0,0,1,0,66,0.5,1,6,0.2916666666666667,6,0,0.0,-0.5462834605579823,200
6,12,72,1,2,1,1,180,2.0,1,6,0.9305555555555556,12,0,0.0,-1.354042371023337,200
9,12,108,0,2,0,0,432,1.3333333333333333,1,9,0.9259259259259259,12,0,0.0,0.12077626570636242,200
3,17,51,1,0,1,1,34,5.666666666666667,2,3,0.9803921568627451,17,0,0.0,-0.7599854689579737,200
7,18,126,1,1,0,1,126,2.5714285714285716,7,7,1.0,18,0,0.0,-1.6015862399644345,200
9,11,99,0,2,1,1,396,1.2222222222222223,1,9,0.9191919191919192,11,0,0.0,-0.9249769810744987,200
4,7,28,0,1,0,1,28,1.75,4,4,1.0,7,0,0.0,-0.17555979413237358,200
2,4,8,0,1,1,1,8,2.0,1,2,0.875,4,0,0.0,-0.3604948443457463,200
12,9,108,0,1,0,1,108,0.75,12,12,1.0,9,0,0.0,-0.4348562563719938,200
6,10,60,1,1,1,0,60,1.6666666666666667,5,6,0.9833333333333333,10,0,0.0,-1.3481475023967642,200
11,15,165,0,0,0,1,150,1.3636363636363635,11,11,1.0,15,0,0.0,-1.6163507848023382,200
2,1,2,1,0,0,1,1,0.5,2,2,1.0,1,0,0.0,-0.3122125890628417,200
4,8,32,0,2,0,1,48,2.0,4,4,1.0,8,0,0.0,0.16419715725079098,200
6,9,54,0,1,1,1,54,1.5,3,6,0.9444444444444444,9,0,0.0,-0.9290553801821182,200
5,2,10,1,1,0,0,10,0.4,1,3,0.4,2,0,0.0,-0.29486720859041204,200
9,14,126,1,2,0,0,504,1.5555555555555556,1,9,0.9365079365079365,14,0,0.0,-1.8642774948217902,200
11,1,11,1,0,0,0,10,0.09090909090909091,1,1,0.09090909090909091,1,0,0.0,-0.2600855109357176,200
12,13,156,1,1,1,0,156,1.0833333333333333,11,12,0.9935897435897436,13,0,0.0,-2.857271993886522,200
2,7,14,0,2,0,0,7,3.5,1,2,0.9285714285714286,7,0,0.0,-0.30330607792034636,200
2,1,2,0,2,0,0,1,0.5,1,1,0.5,1,0,0.0,-0.30507594956783474,200
10,4,40,1,1,0,1,40,0.4,10,10,1.0,4,0,0.0,-1.9714219066986687,200
5,19,95,1,2,1,0,190,3.8,1,5,0.9578947368421052,19,3,0.15789473684210525,-1.2008820219534542,200
10,5,50,1,2,1,0,225,0.5,1,10,0.82,5,0,0.0,-1.1165284313135164,200
6,2,12,0,0,1,1,10,0.3333333333333333,3,6,0.75,2,0,0.0,-0.46315547722087136,200
3,13,39,1,2,1,1,39,4.333333333333333,1,3,0.9487179487179487,13,0,0.0,-0.8247578199310445,200
4,18,72,0,1,0,0,72,4.5,1,4,0.9444444444444444,18,0,0.0,-0.3980960855491618,200
7,7,49,0,1,1,0,49,1.0,6,7,0.9795918367346939,7,0,0.0,-0.956346634366812,200
6,20,120,0,1,1,1,120,3.3333333333333335,3,6,0.975,20,0,0.0,-1.0226361233551766,200
6,14,84,0,2,0,0,210,2.3333333333333335,1,6,0.9404761904761905,14,0,0.0,-0.028775887817620655,200
4,20,80,0,2,0,1,120,5.0,4,4,1.0,20,0,0.0,0.15297506085657137,200
4,7,28,1,1,0,1,28,1.75,4,4,1.0,7,0,0.0,-0.9744073449311674,200
9,9,81,0,0,0,1,72,1.0,9,9,1.0,9,0,0.0,-1.153628443230851,200
2,14,28,1,2,0,0,14,7.0,1,2,0.9642857142857143,14,0,0.0,-0.6960600524447179,200
3,11,33,1,1,0,0,33,3.6666666666666665,1,3,0.9393939393939394,11,1,0.09090909090909091,-0.7947878347873087,200
9,5,45,0,1,1,1,45,0.5555555555555556,4,9,0.8888888888888888,5,0,0.0,-0.814167595183961,200
2,1,2,0,0,1,1,1,0.5,1,1,0.5,1,0,0.0,-0.3187673484090793,200
2,3,6,1,0,1,0,3,1.5,1,2,0.8333333333333334,3,1,0.3333333333333333,-0.2941801925432087,200
6,6,36,1,0,0,1,30,1.0,6,6,1.0,6,0,0.0,-1.36757100924291,200
2,8,16,0,2,0,1,8,4.0,2,2,1.0,8,0,0.0,-0.1304384942751707,200
9,19,171,1,2,0,1,684,2.111111111111111,9,9,1.0,19,0,0.0,-2.026820056800179,200
3,16,48,1,1,0,0,48,5.333333333333333,1,3,0.9583333333333334,16,0,0.0,-0.7275392639556278,200
4,5,20,0,2,0,0,30,1.25,1,4,0.85,5,0,0.0,-0.17551870113600165,200
2,6,12,1,1,1,0,12,3.0,1,2,0.9166666666666666,6,2,0.3333333333333333,-0.7593821545088792,200
2,16,32,1,2,0,0,16,8.0,1,2,0.96875,16,0,0.0,-0.6930552985144369,200
7,17,119,1,1,0,1,119,2.4285714285714284,7,7,1.0,17,0,0.0,-1.5859469255365934,200
7,2,14,0,2,0,1,42,0.2857142857142857,7,7,1.0,2,0,0.0,0.6050994779322172,200
12,12,144,1,0,1,1,132,1.0,6,12,0.9583333333333334,12,0,0.0,-2.8520363138389473,200
6,1,6,1,1,1,0,6,0.16666666666666666,5,5,0.8333333333333334,1,0,0.0,-0.16660196343864112,200
7,5,35,1,0,1,0,30,0.7142857142857143,1,5,0.42857142857142855,5,0,0.0,-0.9507544019111929,200
2,20,40,1,2,1,0,20,10.0,1,2,0.975,20,0,0.0,-0.661914876567293,200
11,7,77,1,0,0,1,70,0.6363636363636364,11,11,1.0,7,0,0.0,-2.9047410352550127,200
12,2,24,1,2,0,0,132,0.16666666666666666,1,12,0.5416666666666666,2,0,0.0,-0.6156462932453454,200
5,16,80,0,0,0,1,64,3.2,5,5,1.0,16,0,0.0,-0.6664683479112626,200
6,1,6,0,1,1,0,6,0.16666666666666666,5,5,0.8333333333333334,1,0,0.0,-0.17845198940186877,200
11,5,55,0,0,0,0,50,0.45454545454545453,1,5,0.2727272727272727,5,0,0.0,-0.480688494739916,200
9,8,72,0,2,1,0,288,0.8888888888888888,1,9,0.8888888888888888,8,0,0.0,-0.8386482742048532,200
12,14,168,1,2,1,0,924,1.1666666666666667,1,12,0.9345238095238095,14,1,0.07142857142857142,-2.364880946752012,200
5,1,5,0,0,1,0,4,0.2,1,1,0.2,1,0,0.0,-0.3144111940022142,200
7,16,112,1,2,1,1,336,2.2857142857142856,1,7,0.9464285714285714,16,0,0.0,-1.675164961830815,200
4,1,4,1,1,1,0,4,0.25,3,3,0.75,1,0,0.0,-0.3004231154314025,200
9,2,18,0,2,0,1,72,0.2222222222222222,9,9,1.0,2,0,0.0,0.9057134756269339,200
12,9,108,0,1,0,0,108,0.75,1,12,0.6666666666666666,9,0,0.0,-0.8403510684448462,200
7,18,126,1,0,0,1,108,2.5714285714285716,7,7,1.0,18,0,0.0,-1.6277195846357426,200
3,1,3,0,1,1,1,3,0.3333333333333333,1,1,0.3333333333333333,1,0,0.0,-0.27595563592888633,200
7,17,119,0,0,1,0,102,2.4285714285714284,1,7,0.8235294117647058,17,0,0.0,-1.1992106923864285,200
8,1,8,1,0,1,0,7,0.125,1,1,0.125,1,0,0.0,-0.28887017578044977,200
4,11,44,1,2,0,1,66,2.75,4,4,1.0,11,0,0.0,-0.9239519386983119,200
12,1,12,1,0,1,0,11,0.08333333333333333,1,1,0.08333333333333333,1,1,1.0,nan,200
7,13,91,0,1,0,0,91,1.8571428571428572,1,7,0.8681318681318682,13,0,0.0,-0.776564856516772,200
4,12,48,0,0,1,0,36,3.0,1,4,0.875,12,0,0.0,-0.6440817425166645,200
8,5,40,0,0,0,0,35,0.625,1,5,0.375,5,0,0.0,-0.46380052951306106,200
12,11,132,1,2,0,0,726,0.9166666666666666,1,12,0.9166666666666666,11,0,0.0,-1.887800565428856,200
8,18,144,1,0,0,1,126,2.25,8,8,1.0,18,0,0.0,-1.8135663534949396,200
4,5,20,1,0,1,0,15,1.25,1,4,0.7,5,2,0.4,-0.9444140511620689,200
11,11,121,0,2,1,1,605,1.0,1,11,0.9173553719008265,11,0,0.0,-0.9185808949372404,200
4,8,32,1,1,0,1,32,2.0,4,4,1.0,8,0,0.0,-1.0001264760388533,200
9,12,108,0,1,0,1,108,1.3333333333333333,9,9,1.0,12,0,0.0,-0.07212423089404724,200
3,4,12,0,1,0,1,12,1.3333333333333333,3,3,1.0,4,0,0.0,0.05118073758440241,200
9,17,153,0,2,0,1,612,1.8888888888888888,9,9,1.0,17,0,0.0,0.5066737890433072,200
5,17,85,1,1,0,0,85,3.4,1,5,0.9294117647058824,17,2,0.11764705882352941,-1.2230790744516284,200
3,2,6,1,0,1,1,4,0.6666666666666666,2,3,0.8333333333333334,2,0,0.0,-0.7287352835114406,200
11,3,33,0,0,0,0,30,0.2727272727272727,1,3,0.18181818181818182,3,0,0.0,-0.43472480901831384,200
7,2,14,0,1,1,0,14,0.2857142857142857,6,7,0.9285714285714286,2,0,0.0,-0.3670963260743277,200
10,16,160,1,1,0,0,160,1.6,1,10,0.84375,16,1,0.0625,-1.3708015932299014,200
12,11,132,1,2,0,1,726,0.9166666666666666,12,12,1.0,11,0,0.0,-2.058550634073502,200
7,11,77,0,0,0,1,66,1.5714285714285714,7,7,1.0,11,0,0.0,-0.9361988177924305,200
6,11,66,0,0,1,0,55,1.8333333333333333,1,6,0.7727272727272727,11,0,0.0,-0.8431356523734039,200
5,20,100,0,1,1,1,100,4.0,2,5,0.97,20,0,0.0,-0.8217644348680734,200
2,20,40,0,0,1,0,20,10.0,1,2,0.975,20,0,0.0,-0.3010511520760249,200
3,18,54,0,1,0,1,54,6.0,3,3,1.0,18,0,0.0,0.1021509797982579,200
12,18,216,0,2,0,0,1188,1.5,1,12,0.9490740740740741,18,0,0.0,0.2296330892135272,200
6,4,24,1,2,0,0,60,0.6666666666666666,1,6,0.7916666666666666,4,0,0.0,-0.835989925517465,200
11,17,187,0,1,0,0,187,1.5454545454545454,1,11,0.839572192513369,17,0,0.0,-1.1506952438663445,200
6,12,72,1,2,0,1,180,2.0,6,6,1.0,12,0,0.0,-1.2931396280705805,200
2,4,8,1,2,1,0,4,2.0,1,2,0.875,4,1,0.25,-0.5545972857786782,200
11,18,198,1,0,0,0,180,1.6363636363636365,1,11,0.7222222222222222,18,0,0.0,-1.0762113605864814,200
5,4,20,1,1,0,0,20,0.8,1,5,0.7,4,3,0.75,-0.3079787795002203,200
2,16,32,1,2,0,0,16,8.0,1,2,0.96875,16,0,0.0,-0.7193784988802904,200
4,10,40,1,1,0,0,40,2.5,1,4,0.9,10,1,0.1,-0.9565471280260548,200
4,9,36,1,0,0,1,27,2.25,4,4,1.0,9,0,0.0,-1.0801645015720123,200
7,15,105,0,0,0,0,90,2.142857142857143,1,7,0.8,15,0,0.0,-0.6331234407758664,200
10,12,120,0,0,0,1,108,1.2,10,10,1.0,12,0,0.0,-1.3791060826377242,200
11,18,198,1,0,0,0,180,1.6363636363636365,1,11,0.7222222222222222,18,0,0.0,-1.036023692649983,200
4,9,36,1,2,0,1,54,2.25,4,4,1.0,9,0,0.0,-0.990357516770773,200
2,12,24,1,2,0,0,12,6.0,1,2,0.9583333333333334,12,2,0.16666666666666666,-0.7394307235989248,200
6,13,78,1,1,0,0,78,2.1666666666666665,1,6,0.8846153846153846,13,0,0.0,-1.2508038250162103,200
11,5,55,0,2,0,0,275,0.45454545454545453,1,11,0.8181818181818182,5,0,0.0,0.31998560342946974,200
4,12,48,1,0,1,1,36,3.0,2,4,0.9583333333333334,12,1,0.08333333333333333,-0.9063851030857211,200
7,3,21,0,1,1,1,21,0.42857142857142855,3,7,0.8095238095238095,3,0,0.0,-0.5288349077869084,200
9,7,63,1,0,0,0,56,0.7777777777777778,1,7,0.4444444444444444,7,0,0.0,-0.7469897512781457,200
8,3,24,0,0,1,0,21,0.375,1,3,0.25,3,0,0.0,-0.33217487030440807,200
5,6,30,1,0,1,1,24,1.2,3,5,0.9333333333333333,6,0,0.0,-1.1522455349467406,200
9,5,45,1,1,1,0,45,0.5555555555555556,8,9,0.9777777777777777,5,0,0.0,-1.723222995660133,200
12,8,96,0,2,0,0,528,0.6666666666666666,1,12,0.8854166666666666,8,0,0.0,0.30073573947580834,200
7,4,28,1,0,1,1,24,0.5714285714285714,4,7,0.8928571428571429,4,0,0.0,-1.0963063487557658,200
4,15,60,1,1,0,0,60,3.75,1,4,0.9333333333333333,15,0,0.0,-1.0369942569100148,200
9,11,99,0,1,1,0,99,1.2222222222222223,8,9,0.98989898989899,11,0,0.0,-1.6065070863023174,200
11,20,220,0,0,0,1,200,1.8181818181818181,11,11,1.0,20,0,0.0,-1.608667592887306,200
8,15,120,0,1,0,0,120,1.875,1,8,0.8666666666666667,15,0,0.0,-0.9675808224079097,200
8,3,24,1,1,0,1,24,0.375,8,8,1.0,3,0,0.0,-1.318982719980597,200
8,2,16,1,2,0,0,56,0.25,1,8,0.5625,2,1,0.5,-0.33920587337714553,200
9,19,171,1,2,0,1,684,2.111111111111111,9,9,1.0,19,0,0.0,-2.073760931346206,200
5,11,55,0,0,1,1,44,2.2,3,5,0.9636363636363636,11,0,0.0,-0.7632999543640636,200
4,17,68,1,0,0,1,51,4.25,4,4,1.0,17,0,0.0,-0.9293859715956394,200
8,18,144,1,2,0,0,504,2.25,1,8,0.9513888888888888,18,4,0.2222222222222222,-1.744328182910759,200
9,10,90,1,2,0,0,360,1.1111111111111112,1,9,0.9111111111111111,10,4,0.4,-1.0048594002852087,200
5,15,75,0,2,0,0,150,3.0,1,5,0.9466666666666667,15,0,0.0,-0.11507578057569794,200
8,7,56,1,1,1,1,56,0.875,4,8,0.9285714285714286,7,0,0.0,-1.7885855578523162,200
9,10,90,1,2,1,1,360,1.1111111111111112,1,9,0.9111111111111111,10,1,0.1,-1.659432746281427,200
7,16,112,1,0,0,1,96,2.2857142857142856,7,7,1.0,16,0,0.0,-1.5893242142859048,200
9,19,171,0,0,0,0,152,2.111111111111111,1,9,0.7894736842105263,19,0,0.0,-0.6953247289609787,200
4,7,28,1,2,0,0,42,1.75,1,4,0.8928571428571429,7,0,0.0,-1.0083925302686436,200
11,8,88,0,1,1,1,88,0.7272727272727273,5,11,0.9318181818181818,8,0,0.0,-1.64149094446064,200
7,11,77,1,2,1,1,231,1.5714285714285714,1,7,0.922077922077922,11,0,0.0,-1.6478097083673013,200
4,19,76,1,2,1,1,114,4.75,1,4,0.9605263157894737,19,0,0.0,-0.9886920771292553,200
5,14,70,1,2,0,1,140,2.8,5,5,1.0,14,0,0.0,-1.202314011234394,200
4,8,32,1,1,1,0,32,2.0,3,4,0.96875,8,0,0.0,-1.0179806480285474,200
8,18,144,0,2,0,0,504,2.25,1,8,0.9513888888888888,18,0,0.0,0.03636893295295452,200
2,12,24,1,1,1,0,24,6.0,1,2,0.9583333333333334,12,0,0.0,-0.6758750734721701,200
12,18,216,0,1,1,1,216,1.5,6,12,0.9722222222222222,18,0,0.0,-2.4663393501558732,200
2,14,28,0,2,1,1,14,7.0,1,2,0.9642857142857143,14,0,0.0,-0.31507676137110935,200
12,16,192,0,0,1,0,176,1.3333333333333333,1,12,0.65625,16,0,0.0,-1.3422253284537482,200
4,20,80,0,0,0,0,60,5.0,1,4,0.925,20,0,0.0,-0.5052799720335204,200
12,3,36,0,2,0,1,198,0.25,12,12,1.0,3,0,0.0,0.6597647169632043,200
7,19,133,1,1,0,0,133,2.7142857142857144,1,7,0.9097744360902256,19,1,0.05263157894736842,-1.3820545538508557,200
6,18,108,1,2,0,1,270,3.0,6,6,1.0,18,0,0.0,-1.2983818978748938,200
2,2,4,0,0,1,0,2,1.0,1,2,0.75,2,0,0.0,-0.34599984341100687,200
5,15,75,1,0,0,1,60,3.0,5,5,1.0,15,0,0.0,-1.1689212731779877,200
11,11,121,0,0,0,1,110,1.0,11,11,1.0,11,0,0.0,-1.333170930204886,200
7,13,91,1,1,0,1,91,1.8571428571428572,7,7,1.0,13,0,0.0,-1.6632369155172915,200
9,6,54,0,2,0,1,216,0.6666666666666666,9,9,1.0,6,0,0.0,0.6039542083394568,200
10,18,180,0,1,0,1,180,1.8,10,10,1.0,18,0,0.0,-0.35839758520299225,200
12,10,120,0,0,0,1,110,0.8333333333333334,12,12,1.0,10,0,0.0,-1.4872151152623578,200
6,5,30,1,2,1,0,75,0.8333333333333334,1,6,0.8333333333333334,5,0,0.0,-1.0753755066078168,200
9,8,72,0,2,0,0,288,0.8888888888888888,1,9,0.8888888888888888,8,0,0.0,0.18624620833718067,200
2,1,2,0,0,0,1,1,0.5,2,2,1.0,1,0,0.0,-0.2908234915662195,200
9,18,162,1,0,1,1,144,2.0,5,9,0.9753086419753086,18,0,0.0,-2.086866720624877,200
12,7,84,1,0,0,1,77,0.5833333333333334,12,12,1.0,7,0,0.0,-2.9415537602594553,200
10,16,160,0,1,0,0,160,1.6,1,10,0.84375,16,0,0.0,-1.2144055219319136,200
7,15,105,0,2,1,1,315,2.142857142857143,1,7,0.9428571428571428,15,0,0.0,-1.1108807002219816,200
7,13,91,0,1,1,1,91,1.8571428571428572,3,7,0.9560439560439561,13,0,0.0,-1.224841089378931,200
6,14,84,0,2,1,1,210,2.3333333333333335,1,6,0.9404761904761905,14,0,0.0,-0.9672742048112672,200
4,5,20,1,1,1,0,20,1.25,3,4,0.95,5,0,0.0,-0.9979041649872332,200
9,3,27,1,1,1,0,27,0.3333333333333333,8,9,0.9629629629629629,3,0,0.0,-1.2426092151589547,200
6,18,108,0,0,1,0,90,3.0,1,6,0.8611111111111112,18,0,0.0,-1.0335716328463702,200
4,15,60,0,2,1,1,90,3.75,1,4,0.95,15,0,0.0,-0.6480425192017102,200
11,13,143,1,0,1,0,130,1.1818181818181819,1,11,0.6153846153846154,13,1,0.07692307692307693,-1.8004760073458863,200
8,17,136,0,0,1,1,119,2.125,4,8,0.9705882352941176,17,0,0.0,-1.4518551941038347,200
9,12,108,1,0,1,0,96,1.3333333333333333,1,9,0.6666666666666666,12,0,0.0,-1.6608178888914453,200
10,14,140,0,1,0,0,140,1.4,1,10,0.8214285714285714,14,0,0.0,-1.0922596356274141,200
12,5,60,1,2,0,1,330,0.4166666666666667,12,12,1.0,5,0,0.0,-1.1638393575811898,200
3,16,48,1,0,1,1,32,5.333333333333333,2,3,0.9791666666666666,16,0,0.0,-0.8029489208507822,200
6,9,54,0,1,0,0,54,1.5,1,6,0.8333333333333334,9,0,0.0,-0.7173494965705655,200
2,17,34,0,2,0,1,17,8.5,2,2,1.0,17,0,0.0,-0.12987225681366027,200
2,11,22,0,1,0,1,22,5.5,2,2,1.0,11,0,0.0,-0.34092617032532974,200
3,7,21,1,2,0,1,21,2.3333333333333335,3,3,1.0,7,0,0.0,-0.6757904234891233,200
10,15,150,0,0,1,1,135,1.5,5,10,0.9666666666666667,15,0,0.0,-1.7616548619022119,200
4,4,16,1,2,1,1,24,1.0,1,4,0.8125,4,0,0.0,-0.746457431255079,200
6,13,78,1,2,1,1,195,2.1666666666666665,1,6,0.9358974358974359,13,0,0.0,-1.4010507912965473,200
11,19,209,1,0,0,1,190,1.7272727272727273,11,11,1.0,19,0,0.0,-2.674813731849545,200
8,2,16,1,2,1,0,56,0.25,1,8,0.5625,2,1,0.5,-0.2694082780165742,200
4,2,8,0,2,0,0,12,0.5,1,4,0.625,2,0,0.0,-0.5047235280513486,200
4,13,52,1,1,1,0,52,3.25,3,4,0.9807692307692307,13,0,0.0,-0.9679793861381283,200
11,13,143,0,1,0,0,143,1.1818181818181819,1,11,0.7902097902097902,13,0,0.0,-0.9102965709837446,200
10,1,10,0,1,1,1,10,0.1,5,5,0.5,1,0,0.0,-0.19459615655707596,200
7,16,112,0,1,1,0,112,2.2857142857142856,6,7,0.9910714285714286,16,0,0.0,-1.2239284875900127,200
10,20,200,0,0,0,0,180,2.0,1,10,0.775,20,0,0.0,-0.6871114097008872,200
5,12,60,0,0,1,0,48,2.4,1,5,0.8333333333333334,12,0,0.0,-0.7365701750226973,200
12,3,36,0,0,0,0,33,0.25,1,3,0.16666666666666666,3,0,0.0,-0.4517575221450704,200
10,10,100,1,1,1,1,100,1.0,5,10,0.95,10,0,0.0,-2.3173009885216422,200
12,17,204,0,1,0,0,204,1.4166666666666667,1,12,0.8235294117647058,17,0,0.0,-1.125395929790675,200
5,1,5,0,0,0,0,4,0.2,1,1,0.2,1,0,0.0,-0.3172480029764816,200
6,16,96,0,2,1,1,240,2.6666666666666665,1,6,0.9479166666666666,16,0,0.0,-1.0373132476186842,200
9,17,153,0,0,0,0,136,1.8888888888888888,1,9,0.7647058823529411,17,0,0.0,-0.6719688934150922,200
9,12,108,1,1,0,1,108,1.3333333333333333,9,9,1.0,12,0,0.0,-2.1606743534430275,200
12,6,72,0,2,0,1,396,0.5,12,12,1.0,6,0,0.0,0.6370255520824765,200
10,16,160,0,1,0,0,160,1.6,1,10,0.84375,16,0,0.0,-1.093447303191364,200
7,11,77,1,0,1,1,66,1.5714285714285714,4,7,0.961038961038961,11,0,0.0,-1.616099045102517,200
10,12,120,0,2,1,1,540,1.2,1,10,0.925,12,0,0.0,-1.0033516174396242,200
11,18,198,1,2,1,0,990,1.6363636363636365,1,11,0.9494949494949495,18,0,0.0,-2.612150866041932,200
3,12,36,1,2,1,1,36,4.0,1,3,0.9444444444444444,12,0,0.0,-0.8142060881094113,200
3,18,54,1,1,1,0,54,6.0,2,3,0.9814814814814815,18,0,0.0,-0.7899054630525149,200
10,20,200,0,1,1,1,200,2.0,5,10,0.975,20,0,0.0,-2.002968452927814,200
12,19,228,0,0,1,1,209,1.5833333333333333,6,12,0.9736842105263158,19,0,0.0,-2.252900309680647,200
12,14,168,0,1,1,1,168,1.1666666666666667,6,12,0.9642857142857143,14,0,0.0,-2.281199578174516,200
3,6,18,1,1,0,0,18,2.0,1,3,0.8888888888888888,6,3,0.5,-0.650432218728944,200
6,16,96,0,0,0,0,80,2.6666666666666665,1,6,0.84375,16,0,0.0,-0.6111008638818402,200
12,12,144,1,2,1,0,792,1.0,1,12,0.9236111111111112,12,0,0.0,-2.4367636809881583,200
8,7,56,0,2,0,0,196,0.875,1,8,0.875,7,0,0.0,0.1339479541529524,200
7,3,21,1,1,1,0,21,0.42857142857142855,6,7,0.9523809523809523,3,0,0.0,-0.6198768457794757,200
6,7,42,1,0,1,1,35,1.1666666666666667,3,6,0.9285714285714286,7,0,0.0,-1.2800784426708876,200
5,11,55,0,2,1,1,110,2.2,1,5,0.9272727272727272,11,0,0.0,-0.7418472532703073,200
2,11,22,0,1,1,1,22,5.5,1,2,0.9545454545454546,11,0,0.0,-0.3832330277553817,200
8,5,40,1,1,1,0,40,0.625,7,8,0.975,5,0,0.0,-1.662011926978377,200
12,12,144,0,2,0,0,792,1.0,1,12,0.9236111111111112,12,0,0.0,0.22860330694736503,200
12,1,12,0,0,0,0,11,0.08333333333333333,1,1,0.08333333333333333,1,0,0.0,-0.3447827987589559,200
2,18,36,1,1,0,0,36,9.0,1,2,0.9722222222222222,18,3,0.16666666666666666,-0.6372452374445944,200
11,13,143,1,0,0,1,130,1.1818181818181819,11,11,1.0,13,0,0.0,-2.746074707036721,200
4,5,20,0,1,0,1,20,1.25,4,4,1.0,5,0,0.0,-0.16696613871093488,200
3,10,30,0,0,1,1,20,3.3333333333333335,2,3,0.9666666666666667,10,0,0.0,-0.4406068058344092,200
5,14,70,1,0,1,0,56,2.8,1,5,0.8571428571428571,14,2,0.14285714285714285,-1.2995160567674882,200
9,13,117,0,1,1,0,117,1.4444444444444444,8,9,0.9914529914529915,13,0,0.0,-1.6452110847768155,200
8,8,64,0,1,1,0,64,1.0,7,8,0.984375,8,0,0.0,-1.1904061870301457,200
5,8,40,0,0,0,1,32,1.6,5,5,1.0,8,0,0.0,-0.6361157905751229,200
11,18,198,0,0,0,0,180,1.6363636363636365,1,11,0.7222222222222222,18,0,0.0,-0.6942165468291236,200
3,3,9,1,1,1,0,9,1.0,2,3,0.8888888888888888,3,0,0.0,-0.9682502256799638,200
12,7,84,1,1,1,0,84,0.5833333333333334,11,12,0.9880952380952381,7,0,0.0,-2.74037081020608,200
8,12,96,1,1,1,1,96,1.5,4,8,0.9583333333333334,12,0,0.0,-1.837396299932223,200
11,12,132,1,2,1,0,660,1.0909090909090908,1,11,0.9242424242424242,12,0,0.0,-2.3241749077050726,200
3,19,57,0,2,0,0,57,6.333333333333333,1,3,0.9649122807017544,19,0,0.0,-0.19548199185206264,200
7,13,91,1,1,0,1,91,1.8571428571428572,7,7,1.0,13,0,0.0,-1.6521216445702207,200
10,7,70,1,2,0,0,315,0.7,1,10,0.8714285714285714,7,2,0.2857142857142857,-0.9862172121075002,200
4,16,64,1,1,1,1,64,4.0,2,4,0.96875,16,0,0.0,-0.9366446026017557,200
5,3,15,0,0,0,1,12,0.6,5,5,1.0,3,0,0.0,-0.5854680294023575,200
7,11,77,1,1,1,0,77,1.5714285714285714,6,7,0.987012987012987,11,0,0.0,-1.6034567748265722,200
7,6,42,1,1,1,0,42,0.8571428571428571,6,7,0.9761904761904762,6,0,0.0,-1.4095197892803468,200
7,10,70,0,1,1,1,70,1.4285714285714286,3,7,0.9428571428571428,10,0,0.0,-1.1523913255114828,200
12,2,24,1,0,1,1,22,0.16666666666666666,6,12,0.75,2,0,0.0,-0.8237212340811068,200
9,5,45,0,0,0,0,40,0.5555555555555556,1,5,0.3333333333333333,5,0,0.0,-0.4942256307424306,200
5,14,70,0,2,0,0,140,2.8,1,5,0.9428571428571428,14,0,0.0,-0.022489392610172104,200
7,14,98,0,0,0,1,84,2.0,7,7,1.0,14,0,0.0,-0.9804809534280287,200
5,11,55,0,2,0,1,110,2.2,5,5,1.0,11,0,0.0,0.3106738319520909,200
11,8,88,1,0,0,0,80,0.7272727272727273,1,8,0.4090909090909091,8,0,0.0,-0.8301209976106436,200
9,13,117,1,0,0,0,104,1.4444444444444444,1,9,0.6923076923076923,13,0,0.0,-1.079670272567872,200
9,14,126,0,0,1,1,112,1.5555555555555556,5,9,0.9682539682539683,14,0,0.0,-1.5396160956124108,200
6,19,114,1,1,0,1,114,3.1666666666666665,6,6,1.0,19,0,0.0,-1.347549216913478,200
7,6,42,1,1,1,0,42,0.8571428571428571,6,7,0.9761904761904762,6,0,0.0,-1.6311063071925944,200
12,4,48,1,1,0,0,48,0.3333333333333333,1,7,0.3333333333333333,4,1,0.25,-0.4479690924405817,200
4,12,48,0,0,0,1,36,3.0,4,4,1.0,12,0,0.0,-0.34794642435402473,200
5,12,60,1,1,0,0,60,2.4,1,5,0.9,12,0,0.0,-1.183161490409385,200
7,1,7,1,1,1,0,7,0.14285714285714285,6,6,0.8571428571428571,1,0,0.0,-0.2316072019877597,200
9,1,9,1,2,0,1,36,0.1111111111111111,9,9,1.0,1,0,0.0,-0.12237683381166167,200
2,4,8,1,2,1,1,4,2.0,1,2,0.875,4,0,0.0,-0.8140900378144733,200
6,20,120,0,1,1,0,120,3.3333333333333335,5,6,0.9916666666666667,20,0,0.0,-1.0145868588590643,200
6,13,78,0,1,1,1,78,2.1666666666666665,3,6,0.9615384615384616,13,0,0.0,-1.0042396985310693,200
7,10,70,1,2,0,0,210,1.4285714285714286,1,7,0.9142857142857143,10,0,0.0,-1.3562629555057788,200
5,8,40,1,1,0,1,40,1.6,5,5,1.0,8,0,0.0,-1.2972092509394864,200
4,2,8,0,1,1,1,8,0.5,2,4,0.75,2,0,0.0,-0.5563685890338635,200
5,12,60,1,1,0,0,60,2.4,1,5,0.9,12,2,0.16666666666666666,-1.0498934059690614,200
9,18,162,0,1,1,0,162,2.0,8,9,0.9938271604938271,18,0,0.0,-1.7221468584060227,200
9,6,54,1,1,0,0,54,0.6666666666666666,1,9,0.6296296296296297,6,2,0.3333333333333333,-0.7876063445934631,200
6,10,60,0,2,0,1,150,1.6666666666666667,6,6,1.0,10,0,0.0,0.29530871679362647,200
11,12,132,1,1,1,0,132,1.0909090909090908,10,11,0.9924242424242424,12,0,0.0,-2.5660207776578785,200
11,17,187,0,2,1,0,935,1.5454545454545454,1,11,0.946524064171123,17,0,0.0,-1.65330130765423,200
11,7,77,1,0,1,0,70,0.6363636363636364,1,7,0.36363636363636365,7,0,0.0,-1.425033598909712,200
4,8,32,1,0,0,1,24,2.0,4,4,1.0,8,0,0.0,-1.0543489661028564,200
11,2,22,0,1,0,1,22,0.18181818181818182,11,11,1.0,2,0,0.0,-0.24030273142053593,200
6,16,96,1,2,0,1,240,2.6666666666666665,6,6,1.0,16,0,0.0,-1.3219547226864756,200
12,12,144,0,2,1,0,792,1.0,1,12,0.9236111111111112,12,0,0.0,-1.2640980401231212,200
4,18,72,1,1,0,0,72,4.5,1,4,0.9444444444444444,18,1,0.05555555555555555,-0.9803373849293646,200
6,4,24,0,2,1,0,60,0.6666666666666666,1,6,0.7916666666666666,4,0,0.0,-0.4935214153296006,200
6,15,90,1,2,1,0,225,2.5,1,6,0.9444444444444444,15,0,0.0,-1.420715116478696,200
12,13,156,0,2,0,0,858,1.0833333333333333,1,12,0.9294871794871795,13,0,0.0,0.21960938758257303,200
5,9,45,0,1,0,1,45,1.8,5,5,1.0,9,0,0.0,0.08261934570054358,200
3,17,51,0,2,1,1,51,5.666666666666667,1,3,0.9607843137254902,17,0,0.0,-0.46486635676447874,200
12,10,120,1,2,0,0,660,0.8333333333333334,1,12,0.9083333333333333,10,3,0.3,-1.2852885972870254,200
8,16,128,1,2,0,0,448,2.0,1,8,0.9453125,16,0,0.0,-1.7174801675281501,200
10,6,60,0,2,0,1,270,0.6,10,10,1.0,6,0,0.0,0.6337556988668113,200
11,20,220,1,2,0,1,1100,1.8181818181818181,11,11,1.0,20,0,0.0,-2.4837055689276606,200
8,5,40,0,0,1,1,35,0.625,4,8,0.9,5,0,0.0,-0.7869111671002408,200
10,11,110,1,1,0,1,110,1.1,10,10,1.0,11,0,0.0,-2.54245964061293,200
12,19,228,0,2,1,1,1254,1.5833333333333333,1,12,0.9517543859649122,19,0,0.0,-1.6596399647333921,200
10,2,20,0,0,1,1,18,0.2,5,10,0.75,2,0,0.0,-0.4858483796820056,200
7,19,133,1,1,1,1,133,2.7142857142857144,3,7,0.9699248120300752,19,0,0.0,-1.5996178270183443,200
6,17,102,1,1,1,0,102,2.8333333333333335,5,6,0.9901960784313726,17,0,0.0,-1.3727055623533515,200
7,15,105,1,1,0,0,105,2.142857142857143,1,7,0.8857142857142857,15,0,0.0,-1.3506236406097332,200
6,12,72,1,1,0,0,72,2.0,1,6,0.875,12,1,0.08333333333333333,-1.1445283337304049,200
2,20,40,1,2,0,0,20,10.0,1,2,0.975,20,0,0.0,-0.6721345465687402,200
2,2,4,1,1,1,0,4,1.0,1,2,0.75,2,0,0.0,-0.5985806698840436,200
7,14,98,0,1,0,1,98,2.0,7,7,1.0,14,0,0.0,0.03867419541963147,200
12,18,216,1,2,0,0,1188,1.5,1,12,0.9490740740740741,18,1,0.05555555555555555,-2.528506459753571,200
2,1,2,1,0,1,0,1,0.5,1,1,0.5,1,1,1.0,nan,200
4,2,8,1,2,1,1,12,0.5,1,4,0.625,2,0,0.0,-0.3373195504497754,200
12,5,60,1,2,0,1,330,0.4166666666666667,12,12,1.0,5,0,0.0,-1.0740145496074363,200
11,9,99,1,0,1,0,90,0.8181818181818182,1,9,0.45454545454545453,9,0,0.0,-1.6624748840036676,200
3,2,6,1,2,1,1,6,0.6666666666666666,1,3,0.6666666666666666,2,0,0.0,-0.3708919710752003,200
10,16,160,1,1,1,1,160,1.6,5,10,0.96875,16,0,0.0,-2.334383754437987,200
12,17,204,0,0,1,1,187,1.4166666666666667,6,12,0.9705882352941176,17,0,0.0,-2.201336780258417,200
10,10,100,1,2,1,0,450,1.0,1,10,0.91,10,0,0.0,-1.6946649027303025,200
5,8,40,0,0,1,0,32,1.6,1,5,0.75,8,0,0.0,-0.6419961908589131,200
8,14,112,0,2,0,1,392,1.75,8,8,1.0,14,0,0.0,0.44623031807043045,200
8,13,104,0,2,1,1,364,1.625,1,8,0.9326923076923077,13,0,0.0,-1.0588904881144419,200
6,11,66,1,0,1,0,55,1.8333333333333333,1,6,0.7727272727272727,11,0,0.0,-1.3823320346844643,200
5,9,45,0,0,0,1,36,1.8,5,5,1.0,9,0,0.0,-0.6722992874049951,200
3,6,18,0,2,1,0,18,2.0,1,3,0.8888888888888888,6,0,0.0,-0.4373098899150673,200
9,5,45,1,0,0,0,40,0.5555555555555556,1,5,0.3333333333333333,5,1,0.2,-0.7642833065169006,200
7,13,91,1,2,0,1,273,1.8571428571428572,7,7,1.0,13,0,0.0,-1.5337990280772833,200
12,4,48,0,2,1,1,264,0.3333333333333333,1,12,0.7708333333333334,4,0,0.0,-0.39791120286273785,200
4,12,48,0,2,0,1,72,3.0,4,4,1.0,12,0,0.0,0.13091544288696091,200
12,9,108,0,1,0,0,108,0.75,1,12,0.6666666666666666,9,0,0.0,-0.8130458056431538,200
8,3,24,0,2,1,1,84,0.375,1,8,0.7083333333333334,3,0,0.0,-0.3170460179790613,200
12,16,192,1,0,0,0,176,1.3333333333333333,1,12,0.65625,16,1,0.0625,-0.9784435249883437,200
4,18,72,1,1,0,1,72,4.5,4,4,1.0,18,0,0.0,-1.014772630672733,200
6,16,96,0,1,1,1,96,2.6666666666666665,3,6,0.96875,16,0,0.0,-1.0126801257453717,200
8,9,72,0,2,1,0,252,1.125,1,8,0.9027777777777778,9,0,0.0,-0.8653980425694398,200
6,8,48,0,0,0,1,40,1.3333333333333333,6,6,1.0,8,0,0.0,-0.630075449057716,200
10,12,120,0,0,1,0,108,1.2,1,10,0.625,12,0,0.0,-1.012090103101127,200
4,16,64,0,0,0,0,48,4.0,1,4,0.90625,16,0,0.0,-0.5013440979670952,200
11,8,88,0,2,1,0,440,0.7272727272727273,1,11,0.8863636363636364,8,0,0.0,-0.8690569486021634,200
6,19,114,0,2,1,0,285,3.1666666666666665,1,6,0.956140350877193,19,0,0.0,-1.0166414295349986,200
11,6,66,1,0,0,1,60,0.5454545454545454,11,11,1.0,6,0,0.0,-2.8123359130265397,200
3,4,12,0,2,1,1,12,1.3333333333333333,1,3,0.8333333333333334,4,0,0.0,-0.39798758077273294,200
11,20,220,0,1,0,1,220,1.8181818181818181,11,11,1.0,20,0,0.0,-0.19000362267214319,200
12,6,72,0,1,0,0,72,0.5,1,11,0.5,6,0,0.0,-0.7230092188541886,200
9,17,153,1,0,1,1,136,1.8888888888888888,5,9,0.9738562091503268,17,0,0.0,-2.09796717969302,200
10,19,190,1,1,0,0,190,1.9,1,10,0.868421052631579,19,1,0.05263157894736842,-1.6290664170391513,200
5,13,65,1,0,0,1,52,2.6,5,5,1.0,13,0,0.0,-1.1877417873111271,200
11,13,143,1,1,1,0,143,1.1818181818181819,10,11,0.993006993006993,13,0,0.0,-2.569548862249485,200
11,2,22,0,1,1,1,22,0.18181818181818182,5,11,0.7272727272727273,2,0,0.0,-0.5395537164673936,200
2,11,22,0,2,0,1,11,5.5,2,2,1.0,11,0,0.0,-0.1229460697838216,200
5,11,55,1,1,0,0,55,2.2,1,5,0.8909090909090909,11,0,0.0,-1.0826084665586175,200
12,18,216,0,2,1,0,1188,1.5,1,12,0.9490740740740741,18,0,0.0,-1.794232814613433,200
4,15,60,1,0,1,0,45,3.75,1,4,0.9,15,0,0.0,-1.0128304909872485,200
10,2,20,0,1,1,0,20,0.2,9,10,0.95,2,0,0.0,-0.3239884414872813,200
4,2,8,0,0,0,0,6,0.5,1,2,0.375,2,0,0.0,-0.3783719271957024,200
10,7,70,1,1,1,0,70,0.7,9,10,0.9857142857142858,7,0,0.0,-2.2873643150495204,200
9,12,108,1,1,1,0,108,1.3333333333333333,8,9,0.9907407407407407,12,0,0.0,-2.1006446979673017,200
7,9,63,1,2,1,1,189,1.2857142857142858,1,7,0.9047619047619048,9,0,0.0,-1.628824789946916,200
10,5,50,1,2,0,0,225,0.5,1,10,0.82,5,1,0.2,-0.7961487781254883,200
11,11,121,0,2,1,0,605,1.0,1,11,0.9173553719008265,11,0,0.0,-1.1625192169968932,200
3,7,21,0,0,1,1,14,2.3333333333333335,2,3,0.9523809523809523,7,0,0.0,-0.39640154902507724,200
2,9,18,1,0,1,0,9,4.5,1,2,0.9444444444444444,9,0,0.0,-0.6226954448258034,200
8,18,144,0,1,1,1,144,2.25,4,8,0.9722222222222222,18,0,0.0,-1.5026282653510636,200
10,16,160,0,0,0,1,144,1.6,10,10,1.0,16,0,0.0,-1.404199253163302,200
3,9,27,1,1,1,0,27,3.0,2,3,0.9629629629629629,9,0,0.0,-0.8047903971539192,200
10,10,100,0,0,0,1,90,1.0,10,10,1.0,10,0,0.0,-1.2053801801321318,200
5,13,65,0,0,0,1,52,2.6,5,5,1.0,13,0,0.0,-0.6609366488071393,200
4,18,72,1,2,1,0,108,4.5,1,4,0.9583333333333334,18,0,0.0,-0.9871663901896015,200
4,6,24,1,1,0,0,24,1.5,1,4,0.8333333333333334,6,1,0.16666666666666666,-0.8467388090855662,200
2,11,22,1,2,0,1,11,5.5,2,2,1.0,11,0,0.0,-0.6657571933684208,200
12,8,96,0,2,1,1,528,0.6666666666666666,1,12,0.8854166666666666,8,0,0.0,-0.7064422497737964,200
7,5,35,1,1,1,0,35,0.7142857142857143,6,7,0.9714285714285714,5,0,0.0,-1.4385304764385447,200
2,3,6,0,1,0,0,6,1.5,1,2,0.8333333333333334,3,0,0.0,-0.3133090003983097,200
10,1,10,1,2,1,0,45,0.1,1,1,0.1,1,0,0.0,-0.28935784138679044,200
3,9,27,0,0,0,0,18,3.0,1,3,0.8888888888888888,9,0,0.0,-0.4658946394064388,200
5,20,100,0,0,0,1,80,4.0,5,5,1.0,20,0,0.0,-0.6579101425208301,200
9,8,72,1,2,1,0,288,0.8888888888888888,1,9,0.8888888888888888,8,0,0.0,-1.69491713041214,200
3,12,36,0,0,1,1,24,4.0,2,3,0.9722222222222222,12,0,0.0,-0.45385295451305346,200
4,4,16,0,0,0,1,12,1.0,4,4,1.0,4,0,0.0,-0.3340803424160376,200
4,17,68,0,2,0,1,102,4.25,4,4,1.0,17,0,0.0,0.1810746780294928,200
10,7,70,1,1,0,0,70,0.7,1,10,0.6428571428571429,7,2,0.2857142857142857,-0.8342767017437442,200
12,13,156,0,2,0,0,858,1.0833333333333333,1,12,0.9294871794871795,13,0,0.0,0.20992560330882537,200
6,15,90,1,2,0,1,225,2.5,6,6,1.0,15,0,0.0,-1.3565821941016223,200
6,15,90,1,1,0,1,90,2.5,6,6,1.0,15,0,0.0,-1.3845798853230777,200
4,19,76,0,0,0,1,57,4.75,4,4,1.0,19,0,0.0,-0.3526430917927667,200
3,9,27,0,2,1,0,27,3.0,1,3,0.9259259259259259,9,0,0.0,-0.45442314178464865,200
5,3,15,1,2,1,0,30,0.6,1,5,0.7333333333333333,3,0,0.0,-0.8702787405481817,200
4,16,64,0,1,1,1,64,4.0,2,4,0.96875,16,0,0.0,-0.6377532580076921,200
2,11,22,0,0,1,1,11,5.5,1,2,0.9545454545454546,11,0,0.0,-0.34099027304587765,200
5,19,95,1,2,1,1,190,3.8,1,5,0.9578947368421052,19,1,0.05263157894736842,-1.1589950949844412,200
11,20,220,0,1,0,1,220,1.8181818181818181,11,11,1.0,20,0,0.0,-0.21513761145207128,200
4,18,72,1,2,0,0,108,4.5,1,4,0.9583333333333334,18,0,0.0,-0.8867819852033034,200
5,2,10,0,0,0,1,8,0.4,5,5,1.0,2,0,0.0,-0.36553855591518397,200
7,9,63,1,1,0,0,63,1.2857142857142858,1,7,0.8095238095238095,9,0,0.0,-1.1426143489456078,200
8,15,120,0,1,1,1,120,1.875,4,8,0.9666666666666667,15,0,0.0,-1.4727607283375332,200
5,7,35,0,2,1,1,70,1.4,1,5,0.8857142857142857,7,0,0.0,-0.5954073058478871,200
8,13,104,1,2,0,0,364,1.625,1,8,0.9326923076923077,13,0,0.0,-1.658363502413126,200
3,10,30,1,2,0,0,30,3.3333333333333335,1,3,0.9333333333333333,10,1,0.1,-0.7913667204410042,200
8,10,80,0,2,1,0,280,1.25,1,8,0.9125,10,0,0.0,-0.9848954030169803,200
4,20,80,1,2,1,0,120,5.0,1,4,0.9625,20,0,0.0,-0.9668060368378952,200
7,13,91,1,1,1,1,91,1.8571428571428572,3,7,0.9560439560439561,13,0,0.0,-1.60763165509762,200
8,7,56,0,1,0,0,56,0.875,1,8,0.7142857142857143,7,0,0.0,-0.701388622729322,200
7,4,28,1,2,0,1,84,0.5714285714285714,7,7,1.0,4,0,0.0,-0.7156723254180397,200
6,5,30,0,2,1,0,75,0.8333333333333334,1,6,0.8333333333333334,5,0,0.0,-0.528626679235416,200
9,6,54,1,2,1,0,216,0.6666666666666666,1,9,0.8518518518518519,6,1,0.16666666666666666,-1.427242903876279,200
5,4,20,0,2,1,1,40,0.8,1,5,0.8,4,0,0.0,-0.4347143454606914,200
6,17,102,0,0,0,0,85,2.8333333333333335,1,6,0.8529411764705882,17,0,0.0,-0.6383004584676706,200
7,12,84,0,1,0,0,84,1.7142857142857142,1,7,0.8571428571428571,12,0,0.0,-0.7565726891688397,200
9,10,90,1,2,1,0,360,1.1111111111111112,1,9,0.9111111111111111,10,0,0.0,-2.1205878432932255,200
2,20,40,0,1,0,1,40,10.0,2,2,1.0,20,0,0.0,-0.34161822384691276,200
9,3,27,1,2,1,0,108,0.3333333333333333,1,9,0.7037037037037037,3,1,0.3333333333333333,-0.5685057262680312,200
4,3,12,0,2,0,0,18,0.75,1,4,0.75,3,0,0.0,-0.1382938544958534,200
11,20,220,0,2,0,1,1100,1.8181818181818181,11,11,1.0,20,0,0.0,0.5970766294077832,200
6,2,12,0,2,0,0,30,0.3333333333333333,1,6,0.5833333333333334,2,0,0.0,-0.4987085082612021,200
2,14,28,1,0,0,1,14,7.0,2,2,1.0,14,0,0.0,-0.6432543350984896,200
12,17,204,0,0,0,0,187,1.4166666666666667,1,12,0.6764705882352942,17,0,0.0,-0.6561139462159485,200
2,12,24,1,2,1,0,12,6.0,1,2,0.9583333333333334,12,2,0.16666666666666666,-0.679505747760881,200
7,5,35,1,1,1,0,35,0.7142857142857143,6,7,0.9714285714285714,5,0,0.0,-1.515361979733269,200
4,4,16,1,0,0,1,12,1.0,4,4,1.0,4,0,0.0,-0.757958653295733,200
8,9,72,1,1,1,0,72,1.125,7,8,0.9861111111111112,9,0,0.0,-1.838959004982344,200
9,17,153,1,1,0,1,153,1.8888888888888888,9,9,1.0,17,0,0.0,-2.162917669877218,200
10,13,130,0,2,0,0,585,1.3,1,10,0.9307692307692308,13,0,0.0,0.151316234011586,200
7,15,105,1,0,1,0,90,2.142857142857143,1,7,0.8,15,0,0.0,-1.731373641284231,200
4,8,32,0,0,1,0,24,2.0,1,4,0.8125,8,0,0.0,-0.5573921461064656,200
8,5,40,1,1,1,1,40,0.625,4,8,0.9,5,0,0.0,-1.4647698425192517,200
4,8,32,1,2,0,1,48,2.0,4,4,1.0,8,0,0.0,-0.8783338921319412,200
11,12,132,1,0,1,1,120,1.0909090909090908,6,11,0.9621212121212122,12,0,0.0,-2.590741322139941,200
6,10,60,0,1,0,0,60,1.6666666666666667,1,6,0.85,10,0,0.0,-0.6878701818883228,200
9,5,45,0,0,0,1,40,0.5555555555555556,9,9,1.0,5,0,0.0,-0.9296268215971077,200
7,9,63,1,2,0,1,189,1.2857142857142858,7,7,1.0,9,0,0.0,-1.407503029899159,200
3,13,39,0,2,0,0,39,4.333333333333333,1,3,0.9487179487179487,13,0,0.0,-0.2211634338897699,200
8,10,80,1,1,1,1,80,1.25,4,8,0.95,10,0,0.0,-1.845129100520963,200
9,15,135,0,0,0,1,120,1.6666666666666667,9,9,1.0,15,0,0.0,-1.2762800208171676,200
4,3,12,0,2,1,1,18,0.75,1,4,0.75,3,0,0.0,-0.37325900178729,200
9,1,9,1,1,1,1,9,0.1111111111111111,4,4,0.4444444444444444,1,0,0.0,-0.3235309345191692,200
4,12,48,1,1,0,1,48,3.0,4,4,1.0,12,0,0.0,-0.988462820076594,200
6,10,60,0,1,0,0,60,1.6666666666666667,1,6,0.85,10,0,0.0,-0.7360223770761652,200
3,11,33,0,1,1,1,33,3.6666666666666665,1,3,0.9393939393939394,11,0,0.0,-0.4976185704254165,200
6,18,108,1,2,0,1,270,3.0,6,6,1.0,18,0,0.0,-1.2871416663053497,200
12,17,204,1,1,0,1,204,1.4166666666666667,12,12,1.0,17,0,0.0,-2.9242259357184963,200
6,6,36,0,0,1,1,30,1.0,3,6,0.9166666666666666,6,0,0.0,-0.7459581822597978,200
10,16,160,1,0,0,0,144,1.6,1,10,0.71875,16,0,0.0,-1.0202844343487265,200
11,9,99,0,0,0,1,90,0.8181818181818182,11,11,1.0,9,0,0.0,-1.2964507012090472,200
8,10,80,1,2,1,0,280,1.25,1,8,0.9125,10,0,0.0,-1.7271490543413481,200
10,19,190,1,0,1,1,171,1.9,5,10,0.9736842105263158,19,0,0.0,-2.333930872870649,200
10,18,180,1,0,0,1,162,1.8,10,10,1.0,18,0,0.0,-2.440910139693615,200
5,19,95,1,2,1,1,190,3.8,1,5,0.9578947368421052,19,0,0.0,-1.2011104887292305,200
10,7,70,1,0,1,1,63,0.7,5,10,0.9285714285714286,7,0,0.0,-2.027788311486773,200
8,14,112,1,1,0,0,112,1.75,1,8,0.8571428571428571,14,0,0.0,-1.3739349964504028,200
3,10,30,1,1,1,1,30,3.3333333333333335,1,3,0.9333333333333333,10,0,0.0,-0.7915618889486312,200
2,20,40,0,2,1,1,20,10.0,1,2,0.975,20,0,0.0,-0.3227630966566497,200
8,9,72,0,0,1,1,63,1.125,4,8,0.9444444444444444,9,0,0.0,-1.104980988327466,200
9,16,144,1,0,0,1,128,1.7777777777777777,9,9,1.0,16,0,0.0,-2.162387918229306,200
11,1,11,1,1,1,1,11,0.09090909090909091,5,5,0.45454545454545453,1,0,0.0,-0.22325933425916827,200
7,13,91,1,1,0,1,91,1.8571428571428572,7,7,1.0,13,0,0.0,-1.655662996244786,200
4,2,8,0,2,1,0,12,0.5,1,4,0.625,2,0,0.0,-0.3050670160261383,200
4,19,76,0,1,1,0,76,4.75,3,4,0.9868421052631579,19,0,0.0,-0.6096184131368415,200
8,16,128,0,2,1,1,448,2.0,1,8,0.9453125,16,0,0.0,-1.2713163384274349,200
7,10,70,1,1,1,1,70,1.4285714285714286,3,7,0.9428571428571428,10,0,0.0,-1.6525989650490627,200
7,15,105,1,1,1,0,105,2.142857142857143,6,7,0.9904761904761905,15,0,0.0,-1.5969177773560617,200
4,8,32,1,2,0,0,48,2.0,1,4,0.90625,8,0,0.0,-0.9191280183430197,200
3,10,30,1,1,0,0,30,3.3333333333333335,1,3,0.9333333333333333,10,3,0.3,-0.9402937822879723,200
9,7,63,1,0,1,0,56,0.7777777777777778,1,7,0.4444444444444444,7,0,0.0,-1.0719382530249009,200
8,18,144,0,0,0,1,126,2.25,8,8,1.0,18,0,0.0,-0.9883671971711974,200
3,1,3,0,0,0,0,2,0.3333333333333333,1,1,0.3333333333333333,1,0,0.0,-0.2972814979038894,200
9,17,153,1,1,1,1,153,1.8888888888888888,4,9,0.9673202614379085,17,0,0.0,-2.113981826304056,200
10,17,170,0,0,0,0,153,1.7,1,10,0.7352941176470589,17,0,0.0,-0.6691825779571264,200
10,2,20,1,0,0,1,18,0.2,10,10,1.0,2,0,0.0,-0.6985185702071398,200
7,8,56,0,0,1,1,48,1.1428571428571428,4,7,0.9464285714285714,8,0,0.0,-0.9421835966375044,200
8,3,24,1,0,0,0,21,0.375,1,3,0.25,3,0,0.0,-0.6277188396306213,200
10,20,200,1,1,0,0,200,2.0,1,10,0.875,20,2,0.1,-1.5983018750252416,200
2,5,10,1,2,0,1,5,2.5,2,2,1.0,5,0,0.0,-0.7022356509721578,200
12,5,60,1,1,1,1,60,0.4166666666666667,6,12,0.9,5,0,0.0,-2.2873476794602263,200
5,12,60,0,2,1,1,120,2.4,1,5,0.9333333333333333,12,0,0.0,-0.7708803178748006,200
5,20,100,0,2,0,0,200,4.0,1,5,0.96,20,0,0.0,-0.04437426076574709,200
4,20,80,1,2,0,0,120,5.0,1,4,0.9625,20,2,0.1,-0.9446346190425415,200
10,18,180,1,0,0,1,162,1.8,10,10,1.0,18,0,0.0,-2.379219516395768,200
11,14,154,0,0,1,1,140,1.2727272727272727,6,11,0.9675324675324676,14,0,0.0,-1.8385102834088511,200
2,11,22,0,2,0,0,11,5.5,1,2,0.9545454545454546,11,0,0.0,-0.30353496417011777,200
8,17,136,1,0,0,0,119,2.125,1,8,0.7941176470588235,17,0,0.0,-0.9552007549122292,200
2,10,20,1,0,1,0,10,5.0,1,2,0.95,10,0,0.0,-0.6678181758259228,200
6,4,24,0,1,1,1,24,0.6666666666666666,3,6,0.875,4,0,0.0,-0.6437554965274204,200
10,1,10,0,0,0,1,9,0.1,10,10,1.0,1,0,0.0,0.020692487622817425,200
9,7,63,1,0,0,0,56,0.7777777777777778,1,7,0.4444444444444444,7,1,0.14285714285714285,-0.6190812354787553,200
5,8,40,1,2,1,1,80,1.6,1,5,0.9,8,0,0.0,-1.173371412187007,200
6,7,42,0,2,0,1,105,1.1666666666666667,6,6,1.0,7,0,0.0,0.3543413768712715,200
12,17,204,1,1,0,1,204,1.4166666666666667,12,12,1.0,17,0,0.0,-2.8934186233396897,200
11,9,99,0,1,1,0,99,0.8181818181818182,10,11,0.98989898989899,9,0,0.0,-1.675911106715416,200
2,11,22,0,2,0,1,11,5.5,2,2,1.0,11,0,0.0,-0.13459730156233793,200
9,6,54,0,2,0,0,216,0.6666666666666666,1,9,0.8518518518518519,6,0,0.0,0.1604709482803937,200
12,19,228,1,2,1,0,1254,1.5833333333333333,1,12,0.9517543859649122,19,1,0.05263157894736842,-2.8788839229081375,200
5,12,60,1,1,0,1,60,2.4,5,5,1.0,12,1,0.08333333333333333,-1.1438546305030377,200
6,11,66,0,0,1,0,55,1.8333333333333333,1,6,0.7727272727272727,11,0,0.0,-0.8720677157662665,200
5,16,80,1,1,1,0,80,3.2,4,5,0.9875,16,0,0.0,-1.1362697867868374,200
6,6,36,0,2,0,0,90,1.0,1,6,0.8611111111111112,6,0,0.0,-0.0217780218643636,200
10,20,200,0,2,0,1,900,2.0,10,10,1.0,20,0,0.0,0.5394206269680848,200
10,16,160,0,2,1,1,720,1.6,1,10,0.94375,16,0,0.0,-1.3484704587009102,200
11,13,143,1,2,0,0,715,1.1818181818181819,1,11,0.9300699300699301,13,0,0.0,-2.167240394576499,200
8,6,48,0,2,1,0,168,0.75,1,8,0.8541666666666666,6,0,0.0,-0.650404042693332,200
3,11,33,1,2,0,1,33,3.6666666666666665,3,3,1.0,11,0,0.0,-0.8711400919781332,200
3,6,18,1,2,0,0,18,2.0,1,3,0.8888888888888888,6,0,0.0,-0.8182360202606564,200
10,20,200,1,0,1,0,180,2.0,1,10,0.775,20,0,0.0,-2.469774110648883,200
11,10,110,1,0,0,0,100,0.9090909090909091,1,10,0.5,10,0,0.0,-0.892222624287692,200
10,6,60,1,0,1,0,54,0.6,1,6,0.35,6,0,0.0,-0.9372793953824186,200
11,9,99,0,2,1,1,495,0.8181818181818182,1,11,0.898989898989899,9,0,0.0,-0.7513680539654672,200
2,18,36,1,2,1,0,18,9.0,1,2,0.9722222222222222,18,3,0.16666666666666666,-0.7539653792205151,200
3,11,33,1,0,0,1,22,3.6666666666666665,3,3,1.0,11,0,0.0,-0.8254938787170741,200
9,3,27,0,1,0,1,27,0.3333333333333333,9,9,1.0,3,0,0.0,-0.23640357871836587,200
4,13,52,0,1,0,1,52,3.25,4,4,1.0,13,0,0.0,-0.19050210585899727,200
9,20,180,1,1,0,0,180,2.2222222222222223,1,9,0.8888888888888888,20,0,0.0,-1.6533265275010487,200
8,5,40,0,1,0,1,40,0.625,8,8,1.0,5,0,0.0,-0.2720681877185439,200
7,7,49,1,1,0,0,49,1.0,1,7,0.7551020408163265,7,0,0.0,-1.0284804986502198,200
10,11,110,1,2,0,0,495,1.1,1,10,0.9181818181818182,11,0,0.0,-1.4812054950961682,200
11,17,187,1,2,0,1,935,1.5454545454545454,11,11,1.0,17,0,0.0,-2.477752926700164,200
5,19,95,1,0,0,1,76,3.8,5,5,1.0,19,0,0.0,-1.1978332378856313,200
6,8,48,1,2,1,0,120,1.3333333333333333,1,6,0.8958333333333334,8,0,0.0,-1.2268648323996667,200
6,17,102,1,1,0,1,102,2.8333333333333335,6,6,1.0,17,0,0.0,-1.3970460027221487,200
7,19,133,0,2,0,1,399,2.7142857142857144,7,7,1.0,19,0,0.0,0.41632741193839257,200
5,10,50,1,2,0,0,100,2.0,1,5,0.92,10,2,0.2,-1.0258514442929598,200
2,16,32,1,2,0,1,16,8.0,2,2,1.0,16,1,0.0625,-0.7036299714944974,200
11,7,77,1,0,1,1,70,0.6363636363636364,6,11,0.935064935064935,7,0,0.0,-2.0839282697841868,200
5,6,30,0,1,0,1,30,1.2,5,5,1.0,6,0,0.0,0.0858293764993578,200
9,6,54,1,0,0,1,48,0.6666666666666666,9,9,1.0,6,0,0.0,-2.5920991706242598,200
6,15,90,1,2,0,1,225,2.5,6,6,1.0,15,0,0.0,-1.3360674814150035,200
4,14,56,1,0,0,1,42,3.5,4,4,1.0,14,0,0.0,-0.9616777474518114,200
6,13,78,1,2,1,1,195,2.1666666666666665,1,6,0.9358974358974359,13,1,0.07692307692307693,-1.4005578201246052,200
5,1,5,1,1,0,0,5,0.2,1,1,0.2,1,0,0.0,-0.31362900436584945,200
8,20,160,0,0,1,1,140,2.5,4,8,0.975,20,0,0.0,-1.4597574554501258,200
8,5,40,0,0,1,0,35,0.625,1,5,0.375,5,0,0.0,-0.4887606787092164,200
3,14,42,1,1,1,0,42,4.666666666666667,2,3,0.9761904761904762,14,0,0.0,-0.7995716186826441,200
10,15,150,1,1,1,1,150,1.5,5,10,0.9666666666666667,15,0,0.0,-2.3234580246900856,200
12,16,192,0,1,1,1,192,1.3333333333333333,6,12,0.96875,16,0,0.0,-2.415673996800103,200
10,10,100,1,0,0,0,90,1.0,1,10,0.55,10,0,0.0,-0.8099514636174443,200
9,2,18,1,0,1,0,16,0.2222222222222222,1,2,0.16666666666666666,2,0,0.0,-0.5972822355583074,200
5,9,45,0,1,1,1,45,1.8,2,5,0.9333333333333333,9,0,0.0,-0.7689030335066608,200
12,17,204,0,1,0,1,204,1.4166666666666667,12,12,1.0,17,0,0.0,-0.4002220339180557,200
9,10,90,0,1,1,0,90,1.1111111111111112,8,9,0.9888888888888889,10,0,0.0,-1.4946251095541683,200
3,6,18,0,1,1,0,18,2.0,2,3,0.9444444444444444,6,0,0.0,-0.4314296763762148,200
8,20,160,1,0,1,1,140,2.5,4,8,0.975,20,0,0.0,-1.8384552939794574,200
9,9,81,0,2,1,1,324,1.0,1,9,0.9012345679012346,9,0,0.0,-0.7487103368706411,200
5,19,95,1,0,0,1,76,3.8,5,5,1.0,19,0,0.0,-1.1196169259662103,200
9,11,99,0,0,1,0,88,1.2222222222222223,1,9,0.6363636363636364,11,0,0.0,-0.8846788992201773,200
7,1,7,1,1,1,1,7,0.14285714285714285,3,3,0.42857142857142855,1,0,0.0,-0.26011880491275774,200
4,5,20,0,2,0,1,30,1.25,4,4,1.0,5,0,0.0,0.16165211547175834,200
9,16,144,1,2,0,0,576,1.7777777777777777,1,9,0.9444444444444444,16,3,0.1875,-1.8900087592283619,200
10,13,130,0,2,0,1,585,1.3,10,10,1.0,13,0,0.0,0.5282572940158297,200
11,4,44,1,1,0,1,44,0.36363636363636365,11,11,1.0,4,0,0.0,-2.0641679570685536,200
2,18,36,0,0,1,0,18,9.0,1,2,0.9722222222222222,18,0,0.0,-0.34144406233855085,200
2,17,34,1,0,1,0,17,8.5,1,2,0.9705882352941176,17,0,0.0,-0.7007705967095167,200
6,13,78,0,2,1,0,195,2.1666666666666665,1,6,0.9358974358974359,13,0,0.0,-0.9190401854621056,200
12,16,192,1,0,1,0,176,1.3333333333333333,1,12,0.65625,16,0,0.0,-2.631200986757286,200
8,11,88,0,1,1,0,88,1.375,7,8,0.9886363636363636,11,0,0.0,-1.3815579771085995,200
5,5,25,1,0,1,1,20,1.0,3,5,0.92,5,0,0.0,-0.9874039459099782,200
8,5,40,1,2,1,1,140,0.625,1,8,0.825,5,0,0.0,-1.3354430966929123,200
2,12,24,0,2,1,1,12,6.0,1,2,0.9583333333333334,12,0,0.0,-0.39974030231937774,200
6,2,12,1,1,0,0,12,0.3333333333333333,1,3,0.3333333333333333,2,0,0.0,-0.38925388536713834,200
11,14,154,1,2,1,1,770,1.2727272727272727,1,11,0.935064935064935,14,0,0.0,-2.4766006173325623,200
11,3,33,0,1,1,0,33,0.2727272727272727,10,11,0.9696969696969697,3,0,0.0,-0.6125043275571966,200
5,9,45,1,2,1,0,90,1.8,1,5,0.9111111111111111,9,0,0.0,-1.1776153994544027,200
12,14,168,1,0,0,1,154,1.1666666666666667,12,12,1.0,14,0,0.0,-2.966024430393906,200
6,11,66,0,0,1,1,55,1.8333333333333333,3,6,0.9545454545454546,11,0,0.0,-0.9218187888188071,200
11,16,176,0,2,0,1,880,1.4545454545454546,11,11,1.0,16,0,0.0,0.5963779198542997,200
12,17,204,1,2,1,0,1122,1.4166666666666667,1,12,0.946078431372549,17,0,0.0,-2.733438330412342,200
5,5,25,0,0,1,0,20,1.0,1,5,0.6,5,0,0.0,-0.4902182588460471,200
4,6,24,0,2,1,1,36,1.5,1,4,0.875,6,0,0.0,-0.5490679943537531,200
6,12,72,1,2,0,0,180,2.0,1,6,0.9305555555555556,12,2,0.16666666666666666,-1.131361699745528,200
11,3,33,0,0,0,0,30,0.2727272727272727,1,3,0.18181818181818182,3,0,0.0,-0.4001290313049703,200
3,5,15,0,0,1,1,10,1.6666666666666667,2,3,0.9333333333333333,5,0,0.0,-0.4120658611116239,200
7,2,14,0,1,0,1,14,0.2857142857142857,7,7,1.0,2,0,0.0,-0.19394288951617428,200
6,3,18,0,0,0,0,15,0.5,1,3,0.3333333333333333,3,0,0.0,-0.4247443845846278,200
3,13,39,0,2,1,0,39,4.333333333333333,1,3,0.9487179487179487,13,0,0.0,-0.4522570561392428,200
11,14,154,0,1,1,1,154,1.2727272727272727,5,11,0.961038961038961,14,0,0.0,-2.1564752250944426,200
12,5,60,1,1,1,0,60,0.4166666666666667,11,12,0.9833333333333333,5,0,0.0,-2.266333553154348,200
7,15,105,0,2,1,1,315,2.142857142857143,1,7,0.9428571428571428,15,0,0.0,-1.1031977827723742,200
9,5,45,0,0,1,1,40,0.5555555555555556,5,9,0.9111111111111111,5,0,0.0,-0.747681554734359,200
10,7,70,1,2,1,1,315,0.7,1,10,0.8714285714285714,7,1,0.14285714285714285,-1.4354402507794275,200
12,11,132,1,1,0,1,132,0.9166666666666666,12,12,1.0,11,0,0.0,-2.9681599273762536,200
5,9,45,0,2,1,1,90,1.8,1,5,0.9111111111111111,9,0,0.0,-0.6681360684195805,200
2,12,24,1,2,0,0,12,6.0,1,2,0.9583333333333334,12,0,0.0,-0.647094638990837,200
3,6,18,1,2,0,1,18,2.0,3,3,1.0,6,0,0.0,-0.8196749148138085,200
2,2,4,0,0,0,1,2,1.0,2,2,1.0,2,0,0.0,-0.09981186468643437,200
10,15,150,0,0,0,0,135,1.5,1,10,0.7,15,0,0.0,-0.6785571484739171,200
7,12,84,0,2,0,1,252,1.7142857142857142,7,7,1.0,12,0,0.0,0.42094845717788465,200
9,8,72,1,2,0,0,288,0.8888888888888888,1,9,0.8888888888888888,8,0,0.0,-1.3116752621299312,200
10,2,20,1,0,1,0,18,0.2,1,2,0.15,2,2,1.0,nan,200
3,2,6,0,0,1,0,4,0.6666666666666666,1,2,0.5,2,0,0.0,-0.3454847201218456,200
8,5,40,0,0,0,1,35,0.625,8,8,1.0,5,0,0.0,-0.7577318180879999,200
11,6,66,0,1,0,0,66,0.5454545454545454,1,11,0.5454545454545454,6,0,0.0,-0.6886665703959262,200
7,14,98,0,2,0,1,294,2.0,7,7,1.0,14,0,0.0,0.42962334623840365,200
3,15,45,1,2,1,0,45,5.0,1,3,0.9555555555555556,15,0,0.0,-0.8488660191700766,200
10,2,20,0,2,1,0,90,0.2,1,10,0.55,2,0,0.0,-0.2953338535985168,200
12,20,240,1,1,1,1,240,1.6666666666666667,6,12,0.975,20,0,0.0,-2.8610923492933877,200
12,12,144,0,0,0,0,132,1.0,1,12,0.5416666666666666,12,0,0.0,-0.6048814294556061,200
2,12,24,1,2,0,1,12,6.0,2,2,1.0,12,0,0.0,-0.6836023635375562,200
7,3,21,0,2,1,0,63,0.42857142857142855,1,7,0.7142857142857143,3,0,0.0,-0.3760609817069381,200
5,8,40,1,0,0,1,32,1.6,5,5,1.0,8,0,0.0,-1.2835863922150144,200
8,18,144,1,1,0,1,144,2.25,8,8,1.0,18,0,0.0,-1.9273041993162658,200
9,5,45,1,2,0,1,180,0.5555555555555556,9,9,1.0,5,0,0.0,-1.210077691241078,200
5,3,15,0,2,0,1,30,0.6,5,5,1.0,3,0,0.0,0.32743369558176366,200
3,18,54,1,0,0,1,36,6.0,3,3,1.0,18,0,0.0,-0.8123495886952979,200
10,12,120,0,1,0,0,120,1.2,1,10,0.7916666666666666,12,0,0.0,-0.9561527653095347,200
7,13,91,0,2,0,1,273,1.8571428571428572,7,7,1.0,13,0,0.0,0.4241580469874684,200
7,7,49,0,0,0,1,42,1.0,7,7,1.0,7,0,0.0,-0.9337069646249047,200
8,15,120,1,0,1,0,105,1.875,1,8,0.7666666666666667,15,5,0.3333333333333333,-1.4717137719351503,200
2,2,4,0,2,1,1,2,1.0,1,2,0.75,2,0,0.0,-0.30430892028073714,200
12,11,132,0,0,0,0,121,0.9166666666666666,1,11,0.5,11,0,0.0,-0.5963020312075414,200
5,3,15,0,2,1,1,30,0.6,1,5,0.7333333333333333,3,0,0.0,-0.3506028430614755,200
5,8,40,1,2,0,0,80,1.6,1,5,0.9,8,2,0.25,-0.9258477882738492,200
9,8,72,0,2,1,1,288,0.8888888888888888,1,9,0.8888888888888888,8,0,0.0,-0.6652805245371203,200
3,8,24,1,2,1,0,24,2.6666666666666665,1,3,0.9166666666666666,8,0,0.0,-0.8370706526243852,200
4,5,20,1,2,1,0,30,1.25,1,4,0.85,5,0,0.0,-0.8873055805336812,200
6,12,72,1,2,0,0,180,2.0,1,6,0.9305555555555556,12,1,0.08333333333333333,-1.3265051571840156,200
8,8,64,0,1,0,0,64,1.0,1,8,0.75,8,0,0.0,-0.8110046334925174,200
7,17,119,0,1,0,0,119,2.4285714285714284,1,7,0.8991596638655462,17,0,0.0,-0.7379690904127371,200
3,4,12,1,1,0,0,12,1.3333333333333333,1,3,0.8333333333333334,4,1,0.25,-0.522414347018985,200
3,14,42,1,0,1,1,28,4.666666666666667,2,3,0.9761904761904762,14,0,0.0,-0.7894638550943515,200
7,15,105,1,2,0,0,315,2.142857142857143,1,7,0.9428571428571428,15,0,0.0,-1.6001188472163175,200
3,3,9,1,2,0,0,9,1.0,1,3,0.7777777777777778,3,0,0.0,-0.6110568050175474,200
11,4,44,0,0,0,1,40,0.36363636363636365,11,11,1.0,4,0,0.0,-0.8948745753696192,200
11,10,110,0,2,0,1,550,0.9090909090909091,11,11,1.0,10,0,0.0,0.6770375391099706,200
8,16,128,0,0,0,0,112,2.0,1,8,0.78125,16,0,0.0,-0.6516788854934256,200
5,19,95,0,0,0,0,76,3.8,1,5,0.8947368421052632,19,0,0.0,-0.5701890686960079,200
8,13,104,1,0,1,0,91,1.625,1,8,0.7307692307692307,13,0,0.0,-1.8452543583338874,200
8,1,8,1,0,1,1,7,0.125,4,4,0.5,1,0,0.0,-0.23691710788026726,200
6,13,78,0,2,0,1,195,2.1666666666666665,6,6,1.0,13,0,0.0,0.3182495945020122,200
7,20,140,1,1,1,0,140,2.857142857142857,6,7,0.9928571428571429,20,0,0.0,-1.5819559149427245,200
11,3,33,0,0,1,1,30,0.2727272727272727,6,11,0.8484848484848485,3,0,0.0,-0.5902899958226482,200
9,8,72,0,1,1,0,72,0.8888888888888888,8,9,0.9861111111111112,8,0,0.0,-1.2164683811153578,200
7,14,98,1,0,1,1,84,2.0,4,7,0.9693877551020408,14,0,0.0,-1.61195355143151,200
5,4,20,0,2,0,1,40,0.8,5,5,1.0,4,0,0.0,0.2934251423813286,200
5,18,90,0,2,1,0,180,3.6,1,5,0.9555555555555556,18,0,0.0,-0.8132980545245131,200
12,19,228,0,0,0,1,209,1.5833333333333333,12,12,1.0,19,0,0.0,-1.7384445939816489,200
8,5,40,1,0,1,1,35,0.625,4,8,0.9,5,0,0.0,-1.4849158881320128,200
10,12,120,0,0,0,0,108,1.2,1,10,0.625,12,0,0.0,-0.597357743287172,200
2,10,20,1,0,1,1,10,5.0,1,2,0.95,10,2,0.2,-0.7490663107899009,200
3,1,3,0,2,1,0,3,0.3333333333333333,1,1,0.3333333333333333,1,0,0.0,-0.32292536650812087,200
4,4,16,1,2,0,0,24,1.0,1,4,0.8125,4,2,0.5,-0.4835324838720593,200
4,6,24,1,2,1,1,36,1.5,1,4,0.875,6,0,0.0,-0.8992388366577836,200
3,20,60,1,1,0,1,60,6.666666666666667,3,3,1.0,20,1,0.05,-0.73154021223693,200
12,19,228,0,0,0,0,209,1.5833333333333333,1,12,0.7105263157894737,19,0,0.0,-0.7111893912224477,200
4,5,20,0,1,0,1,20,1.25,4,4,1.0,5,0,0.0,-0.17450026260009605,200
10,11,110,0,0,0,1,99,1.1,10,10,1.0,11,0,0.0,-1.284073261766941,200
12,15,180,0,1,1,1,180,1.25,6,12,0.9666666666666667,15,0,0.0,-2.403566932337041,200
7,14,98,0,1,0,0,98,2.0,1,7,0.8775510204081632,14,0,0.0,-0.7659296937557116,200
11,19,209,0,0,0,0,190,1.7272727272727273,1,11,0.7368421052631579,19,0,0.0,-0.6684892482901826,200
3,6,18,1,1,1,0,18,2.0,2,3,0.9444444444444444,6,0,0.0,-0.9486639054874297,200
4,15,60,1,1,1,0,60,3.75,3,4,0.9833333333333333,15,1,0.06666666666666667,-0.99394119043496,200
7,7,49,0,2,0,1,147,1.0,7,7,1.0,7,0,0.0,0.46498970706270354,200
11,4,44,1,1,0,1,44,0.36363636363636365,11,11,1.0,4,0,0.0,-2.0919552095307683,200
11,11,121,1,2,1,1,605,1.0,1,11,0.9173553719008265,11,0,0.0,-2.1059894635862992,200
10,19,190,1,0,0,1,171,1.9,10,10,1.0,19,0,0.0,-2.38078574636892,200
11,2,22,0,1,0,1,22,0.18181818181818182,11,11,1.0,2,0,0.0,-0.21541192810516266,200
9,15,135,1,2,1,1,540,1.6666666666666667,1,9,0.9407407407407408,15,0,0.0,-2.146939424158428,200
7,18,126,0,1,0,0,126,2.5714285714285716,1,7,0.9047619047619048,18,0,0.0,-0.75596958938417,200
4,20,80,0,1,0,0,80,5.0,1,4,0.95,20,0,0.0,-0.4685696498659745,200
10,16,160,0,0,0,1,144,1.6,10,10,1.0,16,0,0.0,-1.3006540265760558,200
3,1,3,1,0,1,0,2,0.3333333333333333,1,1,0.3333333333333333,1,1,1.0,nan,200
7,8,56,1,0,0,0,48,1.1428571428571428,1,7,0.625,8,0,0.0,-0.9498074349037198,200
3,20,60,1,0,1,1,40,6.666666666666667,2,3,0.9833333333333333,20,1,0.05,-0.7972423107592076,200
3,4,12,1,2,0,0,12,1.3333333333333333,1,3,0.8333333333333334,4,0,0.0,-0.743594333767646,200
12,1,12,0,0,0,1,11,0.08333333333333333,12,12,1.0,1,0,0.0,-0.0014737618166593748,200
7,12,84,1,2,0,0,252,1.7142857142857142,1,7,0.9285714285714286,12,0,0.0,-1.506761163462857,200
7,12,84,1,0,0,0,72,1.7142857142857142,1,7,0.75,12,0,0.0,-0.9012371020743949,200
4,15,60,0,0,1,0,45,3.75,1,4,0.9,15,0,0.0,-0.6119094791342398,200
5,20,100,1,0,1,0,80,4.0,1,5,0.9,20,1,0.05,-1.2075685564874865,200
2,11,22,0,2,0,1,11,5.5,2,2,1.0,11,0,0.0,-0.12907466299174264,200
10,14,140,0,1,1,0,140,1.4,9,10,0.9928571428571429,14,0,0.0,-1.8875712707192858,200
12,10,120,0,2,1,1,660,0.8333333333333334,1,12,0.9083333333333333,10,0,0.0,-0.8116967502766742,200
12,16,192,0,1,0,0,192,1.3333333333333333,1,12,0.8125,16,0,0.0,-1.1854494015943071,200
2,10,20,1,0,0,1,10,5.0,2,2,1.0,10,0,0.0,-0.6175078108816837,200
12,1,12,1,0,1,1,11,0.08333333333333333,6,6,0.5,1,0,0.0,-0.23028834868297796,200
12,8,96,0,1,1,0,96,0.6666666666666666,11,12,0.9895833333333334,8,0,0.0,-1.4862052988854646,200
5,4,20,1,2,0,0,40,0.8,1,5,0.8,4,0,0.0,-0.9604634547894423,200
2,17,34,1,2,1,0,17,8.5,1,2,0.9705882352941176,17,1,0.058823529411764705,-0.7408843216848243,200
6,11,66,0,2,1,0,165,1.8333333333333333,1,6,0.9242424242424242,11,0,0.0,-0.8535116850315183,200
7,2,14,1,2,0,1,42,0.2857142857142857,7,7,1.0,2,0,0.0,-0.435789910700238,200
3,13,39,0,0,0,1,26,4.333333333333333,3,3,1.0,13,0,0.0,-0.38093325087929003,200
2,10,20,0,0,0,0,10,5.0,1,2,0.95,10,0,0.0,-0.2947977023771026,200
6,2,12,0,0,0,0,10,0.3333333333333333,1,2,0.25,2,0,0.0,-0.3858491198060389,200
8,17,136,0,2,0,0,476,2.125,1,8,0.9485294117647058,17,0,0.0,0.06082695043994183,200
5,13,65,0,1,1,1,65,2.6,2,5,0.9538461538461539,13,0,0.0,-0.8105120201058937,200
2,15,30,1,0,0,0,15,7.5,1,2,0.9666666666666667,15,1,0.06666666666666667,-0.6664085045325158,200
4,2,8,0,2,0,0,12,0.5,1,4,0.625,2,0,0.0,-0.48402334046479056,200
4,7,28,0,0,0,1,21,1.75,4,4,1.0,7,0,0.0,-0.3116884192870139,200
2,11,22,1,0,1,1,11,5.5,1,2,0.9545454545454546,11,0,0.0,-0.7227297519216785,200
2,6,12,1,0,1,1,6,3.0,1,2,0.9166666666666666,6,0,0.0,-0.670031496311625,200
4,5,20,0,2,0,1,30,1.25,4,4,1.0,5,0,0.0,0.1698150263568006,200
3,19,57,1,2,1,1,57,6.333333333333333,1,3,0.9649122807017544,19,2,0.10526315789473684,-0.7934055128930303,200
11,13,143,1,2,0,0,715,1.1818181818181819,1,11,0.9300699300699301,13,0,0.0,-1.8599949196476324,200
6,12,72,1,2,1,1,180,2.0,1,6,0.9305555555555556,12,0,0.0,-1.4650109299107383,200
4,18,72,1,1,1,1,72,4.5,2,4,0.9722222222222222,18,2,0.1111111111111111,-0.9729330503311451,200
6,16,96,1,2,1,1,240,2.6666666666666665,1,6,0.9479166666666666,16,0,0.0,-1.3830725740119756,200
10,16,160,0,2,1,0,720,1.6,1,10,0.94375,16,0,0.0,-1.5303352913059998,200
11,20,220,0,1,0,1,220,1.8181818181818181,11,11,1.0,20,0,0.0,-0.1841413898011097,200
12,2,24,0,2,0,0,132,0.16666666666666666,1,12,0.5416666666666666,2,0,0.0,-0.5635008456887515,200
11,18,198,1,0,1,0,180,1.6363636363636365,1,11,0.7222222222222222,18,0,0.0,-2.7364225569353007,200
11,11,121,1,1,0,1,121,1.0,11,11,1.0,11,0,0.0,-2.6802100322237186,200
8,17,136,0,2,0,1,476,2.125,8,8,1.0,17,0,0.0,0.4392692991415892,200
12,13,156,1,2,1,0,858,1.0833333333333333,1,12,0.9294871794871795,13,0,0.0,-2.8367155173372445,200
11,7,77,1,2,0,0,385,0.6363636363636364,1,11,0.8701298701298701,7,0,0.0,-1.2687289238592179,200
6,15,90,1,2,0,1,225,2.5,6,6,1.0,15,0,0.0,-1.3215300412239068,200
6,18,108,1,0,1,0,90,3.0,1,6,0.8611111111111112,18,2,0.1111111111111111,-1.4491359106000474,200
3,4,12,0,1,1,0,12,1.3333333333333333,2,3,0.9166666666666666,4,0,0.0,-0.4065703476717795,200
6,11,66,1,2,0,1,165,1.8333333333333333,6,6,1.0,11,0,0.0,-1.2867934990666707,200
12,2,24,1,1,0,1,24,0.16666666666666666,12,12,1.0,2,0,0.0,-0.7919727597182258,200
3,15,45,1,1,1,1,45,5.0,1,3,0.9555555555555556,15,1,0.06666666666666667,-0.7804371839733398,200
4,3,12,0,1,1,0,12,0.75,3,4,0.9166666666666666,3,0,0.0,-0.46841143613594954,200
2,16,32,0,0,1,1,16,8.0,1,2,0.96875,16,0,0.0,-0.3163483468482514,200
5,10,50,1,0,1,0,40,2.0,1,5,0.8,10,1,0.1,-1.1340848171889004,200
3,9,27,1,0,1,1,18,3.0,2,3,0.9629629629629629,9,1,0.1111111111111111,-0.8806547514806485,200
10,8,80,0,1,1,0,80,0.8,9,10,0.9875,8,0,0.0,-1.4989058161439641,200
2,8,16,0,0,1,1,8,4.0,1,2,0.9375,8,0,0.0,-0.3552689923810303,200
6,3,18,1,1,1,0,18,0.5,5,6,0.9444444444444444,3,0,0.0,-1.0644726567034728,200
6,4,24,1,1,1,1,24,0.6666666666666666,3,6,0.875,4,0,0.0,-1.1906632144700984,200
9,8,72,0,0,0,1,64,0.8888888888888888,9,9,1.0,8,0,0.0,-1.1466479140791543,200
12,5,60,1,1,1,1,60,0.4166666666666667,6,12,0.9,5,0,0.0,-2.0264659559767964,200
2,10,20,1,2,1,0,10,5.0,1,2,0.95,10,0,0.0,-0.6612409522148995,200
12,8,96,0,2,0,1,528,0.6666666666666666,12,12,1.0,8,0,0.0,0.666451367394934,200
5,2,10,1,2,1,1,20,0.4,1,5,0.6,2,0,0.0,-0.5806518969152427,200
3,11,33,0,2,1,0,33,3.6666666666666665,1,3,0.9393939393939394,11,0,0.0,-0.47711904814652756,200
7,9,63,1,1,1,1,63,1.2857142857142858,3,7,0.9365079365079365,9,0,0.0,-1.5814669196416644,200
11,11,121,0,0,0,0,110,1.0,1,11,0.5454545454545454,11,0,0.0,-0.5636663184026312,200
2,10,20,1,2,0,1,10,5.0,2,2,1.0,10,0,0.0,-0.7170481710757359,200
9,2,18,1,2,0,1,72,0.2222222222222222,9,9,1.0,2,0,0.0,-0.8665553927684773,200
4,1,4,0,2,0,0,6,0.25,1,1,0.25,1,0,0.0,-0.3348663423841253,200
3,7,21,1,0,0,0,14,2.3333333333333335,1,3,0.8571428571428571,7,0,0.0,-0.8043974776594149,200
6,10,60,1,1,1,0,60,1.6666666666666667,5,6,0.9833333333333333,10,1,0.1,-1.3313068734506968,200
5,7,35,1,2,1,1,70,1.4,1,5,0.8857142857142857,7,0,0.0,-0.9849664345308443,200
2,10,20,0,0,1,0,10,5.0,1,2,0.95,10,0,0.0,-0.3385670287329454,200
4,8,32,0,1,1,0,32,2.0,3,4,0.96875,8,0,0.0,-0.5997757985170918,200
2,2,4,1,1,0,1,4,1.0,2,2,1.0,2,0,0.0,-0.6602047141466523,200
8,1,8,0,1,0,1,8,0.125,8,8,1.0,1,0,0.0,-0.13760597106713252,200
12,14,168,0,0,0,1,154,1.1666666666666667,12,12,1.0,14,0,0.0,-1.6767102664761466,200
7,6,42,1,2,0,0,126,0.8571428571428571,1,7,0.8571428571428571,6,0,0.0,-0.8938612617499616,200
6,14,84,1,2,1,1,210,2.3333333333333335,1,6,0.9404761904761905,14,1,0.07142857142857142,-1.4308613442381175,200
7,16,112,1,0,1,1,96,2.2857142857142856,4,7,0.9732142857142857,16,0,0.0,-1.6110441883427407,200
11,11,121,0,0,1,0,110,1.0,1,11,0.5454545454545454,11,0,0.0,-0.9184392085815435,200
10,11,110,0,0,1,1,99,1.1,5,10,0.9545454545454546,11,0,0.0,-1.537255663160989,200
11,19,209,0,0,1,0,190,1.7272727272727273,1,11,0.7368421052631579,19,0,0.0,-1.6582307054623455,200
2,17,34,0,1,0,0,34,8.5,1,2,0.9705882352941176,17,0,0.0,-0.29097550573110964,200
6,5,30,1,0,1,0,25,0.8333333333333334,1,5,0.5,5,1,0.2,-1.1846828569729593,200
5,9,45,1,2,1,1,90,1.8,1,5,0.9111111111111111,9,0,0.0,-1.0920669291987264,200
4,20,80,1,0,0,0,60,5.0,1,4,0.925,20,0,0.0,-0.990819820848206,200
12,13,156,1,2,0,0,858,1.0833333333333333,1,12,0.9294871794871795,13,1,0.07692307692307693,-1.982506549598759,200
2,1,2,0,1,0,0,2,0.5,1,1,0.5,1,0,0.0,-0.27042211175162717,200
5,8,40,1,2,0,1,80,1.6,5,5,1.0,8,0,0.0,-1.081030403044582,200
5,1,5,0,0,1,1,4,0.2,3,3,0.6,1,0,0.0,-0.25123476921024057,200
11,5,55,0,1,1,0,55,0.45454545454545453,10,11,0.9818181818181818,5,0,0.0,-0.9623977106465048,200
3,14,42,0,2,0,0,42,4.666666666666667,1,3,0.9523809523809523,14,0,0.0,-0.2049162297935581,200
11,16,176,1,2,1,1,880,1.4545454545454546,1,11,0.9431818181818182,16,0,0.0,-2.565416984969094,200
12,3,36,0,0,1,0,33,0.25,1,3,0.16666666666666666,3,0,0.0,-0.335552023433655,200
4,16,64,0,2,1,0,96,4.0,1,4,0.953125,16,0,0.0,-0.6240720213390812,200
9,2,18,0,0,0,1,16,0.2222222222222222,9,9,1.0,2,0,0.0,-0.5849044746557466,200
8,19,152,1,0,0,1,133,2.375,8,8,1.0,19,0,0.0,-1.8628099595074616,200
8,14,112,0,2,0,0,392,1.75,1,8,0.9375,14,0,0.0,0.10868705754980382,200
2,10,20,0,1,1,0,20,5.0,1,2,0.95,10,0,0.0,-0.3275759312024819,200
6,8,48,1,1,1,1,48,1.3333333333333333,3,6,0.9375,8,0,0.0,-1.378291729416387,200
6,14,84,1,1,0,1,84,2.3333333333333335,6,6,1.0,14,0,0.0,-1.4357376412544134,200
8,16,128,0,0,1,0,112,2.0,1,8,0.78125,16,0,0.0,-1.2702950285729497,200
12,19,228,0,0,0,0,209,1.5833333333333333,1,12,0.7105263157894737,19,0,0.0,-0.6747065273609207,200
6,16,96,0,0,0,0,80,2.6666666666666665,1,6,0.84375,16,0,0.0,-0.5781884442607409,200
5,13,65,1,2,1,0,130,2.6,1,5,0.9384615384615385,13,0,0.0,-1.1644230760525662,200
6,3,18,0,2,0,1,45,0.5,6,6,1.0,3,0,0.0,0.3619970754385357,200
8,1,8,1,0,1,0,7,0.125,1,1,0.125,1,0,0.0,-0.29871729952900816,200
7,20,140,1,1,0,1,140,2.857142857142857,7,7,1.0,20,0,0.0,-1.6449033629891396,200
10,7,70,0,2,0,1,315,0.7,10,10,1.0,7,0,0.0,0.5978408112036262,200
7,19,133,0,2,1,1,399,2.7142857142857144,1,7,0.9548872180451128,19,0,0.0,-1.2474908705912349,200
5,3,15,1,1,1,0,15,0.6,4,5,0.9333333333333333,3,0,0.0,-0.8634954775792474,200
12,19,228,1,1,1,0,228,1.5833333333333333,11,12,0.9956140350877193,19,0,0.0,-2.868781478635803,200
5,16,80,1,1,1,0,80,3.2,4,5,0.9875,16,0,0.0,-1.1370407487223626,200
2,2,4,1,1,0,1,4,1.0,2,2,1.0,2,0,0.0,-0.7806700534451367,200
9,2,18,0,1,0,1,18,0.2222222222222222,9,9,1.0,2,0,0.0,-0.23456183793478969,200
8,13,104,1,2,0,0,364,1.625,1,8,0.9326923076923077,13,0,0.0,-1.74332762090583,200
2,10,20,1,2,1,1,10,5.0,1,2,0.95,10,1,0.1,-0.6666532705792524,200
3,15,45,0,1,0,1,45,5.0,3,3,1.0,15,0,0.0,0.0723128831988046,200
6,3,18,1,2,0,0,45,0.5,1,6,0.7222222222222222,3,1,0.3333333333333333,-0.5931401625766678,200
12,15,180,0,1,1,1,180,1.25,6,12,0.9666666666666667,15,0,0.0,-2.3720004360891114,200
8,11,88,0,2,1,0,308,1.375,1,8,0.9204545454545454,11,0,0.0,-0.9919242683421332,200
3,15,45,0,1,1,0,45,5.0,2,3,0.9777777777777777,15,0,0.0,-0.4772110954905792,200
2,10,20,0,0,1,1,10,5.0,1,2,0.95,10,0,0.0,-0.3364244701837228,200
5,20,100,0,0,1,1,80,4.0,3,5,0.98,20,0,0.0,-0.8052860313659163,200
6,13,78,1,1,1,0,78,2.1666666666666665,5,6,0.9871794871794872,13,0,0.0,-1.3461121937447134,200
7,7,49,1,2,1,0,147,1.0,1,7,0.8775510204081632,7,0,0.0,-1.4671199578641425,200
7,7,49,0,2,1,0,147,1.0,1,7,0.8775510204081632,7,0,0.0,-0.6670760250665388,200
5,7,35,1,0,0,0,28,1.4,1,5,0.7142857142857143,7,0,0.0,-0.8846532814339845,200
8,13,104,1,2,1,0,364,1.625,1,8,0.9326923076923077,13,2,0.15384615384615385,-1.8337428439523025,200
11,19,209,0,0,0,1,190,1.7272727272727273,11,11,1.0,19,0,0.0,-1.6171525000830909,200
10,17,170,0,1,0,0,170,1.7,1,10,0.8529411764705882,17,0,0.0,-1.1784501266094873,200
4,10,40,0,1,0,1,40,2.5,4,4,1.0,10,0,0.0,-0.1885431731680701,200
4,5,20,0,1,0,1,20,1.25,4,4,1.0,5,0,0.0,-0.15361436088095892,200
10,17,170,0,0,0,0,153,1.7,1,10,0.7352941176470589,17,0,0.0,-0.6723514569634896,200
12,3,36,1,0,0,1,33,0.25,12,12,1.0,3,0,0.0,-1.4887365761768108,200
5,15,75,0,0,0,0,60,3.0,1,5,0.8666666666666667,15,0,0.0,-0.5715731599139733,200
2,8,16,0,1,1,1,16,4.0,1,2,0.9375,8,0,0.0,-0.3792697015942856,200
11,10,110,1,0,1,1,100,0.9090909090909091,6,11,0.9545454545454546,10,0,0.0,-2.5518861427304507,200
5,6,30,1,0,1,0,24,1.2,1,5,0.6666666666666666,6,0,0.0,-1.0146128963878802,200
9,8,72,1,0,1,1,64,0.8888888888888888,5,9,0.9444444444444444,8,0,0.0,-2.0619617510601596,200
4,20,80,1,2,1,1,120,5.0,1,4,0.9625,20,0,0.0,-0.9853004953923773,200
11,19,209,0,0,1,1,190,1.7272727272727273,6,11,0.9760765550239234,19,0,0.0,-2.0919504664870936,200
5,18,90,0,2,0,0,180,3.6,1,5,0.9555555555555556,18,0,0.0,-0.08342908240108199,200
7,2,14,1,1,0,1,14,0.2857142857142857,7,7,1.0,2,0,0.0,-0.6492827351070142,200
2,7,14,1,1,1,0,14,3.5,1,2,0.9285714285714286,7,0,0.0,-0.6247634226527772,200
6,20,120,1,0,0,1,100,3.3333333333333335,6,6,1.0,20,0,0.0,-1.3883319520696453,200
11,4,44,0,0,0,1,40,0.36363636363636365,11,11,1.0,4,0,0.0,-0.8181129858582489,200
5,12,60,0,0,0,0,48,2.4,1,5,0.8333333333333334,12,0,0.0,-0.5289979209340585,200
9,2,18,1,2,0,0,72,0.2222222222222222,1,9,0.5555555555555556,2,0,0.0,-0.4820645586584724,200
5,13,65,1,2,0,1,130,2.6,5,5,1.0,13,0,0.0,-1.0926383238262265,200
8,11,88,0,1,0,1,88,1.375,8,8,1.0,11,0,0.0,-0.2651966350866541,200
2,17,34,0,0,0,1,17,8.5,2,2,1.0,17,0,0.0,-0.11900055562984078,200
9,12,108,0,1,0,0,108,1.3333333333333333,1,9,0.8148148148148148,12,0,0.0,-0.9310345879383154,200
6,9,54,1,2,0,1,135,1.5,6,6,1.0,9,0,0.0,-1.2432263203664413,200
8,7,56,1,0,1,0,49,0.875,1,7,0.5,7,0,0.0,-1.4002732419084698,200
3,1,3,0,2,0,1,3,0.3333333333333333,3,3,1.0,1,0,0.0,-0.24832278621721693,200
5,7,35,0,0,0,0,28,1.4,1,5,0.7142857142857143,7,0,0.0,-0.5103102051252524,200
8,15,120,0,1,1,1,120,1.875,4,8,0.9666666666666667,15,0,0.0,-1.4512460607609043,200
12,14,168,1,2,0,0,924,1.1666666666666667,1,12,0.9345238095238095,14,0,0.0,-2.086018708234971,200
11,3,33,0,2,1,1,165,0.2727272727272727,1,11,0.696969696969697,3,0,0.0,-0.3623781289780456,200
10,19,190,0,2,1,1,855,1.9,1,10,0.9526315789473684,19,0,0.0,-1.6232921506430926,200
5,7,35,1,1,0,1,35,1.4,5,5,1.0,7,0,0.0,-1.2397491117966815,200
6,2,12,0,2,0,0,30,0.3333333333333333,1,6,0.5833333333333334,2,0,0.0,-0.495313308136523,200
12,14,168,0,1,0,1,168,1.1666666666666667,12,12,1.0,14,0,0.0,-0.3738151651892069,200
6,5,30,0,0,0,0,25,0.8333333333333334,1,5,0.5,5,0,0.0,-0.5056949792496073,200
3,7,21,0,1,1,1,21,2.3333333333333335,1,3,0.9047619047619048,7,0,0.0,-0.4763281209740378,200
8,18,144,1,0,0,1,126,2.25,8,8,1.0,18,0,0.0,-1.8804615562411795,200
2,10,20,1,2,1,1,10,5.0,1,2,0.95,10,0,0.0,-0.7335408195377938,200
9,2,18,0,1,1,0,18,0.2222222222222222,8,9,0.9444444444444444,2,0,0.0,-0.40310392150413227,200
8,3,24,1,1,1,0,24,0.375,7,8,0.9583333333333334,3,0,0.0,-1.1628996887826217,200
7,10,70,0,2,1,0,210,1.4285714285714286,1,7,0.9142857142857143,10,0,0.0,-0.8917711329509646,200
3,14,42,0,2,0,1,42,4.666666666666667,3,3,1.0,14,0,0.0,0.08342610267108436,200
11,7,77,0,1,1,1,77,0.6363636363636364,5,11,0.922077922077922,7,0,0.0,-1.3652197066792542,200
10,9,90,0,2,1,1,405,0.9,1,10,0.9,9,0,0.0,-0.709170734600611,200
11,16,176,1,1,1,0,176,1.4545454545454546,10,11,0.9943181818181818,16,0,0.0,-2.5733163396416265,200
8,1,8,1,0,1,1,7,0.125,4,4,0.5,1,0,0.0,-0.25933673686293734,200
5,17,85,1,1,0,0,85,3.4,1,5,0.9294117647058824,17,0,0.0,-1.1911800097805045,200
8,5,40,1,1,1,0,40,0.625,7,8,0.975,5,0,0.0,-1.7201307139970663,200
7,13,91,0,1,1,0,91,1.8571428571428572,6,7,0.989010989010989,13,0,0.0,-1.237787987613198,200
2,13,26,0,1,1,1,26,6.5,1,2,0.9615384615384616,13,0,0.0,-0.364899077076682,200
8,4,32,1,1,1,1,32,0.5,4,8,0.875,4,0,0.0,-1.1058454390124814,200
6,4,24,0,2,1,1,60,0.6666666666666666,1,6,0.7916666666666666,4,0,0.0,-0.4369815176137255,200
8,4,32,1,1,1,1,32,0.5,4,8,0.875,4,0,0.0,-1.3122226213753816,200
4,16,64,1,2,1,1,96,4.0,1,4,0.953125,16,0,0.0,-0.9974317219024711,200
9,12,108,0,0,0,0,96,1.3333333333333333,1,9,0.6666666666666666,12,0,0.0,-0.6207687608084532,200
9,2,18,1,2,1,0,72,0.2222222222222222,1,9,0.5555555555555556,2,0,0.0,-0.5979353089512761,200
8,14,112,0,2,1,1,392,1.75,1,8,0.9375,14,0,0.0,-1.0994449918158757,200
12,18,216,1,1,1,0,216,1.5,11,12,0.9953703703703703,18,0,0.0,-2.865278396261484,200
12,18,216,0,1,1,0,216,1.5,11,12,0.9953703703703703,18,0,0.0,-2.465276400588989,200
11,18,198,0,1,1,0,198,1.6363636363636365,10,11,0.9949494949494949,18,0,0.0,-2.2323424870302353,200
9,6,54,1,1,1,0,54,0.6666666666666666,8,9,0.9814814814814815,6,0,0.0,-2.005113500694312,200
3,2,6,0,2,1,0,6,0.6666666666666666,1,3,0.6666666666666666,2,0,0.0,-0.3217147643361591,200
2,2,4,0,0,1,0,2,1.0,1,2,0.75,2,0,0.0,-0.3223347824420977,200
11,6,66,1,1,1,0,66,0.5454545454545454,10,11,0.9848484848484849,6,0,0.0,-2.5492527330429158,200
11,15,165,1,0,1,1,150,1.3636363636363635,6,11,0.9696969696969697,15,0,0.0,-2.6197069014995007,200
9,1,9,0,2,1,1,36,0.1111111111111111,1,1,0.1111111111111111,1,0,0.0,-0.27558781370694047,200
5,1,5,1,2,1,0,10,0.2,1,1,0.2,1,0,0.0,-0.3033839874917714,200
12,11,132,1,0,1,1,121,0.9166666666666666,6,12,0.9545454545454546,11,0,0.0,-2.8198000882201906,200
2,19,38,0,1,0,1,38,9.5,2,2,1.0,19,0,0.0,-0.2870718992797726,200
8,11,88,1,1,1,1,88,1.375,4,8,0.9545454545454546,11,0,0.0,-1.8542670075967138,200
12,15,180,0,0,0,1,165,1.25,12,12,1.0,15,0,0.0,-1.5759274053417553,200
4,10,40,0,0,1,1,30,2.5,2,4,0.95,10,0,0.0,-0.6099104650218825,200
11,3,33,1,1,0,0,33,0.2727272727272727,1,5,0.2727272727272727,3,0,0.0,-0.6036159009234131,200
4,16,64,1,0,0,0,48,4.0,1,4,0.90625,16,1,0.0625,-0.9075221689257758,200
4,17,68,1,2,1,1,102,4.25,1,4,0.9558823529411765,17,0,0.0,-0.9522869257412161,200
7,6,42,0,1,0,1,42,0.8571428571428571,7,7,1.0,6,0,0.0,-0.0490106661945996,200
2,11,22,0,2,0,0,11,5.5,1,2,0.9545454545454546,11,0,0.0,-0.2885550861951009,200
5,12,60,0,2,1,0,120,2.4,1,5,0.9333333333333333,12,0,0.0,-0.7573791028541623,200
5,9,45,1,2,0,0,90,1.8,1,5,0.9111111111111111,9,1,0.1111111111111111,-0.9916907700813465,200
4,11,44,0,1,0,1,44,2.75,4,4,1.0,11,0,0.0,-0.13326821438571174,200
12,6,72,0,1,1,1,72,0.5,6,12,0.9166666666666666,6,0,0.0,-1.2359595878714877,200
9,9,81,0,0,0,1,72,1.0,9,9,1.0,9,0,0.0,-1.1883756538934314,200
2,8,16,1,1,1,0,16,4.0,1,2,0.9375,8,0,0.0,-0.6885705825990412,200
7,2,14,0,0,1,0,12,0.2857142857142857,1,2,0.21428571428571427,2,0,0.0,-0.3228456276163047,200
9,3,27,1,1,1,1,27,0.3333333333333333,4,9,0.8148148148148148,3,0,0.0,-1.243780788671205,200
3,15,45,0,2,1,0,45,5.0,1,3,0.9555555555555556,15,0,0.0,-0.45274285748339504,200
5,4,20,1,0,1,0,16,0.8,1,4,0.5,4,1,0.25,-0.9148195441091533,200
6,2,12,0,0,0,1,10,0.3333333333333333,6,6,1.0,2,0,0.0,-0.4392696932395679,200
11,1,11,1,2,1,0,55,0.09090909090909091,1,1,0.09090909090909091,1,1,1.0,nan,200
10,5,50,0,2,0,1,225,0.5,10,10,1.0,5,0,0.0,0.5746387980442688,200
8,1,8,1,1,0,0,8,0.125,1,1,0.125,1,0,0.0,-0.2937853513879979,200
11,11,121,0,0,0,1,110,1.0,11,11,1.0,11,0,0.0,-1.5207644230712825,200
6,18,108,1,2,0,1,270,3.0,6,6,1.0,18,0,0.0,-1.4120702875698548,200
5,16,80,1,1,1,1,80,3.2,2,5,0.9625,16,0,0.0,-1.1753123006241242,200
11,8,88,0,0,0,1,80,0.7272727272727273,11,11,1.0,8,0,0.0,-1.386420217226543,200
2,18,36,0,1,0,1,36,9.0,2,2,1.0,18,0,0.0,-0.3629737309653921,200
4,20,80,1,2,0,1,120,5.0,4,4,1.0,20,0,0.0,-0.9469402069951971,200
7,1,7,1,2,0,1,21,0.14285714285714285,7,7,1.0,1,0,0.0,-0.15995618721419852,200
8,13,104,0,2,1,1,364,1.625,1,8,0.9326923076923077,13,0,0.0,-1.0443851776398727,200
4,8,32,1,1,1,0,32,2.0,3,4,0.96875,8,0,0.0,-1.021169434993616,200
10,3,30,0,1,0,0,30,0.3,1,5,0.3,3,0,0.0,-0.49106564573514755,200
8,3,24,0,2,0,0,84,0.375,1,8,0.7083333333333334,3,0,0.0,0.22325770899428626,200
9,12,108,0,2,0,0,432,1.3333333333333333,1,9,0.9259259259259259,12,0,0.0,0.10640684636059307,200
2,20,40,1,0,1,0,20,10.0,1,2,0.975,20,0,0.0,-0.7246677952609697,200
11,13,143,1,0,1,1,130,1.1818181818181819,6,11,0.965034965034965,13,0,0.0,-2.623645634141887,200
5,5,25,1,1,1,1,25,1.0,2,5,0.88,5,0,0.0,-1.2482354529405337,200
3,16,48,0,2,0,0,48,5.333333333333333,1,3,0.9583333333333334,16,0,0.0,-0.18193646348390854,200
10,18,180,0,0,1,1,162,1.8,5,10,0.9722222222222222,18,0,0.0,-1.9016200240312435,200
11,18,198,0,2,0,1,990,1.6363636363636365,11,11,1.0,18,0,0.0,0.6203518715817603,200
8,2,16,1,2,0,0,56,0.25,1,8,0.5625,2,0,0.0,-0.5510439297435041,200
10,16,160,0,1,0,1,160,1.6,10,10,1.0,16,0,0.0,-0.4098563332703424,200
4,16,64,0,2,1,0,96,4.0,1,4,0.953125,16,0,0.0,-0.6087333480170968,200
2,10,20,0,2,1,0,10,5.0,1,2,0.95,10,0,0.0,-0.36085218999798213,200
11,8,88,1,1,0,0,88,0.7272727272727273,1,11,0.6590909090909091,8,2,0.25,-0.9745301089576398,200
7,2,14,0,2,1,1,42,0.2857142857142857,1,7,0.5714285714285714,2,0,0.0,-0.32731316214903183,200
12,4,48,1,1,0,1,48,0.3333333333333333,12,12,1.0,4,0,0.0,-2.1566345425098423,200
9,18,162,0,1,1,0,162,2.0,8,9,0.9938271604938271,18,0,0.0,-1.7382286549884192,200
9,16,144,1,0,1,0,128,1.7777777777777777,1,9,0.75,16,1,0.0625,-2.206345198674774,200
3,15,45,1,0,0,1,30,5.0,3,3,1.0,15,0,0.0,-0.7866015197556705,200
7,4,28,0,1,1,0,28,0.5714285714285714,6,7,0.9642857142857143,4,0,0.0,-0.6866727903562391,200
8,9,72,0,1,1,1,72,1.125,4,8,0.9444444444444444,9,0,0.0,-1.2708386181111917,200
8,18,144,0,2,0,1,504,2.25,8,8,1.0,18,0,0.0,0.4434075943658007,200
8,8,64,1,2,0,1,224,1.0,8,8,1.0,8,0,0.0,-1.349816097287566,200
2,18,36,0,1,0,0,36,9.0,1,2,0.9722222222222222,18,0,0.0,-0.3382324679919058,200
5,9,45,0,1,1,0,45,1.8,4,5,0.9777777777777777,9,0,0.0,-0.7646225446493489,200
7,19,133,0,0,0,0,114,2.7142857142857144,1,7,0.8421052631578947,19,0,0.0,-0.6598446862663635,200
3,3,9,1,1,0,1,9,1.0,3,3,1.0,3,0,0.0,-0.6775651869407163,200
7,13,91,0,2,1,0,273,1.8571428571428572,1,7,0.9340659340659341,13,0,0.0,-1.0541634413094612,200
4,17,68,1,1,1,0,68,4.25,3,4,0.9852941176470589,17,0,0.0,-0.9937381327639984,200
6,4,24,0,0,1,0,20,0.6666666666666666,1,4,0.4166666666666667,4,0,0.0,-0.4392518083380896,200
10,4,40,0,2,1,1,180,0.4,1,10,0.775,4,0,0.0,-0.4597837914927371,200
5,16,80,1,2,1,0,160,3.2,1,5,0.95,16,1,0.0625,-1.1781441078107884,200
10,18,180,1,1,0,1,180,1.8,10,10,1.0,18,0,0.0,-2.362917881061106,200
12,19,228,1,1,0,1,228,1.5833333333333333,12,12,1.0,19,0,0.0,-2.8617483394690817,200
6,11,66,1,2,0,0,165,1.8333333333333333,1,6,0.9242424242424242,11,1,0.09090909090909091,-1.1953210359557798,200
9,8,72,0,0,1,1,64,0.8888888888888888,5,9,0.9444444444444444,8,0,0.0,-1.1772818637872469,200
3,9,27,1,2,0,1,27,3.0,3,3,1.0,9,1,0.1111111111111111,-0.757465390361841,200
12,19,228,1,0,1,1,209,1.5833333333333333,6,12,0.9736842105263158,19,0,0.0,-2.8965968866848093,200
3,16,48,0,1,1,1,48,5.333333333333333,1,3,0.9583333333333334,16,0,0.0,-0.4961451019612914,200
3,14,42,0,2,0,0,42,4.666666666666667,1,3,0.9523809523809523,14,0,0.0,-0.19633181171342204,200
7,8,56,1,0,0,1,48,1.1428571428571428,7,7,1.0,8,0,0.0,-1.6545631240154686,200
3,12,36,0,2,1,1,36,4.0,1,3,0.9444444444444444,12,0,0.0,-0.4624646766296143,200
9,20,180,0,1,0,0,180,2.2222222222222223,1,9,0.8888888888888888,20,0,0.0,-1.0843735767299414,200
8,7,56,0,1,0,1,56,0.875,8,8,1.0,7,0,0.0,-0.2661716443221772,200
12,19,228,0,2,1,1,1254,1.5833333333333333,1,12,0.9517543859649122,19,0,0.0,-1.7269087496550741,200
2,19,38,0,0,1,1,19,9.5,1,2,0.9736842105263158,19,0,0.0,-0.3349221630942729,200
3,1,3,1,2,1,0,3,0.3333333333333333,1,1,0.3333333333333333,1,1,1.0,nan,200
2,2,4,0,2,1,0,2,1.0,1,2,0.75,2,0,0.0,-0.33274099530896023,200
10,8,80,1,1,0,0,80,0.8,1,10,0.6875,8,0,0.0,-1.0418925248856896,200
11,13,143,0,0,1,1,130,1.1818181818181819,6,11,0.965034965034965,13,0,0.0,-1.8723076887970205,200
12,8,96,1,0,0,1,88,0.6666666666666666,12,12,1.0,8,0,0.0,-2.9683810173648495,200
2,9,18,1,1,1,0,18,4.5,1,2,0.9444444444444444,9,1,0.1111111111111111,-0.6752077745687819,200
11,17,187,0,0,0,1,170,1.5454545454545454,11,11,1.0,17,0,0.0,-1.5890610812536192,200
2,18,36,1,0,1,0,18,9.0,1,2,0.9722222222222222,18,0,0.0,-0.6728131137748182,200
11,9,99,1,1,0,0,99,0.8181818181818182,1,11,0.696969696969697,9,0,0.0,-1.019311014982473,200
6,17,102,1,1,0,0,102,2.8333333333333335,1,6,0.9117647058823529,17,0,0.0,-1.2088623257362605,200
6,4,24,0,0,1,0,20,0.6666666666666666,1,4,0.4166666666666667,4,0,0.0,-0.4058301542586912,200
9,2,18,0,2,1,0,72,0.2222222222222222,1,9,0.5555555555555556,2,0,0.0,-0.2683428734827079,200
3,13,39,0,1,1,1,39,4.333333333333333,1,3,0.9487179487179487,13,0,0.0,-0.4587611397982051,200
10,7,70,1,0,1,0,63,0.7,1,7,0.4,7,0,0.0,-1.0937807049923456,200
9,14,126,1,2,0,0,504,1.5555555555555556,1,9,0.9365079365079365,14,0,0.0,-1.8832400276037466,200
11,7,77,0,1,0,1,77,0.6363636363636364,11,11,1.0,7,0,0.0,-0.36317297220012135,200
12,1,12,1,1,1,1,12,0.08333333333333333,6,6,0.5,1,0,0.0,-0.23884475428381402,200
3,2,6,0,1,1,0,6,0.6666666666666666,2,3,0.8333333333333334,2,0,0.0,-0.3348362944486993,200
11,1,11,1,1,0,0,11,0.09090909090909091,1,1,0.09090909090909091,1,0,0.0,-0.31240202433966774,200
10,4,40,0,0,0,1,36,0.4,10,10,1.0,4,0,0.0,-0.8582941870377159,200
6,20,120,0,0,1,0,100,3.3333333333333335,1,6,0.875,20,0,0.0,-1.0449671861349852,200
8,3,24,1,2,1,0,84,0.375,1,8,0.7083333333333334,3,3,1.0,nan,200
10,7,70,0,1,0,0,70,0.7,1,10,0.6428571428571429,7,0,0.0,-0.778857824357907,200
8,19,152,0,0,0,0,133,2.375,1,8,0.8157894736842105,19,0,0.0,-0.6749628904095373,200
12,3,36,0,2,0,0,198,0.25,1,12,0.6944444444444444,3,0,0.0,0.4720244679606799,200
4,10,40,0,0,0,1,30,2.5,4,4,1.0,10,0,0.0,-0.35359947463075,200
7,13,91,0,1,0,0,91,1.8571428571428572,1,7,0.8681318681318682,13,0,0.0,-0.7606264731543755,200
8,15,120,0,0,0,0,105,1.875,1,8,0.7666666666666667,15,0,0.0,-0.649178590127479,200
10,6,60,0,0,1,1,54,0.6,5,10,0.9166666666666666,6,0,0.0,-0.9812281980161789,200
5,1,5,1,0,1,1,4,0.2,3,3,0.6,1,0,0.0,-0.2689357315385556,200
9,1,9,0,1,1,0,9,0.1111111111111111,8,8,0.8888888888888888,1,0,0.0,-0.09365005859276107,200
3,9,27,0,2,1,1,27,3.0,1,3,0.9259259259259259,9,0,0.0,-0.49461212410536426,200
6,11,66,0,0,1,1,55,1.8333333333333333,3,6,0.9545454545454546,11,0,0.0,-0.9274177224089889,200
11,4,44,0,2,0,0,220,0.36363636363636365,1,11,0.7727272727272727,4,0,0.0,0.21994100916720932,200
7,19,133,1,1,0,0,133,2.7142857142857144,1,7,0.9097744360902256,19,0,0.0,-1.544910682005611,200
12,13,156,1,0,0,1,143,1.0833333333333333,12,12,1.0,13,0,0.0,-3.0454026104588308,200
6,3,18,1,0,1,1,15,0.5,3,6,0.8333333333333334,3,0,0.0,-0.7194048568055388,200
11,14,154,0,2,1,0,770,1.2727272727272727,1,11,0.935064935064935,14,0,0.0,-1.382145558421269,200
12,4,48,1,0,0,1,44,0.3333333333333333,12,12,1.0,4,0,0.0,-1.8457686659482722,200
3,3,9,1,2,1,0,9,1.0,1,3,0.7777777777777778,3,1,0.3333333333333333,-0.590232758912426,200
11,17,187,1,2,1,0,935,1.5454545454545454,1,11,0.946524064171123,17,1,0.058823529411764705,-2.5103788058878576,200
8,3,24,1,1,1,0,24,0.375,7,8,0.9583333333333334,3,0,0.0,-1.3137013640524653,200
11,18,198,1,2,0,0,990,1.6363636363636365,1,11,0.9494949494949495,18,3,0.16666666666666666,-2.1649574146214663,200
12,13,156,1,0,1,1,143,1.0833333333333333,6,12,0.9615384615384616,13,0,0.0,-2.8765255170760504,200
12,13,156,0,0,0,0,143,1.0833333333333333,1,12,0.5769230769230769,13,0,0.0,-0.6244016114279153,200
6,3,18,1,1,0,0,18,0.5,1,5,0.5,3,0,0.0,-0.7162798252440225,200
9,6,54,1,1,1,1,54,0.6666666666666666,4,9,0.9074074074074074,6,0,0.0,-2.01321230198011,200
8,13,104,1,1,0,1,104,1.625,8,8,1.0,13,0,0.0,-1.8669047864314696,200
8,17,136,0,0,0,1,119,2.125,8,8,1.0,17,0,0.0,-0.9591253609420948,200
10,9,90,1,0,1,0,81,0.9,1,9,0.5,9,1,0.1111111111111111,-1.5663660118182263,200
10,7,70,0,2,1,0,315,0.7,1,10,0.8714285714285714,7,0,0.0,-0.8089346721075393,200
11,10,110,1,1,1,0,110,0.9090909090909091,10,11,0.990909090909091,10,0,0.0,-2.5396838730369753,200
10,3,30,1,2,1,0,135,0.3,1,10,0.7,3,0,0.0,-0.919425121110101,200
12,11,132,0,1,0,1,132,0.9166666666666666,12,12,1.0,11,0,0.0,-0.3988698175933849,200
7,3,21,1,0,0,1,18,0.42857142857142855,7,7,1.0,3,0,0.0,-1.2068287657048657,200
2,14,28,0,0,0,0,14,7.0,1,2,0.9642857142857143,14,0,0.0,-0.28591333465166113,200
4,4,16,0,0,1,0,12,1.0,1,4,0.625,4,0,0.0,-0.44490201772001803,200
3,11,33,0,1,0,1,33,3.6666666666666665,3,3,1.0,11,0,0.0,0.0828655728951014,200
9,11,99,0,2,1,1,396,1.2222222222222223,1,9,0.9191919191919192,11,0,0.0,-0.9253613171123745,200
2,10,20,0,0,0,1,10,5.0,2,2,1.0,10,0,0.0,-0.1457386077898412,200
5,19,95,0,0,1,1,76,3.8,3,5,0.9789473684210527,19,0,0.0,-0.7865340322533095,200
11,16,176,1,1,1,0,176,1.4545454545454546,10,11,0.9943181818181818,16,0,0.0,-2.5904171394980526,200
6,2,12,0,1,0,1,12,0.3333333333333333,6,6,1.0,2,0,0.0,-0.21306516417664653,200
5,18,90,0,0,0,0,72,3.6,1,5,0.8888888888888888,18,0,0.0,-0.5446516997967366,200
8,6,48,0,0,1,1,42,0.75,4,8,0.9166666666666666,6,0,0.0,-0.9275707826185828,200
2,19,38,0,2,0,0,19,9.5,1,2,0.9736842105263158,19,0,0.0,-0.292371220762287,200
5,8,40,1,1,0,1,40,1.6,5,5,1.0,8,0,0.0,-1.1719973370111112,200
3,2,6,1,2,0,0,6,0.6666666666666666,1,3,0.6666666666666666,2,2,1.0,nan,200
9,15,135,1,2,1,1,540,1.6666666666666667,1,9,0.9407407407407408,15,0,0.0,-2.117504249428684,200
2,9,18,0,2,1,0,9,4.5,1,2,0.9444444444444444,9,0,0.0,-0.3725818691810367,200
4,17,68,1,1,1,0,68,4.25,3,4,0.9852941176470589,17,0,0.0,-0.9374372883079393,200
11,19,209,1,1,0,0,209,1.7272727272727273,1,11,0.8564593301435407,19,0,0.0,-1.5899117243704974,200
7,20,140,0,2,1,0,420,2.857142857142857,1,7,0.9571428571428572,20,0,0.0,-1.2399263359796384,200
7,15,105,0,1,1,1,105,2.142857142857143,3,7,0.9619047619047619,15,0,0.0,-1.2477590214963667,200
9,9,81,0,1,0,1,81,1.0,9,9,1.0,9,0,0.0,-0.11391532702914882,200
4,13,52,0,2,1,0,78,3.25,1,4,0.9423076923076923,13,0,0.0,-0.6045900029157247,200
7,1,7,0,2,0,1,21,0.14285714285714285,7,7,1.0,1,0,0.0,-0.12058796191574056,200
6,14,84,1,2,1,1,210,2.3333333333333335,1,6,0.9404761904761905,14,0,0.0,-1.5194057240121563,200
5,9,45,0,2,0,0,90,1.8,1,5,0.9111111111111111,9,0,0.0,-0.04656957316589088,200
6,17,102,0,2,0,0,255,2.8333333333333335,1,6,0.9509803921568627,17,0,0.0,-0.04472998930308776,200
11,2,22,1,1,1,0,22,0.18181818181818182,10,11,0.9545454545454546,2,0,0.0,-0.6740758914389868,200
5,11,55,1,0,0,1,44,2.2,5,5,1.0,11,0,0.0,-1.299696975020096,200
2,17,34,0,2,1,1,17,8.5,1,2,0.9705882352941176,17,0,0.0,-0.33196600423884187,200
9,15,135,1,0,0,1,120,1.6666666666666667,9,9,1.0,15,0,0.0,-2.174495322124013,200
5,17,85,0,2,0,1,170,3.4,5,5,1.0,17,0,0.0,0.2571168261780512,200
11,7,77,1,1,0,1,77,0.6363636363636364,11,11,1.0,7,0,0.0,-2.7789403558203314,200
9,20,180,1,1,1,0,180,2.2222222222222223,8,9,0.9944444444444445,20,0,0.0,-2.0534531214343037,200
9,10,90,1,0,1,0,80,1.1111111111111112,1,9,0.6,10,0,0.0,-1.4303975440557328,200
2,15,30,0,0,1,1,15,7.5,1,2,0.9666666666666667,15,0,0.0,-0.36346998471813047,200
12,7,84,1,2,0,0,462,0.5833333333333334,1,12,0.8690476190476191,7,0,0.0,-1.2558347469205102,200
9,2,18,0,0,0,1,16,0.2222222222222222,9,9,1.0,2,0,0.0,-0.4954247341983026,200
7,6,42,1,1,0,1,42,0.8571428571428571,7,7,1.0,6,0,0.0,-1.6501319620057777,200
8,14,112,1,0,1,1,98,1.75,4,8,0.9642857142857143,14,0,0.0,-1.8442953939701228,200
3,1,3,0,1,1,0,3,0.3333333333333333,2,2,0.6666666666666666,1,0,0.0,-0.2960885486938898,200
7,12,84,0,0,1,1,72,1.7142857142857142,4,7,0.9642857142857143,12,0,0.0,-1.0913442246380125,200
10,18,180,0,1,0,1,180,1.8,10,10,1.0,18,0,0.0,-0.36603700644201814,200
11,13,143,0,2,0,0,715,1.1818181818181819,1,11,0.9300699300699301,13,0,0.0,0.17565756159904033,200
12,16,192,1,2,0,1,1056,1.3333333333333333,12,12,1.0,16,0,0.0,-2.6955899000742853,200
5,6,30,1,1,0,1,30,1.2,5,5,1.0,6,0,0.0,-1.2567674736984136,200
5,2,10,0,0,1,1,8,0.4,3,5,0.8,2,0,0.0,-0.42872748618977036,200
12,5,60,1,0,1,0,55,0.4166666666666667,1,5,0.25,5,4,0.8,-0.293194689535998,200
6,7,42,0,0,0,0,35,1.1666666666666667,1,6,0.6428571428571429,7,0,0.0,-0.5303314740908367,200
9,14,126,0,2,0,1,504,1.5555555555555556,9,9,1.0,14,0,0.0,0.5289886166676702,200
7,12,84,1,1,0,0,84,1.7142857142857142,1,7,0.8571428571428571,12,0,0.0,-1.3231850193595291,200
6,4,24,1,2,0,1,60,0.6666666666666666,6,6,1.0,4,0,0.0,-1.1122373285585432,200
4,9,36,0,2,0,1,54,2.25,4,4,1.0,9,0,0.0,0.13634774939932595,200
7,3,21,0,2,0,0,63,0.42857142857142855,1,7,0.7142857142857143,3,0,0.0,0.21894564852743453,200
2,10,20,1,1,0,1,20,5.0,2,2,1.0,10,0,0.0,-0.837411222206977,200
11,18,198,1,0,1,1,180,1.6363636363636365,6,11,0.9747474747474747,18,0,0.0,-2.5892020348724722,200
12,16,192,1,0,0,1,176,1.3333333333333333,12,12,1.0,16,0,0.0,-2.9765111350463056,200
5,12,60,0,2,1,1,120,2.4,1,5,0.9333333333333333,12,0,0.0,-0.7493563328818375,200
6,10,60,0,0,1,1,50,1.6666666666666667,3,6,0.95,10,0,0.0,-0.9321258302390577,200
7,11,77,0,0,0,1,66,1.5714285714285714,7,7,1.0,11,0,0.0,-0.941157980202937,200
4,11,44,0,2,1,1,66,2.75,1,4,0.9318181818181818,11,0,0.0,-0.6387700369831691,200
11,4,44,0,2,0,0,220,0.36363636363636365,1,11,0.7727272727272727,4,0,0.0,0.4023514365330725,200
7,10,70,0,2,0,1,210,1.4285714285714286,7,7,1.0,10,0,0.0,0.4693669611495739,200
4,7,28,1,2,1,0,42,1.75,1,4,0.8928571428571429,7,0,0.0,-1.0094515174895433,200
11,9,99,0,2,1,1,495,0.8181818181818182,1,11,0.898989898989899,9,0,0.0,-0.7544739014559121,200
10,10,100,0,2,1,0,450,1.0,1,10,0.91,10,0,0.0,-1.0570565530068727,200
11,9,99,0,2,1,0,495,0.8181818181818182,1,11,0.898989898989899,9,0,0.0,-0.9563723188124876,200
10,12,120,1,1,1,1,120,1.2,5,10,0.9583333333333334,12,0,0.0,-2.3432397463567964,200
12,5,60,1,1,1,1,60,0.4166666666666667,6,12,0.9,5,0,0.0,-2.3585073176350635,200
